image,release,package_name,package_version,type,vulnerability_id,severity,url,target,patched_version,mirrored,status,justification
rancher/hardened-addon-resizer:1.8.23-build20260717,rke2/v1.36.3,stdlib,v1.25.12,gobinary,CVE-2026-33818,HIGH,https://avd.aquasec.com/nvd/cve-2026-33818,pod_nanny,"1.25.13, 1.26.6, 1.27.0-rc.3",false,affected,
rancher/hardened-addon-resizer:1.8.23-build20260717,rke2/v1.36.3,stdlib,v1.25.12,gobinary,CVE-2026-39821,HIGH,https://avd.aquasec.com/nvd/cve-2026-39821,pod_nanny,"1.25.13, 1.26.6, 1.27.0-rc.3",false,affected,
rancher/hardened-addon-resizer:1.8.23-build20260717,rke2/v1.36.3,stdlib,v1.25.12,gobinary,CVE-2026-56853,HIGH,https://avd.aquasec.com/nvd/cve-2026-56853,pod_nanny,"1.25.13, 1.26.6, 1.27.0-rc.3",false,affected,
rancher/hardened-addon-resizer:1.8.23-build20260717,rke2/v1.36.3,stdlib,v1.25.12,gobinary,CVE-2026-56858,HIGH,https://avd.aquasec.com/nvd/cve-2026-56858,pod_nanny,"1.25.13, 1.26.6, 1.27.0-rc.3",false,not_affected,vulnerable_code_not_present
rancher/hardened-addon-resizer:1.8.23-build20260717,rke2/v1.36.3,stdlib,v1.25.12,gobinary,CVE-2026-56859,HIGH,https://avd.aquasec.com/nvd/cve-2026-56859,pod_nanny,"1.25.13, 1.26.6, 1.27.0-rc.3",false,affected,
rancher/hardened-addon-resizer:1.8.23-build20260717,rke2/v1.36.3,stdlib,v1.25.12,gobinary,CVE-2026-56862,HIGH,https://avd.aquasec.com/nvd/cve-2026-56862,pod_nanny,"1.25.13, 1.26.6, 1.27.0-rc.3",false,affected,
rancher/hardened-calico:v3.32.1-build20260722,rke2/v1.36.3,stdlib,v1.25.12,gobinary,CVE-2026-33818,HIGH,https://avd.aquasec.com/nvd/cve-2026-33818,calicoctl,"1.25.13, 1.26.6, 1.27.0-rc.3",false,not_affected,vulnerable_code_not_present
rancher/hardened-calico:v3.32.1-build20260722,rke2/v1.36.3,stdlib,v1.25.12,gobinary,CVE-2026-33818,HIGH,https://avd.aquasec.com/nvd/cve-2026-33818,opt/cni/bin/bandwidth,"1.25.13, 1.26.6, 1.27.0-rc.3",false,not_affected,vulnerable_code_not_present
rancher/hardened-calico:v3.32.1-build20260722,rke2/v1.36.3,stdlib,v1.25.12,gobinary,CVE-2026-33818,HIGH,https://avd.aquasec.com/nvd/cve-2026-33818,opt/cni/bin/bond,"1.25.13, 1.26.6, 1.27.0-rc.3",false,not_affected,vulnerable_code_not_present
rancher/hardened-calico:v3.32.1-build20260722,rke2/v1.36.3,stdlib,v1.25.12,gobinary,CVE-2026-33818,HIGH,https://avd.aquasec.com/nvd/cve-2026-33818,opt/cni/bin/bridge,"1.25.13, 1.26.6, 1.27.0-rc.3",false,not_affected,vulnerable_code_not_present
rancher/hardened-calico:v3.32.1-build20260722,rke2/v1.36.3,stdlib,v1.25.12,gobinary,CVE-2026-33818,HIGH,https://avd.aquasec.com/nvd/cve-2026-33818,opt/cni/bin/calico,"1.25.13, 1.26.6, 1.27.0-rc.3",false,not_affected,vulnerable_code_not_present
rancher/hardened-calico:v3.32.1-build20260722,rke2/v1.36.3,stdlib,v1.25.12,gobinary,CVE-2026-33818,HIGH,https://avd.aquasec.com/nvd/cve-2026-33818,opt/cni/bin/calico-ipam,"1.25.13, 1.26.6, 1.27.0-rc.3",false,not_affected,vulnerable_code_not_present
rancher/hardened-calico:v3.32.1-build20260722,rke2/v1.36.3,stdlib,v1.25.12,gobinary,CVE-2026-33818,HIGH,https://avd.aquasec.com/nvd/cve-2026-33818,opt/cni/bin/dhcp,"1.25.13, 1.26.6, 1.27.0-rc.3",false,not_affected,vulnerable_code_not_present
rancher/hardened-calico:v3.32.1-build20260722,rke2/v1.36.3,stdlib,v1.25.12,gobinary,CVE-2026-33818,HIGH,https://avd.aquasec.com/nvd/cve-2026-33818,opt/cni/bin/dummy,"1.25.13, 1.26.6, 1.27.0-rc.3",false,not_affected,vulnerable_code_not_present
rancher/hardened-calico:v3.32.1-build20260722,rke2/v1.36.3,stdlib,v1.25.12,gobinary,CVE-2026-33818,HIGH,https://avd.aquasec.com/nvd/cve-2026-33818,opt/cni/bin/firewall,"1.25.13, 1.26.6, 1.27.0-rc.3",false,not_affected,vulnerable_code_not_present
rancher/hardened-calico:v3.32.1-build20260722,rke2/v1.36.3,stdlib,v1.25.12,gobinary,CVE-2026-33818,HIGH,https://avd.aquasec.com/nvd/cve-2026-33818,opt/cni/bin/flannel,"1.25.13, 1.26.6, 1.27.0-rc.3",false,not_affected,vulnerable_code_not_present
rancher/hardened-calico:v3.32.1-build20260722,rke2/v1.36.3,stdlib,v1.25.12,gobinary,CVE-2026-33818,HIGH,https://avd.aquasec.com/nvd/cve-2026-33818,opt/cni/bin/host-device,"1.25.13, 1.26.6, 1.27.0-rc.3",false,not_affected,vulnerable_code_not_present
rancher/hardened-calico:v3.32.1-build20260722,rke2/v1.36.3,stdlib,v1.25.12,gobinary,CVE-2026-33818,HIGH,https://avd.aquasec.com/nvd/cve-2026-33818,opt/cni/bin/host-local,"1.25.13, 1.26.6, 1.27.0-rc.3",false,not_affected,vulnerable_code_not_present
rancher/hardened-calico:v3.32.1-build20260722,rke2/v1.36.3,stdlib,v1.25.12,gobinary,CVE-2026-33818,HIGH,https://avd.aquasec.com/nvd/cve-2026-33818,opt/cni/bin/install,"1.25.13, 1.26.6, 1.27.0-rc.3",false,not_affected,vulnerable_code_not_present
rancher/hardened-calico:v3.32.1-build20260722,rke2/v1.36.3,stdlib,v1.25.12,gobinary,CVE-2026-33818,HIGH,https://avd.aquasec.com/nvd/cve-2026-33818,opt/cni/bin/ipvlan,"1.25.13, 1.26.6, 1.27.0-rc.3",false,not_affected,vulnerable_code_not_present
rancher/hardened-calico:v3.32.1-build20260722,rke2/v1.36.3,stdlib,v1.25.12,gobinary,CVE-2026-33818,HIGH,https://avd.aquasec.com/nvd/cve-2026-33818,opt/cni/bin/loopback,"1.25.13, 1.26.6, 1.27.0-rc.3",false,not_affected,vulnerable_code_not_present
rancher/hardened-calico:v3.32.1-build20260722,rke2/v1.36.3,stdlib,v1.25.12,gobinary,CVE-2026-33818,HIGH,https://avd.aquasec.com/nvd/cve-2026-33818,opt/cni/bin/macvlan,"1.25.13, 1.26.6, 1.27.0-rc.3",false,not_affected,vulnerable_code_not_present
rancher/hardened-calico:v3.32.1-build20260722,rke2/v1.36.3,stdlib,v1.25.12,gobinary,CVE-2026-33818,HIGH,https://avd.aquasec.com/nvd/cve-2026-33818,opt/cni/bin/portmap,"1.25.13, 1.26.6, 1.27.0-rc.3",false,not_affected,vulnerable_code_not_present
rancher/hardened-calico:v3.32.1-build20260722,rke2/v1.36.3,stdlib,v1.25.12,gobinary,CVE-2026-33818,HIGH,https://avd.aquasec.com/nvd/cve-2026-33818,opt/cni/bin/ptp,"1.25.13, 1.26.6, 1.27.0-rc.3",false,not_affected,vulnerable_code_not_present
rancher/hardened-calico:v3.32.1-build20260722,rke2/v1.36.3,stdlib,v1.25.12,gobinary,CVE-2026-33818,HIGH,https://avd.aquasec.com/nvd/cve-2026-33818,opt/cni/bin/sbr,"1.25.13, 1.26.6, 1.27.0-rc.3",false,not_affected,vulnerable_code_not_present
rancher/hardened-calico:v3.32.1-build20260722,rke2/v1.36.3,stdlib,v1.25.12,gobinary,CVE-2026-33818,HIGH,https://avd.aquasec.com/nvd/cve-2026-33818,opt/cni/bin/static,"1.25.13, 1.26.6, 1.27.0-rc.3",false,not_affected,vulnerable_code_not_present
rancher/hardened-calico:v3.32.1-build20260722,rke2/v1.36.3,stdlib,v1.25.12,gobinary,CVE-2026-33818,HIGH,https://avd.aquasec.com/nvd/cve-2026-33818,opt/cni/bin/tap,"1.25.13, 1.26.6, 1.27.0-rc.3",false,not_affected,vulnerable_code_not_present
rancher/hardened-calico:v3.32.1-build20260722,rke2/v1.36.3,stdlib,v1.25.12,gobinary,CVE-2026-33818,HIGH,https://avd.aquasec.com/nvd/cve-2026-33818,opt/cni/bin/tuning,"1.25.13, 1.26.6, 1.27.0-rc.3",false,not_affected,vulnerable_code_not_present
rancher/hardened-calico:v3.32.1-build20260722,rke2/v1.36.3,stdlib,v1.25.12,gobinary,CVE-2026-33818,HIGH,https://avd.aquasec.com/nvd/cve-2026-33818,opt/cni/bin/vlan,"1.25.13, 1.26.6, 1.27.0-rc.3",false,not_affected,vulnerable_code_not_present
rancher/hardened-calico:v3.32.1-build20260722,rke2/v1.36.3,stdlib,v1.25.12,gobinary,CVE-2026-33818,HIGH,https://avd.aquasec.com/nvd/cve-2026-33818,opt/cni/bin/vrf,"1.25.13, 1.26.6, 1.27.0-rc.3",false,not_affected,vulnerable_code_not_present
rancher/hardened-calico:v3.32.1-build20260722,rke2/v1.36.3,stdlib,v1.25.12,gobinary,CVE-2026-33818,HIGH,https://avd.aquasec.com/nvd/cve-2026-33818,usr/bin/calico-node,"1.25.13, 1.26.6, 1.27.0-rc.3",false,not_affected,vulnerable_code_not_present
rancher/hardened-calico:v3.32.1-build20260722,rke2/v1.36.3,stdlib,v1.25.12,gobinary,CVE-2026-33818,HIGH,https://avd.aquasec.com/nvd/cve-2026-33818,usr/bin/check-status,"1.25.13, 1.26.6, 1.27.0-rc.3",false,not_affected,vulnerable_code_not_present
rancher/hardened-calico:v3.32.1-build20260722,rke2/v1.36.3,stdlib,v1.25.12,gobinary,CVE-2026-33818,HIGH,https://avd.aquasec.com/nvd/cve-2026-33818,usr/bin/kube-controllers,"1.25.13, 1.26.6, 1.27.0-rc.3",false,not_affected,vulnerable_code_not_present
rancher/hardened-calico:v3.32.1-build20260722,rke2/v1.36.3,stdlib,v1.25.12,gobinary,CVE-2026-33818,HIGH,https://avd.aquasec.com/nvd/cve-2026-33818,usr/local/bin/flexvol/flexvoldriver,"1.25.13, 1.26.6, 1.27.0-rc.3",false,not_affected,vulnerable_code_not_present
rancher/hardened-calico:v3.32.1-build20260722,rke2/v1.36.3,stdlib,v1.25.12,gobinary,CVE-2026-39821,HIGH,https://avd.aquasec.com/nvd/cve-2026-39821,calicoctl,"1.25.13, 1.26.6, 1.27.0-rc.3",false,not_affected,vulnerable_code_not_present
rancher/hardened-calico:v3.32.1-build20260722,rke2/v1.36.3,stdlib,v1.25.12,gobinary,CVE-2026-39821,HIGH,https://avd.aquasec.com/nvd/cve-2026-39821,opt/cni/bin/bandwidth,"1.25.13, 1.26.6, 1.27.0-rc.3",false,not_affected,vulnerable_code_not_in_execute_path
rancher/hardened-calico:v3.32.1-build20260722,rke2/v1.36.3,stdlib,v1.25.12,gobinary,CVE-2026-39821,HIGH,https://avd.aquasec.com/nvd/cve-2026-39821,opt/cni/bin/bond,"1.25.13, 1.26.6, 1.27.0-rc.3",false,not_affected,vulnerable_code_not_present
rancher/hardened-calico:v3.32.1-build20260722,rke2/v1.36.3,stdlib,v1.25.12,gobinary,CVE-2026-39821,HIGH,https://avd.aquasec.com/nvd/cve-2026-39821,opt/cni/bin/bridge,"1.25.13, 1.26.6, 1.27.0-rc.3",false,not_affected,vulnerable_code_not_in_execute_path
rancher/hardened-calico:v3.32.1-build20260722,rke2/v1.36.3,stdlib,v1.25.12,gobinary,CVE-2026-39821,HIGH,https://avd.aquasec.com/nvd/cve-2026-39821,opt/cni/bin/calico,"1.25.13, 1.26.6, 1.27.0-rc.3",false,not_affected,vulnerable_code_not_present
rancher/hardened-calico:v3.32.1-build20260722,rke2/v1.36.3,stdlib,v1.25.12,gobinary,CVE-2026-39821,HIGH,https://avd.aquasec.com/nvd/cve-2026-39821,opt/cni/bin/calico-ipam,"1.25.13, 1.26.6, 1.27.0-rc.3",false,not_affected,vulnerable_code_not_present
rancher/hardened-calico:v3.32.1-build20260722,rke2/v1.36.3,stdlib,v1.25.12,gobinary,CVE-2026-39821,HIGH,https://avd.aquasec.com/nvd/cve-2026-39821,opt/cni/bin/dhcp,"1.25.13, 1.26.6, 1.27.0-rc.3",false,not_affected,vulnerable_code_not_in_execute_path
rancher/hardened-calico:v3.32.1-build20260722,rke2/v1.36.3,stdlib,v1.25.12,gobinary,CVE-2026-39821,HIGH,https://avd.aquasec.com/nvd/cve-2026-39821,opt/cni/bin/dummy,"1.25.13, 1.26.6, 1.27.0-rc.3",false,not_affected,vulnerable_code_not_in_execute_path
rancher/hardened-calico:v3.32.1-build20260722,rke2/v1.36.3,stdlib,v1.25.12,gobinary,CVE-2026-39821,HIGH,https://avd.aquasec.com/nvd/cve-2026-39821,opt/cni/bin/firewall,"1.25.13, 1.26.6, 1.27.0-rc.3",false,not_affected,vulnerable_code_not_in_execute_path
rancher/hardened-calico:v3.32.1-build20260722,rke2/v1.36.3,stdlib,v1.25.12,gobinary,CVE-2026-39821,HIGH,https://avd.aquasec.com/nvd/cve-2026-39821,opt/cni/bin/flannel,"1.25.13, 1.26.6, 1.27.0-rc.3",false,not_affected,vulnerable_code_not_present
rancher/hardened-calico:v3.32.1-build20260722,rke2/v1.36.3,stdlib,v1.25.12,gobinary,CVE-2026-39821,HIGH,https://avd.aquasec.com/nvd/cve-2026-39821,opt/cni/bin/host-device,"1.25.13, 1.26.6, 1.27.0-rc.3",false,not_affected,vulnerable_code_not_in_execute_path
rancher/hardened-calico:v3.32.1-build20260722,rke2/v1.36.3,stdlib,v1.25.12,gobinary,CVE-2026-39821,HIGH,https://avd.aquasec.com/nvd/cve-2026-39821,opt/cni/bin/host-local,"1.25.13, 1.26.6, 1.27.0-rc.3",false,not_affected,vulnerable_code_not_in_execute_path
rancher/hardened-calico:v3.32.1-build20260722,rke2/v1.36.3,stdlib,v1.25.12,gobinary,CVE-2026-39821,HIGH,https://avd.aquasec.com/nvd/cve-2026-39821,opt/cni/bin/install,"1.25.13, 1.26.6, 1.27.0-rc.3",false,not_affected,vulnerable_code_not_present
rancher/hardened-calico:v3.32.1-build20260722,rke2/v1.36.3,stdlib,v1.25.12,gobinary,CVE-2026-39821,HIGH,https://avd.aquasec.com/nvd/cve-2026-39821,opt/cni/bin/ipvlan,"1.25.13, 1.26.6, 1.27.0-rc.3",false,not_affected,vulnerable_code_not_in_execute_path
rancher/hardened-calico:v3.32.1-build20260722,rke2/v1.36.3,stdlib,v1.25.12,gobinary,CVE-2026-39821,HIGH,https://avd.aquasec.com/nvd/cve-2026-39821,opt/cni/bin/loopback,"1.25.13, 1.26.6, 1.27.0-rc.3",false,not_affected,vulnerable_code_not_in_execute_path
rancher/hardened-calico:v3.32.1-build20260722,rke2/v1.36.3,stdlib,v1.25.12,gobinary,CVE-2026-39821,HIGH,https://avd.aquasec.com/nvd/cve-2026-39821,opt/cni/bin/macvlan,"1.25.13, 1.26.6, 1.27.0-rc.3",false,not_affected,vulnerable_code_not_in_execute_path
rancher/hardened-calico:v3.32.1-build20260722,rke2/v1.36.3,stdlib,v1.25.12,gobinary,CVE-2026-39821,HIGH,https://avd.aquasec.com/nvd/cve-2026-39821,opt/cni/bin/portmap,"1.25.13, 1.26.6, 1.27.0-rc.3",false,not_affected,vulnerable_code_not_in_execute_path
rancher/hardened-calico:v3.32.1-build20260722,rke2/v1.36.3,stdlib,v1.25.12,gobinary,CVE-2026-39821,HIGH,https://avd.aquasec.com/nvd/cve-2026-39821,opt/cni/bin/ptp,"1.25.13, 1.26.6, 1.27.0-rc.3",false,not_affected,vulnerable_code_not_in_execute_path
rancher/hardened-calico:v3.32.1-build20260722,rke2/v1.36.3,stdlib,v1.25.12,gobinary,CVE-2026-39821,HIGH,https://avd.aquasec.com/nvd/cve-2026-39821,opt/cni/bin/sbr,"1.25.13, 1.26.6, 1.27.0-rc.3",false,not_affected,vulnerable_code_not_in_execute_path
rancher/hardened-calico:v3.32.1-build20260722,rke2/v1.36.3,stdlib,v1.25.12,gobinary,CVE-2026-39821,HIGH,https://avd.aquasec.com/nvd/cve-2026-39821,opt/cni/bin/static,"1.25.13, 1.26.6, 1.27.0-rc.3",false,not_affected,vulnerable_code_not_in_execute_path
rancher/hardened-calico:v3.32.1-build20260722,rke2/v1.36.3,stdlib,v1.25.12,gobinary,CVE-2026-39821,HIGH,https://avd.aquasec.com/nvd/cve-2026-39821,opt/cni/bin/tap,"1.25.13, 1.26.6, 1.27.0-rc.3",false,not_affected,vulnerable_code_not_in_execute_path
rancher/hardened-calico:v3.32.1-build20260722,rke2/v1.36.3,stdlib,v1.25.12,gobinary,CVE-2026-39821,HIGH,https://avd.aquasec.com/nvd/cve-2026-39821,opt/cni/bin/tuning,"1.25.13, 1.26.6, 1.27.0-rc.3",false,not_affected,vulnerable_code_not_in_execute_path
rancher/hardened-calico:v3.32.1-build20260722,rke2/v1.36.3,stdlib,v1.25.12,gobinary,CVE-2026-39821,HIGH,https://avd.aquasec.com/nvd/cve-2026-39821,opt/cni/bin/vlan,"1.25.13, 1.26.6, 1.27.0-rc.3",false,not_affected,vulnerable_code_not_in_execute_path
rancher/hardened-calico:v3.32.1-build20260722,rke2/v1.36.3,stdlib,v1.25.12,gobinary,CVE-2026-39821,HIGH,https://avd.aquasec.com/nvd/cve-2026-39821,opt/cni/bin/vrf,"1.25.13, 1.26.6, 1.27.0-rc.3",false,not_affected,vulnerable_code_not_in_execute_path
rancher/hardened-calico:v3.32.1-build20260722,rke2/v1.36.3,stdlib,v1.25.12,gobinary,CVE-2026-39821,HIGH,https://avd.aquasec.com/nvd/cve-2026-39821,usr/bin/calico-node,"1.25.13, 1.26.6, 1.27.0-rc.3",false,not_affected,vulnerable_code_not_present
rancher/hardened-calico:v3.32.1-build20260722,rke2/v1.36.3,stdlib,v1.25.12,gobinary,CVE-2026-39821,HIGH,https://avd.aquasec.com/nvd/cve-2026-39821,usr/bin/check-status,"1.25.13, 1.26.6, 1.27.0-rc.3",false,not_affected,vulnerable_code_not_present
rancher/hardened-calico:v3.32.1-build20260722,rke2/v1.36.3,stdlib,v1.25.12,gobinary,CVE-2026-39821,HIGH,https://avd.aquasec.com/nvd/cve-2026-39821,usr/bin/kube-controllers,"1.25.13, 1.26.6, 1.27.0-rc.3",false,not_affected,vulnerable_code_not_present
rancher/hardened-calico:v3.32.1-build20260722,rke2/v1.36.3,stdlib,v1.25.12,gobinary,CVE-2026-39821,HIGH,https://avd.aquasec.com/nvd/cve-2026-39821,usr/local/bin/flexvol/flexvoldriver,"1.25.13, 1.26.6, 1.27.0-rc.3",false,not_affected,vulnerable_code_not_present
rancher/hardened-calico:v3.32.1-build20260722,rke2/v1.36.3,stdlib,v1.25.12,gobinary,CVE-2026-56853,HIGH,https://avd.aquasec.com/nvd/cve-2026-56853,calicoctl,"1.25.13, 1.26.6, 1.27.0-rc.3",false,not_affected,vulnerable_code_not_present
rancher/hardened-calico:v3.32.1-build20260722,rke2/v1.36.3,stdlib,v1.25.12,gobinary,CVE-2026-56853,HIGH,https://avd.aquasec.com/nvd/cve-2026-56853,opt/cni/bin/bandwidth,"1.25.13, 1.26.6, 1.27.0-rc.3",false,not_affected,vulnerable_code_not_present
rancher/hardened-calico:v3.32.1-build20260722,rke2/v1.36.3,stdlib,v1.25.12,gobinary,CVE-2026-56853,HIGH,https://avd.aquasec.com/nvd/cve-2026-56853,opt/cni/bin/bond,"1.25.13, 1.26.6, 1.27.0-rc.3",false,not_affected,vulnerable_code_not_present
rancher/hardened-calico:v3.32.1-build20260722,rke2/v1.36.3,stdlib,v1.25.12,gobinary,CVE-2026-56853,HIGH,https://avd.aquasec.com/nvd/cve-2026-56853,opt/cni/bin/bridge,"1.25.13, 1.26.6, 1.27.0-rc.3",false,not_affected,vulnerable_code_not_present
rancher/hardened-calico:v3.32.1-build20260722,rke2/v1.36.3,stdlib,v1.25.12,gobinary,CVE-2026-56853,HIGH,https://avd.aquasec.com/nvd/cve-2026-56853,opt/cni/bin/calico,"1.25.13, 1.26.6, 1.27.0-rc.3",false,not_affected,vulnerable_code_not_present
rancher/hardened-calico:v3.32.1-build20260722,rke2/v1.36.3,stdlib,v1.25.12,gobinary,CVE-2026-56853,HIGH,https://avd.aquasec.com/nvd/cve-2026-56853,opt/cni/bin/calico-ipam,"1.25.13, 1.26.6, 1.27.0-rc.3",false,not_affected,vulnerable_code_not_present
rancher/hardened-calico:v3.32.1-build20260722,rke2/v1.36.3,stdlib,v1.25.12,gobinary,CVE-2026-56853,HIGH,https://avd.aquasec.com/nvd/cve-2026-56853,opt/cni/bin/dhcp,"1.25.13, 1.26.6, 1.27.0-rc.3",false,not_affected,vulnerable_code_not_present
rancher/hardened-calico:v3.32.1-build20260722,rke2/v1.36.3,stdlib,v1.25.12,gobinary,CVE-2026-56853,HIGH,https://avd.aquasec.com/nvd/cve-2026-56853,opt/cni/bin/dummy,"1.25.13, 1.26.6, 1.27.0-rc.3",false,not_affected,vulnerable_code_not_present
rancher/hardened-calico:v3.32.1-build20260722,rke2/v1.36.3,stdlib,v1.25.12,gobinary,CVE-2026-56853,HIGH,https://avd.aquasec.com/nvd/cve-2026-56853,opt/cni/bin/firewall,"1.25.13, 1.26.6, 1.27.0-rc.3",false,not_affected,vulnerable_code_not_present
rancher/hardened-calico:v3.32.1-build20260722,rke2/v1.36.3,stdlib,v1.25.12,gobinary,CVE-2026-56853,HIGH,https://avd.aquasec.com/nvd/cve-2026-56853,opt/cni/bin/flannel,"1.25.13, 1.26.6, 1.27.0-rc.3",false,not_affected,vulnerable_code_not_present
rancher/hardened-calico:v3.32.1-build20260722,rke2/v1.36.3,stdlib,v1.25.12,gobinary,CVE-2026-56853,HIGH,https://avd.aquasec.com/nvd/cve-2026-56853,opt/cni/bin/host-device,"1.25.13, 1.26.6, 1.27.0-rc.3",false,not_affected,vulnerable_code_not_present
rancher/hardened-calico:v3.32.1-build20260722,rke2/v1.36.3,stdlib,v1.25.12,gobinary,CVE-2026-56853,HIGH,https://avd.aquasec.com/nvd/cve-2026-56853,opt/cni/bin/host-local,"1.25.13, 1.26.6, 1.27.0-rc.3",false,not_affected,vulnerable_code_not_present
rancher/hardened-calico:v3.32.1-build20260722,rke2/v1.36.3,stdlib,v1.25.12,gobinary,CVE-2026-56853,HIGH,https://avd.aquasec.com/nvd/cve-2026-56853,opt/cni/bin/install,"1.25.13, 1.26.6, 1.27.0-rc.3",false,not_affected,vulnerable_code_not_present
rancher/hardened-calico:v3.32.1-build20260722,rke2/v1.36.3,stdlib,v1.25.12,gobinary,CVE-2026-56853,HIGH,https://avd.aquasec.com/nvd/cve-2026-56853,opt/cni/bin/ipvlan,"1.25.13, 1.26.6, 1.27.0-rc.3",false,not_affected,vulnerable_code_not_present
rancher/hardened-calico:v3.32.1-build20260722,rke2/v1.36.3,stdlib,v1.25.12,gobinary,CVE-2026-56853,HIGH,https://avd.aquasec.com/nvd/cve-2026-56853,opt/cni/bin/loopback,"1.25.13, 1.26.6, 1.27.0-rc.3",false,not_affected,vulnerable_code_not_present
rancher/hardened-calico:v3.32.1-build20260722,rke2/v1.36.3,stdlib,v1.25.12,gobinary,CVE-2026-56853,HIGH,https://avd.aquasec.com/nvd/cve-2026-56853,opt/cni/bin/macvlan,"1.25.13, 1.26.6, 1.27.0-rc.3",false,not_affected,vulnerable_code_not_present
rancher/hardened-calico:v3.32.1-build20260722,rke2/v1.36.3,stdlib,v1.25.12,gobinary,CVE-2026-56853,HIGH,https://avd.aquasec.com/nvd/cve-2026-56853,opt/cni/bin/portmap,"1.25.13, 1.26.6, 1.27.0-rc.3",false,not_affected,vulnerable_code_not_present
rancher/hardened-calico:v3.32.1-build20260722,rke2/v1.36.3,stdlib,v1.25.12,gobinary,CVE-2026-56853,HIGH,https://avd.aquasec.com/nvd/cve-2026-56853,opt/cni/bin/ptp,"1.25.13, 1.26.6, 1.27.0-rc.3",false,not_affected,vulnerable_code_not_present
rancher/hardened-calico:v3.32.1-build20260722,rke2/v1.36.3,stdlib,v1.25.12,gobinary,CVE-2026-56853,HIGH,https://avd.aquasec.com/nvd/cve-2026-56853,opt/cni/bin/sbr,"1.25.13, 1.26.6, 1.27.0-rc.3",false,not_affected,vulnerable_code_not_present
rancher/hardened-calico:v3.32.1-build20260722,rke2/v1.36.3,stdlib,v1.25.12,gobinary,CVE-2026-56853,HIGH,https://avd.aquasec.com/nvd/cve-2026-56853,opt/cni/bin/static,"1.25.13, 1.26.6, 1.27.0-rc.3",false,not_affected,vulnerable_code_not_present
rancher/hardened-calico:v3.32.1-build20260722,rke2/v1.36.3,stdlib,v1.25.12,gobinary,CVE-2026-56853,HIGH,https://avd.aquasec.com/nvd/cve-2026-56853,opt/cni/bin/tap,"1.25.13, 1.26.6, 1.27.0-rc.3",false,not_affected,vulnerable_code_not_present
rancher/hardened-calico:v3.32.1-build20260722,rke2/v1.36.3,stdlib,v1.25.12,gobinary,CVE-2026-56853,HIGH,https://avd.aquasec.com/nvd/cve-2026-56853,opt/cni/bin/tuning,"1.25.13, 1.26.6, 1.27.0-rc.3",false,not_affected,vulnerable_code_not_present
rancher/hardened-calico:v3.32.1-build20260722,rke2/v1.36.3,stdlib,v1.25.12,gobinary,CVE-2026-56853,HIGH,https://avd.aquasec.com/nvd/cve-2026-56853,opt/cni/bin/vlan,"1.25.13, 1.26.6, 1.27.0-rc.3",false,not_affected,vulnerable_code_not_present
rancher/hardened-calico:v3.32.1-build20260722,rke2/v1.36.3,stdlib,v1.25.12,gobinary,CVE-2026-56853,HIGH,https://avd.aquasec.com/nvd/cve-2026-56853,opt/cni/bin/vrf,"1.25.13, 1.26.6, 1.27.0-rc.3",false,not_affected,vulnerable_code_not_present
rancher/hardened-calico:v3.32.1-build20260722,rke2/v1.36.3,stdlib,v1.25.12,gobinary,CVE-2026-56853,HIGH,https://avd.aquasec.com/nvd/cve-2026-56853,usr/bin/calico-node,"1.25.13, 1.26.6, 1.27.0-rc.3",false,not_affected,vulnerable_code_not_present
rancher/hardened-calico:v3.32.1-build20260722,rke2/v1.36.3,stdlib,v1.25.12,gobinary,CVE-2026-56853,HIGH,https://avd.aquasec.com/nvd/cve-2026-56853,usr/bin/check-status,"1.25.13, 1.26.6, 1.27.0-rc.3",false,not_affected,vulnerable_code_not_present
rancher/hardened-calico:v3.32.1-build20260722,rke2/v1.36.3,stdlib,v1.25.12,gobinary,CVE-2026-56853,HIGH,https://avd.aquasec.com/nvd/cve-2026-56853,usr/bin/kube-controllers,"1.25.13, 1.26.6, 1.27.0-rc.3",false,not_affected,vulnerable_code_not_present
rancher/hardened-calico:v3.32.1-build20260722,rke2/v1.36.3,stdlib,v1.25.12,gobinary,CVE-2026-56853,HIGH,https://avd.aquasec.com/nvd/cve-2026-56853,usr/local/bin/flexvol/flexvoldriver,"1.25.13, 1.26.6, 1.27.0-rc.3",false,not_affected,vulnerable_code_not_present
rancher/hardened-calico:v3.32.1-build20260722,rke2/v1.36.3,stdlib,v1.25.12,gobinary,CVE-2026-56858,HIGH,https://avd.aquasec.com/nvd/cve-2026-56858,calicoctl,"1.25.13, 1.26.6, 1.27.0-rc.3",false,not_affected,vulnerable_code_not_present
rancher/hardened-calico:v3.32.1-build20260722,rke2/v1.36.3,stdlib,v1.25.12,gobinary,CVE-2026-56858,HIGH,https://avd.aquasec.com/nvd/cve-2026-56858,opt/cni/bin/bandwidth,"1.25.13, 1.26.6, 1.27.0-rc.3",false,not_affected,vulnerable_code_not_present
rancher/hardened-calico:v3.32.1-build20260722,rke2/v1.36.3,stdlib,v1.25.12,gobinary,CVE-2026-56858,HIGH,https://avd.aquasec.com/nvd/cve-2026-56858,opt/cni/bin/bond,"1.25.13, 1.26.6, 1.27.0-rc.3",false,not_affected,vulnerable_code_not_present
rancher/hardened-calico:v3.32.1-build20260722,rke2/v1.36.3,stdlib,v1.25.12,gobinary,CVE-2026-56858,HIGH,https://avd.aquasec.com/nvd/cve-2026-56858,opt/cni/bin/bridge,"1.25.13, 1.26.6, 1.27.0-rc.3",false,not_affected,vulnerable_code_not_present
rancher/hardened-calico:v3.32.1-build20260722,rke2/v1.36.3,stdlib,v1.25.12,gobinary,CVE-2026-56858,HIGH,https://avd.aquasec.com/nvd/cve-2026-56858,opt/cni/bin/calico,"1.25.13, 1.26.6, 1.27.0-rc.3",false,not_affected,vulnerable_code_not_present
rancher/hardened-calico:v3.32.1-build20260722,rke2/v1.36.3,stdlib,v1.25.12,gobinary,CVE-2026-56858,HIGH,https://avd.aquasec.com/nvd/cve-2026-56858,opt/cni/bin/calico-ipam,"1.25.13, 1.26.6, 1.27.0-rc.3",false,not_affected,vulnerable_code_not_present
rancher/hardened-calico:v3.32.1-build20260722,rke2/v1.36.3,stdlib,v1.25.12,gobinary,CVE-2026-56858,HIGH,https://avd.aquasec.com/nvd/cve-2026-56858,opt/cni/bin/dhcp,"1.25.13, 1.26.6, 1.27.0-rc.3",false,not_affected,vulnerable_code_not_present
rancher/hardened-calico:v3.32.1-build20260722,rke2/v1.36.3,stdlib,v1.25.12,gobinary,CVE-2026-56858,HIGH,https://avd.aquasec.com/nvd/cve-2026-56858,opt/cni/bin/dummy,"1.25.13, 1.26.6, 1.27.0-rc.3",false,not_affected,vulnerable_code_not_present
rancher/hardened-calico:v3.32.1-build20260722,rke2/v1.36.3,stdlib,v1.25.12,gobinary,CVE-2026-56858,HIGH,https://avd.aquasec.com/nvd/cve-2026-56858,opt/cni/bin/firewall,"1.25.13, 1.26.6, 1.27.0-rc.3",false,not_affected,vulnerable_code_not_present
rancher/hardened-calico:v3.32.1-build20260722,rke2/v1.36.3,stdlib,v1.25.12,gobinary,CVE-2026-56858,HIGH,https://avd.aquasec.com/nvd/cve-2026-56858,opt/cni/bin/flannel,"1.25.13, 1.26.6, 1.27.0-rc.3",false,not_affected,vulnerable_code_not_present
rancher/hardened-calico:v3.32.1-build20260722,rke2/v1.36.3,stdlib,v1.25.12,gobinary,CVE-2026-56858,HIGH,https://avd.aquasec.com/nvd/cve-2026-56858,opt/cni/bin/host-device,"1.25.13, 1.26.6, 1.27.0-rc.3",false,not_affected,vulnerable_code_not_present
rancher/hardened-calico:v3.32.1-build20260722,rke2/v1.36.3,stdlib,v1.25.12,gobinary,CVE-2026-56858,HIGH,https://avd.aquasec.com/nvd/cve-2026-56858,opt/cni/bin/host-local,"1.25.13, 1.26.6, 1.27.0-rc.3",false,not_affected,vulnerable_code_not_present
rancher/hardened-calico:v3.32.1-build20260722,rke2/v1.36.3,stdlib,v1.25.12,gobinary,CVE-2026-56858,HIGH,https://avd.aquasec.com/nvd/cve-2026-56858,opt/cni/bin/install,"1.25.13, 1.26.6, 1.27.0-rc.3",false,not_affected,vulnerable_code_not_present
rancher/hardened-calico:v3.32.1-build20260722,rke2/v1.36.3,stdlib,v1.25.12,gobinary,CVE-2026-56858,HIGH,https://avd.aquasec.com/nvd/cve-2026-56858,opt/cni/bin/ipvlan,"1.25.13, 1.26.6, 1.27.0-rc.3",false,not_affected,vulnerable_code_not_present
rancher/hardened-calico:v3.32.1-build20260722,rke2/v1.36.3,stdlib,v1.25.12,gobinary,CVE-2026-56858,HIGH,https://avd.aquasec.com/nvd/cve-2026-56858,opt/cni/bin/loopback,"1.25.13, 1.26.6, 1.27.0-rc.3",false,not_affected,vulnerable_code_not_present
rancher/hardened-calico:v3.32.1-build20260722,rke2/v1.36.3,stdlib,v1.25.12,gobinary,CVE-2026-56858,HIGH,https://avd.aquasec.com/nvd/cve-2026-56858,opt/cni/bin/macvlan,"1.25.13, 1.26.6, 1.27.0-rc.3",false,not_affected,vulnerable_code_not_present
rancher/hardened-calico:v3.32.1-build20260722,rke2/v1.36.3,stdlib,v1.25.12,gobinary,CVE-2026-56858,HIGH,https://avd.aquasec.com/nvd/cve-2026-56858,opt/cni/bin/portmap,"1.25.13, 1.26.6, 1.27.0-rc.3",false,not_affected,vulnerable_code_not_present
rancher/hardened-calico:v3.32.1-build20260722,rke2/v1.36.3,stdlib,v1.25.12,gobinary,CVE-2026-56858,HIGH,https://avd.aquasec.com/nvd/cve-2026-56858,opt/cni/bin/ptp,"1.25.13, 1.26.6, 1.27.0-rc.3",false,not_affected,vulnerable_code_not_present
rancher/hardened-calico:v3.32.1-build20260722,rke2/v1.36.3,stdlib,v1.25.12,gobinary,CVE-2026-56858,HIGH,https://avd.aquasec.com/nvd/cve-2026-56858,opt/cni/bin/sbr,"1.25.13, 1.26.6, 1.27.0-rc.3",false,not_affected,vulnerable_code_not_present
rancher/hardened-calico:v3.32.1-build20260722,rke2/v1.36.3,stdlib,v1.25.12,gobinary,CVE-2026-56858,HIGH,https://avd.aquasec.com/nvd/cve-2026-56858,opt/cni/bin/static,"1.25.13, 1.26.6, 1.27.0-rc.3",false,not_affected,vulnerable_code_not_present
rancher/hardened-calico:v3.32.1-build20260722,rke2/v1.36.3,stdlib,v1.25.12,gobinary,CVE-2026-56858,HIGH,https://avd.aquasec.com/nvd/cve-2026-56858,opt/cni/bin/tap,"1.25.13, 1.26.6, 1.27.0-rc.3",false,not_affected,vulnerable_code_not_present
rancher/hardened-calico:v3.32.1-build20260722,rke2/v1.36.3,stdlib,v1.25.12,gobinary,CVE-2026-56858,HIGH,https://avd.aquasec.com/nvd/cve-2026-56858,opt/cni/bin/tuning,"1.25.13, 1.26.6, 1.27.0-rc.3",false,not_affected,vulnerable_code_not_present
rancher/hardened-calico:v3.32.1-build20260722,rke2/v1.36.3,stdlib,v1.25.12,gobinary,CVE-2026-56858,HIGH,https://avd.aquasec.com/nvd/cve-2026-56858,opt/cni/bin/vlan,"1.25.13, 1.26.6, 1.27.0-rc.3",false,not_affected,vulnerable_code_not_present
rancher/hardened-calico:v3.32.1-build20260722,rke2/v1.36.3,stdlib,v1.25.12,gobinary,CVE-2026-56858,HIGH,https://avd.aquasec.com/nvd/cve-2026-56858,opt/cni/bin/vrf,"1.25.13, 1.26.6, 1.27.0-rc.3",false,not_affected,vulnerable_code_not_present
rancher/hardened-calico:v3.32.1-build20260722,rke2/v1.36.3,stdlib,v1.25.12,gobinary,CVE-2026-56858,HIGH,https://avd.aquasec.com/nvd/cve-2026-56858,usr/bin/calico-node,"1.25.13, 1.26.6, 1.27.0-rc.3",false,not_affected,vulnerable_code_not_present
rancher/hardened-calico:v3.32.1-build20260722,rke2/v1.36.3,stdlib,v1.25.12,gobinary,CVE-2026-56858,HIGH,https://avd.aquasec.com/nvd/cve-2026-56858,usr/bin/check-status,"1.25.13, 1.26.6, 1.27.0-rc.3",false,not_affected,vulnerable_code_not_present
rancher/hardened-calico:v3.32.1-build20260722,rke2/v1.36.3,stdlib,v1.25.12,gobinary,CVE-2026-56858,HIGH,https://avd.aquasec.com/nvd/cve-2026-56858,usr/bin/kube-controllers,"1.25.13, 1.26.6, 1.27.0-rc.3",false,not_affected,vulnerable_code_not_present
rancher/hardened-calico:v3.32.1-build20260722,rke2/v1.36.3,stdlib,v1.25.12,gobinary,CVE-2026-56858,HIGH,https://avd.aquasec.com/nvd/cve-2026-56858,usr/local/bin/flexvol/flexvoldriver,"1.25.13, 1.26.6, 1.27.0-rc.3",false,not_affected,vulnerable_code_not_present
rancher/hardened-calico:v3.32.1-build20260722,rke2/v1.36.3,stdlib,v1.25.12,gobinary,CVE-2026-56859,HIGH,https://avd.aquasec.com/nvd/cve-2026-56859,calicoctl,"1.25.13, 1.26.6, 1.27.0-rc.3",false,not_affected,vulnerable_code_not_present
rancher/hardened-calico:v3.32.1-build20260722,rke2/v1.36.3,stdlib,v1.25.12,gobinary,CVE-2026-56859,HIGH,https://avd.aquasec.com/nvd/cve-2026-56859,opt/cni/bin/bandwidth,"1.25.13, 1.26.6, 1.27.0-rc.3",false,not_affected,vulnerable_code_not_present
rancher/hardened-calico:v3.32.1-build20260722,rke2/v1.36.3,stdlib,v1.25.12,gobinary,CVE-2026-56859,HIGH,https://avd.aquasec.com/nvd/cve-2026-56859,opt/cni/bin/bond,"1.25.13, 1.26.6, 1.27.0-rc.3",false,not_affected,vulnerable_code_not_present
rancher/hardened-calico:v3.32.1-build20260722,rke2/v1.36.3,stdlib,v1.25.12,gobinary,CVE-2026-56859,HIGH,https://avd.aquasec.com/nvd/cve-2026-56859,opt/cni/bin/bridge,"1.25.13, 1.26.6, 1.27.0-rc.3",false,not_affected,vulnerable_code_not_present
rancher/hardened-calico:v3.32.1-build20260722,rke2/v1.36.3,stdlib,v1.25.12,gobinary,CVE-2026-56859,HIGH,https://avd.aquasec.com/nvd/cve-2026-56859,opt/cni/bin/calico,"1.25.13, 1.26.6, 1.27.0-rc.3",false,not_affected,vulnerable_code_not_present
rancher/hardened-calico:v3.32.1-build20260722,rke2/v1.36.3,stdlib,v1.25.12,gobinary,CVE-2026-56859,HIGH,https://avd.aquasec.com/nvd/cve-2026-56859,opt/cni/bin/calico-ipam,"1.25.13, 1.26.6, 1.27.0-rc.3",false,not_affected,vulnerable_code_not_present
rancher/hardened-calico:v3.32.1-build20260722,rke2/v1.36.3,stdlib,v1.25.12,gobinary,CVE-2026-56859,HIGH,https://avd.aquasec.com/nvd/cve-2026-56859,opt/cni/bin/dhcp,"1.25.13, 1.26.6, 1.27.0-rc.3",false,not_affected,vulnerable_code_not_present
rancher/hardened-calico:v3.32.1-build20260722,rke2/v1.36.3,stdlib,v1.25.12,gobinary,CVE-2026-56859,HIGH,https://avd.aquasec.com/nvd/cve-2026-56859,opt/cni/bin/dummy,"1.25.13, 1.26.6, 1.27.0-rc.3",false,not_affected,vulnerable_code_not_present
rancher/hardened-calico:v3.32.1-build20260722,rke2/v1.36.3,stdlib,v1.25.12,gobinary,CVE-2026-56859,HIGH,https://avd.aquasec.com/nvd/cve-2026-56859,opt/cni/bin/firewall,"1.25.13, 1.26.6, 1.27.0-rc.3",false,not_affected,vulnerable_code_not_present
rancher/hardened-calico:v3.32.1-build20260722,rke2/v1.36.3,stdlib,v1.25.12,gobinary,CVE-2026-56859,HIGH,https://avd.aquasec.com/nvd/cve-2026-56859,opt/cni/bin/flannel,"1.25.13, 1.26.6, 1.27.0-rc.3",false,not_affected,vulnerable_code_not_present
rancher/hardened-calico:v3.32.1-build20260722,rke2/v1.36.3,stdlib,v1.25.12,gobinary,CVE-2026-56859,HIGH,https://avd.aquasec.com/nvd/cve-2026-56859,opt/cni/bin/host-device,"1.25.13, 1.26.6, 1.27.0-rc.3",false,not_affected,vulnerable_code_not_present
rancher/hardened-calico:v3.32.1-build20260722,rke2/v1.36.3,stdlib,v1.25.12,gobinary,CVE-2026-56859,HIGH,https://avd.aquasec.com/nvd/cve-2026-56859,opt/cni/bin/host-local,"1.25.13, 1.26.6, 1.27.0-rc.3",false,not_affected,vulnerable_code_not_present
rancher/hardened-calico:v3.32.1-build20260722,rke2/v1.36.3,stdlib,v1.25.12,gobinary,CVE-2026-56859,HIGH,https://avd.aquasec.com/nvd/cve-2026-56859,opt/cni/bin/install,"1.25.13, 1.26.6, 1.27.0-rc.3",false,not_affected,vulnerable_code_not_present
rancher/hardened-calico:v3.32.1-build20260722,rke2/v1.36.3,stdlib,v1.25.12,gobinary,CVE-2026-56859,HIGH,https://avd.aquasec.com/nvd/cve-2026-56859,opt/cni/bin/ipvlan,"1.25.13, 1.26.6, 1.27.0-rc.3",false,not_affected,vulnerable_code_not_present
rancher/hardened-calico:v3.32.1-build20260722,rke2/v1.36.3,stdlib,v1.25.12,gobinary,CVE-2026-56859,HIGH,https://avd.aquasec.com/nvd/cve-2026-56859,opt/cni/bin/loopback,"1.25.13, 1.26.6, 1.27.0-rc.3",false,not_affected,vulnerable_code_not_present
rancher/hardened-calico:v3.32.1-build20260722,rke2/v1.36.3,stdlib,v1.25.12,gobinary,CVE-2026-56859,HIGH,https://avd.aquasec.com/nvd/cve-2026-56859,opt/cni/bin/macvlan,"1.25.13, 1.26.6, 1.27.0-rc.3",false,not_affected,vulnerable_code_not_present
rancher/hardened-calico:v3.32.1-build20260722,rke2/v1.36.3,stdlib,v1.25.12,gobinary,CVE-2026-56859,HIGH,https://avd.aquasec.com/nvd/cve-2026-56859,opt/cni/bin/portmap,"1.25.13, 1.26.6, 1.27.0-rc.3",false,not_affected,vulnerable_code_not_present
rancher/hardened-calico:v3.32.1-build20260722,rke2/v1.36.3,stdlib,v1.25.12,gobinary,CVE-2026-56859,HIGH,https://avd.aquasec.com/nvd/cve-2026-56859,opt/cni/bin/ptp,"1.25.13, 1.26.6, 1.27.0-rc.3",false,not_affected,vulnerable_code_not_present
rancher/hardened-calico:v3.32.1-build20260722,rke2/v1.36.3,stdlib,v1.25.12,gobinary,CVE-2026-56859,HIGH,https://avd.aquasec.com/nvd/cve-2026-56859,opt/cni/bin/sbr,"1.25.13, 1.26.6, 1.27.0-rc.3",false,not_affected,vulnerable_code_not_present
rancher/hardened-calico:v3.32.1-build20260722,rke2/v1.36.3,stdlib,v1.25.12,gobinary,CVE-2026-56859,HIGH,https://avd.aquasec.com/nvd/cve-2026-56859,opt/cni/bin/static,"1.25.13, 1.26.6, 1.27.0-rc.3",false,not_affected,vulnerable_code_not_present
rancher/hardened-calico:v3.32.1-build20260722,rke2/v1.36.3,stdlib,v1.25.12,gobinary,CVE-2026-56859,HIGH,https://avd.aquasec.com/nvd/cve-2026-56859,opt/cni/bin/tap,"1.25.13, 1.26.6, 1.27.0-rc.3",false,not_affected,vulnerable_code_not_present
rancher/hardened-calico:v3.32.1-build20260722,rke2/v1.36.3,stdlib,v1.25.12,gobinary,CVE-2026-56859,HIGH,https://avd.aquasec.com/nvd/cve-2026-56859,opt/cni/bin/tuning,"1.25.13, 1.26.6, 1.27.0-rc.3",false,not_affected,vulnerable_code_not_present
rancher/hardened-calico:v3.32.1-build20260722,rke2/v1.36.3,stdlib,v1.25.12,gobinary,CVE-2026-56859,HIGH,https://avd.aquasec.com/nvd/cve-2026-56859,opt/cni/bin/vlan,"1.25.13, 1.26.6, 1.27.0-rc.3",false,not_affected,vulnerable_code_not_present
rancher/hardened-calico:v3.32.1-build20260722,rke2/v1.36.3,stdlib,v1.25.12,gobinary,CVE-2026-56859,HIGH,https://avd.aquasec.com/nvd/cve-2026-56859,opt/cni/bin/vrf,"1.25.13, 1.26.6, 1.27.0-rc.3",false,not_affected,vulnerable_code_not_present
rancher/hardened-calico:v3.32.1-build20260722,rke2/v1.36.3,stdlib,v1.25.12,gobinary,CVE-2026-56859,HIGH,https://avd.aquasec.com/nvd/cve-2026-56859,usr/bin/calico-node,"1.25.13, 1.26.6, 1.27.0-rc.3",false,not_affected,vulnerable_code_not_present
rancher/hardened-calico:v3.32.1-build20260722,rke2/v1.36.3,stdlib,v1.25.12,gobinary,CVE-2026-56859,HIGH,https://avd.aquasec.com/nvd/cve-2026-56859,usr/bin/check-status,"1.25.13, 1.26.6, 1.27.0-rc.3",false,not_affected,vulnerable_code_not_present
rancher/hardened-calico:v3.32.1-build20260722,rke2/v1.36.3,stdlib,v1.25.12,gobinary,CVE-2026-56859,HIGH,https://avd.aquasec.com/nvd/cve-2026-56859,usr/bin/kube-controllers,"1.25.13, 1.26.6, 1.27.0-rc.3",false,not_affected,vulnerable_code_not_present
rancher/hardened-calico:v3.32.1-build20260722,rke2/v1.36.3,stdlib,v1.25.12,gobinary,CVE-2026-56859,HIGH,https://avd.aquasec.com/nvd/cve-2026-56859,usr/local/bin/flexvol/flexvoldriver,"1.25.13, 1.26.6, 1.27.0-rc.3",false,not_affected,vulnerable_code_not_present
rancher/hardened-calico:v3.32.1-build20260722,rke2/v1.36.3,stdlib,v1.25.12,gobinary,CVE-2026-56860,HIGH,https://avd.aquasec.com/nvd/cve-2026-56860,calicoctl,"1.25.13, 1.26.6, 1.27.0-rc.3",false,not_affected,vulnerable_code_not_present
rancher/hardened-calico:v3.32.1-build20260722,rke2/v1.36.3,stdlib,v1.25.12,gobinary,CVE-2026-56860,HIGH,https://avd.aquasec.com/nvd/cve-2026-56860,opt/cni/bin/bandwidth,"1.25.13, 1.26.6, 1.27.0-rc.3",false,not_affected,vulnerable_code_not_in_execute_path
rancher/hardened-calico:v3.32.1-build20260722,rke2/v1.36.3,stdlib,v1.25.12,gobinary,CVE-2026-56860,HIGH,https://avd.aquasec.com/nvd/cve-2026-56860,opt/cni/bin/bond,"1.25.13, 1.26.6, 1.27.0-rc.3",false,not_affected,vulnerable_code_not_present
rancher/hardened-calico:v3.32.1-build20260722,rke2/v1.36.3,stdlib,v1.25.12,gobinary,CVE-2026-56860,HIGH,https://avd.aquasec.com/nvd/cve-2026-56860,opt/cni/bin/bridge,"1.25.13, 1.26.6, 1.27.0-rc.3",false,not_affected,vulnerable_code_not_in_execute_path
rancher/hardened-calico:v3.32.1-build20260722,rke2/v1.36.3,stdlib,v1.25.12,gobinary,CVE-2026-56860,HIGH,https://avd.aquasec.com/nvd/cve-2026-56860,opt/cni/bin/calico,"1.25.13, 1.26.6, 1.27.0-rc.3",false,not_affected,vulnerable_code_not_present
rancher/hardened-calico:v3.32.1-build20260722,rke2/v1.36.3,stdlib,v1.25.12,gobinary,CVE-2026-56860,HIGH,https://avd.aquasec.com/nvd/cve-2026-56860,opt/cni/bin/calico-ipam,"1.25.13, 1.26.6, 1.27.0-rc.3",false,not_affected,vulnerable_code_not_present
rancher/hardened-calico:v3.32.1-build20260722,rke2/v1.36.3,stdlib,v1.25.12,gobinary,CVE-2026-56860,HIGH,https://avd.aquasec.com/nvd/cve-2026-56860,opt/cni/bin/dhcp,"1.25.13, 1.26.6, 1.27.0-rc.3",false,not_affected,vulnerable_code_not_in_execute_path
rancher/hardened-calico:v3.32.1-build20260722,rke2/v1.36.3,stdlib,v1.25.12,gobinary,CVE-2026-56860,HIGH,https://avd.aquasec.com/nvd/cve-2026-56860,opt/cni/bin/dummy,"1.25.13, 1.26.6, 1.27.0-rc.3",false,not_affected,vulnerable_code_not_in_execute_path
rancher/hardened-calico:v3.32.1-build20260722,rke2/v1.36.3,stdlib,v1.25.12,gobinary,CVE-2026-56860,HIGH,https://avd.aquasec.com/nvd/cve-2026-56860,opt/cni/bin/firewall,"1.25.13, 1.26.6, 1.27.0-rc.3",false,not_affected,vulnerable_code_not_in_execute_path
rancher/hardened-calico:v3.32.1-build20260722,rke2/v1.36.3,stdlib,v1.25.12,gobinary,CVE-2026-56860,HIGH,https://avd.aquasec.com/nvd/cve-2026-56860,opt/cni/bin/flannel,"1.25.13, 1.26.6, 1.27.0-rc.3",false,not_affected,vulnerable_code_not_present
rancher/hardened-calico:v3.32.1-build20260722,rke2/v1.36.3,stdlib,v1.25.12,gobinary,CVE-2026-56860,HIGH,https://avd.aquasec.com/nvd/cve-2026-56860,opt/cni/bin/host-device,"1.25.13, 1.26.6, 1.27.0-rc.3",false,not_affected,vulnerable_code_not_in_execute_path
rancher/hardened-calico:v3.32.1-build20260722,rke2/v1.36.3,stdlib,v1.25.12,gobinary,CVE-2026-56860,HIGH,https://avd.aquasec.com/nvd/cve-2026-56860,opt/cni/bin/host-local,"1.25.13, 1.26.6, 1.27.0-rc.3",false,not_affected,vulnerable_code_not_in_execute_path
rancher/hardened-calico:v3.32.1-build20260722,rke2/v1.36.3,stdlib,v1.25.12,gobinary,CVE-2026-56860,HIGH,https://avd.aquasec.com/nvd/cve-2026-56860,opt/cni/bin/install,"1.25.13, 1.26.6, 1.27.0-rc.3",false,not_affected,vulnerable_code_not_present
rancher/hardened-calico:v3.32.1-build20260722,rke2/v1.36.3,stdlib,v1.25.12,gobinary,CVE-2026-56860,HIGH,https://avd.aquasec.com/nvd/cve-2026-56860,opt/cni/bin/ipvlan,"1.25.13, 1.26.6, 1.27.0-rc.3",false,not_affected,vulnerable_code_not_in_execute_path
rancher/hardened-calico:v3.32.1-build20260722,rke2/v1.36.3,stdlib,v1.25.12,gobinary,CVE-2026-56860,HIGH,https://avd.aquasec.com/nvd/cve-2026-56860,opt/cni/bin/loopback,"1.25.13, 1.26.6, 1.27.0-rc.3",false,not_affected,vulnerable_code_not_in_execute_path
rancher/hardened-calico:v3.32.1-build20260722,rke2/v1.36.3,stdlib,v1.25.12,gobinary,CVE-2026-56860,HIGH,https://avd.aquasec.com/nvd/cve-2026-56860,opt/cni/bin/macvlan,"1.25.13, 1.26.6, 1.27.0-rc.3",false,not_affected,vulnerable_code_not_in_execute_path
rancher/hardened-calico:v3.32.1-build20260722,rke2/v1.36.3,stdlib,v1.25.12,gobinary,CVE-2026-56860,HIGH,https://avd.aquasec.com/nvd/cve-2026-56860,opt/cni/bin/portmap,"1.25.13, 1.26.6, 1.27.0-rc.3",false,not_affected,vulnerable_code_not_in_execute_path
rancher/hardened-calico:v3.32.1-build20260722,rke2/v1.36.3,stdlib,v1.25.12,gobinary,CVE-2026-56860,HIGH,https://avd.aquasec.com/nvd/cve-2026-56860,opt/cni/bin/ptp,"1.25.13, 1.26.6, 1.27.0-rc.3",false,not_affected,vulnerable_code_not_in_execute_path
rancher/hardened-calico:v3.32.1-build20260722,rke2/v1.36.3,stdlib,v1.25.12,gobinary,CVE-2026-56860,HIGH,https://avd.aquasec.com/nvd/cve-2026-56860,opt/cni/bin/sbr,"1.25.13, 1.26.6, 1.27.0-rc.3",false,not_affected,vulnerable_code_not_in_execute_path
rancher/hardened-calico:v3.32.1-build20260722,rke2/v1.36.3,stdlib,v1.25.12,gobinary,CVE-2026-56860,HIGH,https://avd.aquasec.com/nvd/cve-2026-56860,opt/cni/bin/static,"1.25.13, 1.26.6, 1.27.0-rc.3",false,not_affected,vulnerable_code_not_in_execute_path
rancher/hardened-calico:v3.32.1-build20260722,rke2/v1.36.3,stdlib,v1.25.12,gobinary,CVE-2026-56860,HIGH,https://avd.aquasec.com/nvd/cve-2026-56860,opt/cni/bin/tap,"1.25.13, 1.26.6, 1.27.0-rc.3",false,not_affected,vulnerable_code_not_in_execute_path
rancher/hardened-calico:v3.32.1-build20260722,rke2/v1.36.3,stdlib,v1.25.12,gobinary,CVE-2026-56860,HIGH,https://avd.aquasec.com/nvd/cve-2026-56860,opt/cni/bin/tuning,"1.25.13, 1.26.6, 1.27.0-rc.3",false,not_affected,vulnerable_code_not_in_execute_path
rancher/hardened-calico:v3.32.1-build20260722,rke2/v1.36.3,stdlib,v1.25.12,gobinary,CVE-2026-56860,HIGH,https://avd.aquasec.com/nvd/cve-2026-56860,opt/cni/bin/vlan,"1.25.13, 1.26.6, 1.27.0-rc.3",false,not_affected,vulnerable_code_not_in_execute_path
rancher/hardened-calico:v3.32.1-build20260722,rke2/v1.36.3,stdlib,v1.25.12,gobinary,CVE-2026-56860,HIGH,https://avd.aquasec.com/nvd/cve-2026-56860,opt/cni/bin/vrf,"1.25.13, 1.26.6, 1.27.0-rc.3",false,not_affected,vulnerable_code_not_in_execute_path
rancher/hardened-calico:v3.32.1-build20260722,rke2/v1.36.3,stdlib,v1.25.12,gobinary,CVE-2026-56860,HIGH,https://avd.aquasec.com/nvd/cve-2026-56860,usr/bin/calico-node,"1.25.13, 1.26.6, 1.27.0-rc.3",false,not_affected,vulnerable_code_not_present
rancher/hardened-calico:v3.32.1-build20260722,rke2/v1.36.3,stdlib,v1.25.12,gobinary,CVE-2026-56860,HIGH,https://avd.aquasec.com/nvd/cve-2026-56860,usr/bin/check-status,"1.25.13, 1.26.6, 1.27.0-rc.3",false,not_affected,vulnerable_code_not_present
rancher/hardened-calico:v3.32.1-build20260722,rke2/v1.36.3,stdlib,v1.25.12,gobinary,CVE-2026-56860,HIGH,https://avd.aquasec.com/nvd/cve-2026-56860,usr/bin/kube-controllers,"1.25.13, 1.26.6, 1.27.0-rc.3",false,not_affected,vulnerable_code_not_present
rancher/hardened-calico:v3.32.1-build20260722,rke2/v1.36.3,stdlib,v1.25.12,gobinary,CVE-2026-56860,HIGH,https://avd.aquasec.com/nvd/cve-2026-56860,usr/local/bin/flexvol/flexvoldriver,"1.25.13, 1.26.6, 1.27.0-rc.3",false,not_affected,vulnerable_code_not_present
rancher/hardened-calico:v3.32.1-build20260722,rke2/v1.36.3,stdlib,v1.25.12,gobinary,CVE-2026-56862,HIGH,https://avd.aquasec.com/nvd/cve-2026-56862,calicoctl,"1.25.13, 1.26.6, 1.27.0-rc.3",false,not_affected,vulnerable_code_not_present
rancher/hardened-calico:v3.32.1-build20260722,rke2/v1.36.3,stdlib,v1.25.12,gobinary,CVE-2026-56862,HIGH,https://avd.aquasec.com/nvd/cve-2026-56862,opt/cni/bin/bandwidth,"1.25.13, 1.26.6, 1.27.0-rc.3",false,not_affected,vulnerable_code_not_present
rancher/hardened-calico:v3.32.1-build20260722,rke2/v1.36.3,stdlib,v1.25.12,gobinary,CVE-2026-56862,HIGH,https://avd.aquasec.com/nvd/cve-2026-56862,opt/cni/bin/bond,"1.25.13, 1.26.6, 1.27.0-rc.3",false,not_affected,vulnerable_code_not_present
rancher/hardened-calico:v3.32.1-build20260722,rke2/v1.36.3,stdlib,v1.25.12,gobinary,CVE-2026-56862,HIGH,https://avd.aquasec.com/nvd/cve-2026-56862,opt/cni/bin/bridge,"1.25.13, 1.26.6, 1.27.0-rc.3",false,not_affected,vulnerable_code_not_present
rancher/hardened-calico:v3.32.1-build20260722,rke2/v1.36.3,stdlib,v1.25.12,gobinary,CVE-2026-56862,HIGH,https://avd.aquasec.com/nvd/cve-2026-56862,opt/cni/bin/calico,"1.25.13, 1.26.6, 1.27.0-rc.3",false,not_affected,vulnerable_code_not_present
rancher/hardened-calico:v3.32.1-build20260722,rke2/v1.36.3,stdlib,v1.25.12,gobinary,CVE-2026-56862,HIGH,https://avd.aquasec.com/nvd/cve-2026-56862,opt/cni/bin/calico-ipam,"1.25.13, 1.26.6, 1.27.0-rc.3",false,not_affected,vulnerable_code_not_present
rancher/hardened-calico:v3.32.1-build20260722,rke2/v1.36.3,stdlib,v1.25.12,gobinary,CVE-2026-56862,HIGH,https://avd.aquasec.com/nvd/cve-2026-56862,opt/cni/bin/dhcp,"1.25.13, 1.26.6, 1.27.0-rc.3",false,not_affected,vulnerable_code_not_present
rancher/hardened-calico:v3.32.1-build20260722,rke2/v1.36.3,stdlib,v1.25.12,gobinary,CVE-2026-56862,HIGH,https://avd.aquasec.com/nvd/cve-2026-56862,opt/cni/bin/dummy,"1.25.13, 1.26.6, 1.27.0-rc.3",false,not_affected,vulnerable_code_not_present
rancher/hardened-calico:v3.32.1-build20260722,rke2/v1.36.3,stdlib,v1.25.12,gobinary,CVE-2026-56862,HIGH,https://avd.aquasec.com/nvd/cve-2026-56862,opt/cni/bin/firewall,"1.25.13, 1.26.6, 1.27.0-rc.3",false,not_affected,vulnerable_code_not_present
rancher/hardened-calico:v3.32.1-build20260722,rke2/v1.36.3,stdlib,v1.25.12,gobinary,CVE-2026-56862,HIGH,https://avd.aquasec.com/nvd/cve-2026-56862,opt/cni/bin/flannel,"1.25.13, 1.26.6, 1.27.0-rc.3",false,not_affected,vulnerable_code_not_present
rancher/hardened-calico:v3.32.1-build20260722,rke2/v1.36.3,stdlib,v1.25.12,gobinary,CVE-2026-56862,HIGH,https://avd.aquasec.com/nvd/cve-2026-56862,opt/cni/bin/host-device,"1.25.13, 1.26.6, 1.27.0-rc.3",false,not_affected,vulnerable_code_not_present
rancher/hardened-calico:v3.32.1-build20260722,rke2/v1.36.3,stdlib,v1.25.12,gobinary,CVE-2026-56862,HIGH,https://avd.aquasec.com/nvd/cve-2026-56862,opt/cni/bin/host-local,"1.25.13, 1.26.6, 1.27.0-rc.3",false,not_affected,vulnerable_code_not_present
rancher/hardened-calico:v3.32.1-build20260722,rke2/v1.36.3,stdlib,v1.25.12,gobinary,CVE-2026-56862,HIGH,https://avd.aquasec.com/nvd/cve-2026-56862,opt/cni/bin/install,"1.25.13, 1.26.6, 1.27.0-rc.3",false,not_affected,vulnerable_code_not_present
rancher/hardened-calico:v3.32.1-build20260722,rke2/v1.36.3,stdlib,v1.25.12,gobinary,CVE-2026-56862,HIGH,https://avd.aquasec.com/nvd/cve-2026-56862,opt/cni/bin/ipvlan,"1.25.13, 1.26.6, 1.27.0-rc.3",false,not_affected,vulnerable_code_not_present
rancher/hardened-calico:v3.32.1-build20260722,rke2/v1.36.3,stdlib,v1.25.12,gobinary,CVE-2026-56862,HIGH,https://avd.aquasec.com/nvd/cve-2026-56862,opt/cni/bin/loopback,"1.25.13, 1.26.6, 1.27.0-rc.3",false,not_affected,vulnerable_code_not_present
rancher/hardened-calico:v3.32.1-build20260722,rke2/v1.36.3,stdlib,v1.25.12,gobinary,CVE-2026-56862,HIGH,https://avd.aquasec.com/nvd/cve-2026-56862,opt/cni/bin/macvlan,"1.25.13, 1.26.6, 1.27.0-rc.3",false,not_affected,vulnerable_code_not_present
rancher/hardened-calico:v3.32.1-build20260722,rke2/v1.36.3,stdlib,v1.25.12,gobinary,CVE-2026-56862,HIGH,https://avd.aquasec.com/nvd/cve-2026-56862,opt/cni/bin/portmap,"1.25.13, 1.26.6, 1.27.0-rc.3",false,not_affected,vulnerable_code_not_present
rancher/hardened-calico:v3.32.1-build20260722,rke2/v1.36.3,stdlib,v1.25.12,gobinary,CVE-2026-56862,HIGH,https://avd.aquasec.com/nvd/cve-2026-56862,opt/cni/bin/ptp,"1.25.13, 1.26.6, 1.27.0-rc.3",false,not_affected,vulnerable_code_not_present
rancher/hardened-calico:v3.32.1-build20260722,rke2/v1.36.3,stdlib,v1.25.12,gobinary,CVE-2026-56862,HIGH,https://avd.aquasec.com/nvd/cve-2026-56862,opt/cni/bin/sbr,"1.25.13, 1.26.6, 1.27.0-rc.3",false,not_affected,vulnerable_code_not_present
rancher/hardened-calico:v3.32.1-build20260722,rke2/v1.36.3,stdlib,v1.25.12,gobinary,CVE-2026-56862,HIGH,https://avd.aquasec.com/nvd/cve-2026-56862,opt/cni/bin/static,"1.25.13, 1.26.6, 1.27.0-rc.3",false,not_affected,vulnerable_code_not_present
rancher/hardened-calico:v3.32.1-build20260722,rke2/v1.36.3,stdlib,v1.25.12,gobinary,CVE-2026-56862,HIGH,https://avd.aquasec.com/nvd/cve-2026-56862,opt/cni/bin/tap,"1.25.13, 1.26.6, 1.27.0-rc.3",false,not_affected,vulnerable_code_not_present
rancher/hardened-calico:v3.32.1-build20260722,rke2/v1.36.3,stdlib,v1.25.12,gobinary,CVE-2026-56862,HIGH,https://avd.aquasec.com/nvd/cve-2026-56862,opt/cni/bin/tuning,"1.25.13, 1.26.6, 1.27.0-rc.3",false,not_affected,vulnerable_code_not_present
rancher/hardened-calico:v3.32.1-build20260722,rke2/v1.36.3,stdlib,v1.25.12,gobinary,CVE-2026-56862,HIGH,https://avd.aquasec.com/nvd/cve-2026-56862,opt/cni/bin/vlan,"1.25.13, 1.26.6, 1.27.0-rc.3",false,not_affected,vulnerable_code_not_present
rancher/hardened-calico:v3.32.1-build20260722,rke2/v1.36.3,stdlib,v1.25.12,gobinary,CVE-2026-56862,HIGH,https://avd.aquasec.com/nvd/cve-2026-56862,opt/cni/bin/vrf,"1.25.13, 1.26.6, 1.27.0-rc.3",false,not_affected,vulnerable_code_not_present
rancher/hardened-calico:v3.32.1-build20260722,rke2/v1.36.3,stdlib,v1.25.12,gobinary,CVE-2026-56862,HIGH,https://avd.aquasec.com/nvd/cve-2026-56862,usr/bin/calico-node,"1.25.13, 1.26.6, 1.27.0-rc.3",false,not_affected,vulnerable_code_not_present
rancher/hardened-calico:v3.32.1-build20260722,rke2/v1.36.3,stdlib,v1.25.12,gobinary,CVE-2026-56862,HIGH,https://avd.aquasec.com/nvd/cve-2026-56862,usr/bin/check-status,"1.25.13, 1.26.6, 1.27.0-rc.3",false,not_affected,vulnerable_code_not_present
rancher/hardened-calico:v3.32.1-build20260722,rke2/v1.36.3,stdlib,v1.25.12,gobinary,CVE-2026-56862,HIGH,https://avd.aquasec.com/nvd/cve-2026-56862,usr/bin/kube-controllers,"1.25.13, 1.26.6, 1.27.0-rc.3",false,not_affected,vulnerable_code_not_present
rancher/hardened-calico:v3.32.1-build20260722,rke2/v1.36.3,stdlib,v1.25.12,gobinary,CVE-2026-56862,HIGH,https://avd.aquasec.com/nvd/cve-2026-56862,usr/local/bin/flexvol/flexvoldriver,"1.25.13, 1.26.6, 1.27.0-rc.3",false,not_affected,vulnerable_code_not_present
rancher/hardened-calico:v3.32.1-build20260722,rke2/v1.36.3,libudev1,254.27-150600.4.62.1,sles,SUSE-SU-2026:3244-1,MEDIUM,,rancher/hardened-calico:v3.32.1-build20260722 (sles 15.7),254.27-150600.4.71.2,false,not_affected,vulnerable_code_not_in_execute_path
rancher/hardened-calico:v3.32.1-build20260722,rke2/v1.36.3,systemd,254.27-150600.4.62.1,sles,SUSE-SU-2026:3244-1,MEDIUM,,rancher/hardened-calico:v3.32.1-build20260722 (sles 15.7),254.27-150600.4.71.2,false,not_affected,vulnerable_code_not_in_execute_path
rancher/hardened-calico:v3.32.1-build20260722,rke2/v1.36.3,udev,254.27-150600.4.62.1,sles,SUSE-SU-2026:3244-1,MEDIUM,,rancher/hardened-calico:v3.32.1-build20260722 (sles 15.7),254.27-150600.4.71.2,false,not_affected,vulnerable_code_not_in_execute_path
rancher/hardened-calico:v3.32.1-build20260722,rke2/v1.36.3,gzip,1.10-150200.10.1,sles,SUSE-SU-2026:3269-1,HIGH,,rancher/hardened-calico:v3.32.1-build20260722 (sles 15.7),1.10-150200.13.1,false,not_affected,vulnerable_code_not_in_execute_path
rancher/hardened-calico:v3.32.1-build20260722,rke2/v1.36.3,libssh-config,0.9.8-150600.11.12.1,sles,SUSE-SU-2026:3330-1,MEDIUM,,rancher/hardened-calico:v3.32.1-build20260722 (sles 15.7),0.9.8-150600.11.15.1,false,not_affected,vulnerable_code_not_in_execute_path
rancher/hardened-calico:v3.32.1-build20260722,rke2/v1.36.3,libglib-2_0-0,2.78.6-150600.4.35.1,sles,SUSE-SU-2026:3341-1,HIGH,,rancher/hardened-calico:v3.32.1-build20260722 (sles 15.7),2.78.6-150600.4.38.1,false,not_affected,vulnerable_code_not_in_execute_path
rancher/hardened-calico:v3.32.1-build20260722,rke2/v1.36.3,perl-base,5.26.1-150300.17.20.1,sles,SUSE-SU-2026:3558-1,HIGH,,rancher/hardened-calico:v3.32.1-build20260722 (sles 15.7),5.26.1-150300.17.23.1,false,not_affected,vulnerable_code_not_in_execute_path
rancher/hardened-calico:v3.32.1-build20260722,rke2/v1.36.3,gzip,1.10-150200.10.1,sles,SUSE-SU-2026:3592-1,MEDIUM,,rancher/hardened-calico:v3.32.1-build20260722 (sles 15.7),1.10-150200.16.1,false,not_affected,vulnerable_code_not_in_execute_path
rancher/hardened-calico:v3.32.1-build20260722,rke2/v1.36.3,rpm-ndb,4.14.3-150400.59.16.1,sles,SUSE-SU-2026:3600-1,HIGH,,rancher/hardened-calico:v3.32.1-build20260722 (sles 15.7),4.14.3-150400.59.19.1,false,affected,
rancher/hardened-cluster-autoscaler:v1.10.3-build20260717,rke2/v1.36.3,stdlib,v1.25.12,gobinary,CVE-2026-33818,HIGH,https://avd.aquasec.com/nvd/cve-2026-33818,cluster-proportional-autoscaler,"1.25.13, 1.26.6, 1.27.0-rc.3",false,affected,
rancher/hardened-cluster-autoscaler:v1.10.3-build20260717,rke2/v1.36.3,stdlib,v1.25.12,gobinary,CVE-2026-39821,HIGH,https://avd.aquasec.com/nvd/cve-2026-39821,cluster-proportional-autoscaler,"1.25.13, 1.26.6, 1.27.0-rc.3",false,affected,
rancher/hardened-cluster-autoscaler:v1.10.3-build20260717,rke2/v1.36.3,stdlib,v1.25.12,gobinary,CVE-2026-56853,HIGH,https://avd.aquasec.com/nvd/cve-2026-56853,cluster-proportional-autoscaler,"1.25.13, 1.26.6, 1.27.0-rc.3",false,affected,
rancher/hardened-cluster-autoscaler:v1.10.3-build20260717,rke2/v1.36.3,stdlib,v1.25.12,gobinary,CVE-2026-56858,HIGH,https://avd.aquasec.com/nvd/cve-2026-56858,cluster-proportional-autoscaler,"1.25.13, 1.26.6, 1.27.0-rc.3",false,not_affected,vulnerable_code_not_present
rancher/hardened-cluster-autoscaler:v1.10.3-build20260717,rke2/v1.36.3,stdlib,v1.25.12,gobinary,CVE-2026-56859,HIGH,https://avd.aquasec.com/nvd/cve-2026-56859,cluster-proportional-autoscaler,"1.25.13, 1.26.6, 1.27.0-rc.3",false,affected,
rancher/hardened-cluster-autoscaler:v1.10.3-build20260717,rke2/v1.36.3,stdlib,v1.25.12,gobinary,CVE-2026-56862,HIGH,https://avd.aquasec.com/nvd/cve-2026-56862,cluster-proportional-autoscaler,"1.25.13, 1.26.6, 1.27.0-rc.3",false,affected,
rancher/hardened-coredns:v1.14.6-build20260722,rke2/v1.36.3,stdlib,v1.25.12,gobinary,CVE-2026-33818,HIGH,https://avd.aquasec.com/nvd/cve-2026-33818,coredns,"1.25.13, 1.26.6, 1.27.0-rc.3",false,affected,
rancher/hardened-coredns:v1.14.6-build20260722,rke2/v1.36.3,stdlib,v1.25.12,gobinary,CVE-2026-39821,HIGH,https://avd.aquasec.com/nvd/cve-2026-39821,coredns,"1.25.13, 1.26.6, 1.27.0-rc.3",false,affected,
rancher/hardened-coredns:v1.14.6-build20260722,rke2/v1.36.3,stdlib,v1.25.12,gobinary,CVE-2026-56853,HIGH,https://avd.aquasec.com/nvd/cve-2026-56853,coredns,"1.25.13, 1.26.6, 1.27.0-rc.3",false,affected,
rancher/hardened-coredns:v1.14.6-build20260722,rke2/v1.36.3,stdlib,v1.25.12,gobinary,CVE-2026-56859,HIGH,https://avd.aquasec.com/nvd/cve-2026-56859,coredns,"1.25.13, 1.26.6, 1.27.0-rc.3",false,affected,
rancher/hardened-coredns:v1.14.6-build20260722,rke2/v1.36.3,stdlib,v1.25.12,gobinary,CVE-2026-56862,HIGH,https://avd.aquasec.com/nvd/cve-2026-56862,coredns,"1.25.13, 1.26.6, 1.27.0-rc.3",false,affected,
rancher/hardened-coredns:v1.14.6-build20260722,rke2/v1.36.3,golang.org/x/mod,v0.37.0,gobinary,CVE-2026-56864,HIGH,https://avd.aquasec.com/nvd/cve-2026-56864,coredns,0.40.0,false,not_affected,vulnerable_code_not_present
rancher/hardened-coredns:v1.14.6-build20260722,rke2/v1.36.3,golang.org/x/mod,v0.37.0,gobinary,CVE-2026-56865,HIGH,https://avd.aquasec.com/nvd/cve-2026-56865,coredns,0.40.0,false,not_affected,vulnerable_code_not_present
rancher/hardened-dns-node-cache:1.26.8-build20260722,rke2/v1.36.3,stdlib,v1.25.12,gobinary,CVE-2026-33818,HIGH,https://avd.aquasec.com/nvd/cve-2026-33818,node-cache,"1.25.13, 1.26.6, 1.27.0-rc.3",false,affected,
rancher/hardened-dns-node-cache:1.26.8-build20260722,rke2/v1.36.3,stdlib,v1.25.12,gobinary,CVE-2026-39821,HIGH,https://avd.aquasec.com/nvd/cve-2026-39821,node-cache,"1.25.13, 1.26.6, 1.27.0-rc.3",false,affected,
rancher/hardened-dns-node-cache:1.26.8-build20260722,rke2/v1.36.3,stdlib,v1.25.12,gobinary,CVE-2026-56853,HIGH,https://avd.aquasec.com/nvd/cve-2026-56853,node-cache,"1.25.13, 1.26.6, 1.27.0-rc.3",false,affected,
rancher/hardened-dns-node-cache:1.26.8-build20260722,rke2/v1.36.3,stdlib,v1.25.12,gobinary,CVE-2026-56859,HIGH,https://avd.aquasec.com/nvd/cve-2026-56859,node-cache,"1.25.13, 1.26.6, 1.27.0-rc.3",false,affected,
rancher/hardened-dns-node-cache:1.26.8-build20260722,rke2/v1.36.3,stdlib,v1.25.12,gobinary,CVE-2026-56862,HIGH,https://avd.aquasec.com/nvd/cve-2026-56862,node-cache,"1.25.13, 1.26.6, 1.27.0-rc.3",false,affected,
rancher/hardened-dns-node-cache:1.26.8-build20260722,rke2/v1.36.3,golang.org/x/mod,v0.37.0,gobinary,CVE-2026-56864,HIGH,https://avd.aquasec.com/nvd/cve-2026-56864,node-cache,0.40.0,false,not_affected,vulnerable_code_not_present
rancher/hardened-dns-node-cache:1.26.8-build20260722,rke2/v1.36.3,golang.org/x/mod,v0.37.0,gobinary,CVE-2026-56865,HIGH,https://avd.aquasec.com/nvd/cve-2026-56865,node-cache,0.40.0,false,not_affected,vulnerable_code_not_present
rancher/hardened-etcd:v3.6.14-k3s1-build20260723,rke2/v1.36.3,stdlib,v1.25.12,gobinary,CVE-2026-33818,HIGH,https://avd.aquasec.com/nvd/cve-2026-33818,usr/local/bin/etcd,"1.25.13, 1.26.6, 1.27.0-rc.3",false,affected,
rancher/hardened-etcd:v3.6.14-k3s1-build20260723,rke2/v1.36.3,stdlib,v1.25.12,gobinary,CVE-2026-33818,HIGH,https://avd.aquasec.com/nvd/cve-2026-33818,usr/local/bin/etcdctl,"1.25.13, 1.26.6, 1.27.0-rc.3",false,affected,
rancher/hardened-etcd:v3.6.14-k3s1-build20260723,rke2/v1.36.3,stdlib,v1.25.12,gobinary,CVE-2026-39821,HIGH,https://avd.aquasec.com/nvd/cve-2026-39821,usr/local/bin/etcd,"1.25.13, 1.26.6, 1.27.0-rc.3",false,affected,
rancher/hardened-etcd:v3.6.14-k3s1-build20260723,rke2/v1.36.3,stdlib,v1.25.12,gobinary,CVE-2026-39821,HIGH,https://avd.aquasec.com/nvd/cve-2026-39821,usr/local/bin/etcdctl,"1.25.13, 1.26.6, 1.27.0-rc.3",false,affected,
rancher/hardened-etcd:v3.6.14-k3s1-build20260723,rke2/v1.36.3,golang.org/x/net,v0.55.0,gobinary,CVE-2026-46600,HIGH,https://avd.aquasec.com/nvd/cve-2026-46600,usr/local/bin/etcd,0.56.0,false,not_affected,vulnerable_code_not_present
rancher/hardened-etcd:v3.6.14-k3s1-build20260723,rke2/v1.36.3,golang.org/x/net,v0.55.0,gobinary,CVE-2026-46600,HIGH,https://avd.aquasec.com/nvd/cve-2026-46600,usr/local/bin/etcdctl,0.56.0,false,not_affected,vulnerable_code_not_present
rancher/hardened-etcd:v3.6.14-k3s1-build20260723,rke2/v1.36.3,golang.org/x/text,v0.37.0,gobinary,CVE-2026-56852,HIGH,https://avd.aquasec.com/nvd/cve-2026-56852,usr/local/bin/etcd,0.39.0,false,not_affected,vulnerable_code_not_in_execute_path
rancher/hardened-etcd:v3.6.14-k3s1-build20260723,rke2/v1.36.3,golang.org/x/text,v0.37.0,gobinary,CVE-2026-56852,HIGH,https://avd.aquasec.com/nvd/cve-2026-56852,usr/local/bin/etcdctl,0.39.0,false,not_affected,vulnerable_code_not_in_execute_path
rancher/hardened-etcd:v3.6.14-k3s1-build20260723,rke2/v1.36.3,stdlib,v1.25.12,gobinary,CVE-2026-56853,HIGH,https://avd.aquasec.com/nvd/cve-2026-56853,usr/local/bin/etcd,"1.25.13, 1.26.6, 1.27.0-rc.3",false,affected,
rancher/hardened-etcd:v3.6.14-k3s1-build20260723,rke2/v1.36.3,stdlib,v1.25.12,gobinary,CVE-2026-56853,HIGH,https://avd.aquasec.com/nvd/cve-2026-56853,usr/local/bin/etcdctl,"1.25.13, 1.26.6, 1.27.0-rc.3",false,not_affected,vulnerable_code_not_in_execute_path
rancher/hardened-etcd:v3.6.14-k3s1-build20260723,rke2/v1.36.3,stdlib,v1.25.12,gobinary,CVE-2026-56858,HIGH,https://avd.aquasec.com/nvd/cve-2026-56858,usr/local/bin/etcdctl,"1.25.13, 1.26.6, 1.27.0-rc.3",false,not_affected,vulnerable_code_not_in_execute_path
rancher/hardened-etcd:v3.6.14-k3s1-build20260723,rke2/v1.36.3,stdlib,v1.25.12,gobinary,CVE-2026-56859,HIGH,https://avd.aquasec.com/nvd/cve-2026-56859,usr/local/bin/etcd,"1.25.13, 1.26.6, 1.27.0-rc.3",false,not_affected,vulnerable_code_not_present
rancher/hardened-etcd:v3.6.14-k3s1-build20260723,rke2/v1.36.3,stdlib,v1.25.12,gobinary,CVE-2026-56859,HIGH,https://avd.aquasec.com/nvd/cve-2026-56859,usr/local/bin/etcdctl,"1.25.13, 1.26.6, 1.27.0-rc.3",false,not_affected,vulnerable_code_not_present
rancher/hardened-etcd:v3.6.14-k3s1-build20260723,rke2/v1.36.3,stdlib,v1.25.12,gobinary,CVE-2026-56862,HIGH,https://avd.aquasec.com/nvd/cve-2026-56862,usr/local/bin/etcd,"1.25.13, 1.26.6, 1.27.0-rc.3",false,affected,
rancher/hardened-etcd:v3.6.14-k3s1-build20260723,rke2/v1.36.3,stdlib,v1.25.12,gobinary,CVE-2026-56862,HIGH,https://avd.aquasec.com/nvd/cve-2026-56862,usr/local/bin/etcdctl,"1.25.13, 1.26.6, 1.27.0-rc.3",false,affected,
rancher/hardened-flannel:v0.28.8-build20260722,rke2/v1.36.3,stdlib,v1.25.12,gobinary,CVE-2026-33818,HIGH,https://avd.aquasec.com/nvd/cve-2026-33818,opt/bin/flanneld,"1.25.13, 1.26.6, 1.27.0-rc.3",false,not_affected,vulnerable_code_not_present
rancher/hardened-flannel:v0.28.8-build20260722,rke2/v1.36.3,stdlib,v1.25.12,gobinary,CVE-2026-33818,HIGH,https://avd.aquasec.com/nvd/cve-2026-33818,opt/bin/install-conf,"1.25.13, 1.26.6, 1.27.0-rc.3",false,not_affected,vulnerable_code_not_present
rancher/hardened-flannel:v0.28.8-build20260722,rke2/v1.36.3,stdlib,v1.25.12,gobinary,CVE-2026-39821,HIGH,https://avd.aquasec.com/nvd/cve-2026-39821,opt/bin/flanneld,"1.25.13, 1.26.6, 1.27.0-rc.3",false,not_affected,vulnerable_code_not_present
rancher/hardened-flannel:v0.28.8-build20260722,rke2/v1.36.3,stdlib,v1.25.12,gobinary,CVE-2026-39821,HIGH,https://avd.aquasec.com/nvd/cve-2026-39821,opt/bin/install-conf,"1.25.13, 1.26.6, 1.27.0-rc.3",false,not_affected,vulnerable_code_not_present
rancher/hardened-flannel:v0.28.8-build20260722,rke2/v1.36.3,stdlib,v1.25.12,gobinary,CVE-2026-56853,HIGH,https://avd.aquasec.com/nvd/cve-2026-56853,opt/bin/flanneld,"1.25.13, 1.26.6, 1.27.0-rc.3",false,not_affected,vulnerable_code_not_present
rancher/hardened-flannel:v0.28.8-build20260722,rke2/v1.36.3,stdlib,v1.25.12,gobinary,CVE-2026-56853,HIGH,https://avd.aquasec.com/nvd/cve-2026-56853,opt/bin/install-conf,"1.25.13, 1.26.6, 1.27.0-rc.3",false,not_affected,vulnerable_code_not_present
rancher/hardened-flannel:v0.28.8-build20260722,rke2/v1.36.3,stdlib,v1.25.12,gobinary,CVE-2026-56858,HIGH,https://avd.aquasec.com/nvd/cve-2026-56858,opt/bin/flanneld,"1.25.13, 1.26.6, 1.27.0-rc.3",false,not_affected,vulnerable_code_not_present
rancher/hardened-flannel:v0.28.8-build20260722,rke2/v1.36.3,stdlib,v1.25.12,gobinary,CVE-2026-56858,HIGH,https://avd.aquasec.com/nvd/cve-2026-56858,opt/bin/install-conf,"1.25.13, 1.26.6, 1.27.0-rc.3",false,not_affected,vulnerable_code_not_present
rancher/hardened-flannel:v0.28.8-build20260722,rke2/v1.36.3,stdlib,v1.25.12,gobinary,CVE-2026-56859,HIGH,https://avd.aquasec.com/nvd/cve-2026-56859,opt/bin/flanneld,"1.25.13, 1.26.6, 1.27.0-rc.3",false,not_affected,vulnerable_code_not_present
rancher/hardened-flannel:v0.28.8-build20260722,rke2/v1.36.3,stdlib,v1.25.12,gobinary,CVE-2026-56859,HIGH,https://avd.aquasec.com/nvd/cve-2026-56859,opt/bin/install-conf,"1.25.13, 1.26.6, 1.27.0-rc.3",false,not_affected,vulnerable_code_not_present
rancher/hardened-flannel:v0.28.8-build20260722,rke2/v1.36.3,stdlib,v1.25.12,gobinary,CVE-2026-56860,HIGH,https://avd.aquasec.com/nvd/cve-2026-56860,opt/bin/flanneld,"1.25.13, 1.26.6, 1.27.0-rc.3",false,not_affected,vulnerable_code_not_present
rancher/hardened-flannel:v0.28.8-build20260722,rke2/v1.36.3,stdlib,v1.25.12,gobinary,CVE-2026-56860,HIGH,https://avd.aquasec.com/nvd/cve-2026-56860,opt/bin/install-conf,"1.25.13, 1.26.6, 1.27.0-rc.3",false,not_affected,vulnerable_code_not_present
rancher/hardened-flannel:v0.28.8-build20260722,rke2/v1.36.3,stdlib,v1.25.12,gobinary,CVE-2026-56862,HIGH,https://avd.aquasec.com/nvd/cve-2026-56862,opt/bin/flanneld,"1.25.13, 1.26.6, 1.27.0-rc.3",false,not_affected,vulnerable_code_not_present
rancher/hardened-flannel:v0.28.8-build20260722,rke2/v1.36.3,stdlib,v1.25.12,gobinary,CVE-2026-56862,HIGH,https://avd.aquasec.com/nvd/cve-2026-56862,opt/bin/install-conf,"1.25.13, 1.26.6, 1.27.0-rc.3",false,not_affected,vulnerable_code_not_present
rancher/hardened-k8s-metrics-server:v0.9.0-build20260722,rke2/v1.36.3,stdlib,v1.26.5,gobinary,CVE-2026-33818,HIGH,https://avd.aquasec.com/nvd/cve-2026-33818,metrics-server,"1.25.13, 1.26.6, 1.27.0-rc.3",false,affected,
rancher/hardened-k8s-metrics-server:v0.9.0-build20260722,rke2/v1.36.3,stdlib,v1.26.5,gobinary,CVE-2026-39821,HIGH,https://avd.aquasec.com/nvd/cve-2026-39821,metrics-server,"1.25.13, 1.26.6, 1.27.0-rc.3",false,affected,
rancher/hardened-k8s-metrics-server:v0.9.0-build20260722,rke2/v1.36.3,stdlib,v1.26.5,gobinary,CVE-2026-46600,HIGH,https://avd.aquasec.com/nvd/cve-2026-46600,metrics-server,"1.26.6, 1.27.0-rc.3",false,not_affected,vulnerable_code_not_in_execute_path
rancher/hardened-k8s-metrics-server:v0.9.0-build20260722,rke2/v1.36.3,stdlib,v1.26.5,gobinary,CVE-2026-56853,HIGH,https://avd.aquasec.com/nvd/cve-2026-56853,metrics-server,"1.25.13, 1.26.6, 1.27.0-rc.3",false,affected,
rancher/hardened-k8s-metrics-server:v0.9.0-build20260722,rke2/v1.36.3,stdlib,v1.26.5,gobinary,CVE-2026-56859,HIGH,https://avd.aquasec.com/nvd/cve-2026-56859,metrics-server,"1.25.13, 1.26.6, 1.27.0-rc.3",false,not_affected,vulnerable_code_not_in_execute_path
rancher/hardened-k8s-metrics-server:v0.9.0-build20260722,rke2/v1.36.3,stdlib,v1.26.5,gobinary,CVE-2026-56862,HIGH,https://avd.aquasec.com/nvd/cve-2026-56862,metrics-server,"1.25.13, 1.26.6, 1.27.0-rc.3",false,affected,
rancher/hardened-kubernetes:v1.36.3-rke2r1-build20260723,rke2/v1.36.3,stdlib,v1.26.5,gobinary,CVE-2026-33818,HIGH,https://avd.aquasec.com/nvd/cve-2026-33818,usr/local/bin/kube-apiserver,"1.25.13, 1.26.6, 1.27.0-rc.3",false,affected,
rancher/hardened-kubernetes:v1.36.3-rke2r1-build20260723,rke2/v1.36.3,stdlib,v1.26.5,gobinary,CVE-2026-33818,HIGH,https://avd.aquasec.com/nvd/cve-2026-33818,usr/local/bin/kube-controller-manager,"1.25.13, 1.26.6, 1.27.0-rc.3",false,affected,
rancher/hardened-kubernetes:v1.36.3-rke2r1-build20260723,rke2/v1.36.3,stdlib,v1.26.5,gobinary,CVE-2026-33818,HIGH,https://avd.aquasec.com/nvd/cve-2026-33818,usr/local/bin/kube-proxy,"1.25.13, 1.26.6, 1.27.0-rc.3",false,affected,
rancher/hardened-kubernetes:v1.36.3-rke2r1-build20260723,rke2/v1.36.3,stdlib,v1.26.5,gobinary,CVE-2026-33818,HIGH,https://avd.aquasec.com/nvd/cve-2026-33818,usr/local/bin/kube-scheduler,"1.25.13, 1.26.6, 1.27.0-rc.3",false,affected,
rancher/hardened-kubernetes:v1.36.3-rke2r1-build20260723,rke2/v1.36.3,stdlib,v1.26.5,gobinary,CVE-2026-33818,HIGH,https://avd.aquasec.com/nvd/cve-2026-33818,usr/local/bin/kubectl,"1.25.13, 1.26.6, 1.27.0-rc.3",false,affected,
rancher/hardened-kubernetes:v1.36.3-rke2r1-build20260723,rke2/v1.36.3,stdlib,v1.26.5,gobinary,CVE-2026-33818,HIGH,https://avd.aquasec.com/nvd/cve-2026-33818,usr/local/bin/kubelet,"1.25.13, 1.26.6, 1.27.0-rc.3",false,affected,
rancher/hardened-kubernetes:v1.36.3-rke2r1-build20260723,rke2/v1.36.3,stdlib,v1.26.5,gobinary,CVE-2026-39821,HIGH,https://avd.aquasec.com/nvd/cve-2026-39821,usr/local/bin/kube-apiserver,"1.25.13, 1.26.6, 1.27.0-rc.3",false,affected,
rancher/hardened-kubernetes:v1.36.3-rke2r1-build20260723,rke2/v1.36.3,stdlib,v1.26.5,gobinary,CVE-2026-39821,HIGH,https://avd.aquasec.com/nvd/cve-2026-39821,usr/local/bin/kube-controller-manager,"1.25.13, 1.26.6, 1.27.0-rc.3",false,affected,
rancher/hardened-kubernetes:v1.36.3-rke2r1-build20260723,rke2/v1.36.3,stdlib,v1.26.5,gobinary,CVE-2026-39821,HIGH,https://avd.aquasec.com/nvd/cve-2026-39821,usr/local/bin/kube-proxy,"1.25.13, 1.26.6, 1.27.0-rc.3",false,affected,
rancher/hardened-kubernetes:v1.36.3-rke2r1-build20260723,rke2/v1.36.3,stdlib,v1.26.5,gobinary,CVE-2026-39821,HIGH,https://avd.aquasec.com/nvd/cve-2026-39821,usr/local/bin/kube-scheduler,"1.25.13, 1.26.6, 1.27.0-rc.3",false,affected,
rancher/hardened-kubernetes:v1.36.3-rke2r1-build20260723,rke2/v1.36.3,stdlib,v1.26.5,gobinary,CVE-2026-39821,HIGH,https://avd.aquasec.com/nvd/cve-2026-39821,usr/local/bin/kubectl,"1.25.13, 1.26.6, 1.27.0-rc.3",false,affected,
rancher/hardened-kubernetes:v1.36.3-rke2r1-build20260723,rke2/v1.36.3,stdlib,v1.26.5,gobinary,CVE-2026-39821,HIGH,https://avd.aquasec.com/nvd/cve-2026-39821,usr/local/bin/kubelet,"1.25.13, 1.26.6, 1.27.0-rc.3",false,affected,
rancher/hardened-kubernetes:v1.36.3-rke2r1-build20260723,rke2/v1.36.3,stdlib,v1.26.5,gobinary,CVE-2026-46600,HIGH,https://avd.aquasec.com/nvd/cve-2026-46600,usr/local/bin/kube-apiserver,"1.26.6, 1.27.0-rc.3",false,not_affected,vulnerable_code_not_in_execute_path
rancher/hardened-kubernetes:v1.36.3-rke2r1-build20260723,rke2/v1.36.3,stdlib,v1.26.5,gobinary,CVE-2026-46600,HIGH,https://avd.aquasec.com/nvd/cve-2026-46600,usr/local/bin/kube-controller-manager,"1.26.6, 1.27.0-rc.3",false,not_affected,vulnerable_code_not_in_execute_path
rancher/hardened-kubernetes:v1.36.3-rke2r1-build20260723,rke2/v1.36.3,stdlib,v1.26.5,gobinary,CVE-2026-46600,HIGH,https://avd.aquasec.com/nvd/cve-2026-46600,usr/local/bin/kube-proxy,"1.26.6, 1.27.0-rc.3",false,not_affected,vulnerable_code_not_in_execute_path
rancher/hardened-kubernetes:v1.36.3-rke2r1-build20260723,rke2/v1.36.3,stdlib,v1.26.5,gobinary,CVE-2026-46600,HIGH,https://avd.aquasec.com/nvd/cve-2026-46600,usr/local/bin/kube-scheduler,"1.26.6, 1.27.0-rc.3",false,not_affected,vulnerable_code_not_in_execute_path
rancher/hardened-kubernetes:v1.36.3-rke2r1-build20260723,rke2/v1.36.3,stdlib,v1.26.5,gobinary,CVE-2026-46600,HIGH,https://avd.aquasec.com/nvd/cve-2026-46600,usr/local/bin/kubectl,"1.26.6, 1.27.0-rc.3",false,not_affected,vulnerable_code_not_in_execute_path
rancher/hardened-kubernetes:v1.36.3-rke2r1-build20260723,rke2/v1.36.3,stdlib,v1.26.5,gobinary,CVE-2026-46600,HIGH,https://avd.aquasec.com/nvd/cve-2026-46600,usr/local/bin/kubelet,"1.26.6, 1.27.0-rc.3",false,not_affected,vulnerable_code_not_in_execute_path
rancher/hardened-kubernetes:v1.36.3-rke2r1-build20260723,rke2/v1.36.3,golang.org/x/text,v0.38.0,gobinary,CVE-2026-56852,HIGH,https://avd.aquasec.com/nvd/cve-2026-56852,usr/local/bin/kube-apiserver,0.39.0,false,not_affected,vulnerable_code_not_in_execute_path
rancher/hardened-kubernetes:v1.36.3-rke2r1-build20260723,rke2/v1.36.3,golang.org/x/text,v0.38.0,gobinary,CVE-2026-56852,HIGH,https://avd.aquasec.com/nvd/cve-2026-56852,usr/local/bin/kube-controller-manager,0.39.0,false,not_affected,vulnerable_code_not_in_execute_path
rancher/hardened-kubernetes:v1.36.3-rke2r1-build20260723,rke2/v1.36.3,golang.org/x/text,v0.38.0,gobinary,CVE-2026-56852,HIGH,https://avd.aquasec.com/nvd/cve-2026-56852,usr/local/bin/kube-proxy,0.39.0,false,not_affected,vulnerable_code_not_in_execute_path
rancher/hardened-kubernetes:v1.36.3-rke2r1-build20260723,rke2/v1.36.3,golang.org/x/text,v0.38.0,gobinary,CVE-2026-56852,HIGH,https://avd.aquasec.com/nvd/cve-2026-56852,usr/local/bin/kube-scheduler,0.39.0,false,not_affected,vulnerable_code_not_in_execute_path
rancher/hardened-kubernetes:v1.36.3-rke2r1-build20260723,rke2/v1.36.3,golang.org/x/text,v0.38.0,gobinary,CVE-2026-56852,HIGH,https://avd.aquasec.com/nvd/cve-2026-56852,usr/local/bin/kubectl,0.39.0,false,not_affected,vulnerable_code_not_in_execute_path
rancher/hardened-kubernetes:v1.36.3-rke2r1-build20260723,rke2/v1.36.3,golang.org/x/text,v0.38.0,gobinary,CVE-2026-56852,HIGH,https://avd.aquasec.com/nvd/cve-2026-56852,usr/local/bin/kubelet,0.39.0,false,not_affected,vulnerable_code_not_in_execute_path
rancher/hardened-kubernetes:v1.36.3-rke2r1-build20260723,rke2/v1.36.3,stdlib,v1.26.5,gobinary,CVE-2026-56853,HIGH,https://avd.aquasec.com/nvd/cve-2026-56853,usr/local/bin/kube-apiserver,"1.25.13, 1.26.6, 1.27.0-rc.3",false,affected,
rancher/hardened-kubernetes:v1.36.3-rke2r1-build20260723,rke2/v1.36.3,stdlib,v1.26.5,gobinary,CVE-2026-56853,HIGH,https://avd.aquasec.com/nvd/cve-2026-56853,usr/local/bin/kube-controller-manager,"1.25.13, 1.26.6, 1.27.0-rc.3",false,affected,
rancher/hardened-kubernetes:v1.36.3-rke2r1-build20260723,rke2/v1.36.3,stdlib,v1.26.5,gobinary,CVE-2026-56853,HIGH,https://avd.aquasec.com/nvd/cve-2026-56853,usr/local/bin/kube-proxy,"1.25.13, 1.26.6, 1.27.0-rc.3",false,affected,
rancher/hardened-kubernetes:v1.36.3-rke2r1-build20260723,rke2/v1.36.3,stdlib,v1.26.5,gobinary,CVE-2026-56853,HIGH,https://avd.aquasec.com/nvd/cve-2026-56853,usr/local/bin/kube-scheduler,"1.25.13, 1.26.6, 1.27.0-rc.3",false,affected,
rancher/hardened-kubernetes:v1.36.3-rke2r1-build20260723,rke2/v1.36.3,stdlib,v1.26.5,gobinary,CVE-2026-56853,HIGH,https://avd.aquasec.com/nvd/cve-2026-56853,usr/local/bin/kubectl,"1.25.13, 1.26.6, 1.27.0-rc.3",false,affected,
rancher/hardened-kubernetes:v1.36.3-rke2r1-build20260723,rke2/v1.36.3,stdlib,v1.26.5,gobinary,CVE-2026-56853,HIGH,https://avd.aquasec.com/nvd/cve-2026-56853,usr/local/bin/kubelet,"1.25.13, 1.26.6, 1.27.0-rc.3",false,affected,
rancher/hardened-kubernetes:v1.36.3-rke2r1-build20260723,rke2/v1.36.3,stdlib,v1.26.5,gobinary,CVE-2026-56859,HIGH,https://avd.aquasec.com/nvd/cve-2026-56859,usr/local/bin/kube-apiserver,"1.25.13, 1.26.6, 1.27.0-rc.3",false,affected,
rancher/hardened-kubernetes:v1.36.3-rke2r1-build20260723,rke2/v1.36.3,stdlib,v1.26.5,gobinary,CVE-2026-56859,HIGH,https://avd.aquasec.com/nvd/cve-2026-56859,usr/local/bin/kube-controller-manager,"1.25.13, 1.26.6, 1.27.0-rc.3",false,affected,
rancher/hardened-kubernetes:v1.36.3-rke2r1-build20260723,rke2/v1.36.3,stdlib,v1.26.5,gobinary,CVE-2026-56859,HIGH,https://avd.aquasec.com/nvd/cve-2026-56859,usr/local/bin/kube-proxy,"1.25.13, 1.26.6, 1.27.0-rc.3",false,affected,
rancher/hardened-kubernetes:v1.36.3-rke2r1-build20260723,rke2/v1.36.3,stdlib,v1.26.5,gobinary,CVE-2026-56859,HIGH,https://avd.aquasec.com/nvd/cve-2026-56859,usr/local/bin/kube-scheduler,"1.25.13, 1.26.6, 1.27.0-rc.3",false,affected,
rancher/hardened-kubernetes:v1.36.3-rke2r1-build20260723,rke2/v1.36.3,stdlib,v1.26.5,gobinary,CVE-2026-56859,HIGH,https://avd.aquasec.com/nvd/cve-2026-56859,usr/local/bin/kubectl,"1.25.13, 1.26.6, 1.27.0-rc.3",false,affected,
rancher/hardened-kubernetes:v1.36.3-rke2r1-build20260723,rke2/v1.36.3,stdlib,v1.26.5,gobinary,CVE-2026-56859,HIGH,https://avd.aquasec.com/nvd/cve-2026-56859,usr/local/bin/kubelet,"1.25.13, 1.26.6, 1.27.0-rc.3",false,affected,
rancher/hardened-kubernetes:v1.36.3-rke2r1-build20260723,rke2/v1.36.3,stdlib,v1.26.5,gobinary,CVE-2026-56862,HIGH,https://avd.aquasec.com/nvd/cve-2026-56862,usr/local/bin/kube-apiserver,"1.25.13, 1.26.6, 1.27.0-rc.3",false,affected,
rancher/hardened-kubernetes:v1.36.3-rke2r1-build20260723,rke2/v1.36.3,stdlib,v1.26.5,gobinary,CVE-2026-56862,HIGH,https://avd.aquasec.com/nvd/cve-2026-56862,usr/local/bin/kube-controller-manager,"1.25.13, 1.26.6, 1.27.0-rc.3",false,affected,
rancher/hardened-kubernetes:v1.36.3-rke2r1-build20260723,rke2/v1.36.3,stdlib,v1.26.5,gobinary,CVE-2026-56862,HIGH,https://avd.aquasec.com/nvd/cve-2026-56862,usr/local/bin/kube-proxy,"1.25.13, 1.26.6, 1.27.0-rc.3",false,affected,
rancher/hardened-kubernetes:v1.36.3-rke2r1-build20260723,rke2/v1.36.3,stdlib,v1.26.5,gobinary,CVE-2026-56862,HIGH,https://avd.aquasec.com/nvd/cve-2026-56862,usr/local/bin/kube-scheduler,"1.25.13, 1.26.6, 1.27.0-rc.3",false,affected,
rancher/hardened-kubernetes:v1.36.3-rke2r1-build20260723,rke2/v1.36.3,stdlib,v1.26.5,gobinary,CVE-2026-56862,HIGH,https://avd.aquasec.com/nvd/cve-2026-56862,usr/local/bin/kubectl,"1.25.13, 1.26.6, 1.27.0-rc.3",false,affected,
rancher/hardened-kubernetes:v1.36.3-rke2r1-build20260723,rke2/v1.36.3,stdlib,v1.26.5,gobinary,CVE-2026-56862,HIGH,https://avd.aquasec.com/nvd/cve-2026-56862,usr/local/bin/kubelet,"1.25.13, 1.26.6, 1.27.0-rc.3",false,affected,
rancher/hardened-snapshot-controller:v8.6.0-build20260722,rke2/v1.36.3,stdlib,v1.26.5,gobinary,CVE-2026-33818,HIGH,https://avd.aquasec.com/nvd/cve-2026-33818,snapshot-controller,"1.25.13, 1.26.6, 1.27.0-rc.3",false,affected,
rancher/hardened-snapshot-controller:v8.6.0-build20260722,rke2/v1.36.3,stdlib,v1.26.5,gobinary,CVE-2026-39821,HIGH,https://avd.aquasec.com/nvd/cve-2026-39821,snapshot-controller,"1.25.13, 1.26.6, 1.27.0-rc.3",false,affected,
rancher/hardened-snapshot-controller:v8.6.0-build20260722,rke2/v1.36.3,golang.org/x/net,v0.55.0,gobinary,CVE-2026-46600,HIGH,https://avd.aquasec.com/nvd/cve-2026-46600,snapshot-controller,0.56.0,false,not_affected,vulnerable_code_not_present
rancher/hardened-snapshot-controller:v8.6.0-build20260722,rke2/v1.36.3,stdlib,v1.26.5,gobinary,CVE-2026-56853,HIGH,https://avd.aquasec.com/nvd/cve-2026-56853,snapshot-controller,"1.25.13, 1.26.6, 1.27.0-rc.3",false,affected,
rancher/hardened-snapshot-controller:v8.6.0-build20260722,rke2/v1.36.3,stdlib,v1.26.5,gobinary,CVE-2026-56859,HIGH,https://avd.aquasec.com/nvd/cve-2026-56859,snapshot-controller,"1.25.13, 1.26.6, 1.27.0-rc.3",false,affected,
rancher/hardened-snapshot-controller:v8.6.0-build20260722,rke2/v1.36.3,stdlib,v1.26.5,gobinary,CVE-2026-56862,HIGH,https://avd.aquasec.com/nvd/cve-2026-56862,snapshot-controller,"1.25.13, 1.26.6, 1.27.0-rc.3",false,affected,
rancher/hardened-traefik:v3.7.8-build20260717,rke2/v1.36.3,stdlib,v1.26.5,gobinary,CVE-2026-33818,HIGH,https://avd.aquasec.com/nvd/cve-2026-33818,traefik,"1.25.13, 1.26.6, 1.27.0-rc.3",false,affected,
rancher/hardened-traefik:v3.7.8-build20260717,rke2/v1.36.3,stdlib,v1.26.5,gobinary,CVE-2026-39821,HIGH,https://avd.aquasec.com/nvd/cve-2026-39821,traefik,"1.25.13, 1.26.6, 1.27.0-rc.3",false,affected,
rancher/hardened-traefik:v3.7.8-build20260717,rke2/v1.36.3,golang.org/x/net,v0.55.0,gobinary,CVE-2026-46600,HIGH,https://avd.aquasec.com/nvd/cve-2026-46600,traefik,0.56.0,false,not_affected,vulnerable_code_not_present
rancher/hardened-traefik:v3.7.8-build20260717,rke2/v1.36.3,stdlib,v1.26.5,gobinary,CVE-2026-46600,HIGH,https://avd.aquasec.com/nvd/cve-2026-46600,traefik,"1.26.6, 1.27.0-rc.3",false,not_affected,vulnerable_code_not_in_execute_path
rancher/hardened-traefik:v3.7.8-build20260717,rke2/v1.36.3,stdlib,v1.26.5,gobinary,CVE-2026-56853,HIGH,https://avd.aquasec.com/nvd/cve-2026-56853,traefik,"1.25.13, 1.26.6, 1.27.0-rc.3",false,affected,
rancher/hardened-traefik:v3.7.8-build20260717,rke2/v1.36.3,stdlib,v1.26.5,gobinary,CVE-2026-56859,HIGH,https://avd.aquasec.com/nvd/cve-2026-56859,traefik,"1.25.13, 1.26.6, 1.27.0-rc.3",false,affected,
rancher/hardened-traefik:v3.7.8-build20260717,rke2/v1.36.3,stdlib,v1.26.5,gobinary,CVE-2026-56862,HIGH,https://avd.aquasec.com/nvd/cve-2026-56862,traefik,"1.25.13, 1.26.6, 1.27.0-rc.3",false,affected,
rancher/hardened-traefik:v3.7.8-build20260717,rke2/v1.36.3,golang.org/x/mod,v0.36.0,gobinary,CVE-2026-56864,HIGH,https://avd.aquasec.com/nvd/cve-2026-56864,traefik,0.40.0,false,not_affected,vulnerable_code_not_present
rancher/hardened-traefik:v3.7.8-build20260717,rke2/v1.36.3,golang.org/x/mod,v0.36.0,gobinary,CVE-2026-56865,HIGH,https://avd.aquasec.com/nvd/cve-2026-56865,traefik,0.40.0,false,not_affected,vulnerable_code_not_present
rancher/hardened-traefik:v3.7.8-build20260717,rke2/v1.36.3,github.com/traefik/traefik/v3,v3.7.8,gobinary,CVE-2026-71324,HIGH,https://avd.aquasec.com/nvd/cve-2026-71324,traefik,"3.6.24, 3.7.9",false,affected,
rancher/hardened-traefik:v3.7.8-build20260717,rke2/v1.36.3,github.com/traefik/traefik/v3,v3.7.8,gobinary,CVE-2026-71327,HIGH,https://avd.aquasec.com/nvd/cve-2026-71327,traefik,"3.6.25, 3.7.10",false,affected,
rancher/hardened-traefik:v3.7.8-build20260717,rke2/v1.36.3,google.golang.org/grpc,v1.81.1,gobinary,GHSA-hrxh-6v49-42gf,HIGH,https://github.com/advisories/GHSA-hrxh-6v49-42gf,traefik,1.82.1,false,not_affected,vulnerable_code_not_in_execute_path
rancher/klipper-helm:v0.13.3-build20260727,rke2/v1.36.3,stdlib,v1.26.5,gobinary,CVE-2026-33818,HIGH,https://avd.aquasec.com/nvd/cve-2026-33818,home/klipper-helm/.local/share/helm/plugins/helm-mapkubeapis/bin/mapkubeapis,"1.25.13, 1.26.6, 1.27.0-rc.3",false,affected,
rancher/klipper-helm:v0.13.3-build20260727,rke2/v1.36.3,stdlib,v1.26.5,gobinary,CVE-2026-33818,HIGH,https://avd.aquasec.com/nvd/cve-2026-33818,home/klipper-helm/.local/share/helm/plugins/helm-set-status/helm-set-status,"1.25.13, 1.26.6, 1.27.0-rc.3",false,affected,
rancher/klipper-helm:v0.13.3-build20260727,rke2/v1.36.3,stdlib,v1.26.5,gobinary,CVE-2026-33818,HIGH,https://avd.aquasec.com/nvd/cve-2026-33818,usr/bin/helm,"1.25.13, 1.26.6, 1.27.0-rc.3",false,affected,
rancher/klipper-helm:v0.13.3-build20260727,rke2/v1.36.3,stdlib,v1.26.5,gobinary,CVE-2026-39821,HIGH,https://avd.aquasec.com/nvd/cve-2026-39821,home/klipper-helm/.local/share/helm/plugins/helm-mapkubeapis/bin/mapkubeapis,"1.25.13, 1.26.6, 1.27.0-rc.3",false,affected,
rancher/klipper-helm:v0.13.3-build20260727,rke2/v1.36.3,stdlib,v1.26.5,gobinary,CVE-2026-39821,HIGH,https://avd.aquasec.com/nvd/cve-2026-39821,home/klipper-helm/.local/share/helm/plugins/helm-set-status/helm-set-status,"1.25.13, 1.26.6, 1.27.0-rc.3",false,affected,
rancher/klipper-helm:v0.13.3-build20260727,rke2/v1.36.3,stdlib,v1.26.5,gobinary,CVE-2026-39821,HIGH,https://avd.aquasec.com/nvd/cve-2026-39821,usr/bin/helm,"1.25.13, 1.26.6, 1.27.0-rc.3",false,affected,
rancher/klipper-helm:v0.13.3-build20260727,rke2/v1.36.3,golang.org/x/crypto,v0.51.0,gobinary,CVE-2026-39827,MEDIUM,https://avd.aquasec.com/nvd/cve-2026-39827,home/klipper-helm/.local/share/helm/plugins/helm-mapkubeapis/bin/mapkubeapis,0.52.0,false,not_affected,vulnerable_code_not_present
rancher/klipper-helm:v0.13.3-build20260727,rke2/v1.36.3,golang.org/x/crypto,v0.51.0,gobinary,CVE-2026-39828,HIGH,https://avd.aquasec.com/nvd/cve-2026-39828,home/klipper-helm/.local/share/helm/plugins/helm-mapkubeapis/bin/mapkubeapis,0.52.0,false,not_affected,vulnerable_code_not_present
rancher/klipper-helm:v0.13.3-build20260727,rke2/v1.36.3,golang.org/x/crypto,v0.51.0,gobinary,CVE-2026-39828,HIGH,https://avd.aquasec.com/nvd/cve-2026-39828,home/klipper-helm/.local/share/helm/plugins/helm-set-status/helm-set-status,0.52.0,false,not_affected,vulnerable_code_not_present
rancher/klipper-helm:v0.13.3-build20260727,rke2/v1.36.3,golang.org/x/crypto,v0.51.0,gobinary,CVE-2026-39828,HIGH,https://avd.aquasec.com/nvd/cve-2026-39828,usr/bin/helm,0.52.0,false,not_affected,vulnerable_code_not_present
rancher/klipper-helm:v0.13.3-build20260727,rke2/v1.36.3,golang.org/x/crypto,v0.51.0,gobinary,CVE-2026-39829,HIGH,https://avd.aquasec.com/nvd/cve-2026-39829,home/klipper-helm/.local/share/helm/plugins/helm-mapkubeapis/bin/mapkubeapis,0.52.0,false,not_affected,vulnerable_code_not_present
rancher/klipper-helm:v0.13.3-build20260727,rke2/v1.36.3,golang.org/x/crypto,v0.51.0,gobinary,CVE-2026-39829,HIGH,https://avd.aquasec.com/nvd/cve-2026-39829,home/klipper-helm/.local/share/helm/plugins/helm-set-status/helm-set-status,0.52.0,false,not_affected,vulnerable_code_not_present
rancher/klipper-helm:v0.13.3-build20260727,rke2/v1.36.3,golang.org/x/crypto,v0.51.0,gobinary,CVE-2026-39829,HIGH,https://avd.aquasec.com/nvd/cve-2026-39829,usr/bin/helm,0.52.0,false,not_affected,vulnerable_code_not_present
rancher/klipper-helm:v0.13.3-build20260727,rke2/v1.36.3,golang.org/x/crypto,v0.51.0,gobinary,CVE-2026-39830,HIGH,https://avd.aquasec.com/nvd/cve-2026-39830,home/klipper-helm/.local/share/helm/plugins/helm-mapkubeapis/bin/mapkubeapis,0.52.0,false,not_affected,vulnerable_code_not_present
rancher/klipper-helm:v0.13.3-build20260727,rke2/v1.36.3,golang.org/x/crypto,v0.51.0,gobinary,CVE-2026-39830,HIGH,https://avd.aquasec.com/nvd/cve-2026-39830,home/klipper-helm/.local/share/helm/plugins/helm-set-status/helm-set-status,0.52.0,false,not_affected,vulnerable_code_not_present
rancher/klipper-helm:v0.13.3-build20260727,rke2/v1.36.3,golang.org/x/crypto,v0.51.0,gobinary,CVE-2026-39830,HIGH,https://avd.aquasec.com/nvd/cve-2026-39830,usr/bin/helm,0.52.0,false,not_affected,vulnerable_code_not_present
rancher/klipper-helm:v0.13.3-build20260727,rke2/v1.36.3,golang.org/x/crypto,v0.51.0,gobinary,CVE-2026-39831,HIGH,https://avd.aquasec.com/nvd/cve-2026-39831,home/klipper-helm/.local/share/helm/plugins/helm-mapkubeapis/bin/mapkubeapis,0.52.0,false,not_affected,vulnerable_code_not_present
rancher/klipper-helm:v0.13.3-build20260727,rke2/v1.36.3,golang.org/x/crypto,v0.51.0,gobinary,CVE-2026-39831,HIGH,https://avd.aquasec.com/nvd/cve-2026-39831,home/klipper-helm/.local/share/helm/plugins/helm-set-status/helm-set-status,0.52.0,false,not_affected,vulnerable_code_not_present
rancher/klipper-helm:v0.13.3-build20260727,rke2/v1.36.3,golang.org/x/crypto,v0.51.0,gobinary,CVE-2026-39831,HIGH,https://avd.aquasec.com/nvd/cve-2026-39831,usr/bin/helm,0.52.0,false,not_affected,vulnerable_code_not_present
rancher/klipper-helm:v0.13.3-build20260727,rke2/v1.36.3,golang.org/x/crypto,v0.51.0,gobinary,CVE-2026-39832,HIGH,https://avd.aquasec.com/nvd/cve-2026-39832,home/klipper-helm/.local/share/helm/plugins/helm-mapkubeapis/bin/mapkubeapis,0.52.0,false,not_affected,vulnerable_code_not_present
rancher/klipper-helm:v0.13.3-build20260727,rke2/v1.36.3,golang.org/x/crypto,v0.51.0,gobinary,CVE-2026-39832,HIGH,https://avd.aquasec.com/nvd/cve-2026-39832,home/klipper-helm/.local/share/helm/plugins/helm-set-status/helm-set-status,0.52.0,false,not_affected,vulnerable_code_not_present
rancher/klipper-helm:v0.13.3-build20260727,rke2/v1.36.3,golang.org/x/crypto,v0.51.0,gobinary,CVE-2026-39832,HIGH,https://avd.aquasec.com/nvd/cve-2026-39832,usr/bin/helm,0.52.0,false,not_affected,vulnerable_code_not_present
rancher/klipper-helm:v0.13.3-build20260727,rke2/v1.36.3,golang.org/x/crypto,v0.51.0,gobinary,CVE-2026-39833,MEDIUM,https://avd.aquasec.com/nvd/cve-2026-39833,home/klipper-helm/.local/share/helm/plugins/helm-mapkubeapis/bin/mapkubeapis,0.52.0,false,not_affected,vulnerable_code_not_present
rancher/klipper-helm:v0.13.3-build20260727,rke2/v1.36.3,golang.org/x/crypto,v0.51.0,gobinary,CVE-2026-39833,MEDIUM,https://avd.aquasec.com/nvd/cve-2026-39833,home/klipper-helm/.local/share/helm/plugins/helm-set-status/helm-set-status,0.52.0,false,not_affected,vulnerable_code_not_present
rancher/klipper-helm:v0.13.3-build20260727,rke2/v1.36.3,golang.org/x/crypto,v0.51.0,gobinary,CVE-2026-39833,MEDIUM,https://avd.aquasec.com/nvd/cve-2026-39833,usr/bin/helm,0.52.0,false,not_affected,vulnerable_code_not_present
rancher/klipper-helm:v0.13.3-build20260727,rke2/v1.36.3,golang.org/x/crypto,v0.51.0,gobinary,CVE-2026-39834,MEDIUM,https://avd.aquasec.com/nvd/cve-2026-39834,home/klipper-helm/.local/share/helm/plugins/helm-mapkubeapis/bin/mapkubeapis,0.52.0,false,not_affected,vulnerable_code_not_present
rancher/klipper-helm:v0.13.3-build20260727,rke2/v1.36.3,golang.org/x/crypto,v0.51.0,gobinary,CVE-2026-39834,MEDIUM,https://avd.aquasec.com/nvd/cve-2026-39834,home/klipper-helm/.local/share/helm/plugins/helm-set-status/helm-set-status,0.52.0,false,not_affected,vulnerable_code_not_present
rancher/klipper-helm:v0.13.3-build20260727,rke2/v1.36.3,golang.org/x/crypto,v0.51.0,gobinary,CVE-2026-39834,MEDIUM,https://avd.aquasec.com/nvd/cve-2026-39834,usr/bin/helm,0.52.0,false,not_affected,vulnerable_code_not_present
rancher/klipper-helm:v0.13.3-build20260727,rke2/v1.36.3,golang.org/x/crypto,v0.51.0,gobinary,CVE-2026-39835,HIGH,https://avd.aquasec.com/nvd/cve-2026-39835,home/klipper-helm/.local/share/helm/plugins/helm-mapkubeapis/bin/mapkubeapis,0.52.0,false,not_affected,vulnerable_code_not_present
rancher/klipper-helm:v0.13.3-build20260727,rke2/v1.36.3,golang.org/x/crypto,v0.51.0,gobinary,CVE-2026-39835,HIGH,https://avd.aquasec.com/nvd/cve-2026-39835,home/klipper-helm/.local/share/helm/plugins/helm-set-status/helm-set-status,0.52.0,false,not_affected,vulnerable_code_not_present
rancher/klipper-helm:v0.13.3-build20260727,rke2/v1.36.3,golang.org/x/crypto,v0.51.0,gobinary,CVE-2026-39835,HIGH,https://avd.aquasec.com/nvd/cve-2026-39835,usr/bin/helm,0.52.0,false,not_affected,vulnerable_code_not_present
rancher/klipper-helm:v0.13.3-build20260727,rke2/v1.36.3,golang.org/x/crypto,v0.51.0,gobinary,CVE-2026-42508,HIGH,https://avd.aquasec.com/nvd/cve-2026-42508,home/klipper-helm/.local/share/helm/plugins/helm-mapkubeapis/bin/mapkubeapis,0.52.0,false,not_affected,vulnerable_code_not_present
rancher/klipper-helm:v0.13.3-build20260727,rke2/v1.36.3,golang.org/x/crypto,v0.51.0,gobinary,CVE-2026-42508,HIGH,https://avd.aquasec.com/nvd/cve-2026-42508,home/klipper-helm/.local/share/helm/plugins/helm-set-status/helm-set-status,0.52.0,false,not_affected,vulnerable_code_not_present
rancher/klipper-helm:v0.13.3-build20260727,rke2/v1.36.3,golang.org/x/crypto,v0.51.0,gobinary,CVE-2026-42508,HIGH,https://avd.aquasec.com/nvd/cve-2026-42508,usr/bin/helm,0.52.0,false,not_affected,vulnerable_code_not_present
rancher/klipper-helm:v0.13.3-build20260727,rke2/v1.36.3,golang.org/x/crypto,v0.51.0,gobinary,CVE-2026-46595,HIGH,https://avd.aquasec.com/nvd/cve-2026-46595,home/klipper-helm/.local/share/helm/plugins/helm-mapkubeapis/bin/mapkubeapis,0.52.0,false,not_affected,vulnerable_code_not_present
rancher/klipper-helm:v0.13.3-build20260727,rke2/v1.36.3,golang.org/x/crypto,v0.51.0,gobinary,CVE-2026-46595,HIGH,https://avd.aquasec.com/nvd/cve-2026-46595,home/klipper-helm/.local/share/helm/plugins/helm-set-status/helm-set-status,0.52.0,false,not_affected,vulnerable_code_not_present
rancher/klipper-helm:v0.13.3-build20260727,rke2/v1.36.3,golang.org/x/crypto,v0.51.0,gobinary,CVE-2026-46595,HIGH,https://avd.aquasec.com/nvd/cve-2026-46595,usr/bin/helm,0.52.0,false,not_affected,vulnerable_code_not_present
rancher/klipper-helm:v0.13.3-build20260727,rke2/v1.36.3,golang.org/x/crypto,v0.51.0,gobinary,CVE-2026-46597,HIGH,https://avd.aquasec.com/nvd/cve-2026-46597,home/klipper-helm/.local/share/helm/plugins/helm-mapkubeapis/bin/mapkubeapis,0.52.0,false,not_affected,vulnerable_code_not_present
rancher/klipper-helm:v0.13.3-build20260727,rke2/v1.36.3,golang.org/x/crypto,v0.51.0,gobinary,CVE-2026-46597,HIGH,https://avd.aquasec.com/nvd/cve-2026-46597,home/klipper-helm/.local/share/helm/plugins/helm-set-status/helm-set-status,0.52.0,false,not_affected,vulnerable_code_not_present
rancher/klipper-helm:v0.13.3-build20260727,rke2/v1.36.3,golang.org/x/crypto,v0.51.0,gobinary,CVE-2026-46597,HIGH,https://avd.aquasec.com/nvd/cve-2026-46597,usr/bin/helm,0.52.0,false,not_affected,vulnerable_code_not_present
rancher/klipper-helm:v0.13.3-build20260727,rke2/v1.36.3,golang.org/x/crypto,v0.51.0,gobinary,CVE-2026-46598,MEDIUM,https://avd.aquasec.com/nvd/cve-2026-46598,home/klipper-helm/.local/share/helm/plugins/helm-mapkubeapis/bin/mapkubeapis,0.52.0,false,not_affected,vulnerable_code_not_present
rancher/klipper-helm:v0.13.3-build20260727,rke2/v1.36.3,golang.org/x/crypto,v0.51.0,gobinary,CVE-2026-46598,MEDIUM,https://avd.aquasec.com/nvd/cve-2026-46598,home/klipper-helm/.local/share/helm/plugins/helm-set-status/helm-set-status,0.52.0,false,not_affected,vulnerable_code_not_present
rancher/klipper-helm:v0.13.3-build20260727,rke2/v1.36.3,golang.org/x/crypto,v0.51.0,gobinary,CVE-2026-46598,MEDIUM,https://avd.aquasec.com/nvd/cve-2026-46598,usr/bin/helm,0.52.0,false,not_affected,vulnerable_code_not_present
rancher/klipper-helm:v0.13.3-build20260727,rke2/v1.36.3,golang.org/x/net,v0.55.0,gobinary,CVE-2026-46600,HIGH,https://avd.aquasec.com/nvd/cve-2026-46600,home/klipper-helm/.local/share/helm/plugins/helm-mapkubeapis/bin/mapkubeapis,0.56.0,false,not_affected,vulnerable_code_not_present
rancher/klipper-helm:v0.13.3-build20260727,rke2/v1.36.3,stdlib,v1.26.5,gobinary,CVE-2026-46600,HIGH,https://avd.aquasec.com/nvd/cve-2026-46600,home/klipper-helm/.local/share/helm/plugins/helm-set-status/helm-set-status,"1.26.6, 1.27.0-rc.3",false,not_affected,vulnerable_code_not_in_execute_path
rancher/klipper-helm:v0.13.3-build20260727,rke2/v1.36.3,stdlib,v1.26.5,gobinary,CVE-2026-46600,HIGH,https://avd.aquasec.com/nvd/cve-2026-46600,usr/bin/helm,"1.26.6, 1.27.0-rc.3",false,not_affected,vulnerable_code_not_in_execute_path
rancher/klipper-helm:v0.13.3-build20260727,rke2/v1.36.3,oras.land/oras-go/v2,v2.6.0,gobinary,CVE-2026-50151,HIGH,https://avd.aquasec.com/nvd/cve-2026-50151,home/klipper-helm/.local/share/helm/plugins/helm-mapkubeapis/bin/mapkubeapis,2.6.1,false,not_affected,vulnerable_code_not_in_execute_path
rancher/klipper-helm:v0.13.3-build20260727,rke2/v1.36.3,oras.land/oras-go/v2,v2.6.0,gobinary,CVE-2026-50151,HIGH,https://avd.aquasec.com/nvd/cve-2026-50151,home/klipper-helm/.local/share/helm/plugins/helm-set-status/helm-set-status,2.6.1,false,not_affected,vulnerable_code_not_in_execute_path
rancher/klipper-helm:v0.13.3-build20260727,rke2/v1.36.3,oras.land/oras-go/v2,v2.6.0,gobinary,CVE-2026-50151,HIGH,https://avd.aquasec.com/nvd/cve-2026-50151,usr/bin/helm,2.6.1,false,not_affected,vulnerable_code_not_in_execute_path
rancher/klipper-helm:v0.13.3-build20260727,rke2/v1.36.3,oras.land/oras-go/v2,v2.6.0,gobinary,CVE-2026-50162,MEDIUM,https://avd.aquasec.com/nvd/cve-2026-50162,home/klipper-helm/.local/share/helm/plugins/helm-mapkubeapis/bin/mapkubeapis,2.6.1,false,not_affected,vulnerable_code_not_present
rancher/klipper-helm:v0.13.3-build20260727,rke2/v1.36.3,oras.land/oras-go/v2,v2.6.0,gobinary,CVE-2026-50162,MEDIUM,https://avd.aquasec.com/nvd/cve-2026-50162,home/klipper-helm/.local/share/helm/plugins/helm-set-status/helm-set-status,2.6.1,false,not_affected,vulnerable_code_not_present
rancher/klipper-helm:v0.13.3-build20260727,rke2/v1.36.3,oras.land/oras-go/v2,v2.6.0,gobinary,CVE-2026-50162,MEDIUM,https://avd.aquasec.com/nvd/cve-2026-50162,usr/bin/helm,2.6.1,false,not_affected,vulnerable_code_not_present
rancher/klipper-helm:v0.13.3-build20260727,rke2/v1.36.3,oras.land/oras-go/v2,v2.6.0,gobinary,CVE-2026-50163,HIGH,https://avd.aquasec.com/nvd/cve-2026-50163,home/klipper-helm/.local/share/helm/plugins/helm-mapkubeapis/bin/mapkubeapis,2.6.2,false,not_affected,vulnerable_code_not_present
rancher/klipper-helm:v0.13.3-build20260727,rke2/v1.36.3,oras.land/oras-go/v2,v2.6.0,gobinary,CVE-2026-50163,HIGH,https://avd.aquasec.com/nvd/cve-2026-50163,home/klipper-helm/.local/share/helm/plugins/helm-set-status/helm-set-status,2.6.2,false,not_affected,vulnerable_code_not_present
rancher/klipper-helm:v0.13.3-build20260727,rke2/v1.36.3,oras.land/oras-go/v2,v2.6.0,gobinary,CVE-2026-50163,HIGH,https://avd.aquasec.com/nvd/cve-2026-50163,usr/bin/helm,2.6.2,false,not_affected,vulnerable_code_not_present
rancher/klipper-helm:v0.13.3-build20260727,rke2/v1.36.3,golang.org/x/text,v0.37.0,gobinary,CVE-2026-56852,HIGH,https://avd.aquasec.com/nvd/cve-2026-56852,home/klipper-helm/.local/share/helm/plugins/helm-mapkubeapis/bin/mapkubeapis,0.39.0,false,not_affected,vulnerable_code_not_in_execute_path
rancher/klipper-helm:v0.13.3-build20260727,rke2/v1.36.3,stdlib,v1.26.5,gobinary,CVE-2026-56853,HIGH,https://avd.aquasec.com/nvd/cve-2026-56853,home/klipper-helm/.local/share/helm/plugins/helm-mapkubeapis/bin/mapkubeapis,"1.25.13, 1.26.6, 1.27.0-rc.3",false,not_affected,vulnerable_code_not_in_execute_path
rancher/klipper-helm:v0.13.3-build20260727,rke2/v1.36.3,stdlib,v1.26.5,gobinary,CVE-2026-56853,HIGH,https://avd.aquasec.com/nvd/cve-2026-56853,home/klipper-helm/.local/share/helm/plugins/helm-set-status/helm-set-status,"1.25.13, 1.26.6, 1.27.0-rc.3",false,not_affected,vulnerable_code_not_in_execute_path
rancher/klipper-helm:v0.13.3-build20260727,rke2/v1.36.3,stdlib,v1.26.5,gobinary,CVE-2026-56853,HIGH,https://avd.aquasec.com/nvd/cve-2026-56853,usr/bin/helm,"1.25.13, 1.26.6, 1.27.0-rc.3",false,affected,
rancher/klipper-helm:v0.13.3-build20260727,rke2/v1.36.3,stdlib,v1.26.5,gobinary,CVE-2026-56858,HIGH,https://avd.aquasec.com/nvd/cve-2026-56858,home/klipper-helm/.local/share/helm/plugins/helm-mapkubeapis/bin/mapkubeapis,"1.25.13, 1.26.6, 1.27.0-rc.3",false,not_affected,vulnerable_code_not_in_execute_path
rancher/klipper-helm:v0.13.3-build20260727,rke2/v1.36.3,stdlib,v1.26.5,gobinary,CVE-2026-56858,HIGH,https://avd.aquasec.com/nvd/cve-2026-56858,home/klipper-helm/.local/share/helm/plugins/helm-set-status/helm-set-status,"1.25.13, 1.26.6, 1.27.0-rc.3",false,not_affected,vulnerable_code_not_in_execute_path
rancher/klipper-helm:v0.13.3-build20260727,rke2/v1.36.3,stdlib,v1.26.5,gobinary,CVE-2026-56859,HIGH,https://avd.aquasec.com/nvd/cve-2026-56859,home/klipper-helm/.local/share/helm/plugins/helm-mapkubeapis/bin/mapkubeapis,"1.25.13, 1.26.6, 1.27.0-rc.3",false,affected,
rancher/klipper-helm:v0.13.3-build20260727,rke2/v1.36.3,stdlib,v1.26.5,gobinary,CVE-2026-56859,HIGH,https://avd.aquasec.com/nvd/cve-2026-56859,home/klipper-helm/.local/share/helm/plugins/helm-set-status/helm-set-status,"1.25.13, 1.26.6, 1.27.0-rc.3",false,not_affected,vulnerable_code_not_in_execute_path
rancher/klipper-helm:v0.13.3-build20260727,rke2/v1.36.3,stdlib,v1.26.5,gobinary,CVE-2026-56859,HIGH,https://avd.aquasec.com/nvd/cve-2026-56859,usr/bin/helm,"1.25.13, 1.26.6, 1.27.0-rc.3",false,affected,
rancher/klipper-helm:v0.13.3-build20260727,rke2/v1.36.3,stdlib,v1.26.5,gobinary,CVE-2026-56862,HIGH,https://avd.aquasec.com/nvd/cve-2026-56862,home/klipper-helm/.local/share/helm/plugins/helm-mapkubeapis/bin/mapkubeapis,"1.25.13, 1.26.6, 1.27.0-rc.3",false,affected,
rancher/klipper-helm:v0.13.3-build20260727,rke2/v1.36.3,stdlib,v1.26.5,gobinary,CVE-2026-56862,HIGH,https://avd.aquasec.com/nvd/cve-2026-56862,home/klipper-helm/.local/share/helm/plugins/helm-set-status/helm-set-status,"1.25.13, 1.26.6, 1.27.0-rc.3",false,affected,
rancher/klipper-helm:v0.13.3-build20260727,rke2/v1.36.3,stdlib,v1.26.5,gobinary,CVE-2026-56862,HIGH,https://avd.aquasec.com/nvd/cve-2026-56862,usr/bin/helm,"1.25.13, 1.26.6, 1.27.0-rc.3",false,affected,
rancher/klipper-helm:v0.13.3-build20260727,rke2/v1.36.3,golang.org/x/mod,v0.35.0,gobinary,CVE-2026-56864,HIGH,https://avd.aquasec.com/nvd/cve-2026-56864,home/klipper-helm/.local/share/helm/plugins/helm-mapkubeapis/bin/mapkubeapis,0.40.0,false,not_affected,vulnerable_code_not_present
rancher/klipper-helm:v0.13.3-build20260727,rke2/v1.36.3,golang.org/x/mod,v0.35.0,gobinary,CVE-2026-56865,HIGH,https://avd.aquasec.com/nvd/cve-2026-56865,home/klipper-helm/.local/share/helm/plugins/helm-mapkubeapis/bin/mapkubeapis,0.40.0,false,not_affected,vulnerable_code_not_present
rancher/klipper-helm:v0.13.3-build20260727,rke2/v1.36.3,oras.land/oras-go/v2,v2.6.0,gobinary,GHSA-vh4v-2xq2-g5cg,MEDIUM,https://github.com/advisories/GHSA-vh4v-2xq2-g5cg,home/klipper-helm/.local/share/helm/plugins/helm-mapkubeapis/bin/mapkubeapis,2.6.1,false,not_affected,vulnerable_code_not_in_execute_path
rancher/klipper-helm:v0.13.3-build20260727,rke2/v1.36.3,oras.land/oras-go/v2,v2.6.0,gobinary,GHSA-vh4v-2xq2-g5cg,MEDIUM,https://github.com/advisories/GHSA-vh4v-2xq2-g5cg,home/klipper-helm/.local/share/helm/plugins/helm-set-status/helm-set-status,2.6.1,false,not_affected,vulnerable_code_not_in_execute_path
rancher/klipper-helm:v0.13.3-build20260727,rke2/v1.36.3,oras.land/oras-go/v2,v2.6.0,gobinary,GHSA-vh4v-2xq2-g5cg,MEDIUM,https://github.com/advisories/GHSA-vh4v-2xq2-g5cg,usr/bin/helm,2.6.1,false,not_affected,vulnerable_code_not_in_execute_path
rancher/rke2-cloud-provider:v1.36.2-0.20260610225606-10b320a3ba51-build20260709,rke2/v1.36.3,stdlib,v1.26.5,gobinary,CVE-2026-33818,HIGH,https://avd.aquasec.com/nvd/cve-2026-33818,usr/local/bin/rke2-cloud-provider,"1.25.13, 1.26.6, 1.27.0-rc.3",false,affected,
rancher/rke2-cloud-provider:v1.36.2-0.20260610225606-10b320a3ba51-build20260709,rke2/v1.36.3,stdlib,v1.26.5,gobinary,CVE-2026-39821,HIGH,https://avd.aquasec.com/nvd/cve-2026-39821,usr/local/bin/rke2-cloud-provider,"1.25.13, 1.26.6, 1.27.0-rc.3",false,affected,
rancher/rke2-cloud-provider:v1.36.2-0.20260610225606-10b320a3ba51-build20260709,rke2/v1.36.3,golang.org/x/crypto,v0.51.0,gobinary,CVE-2026-39827,MEDIUM,https://avd.aquasec.com/nvd/cve-2026-39827,usr/local/bin/rke2-cloud-provider,0.52.0,false,not_affected,vulnerable_code_not_present
rancher/rke2-cloud-provider:v1.36.2-0.20260610225606-10b320a3ba51-build20260709,rke2/v1.36.3,golang.org/x/crypto,v0.51.0,gobinary,CVE-2026-39828,HIGH,https://avd.aquasec.com/nvd/cve-2026-39828,usr/local/bin/rke2-cloud-provider,0.52.0,false,not_affected,vulnerable_code_not_present
rancher/rke2-cloud-provider:v1.36.2-0.20260610225606-10b320a3ba51-build20260709,rke2/v1.36.3,golang.org/x/crypto,v0.51.0,gobinary,CVE-2026-39829,HIGH,https://avd.aquasec.com/nvd/cve-2026-39829,usr/local/bin/rke2-cloud-provider,0.52.0,false,not_affected,vulnerable_code_not_present
rancher/rke2-cloud-provider:v1.36.2-0.20260610225606-10b320a3ba51-build20260709,rke2/v1.36.3,golang.org/x/crypto,v0.51.0,gobinary,CVE-2026-39830,HIGH,https://avd.aquasec.com/nvd/cve-2026-39830,usr/local/bin/rke2-cloud-provider,0.52.0,false,not_affected,vulnerable_code_not_present
rancher/rke2-cloud-provider:v1.36.2-0.20260610225606-10b320a3ba51-build20260709,rke2/v1.36.3,golang.org/x/crypto,v0.51.0,gobinary,CVE-2026-39831,HIGH,https://avd.aquasec.com/nvd/cve-2026-39831,usr/local/bin/rke2-cloud-provider,0.52.0,false,not_affected,vulnerable_code_not_present
rancher/rke2-cloud-provider:v1.36.2-0.20260610225606-10b320a3ba51-build20260709,rke2/v1.36.3,golang.org/x/crypto,v0.51.0,gobinary,CVE-2026-39832,HIGH,https://avd.aquasec.com/nvd/cve-2026-39832,usr/local/bin/rke2-cloud-provider,0.52.0,false,not_affected,vulnerable_code_not_present
rancher/rke2-cloud-provider:v1.36.2-0.20260610225606-10b320a3ba51-build20260709,rke2/v1.36.3,golang.org/x/crypto,v0.51.0,gobinary,CVE-2026-39833,MEDIUM,https://avd.aquasec.com/nvd/cve-2026-39833,usr/local/bin/rke2-cloud-provider,0.52.0,false,not_affected,vulnerable_code_not_present
rancher/rke2-cloud-provider:v1.36.2-0.20260610225606-10b320a3ba51-build20260709,rke2/v1.36.3,golang.org/x/crypto,v0.51.0,gobinary,CVE-2026-39834,MEDIUM,https://avd.aquasec.com/nvd/cve-2026-39834,usr/local/bin/rke2-cloud-provider,0.52.0,false,not_affected,vulnerable_code_not_present
rancher/rke2-cloud-provider:v1.36.2-0.20260610225606-10b320a3ba51-build20260709,rke2/v1.36.3,golang.org/x/crypto,v0.51.0,gobinary,CVE-2026-39835,HIGH,https://avd.aquasec.com/nvd/cve-2026-39835,usr/local/bin/rke2-cloud-provider,0.52.0,false,not_affected,vulnerable_code_not_present
rancher/rke2-cloud-provider:v1.36.2-0.20260610225606-10b320a3ba51-build20260709,rke2/v1.36.3,golang.org/x/crypto,v0.51.0,gobinary,CVE-2026-42508,HIGH,https://avd.aquasec.com/nvd/cve-2026-42508,usr/local/bin/rke2-cloud-provider,0.52.0,false,not_affected,vulnerable_code_not_present
rancher/rke2-cloud-provider:v1.36.2-0.20260610225606-10b320a3ba51-build20260709,rke2/v1.36.3,golang.org/x/crypto,v0.51.0,gobinary,CVE-2026-46595,HIGH,https://avd.aquasec.com/nvd/cve-2026-46595,usr/local/bin/rke2-cloud-provider,0.52.0,false,not_affected,vulnerable_code_not_present
rancher/rke2-cloud-provider:v1.36.2-0.20260610225606-10b320a3ba51-build20260709,rke2/v1.36.3,golang.org/x/crypto,v0.51.0,gobinary,CVE-2026-46597,HIGH,https://avd.aquasec.com/nvd/cve-2026-46597,usr/local/bin/rke2-cloud-provider,0.52.0,false,not_affected,vulnerable_code_not_present
rancher/rke2-cloud-provider:v1.36.2-0.20260610225606-10b320a3ba51-build20260709,rke2/v1.36.3,golang.org/x/crypto,v0.51.0,gobinary,CVE-2026-46598,MEDIUM,https://avd.aquasec.com/nvd/cve-2026-46598,usr/local/bin/rke2-cloud-provider,0.52.0,false,not_affected,vulnerable_code_not_present
rancher/rke2-cloud-provider:v1.36.2-0.20260610225606-10b320a3ba51-build20260709,rke2/v1.36.3,golang.org/x/net,v0.55.0,gobinary,CVE-2026-46600,HIGH,https://avd.aquasec.com/nvd/cve-2026-46600,usr/local/bin/rke2-cloud-provider,0.56.0,false,not_affected,vulnerable_code_not_present
rancher/rke2-cloud-provider:v1.36.2-0.20260610225606-10b320a3ba51-build20260709,rke2/v1.36.3,stdlib,v1.26.5,gobinary,CVE-2026-46600,HIGH,https://avd.aquasec.com/nvd/cve-2026-46600,usr/local/bin/rke2-cloud-provider,"1.26.6, 1.27.0-rc.3",false,not_affected,vulnerable_code_not_in_execute_path
rancher/rke2-cloud-provider:v1.36.2-0.20260610225606-10b320a3ba51-build20260709,rke2/v1.36.3,stdlib,v1.26.5,gobinary,CVE-2026-56853,HIGH,https://avd.aquasec.com/nvd/cve-2026-56853,usr/local/bin/rke2-cloud-provider,"1.25.13, 1.26.6, 1.27.0-rc.3",false,affected,
rancher/rke2-cloud-provider:v1.36.2-0.20260610225606-10b320a3ba51-build20260709,rke2/v1.36.3,stdlib,v1.26.5,gobinary,CVE-2026-56859,HIGH,https://avd.aquasec.com/nvd/cve-2026-56859,usr/local/bin/rke2-cloud-provider,"1.25.13, 1.26.6, 1.27.0-rc.3",false,not_affected,vulnerable_code_not_in_execute_path
rancher/rke2-cloud-provider:v1.36.2-0.20260610225606-10b320a3ba51-build20260709,rke2/v1.36.3,stdlib,v1.26.5,gobinary,CVE-2026-56862,HIGH,https://avd.aquasec.com/nvd/cve-2026-56862,usr/local/bin/rke2-cloud-provider,"1.25.13, 1.26.6, 1.27.0-rc.3",false,affected,
rancher/rke2-cloud-provider:v1.36.2-0.20260610225606-10b320a3ba51-build20260709,rke2/v1.36.3,google.golang.org/grpc,v1.79.3,gobinary,GHSA-hrxh-6v49-42gf,HIGH,https://github.com/advisories/GHSA-hrxh-6v49-42gf,usr/local/bin/rke2-cloud-provider,1.82.1,false,not_affected,vulnerable_code_not_in_execute_path
rancher/rke2-runtime:v1.36.3-rke2r1,rke2/v1.36.3,stdlib,v1.25.12,gobinary,CVE-2026-33818,HIGH,https://avd.aquasec.com/nvd/cve-2026-33818,bin/runc,"1.25.13, 1.26.6, 1.27.0-rc.3",false,not_affected,vulnerable_code_not_present
rancher/rke2-runtime:v1.36.3-rke2r1,rke2/v1.36.3,stdlib,v1.26.5,gobinary,CVE-2026-33818,HIGH,https://avd.aquasec.com/nvd/cve-2026-33818,bin/containerd,"1.25.13, 1.26.6, 1.27.0-rc.3",false,affected,
rancher/rke2-runtime:v1.36.3-rke2r1,rke2/v1.36.3,stdlib,v1.26.5,gobinary,CVE-2026-33818,HIGH,https://avd.aquasec.com/nvd/cve-2026-33818,bin/containerd-shim-runc-v2,"1.25.13, 1.26.6, 1.27.0-rc.3",false,affected,
rancher/rke2-runtime:v1.36.3-rke2r1,rke2/v1.36.3,stdlib,v1.26.5,gobinary,CVE-2026-33818,HIGH,https://avd.aquasec.com/nvd/cve-2026-33818,bin/crictl,"1.25.13, 1.26.6, 1.27.0-rc.3",false,affected,
rancher/rke2-runtime:v1.36.3-rke2r1,rke2/v1.36.3,stdlib,v1.26.5,gobinary,CVE-2026-33818,HIGH,https://avd.aquasec.com/nvd/cve-2026-33818,bin/ctr,"1.25.13, 1.26.6, 1.27.0-rc.3",false,affected,
rancher/rke2-runtime:v1.36.3-rke2r1,rke2/v1.36.3,stdlib,v1.26.5,gobinary,CVE-2026-33818,HIGH,https://avd.aquasec.com/nvd/cve-2026-33818,bin/kubectl,"1.25.13, 1.26.6, 1.27.0-rc.3",false,affected,
rancher/rke2-runtime:v1.36.3-rke2r1,rke2/v1.36.3,stdlib,v1.26.5,gobinary,CVE-2026-33818,HIGH,https://avd.aquasec.com/nvd/cve-2026-33818,bin/kubelet,"1.25.13, 1.26.6, 1.27.0-rc.3",false,affected,
rancher/rke2-runtime:v1.36.3-rke2r1,rke2/v1.36.3,github.com/docker/docker,v27.1.1+incompatible,gobinary,CVE-2026-33997,MEDIUM,https://avd.aquasec.com/nvd/cve-2026-33997,bin/crictl,29.3.1,false,not_affected,vulnerable_code_not_in_execute_path
rancher/rke2-runtime:v1.36.3-rke2r1,rke2/v1.36.3,github.com/docker/docker,v27.3.1+incompatible,gobinary,CVE-2026-33997,MEDIUM,https://avd.aquasec.com/nvd/cve-2026-33997,bin/containerd,29.3.1,false,not_affected,vulnerable_code_not_in_execute_path
rancher/rke2-runtime:v1.36.3-rke2r1,rke2/v1.36.3,github.com/docker/docker,v27.1.1+incompatible,gobinary,CVE-2026-34040,HIGH,https://avd.aquasec.com/nvd/cve-2026-34040,bin/crictl,29.3.1,false,not_affected,vulnerable_code_not_in_execute_path
rancher/rke2-runtime:v1.36.3-rke2r1,rke2/v1.36.3,github.com/docker/docker,v27.3.1+incompatible,gobinary,CVE-2026-34040,HIGH,https://avd.aquasec.com/nvd/cve-2026-34040,bin/containerd,29.3.1,false,not_affected,vulnerable_code_not_in_execute_path
rancher/rke2-runtime:v1.36.3-rke2r1,rke2/v1.36.3,stdlib,v1.25.12,gobinary,CVE-2026-39821,HIGH,https://avd.aquasec.com/nvd/cve-2026-39821,bin/runc,"1.25.13, 1.26.6, 1.27.0-rc.3",false,not_affected,vulnerable_code_not_present
rancher/rke2-runtime:v1.36.3-rke2r1,rke2/v1.36.3,stdlib,v1.26.5,gobinary,CVE-2026-39821,HIGH,https://avd.aquasec.com/nvd/cve-2026-39821,bin/containerd,"1.25.13, 1.26.6, 1.27.0-rc.3",false,affected,
rancher/rke2-runtime:v1.36.3-rke2r1,rke2/v1.36.3,stdlib,v1.26.5,gobinary,CVE-2026-39821,HIGH,https://avd.aquasec.com/nvd/cve-2026-39821,bin/containerd-shim-runc-v2,"1.25.13, 1.26.6, 1.27.0-rc.3",false,affected,
rancher/rke2-runtime:v1.36.3-rke2r1,rke2/v1.36.3,stdlib,v1.26.5,gobinary,CVE-2026-39821,HIGH,https://avd.aquasec.com/nvd/cve-2026-39821,bin/crictl,"1.25.13, 1.26.6, 1.27.0-rc.3",false,affected,
rancher/rke2-runtime:v1.36.3-rke2r1,rke2/v1.36.3,stdlib,v1.26.5,gobinary,CVE-2026-39821,HIGH,https://avd.aquasec.com/nvd/cve-2026-39821,bin/ctr,"1.25.13, 1.26.6, 1.27.0-rc.3",false,affected,
rancher/rke2-runtime:v1.36.3-rke2r1,rke2/v1.36.3,stdlib,v1.26.5,gobinary,CVE-2026-39821,HIGH,https://avd.aquasec.com/nvd/cve-2026-39821,bin/kubectl,"1.25.13, 1.26.6, 1.27.0-rc.3",false,affected,
rancher/rke2-runtime:v1.36.3-rke2r1,rke2/v1.36.3,stdlib,v1.26.5,gobinary,CVE-2026-39821,HIGH,https://avd.aquasec.com/nvd/cve-2026-39821,bin/kubelet,"1.25.13, 1.26.6, 1.27.0-rc.3",false,affected,
rancher/rke2-runtime:v1.36.3-rke2r1,rke2/v1.36.3,github.com/docker/docker,v27.1.1+incompatible,gobinary,CVE-2026-41567,HIGH,https://avd.aquasec.com/nvd/cve-2026-41567,bin/crictl,,false,not_affected,vulnerable_code_not_present
rancher/rke2-runtime:v1.36.3-rke2r1,rke2/v1.36.3,github.com/docker/docker,v27.3.1+incompatible,gobinary,CVE-2026-41567,HIGH,https://avd.aquasec.com/nvd/cve-2026-41567,bin/containerd,,false,not_affected,vulnerable_code_not_present
rancher/rke2-runtime:v1.36.3-rke2r1,rke2/v1.36.3,github.com/docker/docker,v27.1.1+incompatible,gobinary,CVE-2026-41568,MEDIUM,https://avd.aquasec.com/nvd/cve-2026-41568,bin/crictl,,false,not_affected,vulnerable_code_not_present
rancher/rke2-runtime:v1.36.3-rke2r1,rke2/v1.36.3,github.com/docker/docker,v27.3.1+incompatible,gobinary,CVE-2026-41568,MEDIUM,https://avd.aquasec.com/nvd/cve-2026-41568,bin/containerd,,false,not_affected,vulnerable_code_not_present
rancher/rke2-runtime:v1.36.3-rke2r1,rke2/v1.36.3,github.com/docker/docker,v27.1.1+incompatible,gobinary,CVE-2026-42306,HIGH,https://avd.aquasec.com/nvd/cve-2026-42306,bin/crictl,,false,not_affected,vulnerable_code_not_present
rancher/rke2-runtime:v1.36.3-rke2r1,rke2/v1.36.3,github.com/docker/docker,v27.3.1+incompatible,gobinary,CVE-2026-42306,HIGH,https://avd.aquasec.com/nvd/cve-2026-42306,bin/containerd,,false,not_affected,vulnerable_code_not_present
rancher/rke2-runtime:v1.36.3-rke2r1,rke2/v1.36.3,golang.org/x/net,v0.55.0,gobinary,CVE-2026-46600,HIGH,https://avd.aquasec.com/nvd/cve-2026-46600,bin/containerd,0.56.0,false,not_affected,vulnerable_code_not_present
rancher/rke2-runtime:v1.36.3-rke2r1,rke2/v1.36.3,golang.org/x/net,v0.55.0,gobinary,CVE-2026-46600,HIGH,https://avd.aquasec.com/nvd/cve-2026-46600,bin/containerd-shim-runc-v2,0.56.0,false,not_affected,vulnerable_code_not_present
rancher/rke2-runtime:v1.36.3-rke2r1,rke2/v1.36.3,golang.org/x/net,v0.55.0,gobinary,CVE-2026-46600,HIGH,https://avd.aquasec.com/nvd/cve-2026-46600,bin/crictl,0.56.0,false,not_affected,vulnerable_code_not_present
rancher/rke2-runtime:v1.36.3-rke2r1,rke2/v1.36.3,golang.org/x/net,v0.55.0,gobinary,CVE-2026-46600,HIGH,https://avd.aquasec.com/nvd/cve-2026-46600,bin/ctr,0.56.0,false,not_affected,vulnerable_code_not_present
rancher/rke2-runtime:v1.36.3-rke2r1,rke2/v1.36.3,stdlib,v1.26.5,gobinary,CVE-2026-46600,HIGH,https://avd.aquasec.com/nvd/cve-2026-46600,bin/containerd,"1.26.6, 1.27.0-rc.3",false,not_affected,vulnerable_code_not_in_execute_path
rancher/rke2-runtime:v1.36.3-rke2r1,rke2/v1.36.3,stdlib,v1.26.5,gobinary,CVE-2026-46600,HIGH,https://avd.aquasec.com/nvd/cve-2026-46600,bin/containerd-shim-runc-v2,"1.26.6, 1.27.0-rc.3",false,not_affected,vulnerable_code_not_in_execute_path
rancher/rke2-runtime:v1.36.3-rke2r1,rke2/v1.36.3,stdlib,v1.26.5,gobinary,CVE-2026-46600,HIGH,https://avd.aquasec.com/nvd/cve-2026-46600,bin/crictl,"1.26.6, 1.27.0-rc.3",false,not_affected,vulnerable_code_not_in_execute_path
rancher/rke2-runtime:v1.36.3-rke2r1,rke2/v1.36.3,stdlib,v1.26.5,gobinary,CVE-2026-46600,HIGH,https://avd.aquasec.com/nvd/cve-2026-46600,bin/ctr,"1.26.6, 1.27.0-rc.3",false,not_affected,vulnerable_code_not_in_execute_path
rancher/rke2-runtime:v1.36.3-rke2r1,rke2/v1.36.3,stdlib,v1.26.5,gobinary,CVE-2026-46600,HIGH,https://avd.aquasec.com/nvd/cve-2026-46600,bin/kubectl,"1.26.6, 1.27.0-rc.3",false,not_affected,vulnerable_code_not_in_execute_path
rancher/rke2-runtime:v1.36.3-rke2r1,rke2/v1.36.3,stdlib,v1.26.5,gobinary,CVE-2026-46600,HIGH,https://avd.aquasec.com/nvd/cve-2026-46600,bin/kubelet,"1.26.6, 1.27.0-rc.3",false,not_affected,vulnerable_code_not_in_execute_path
rancher/rke2-runtime:v1.36.3-rke2r1,rke2/v1.36.3,golang.org/x/text,v0.38.0,gobinary,CVE-2026-56852,HIGH,https://avd.aquasec.com/nvd/cve-2026-56852,bin/containerd,0.39.0,false,not_affected,vulnerable_code_not_in_execute_path
rancher/rke2-runtime:v1.36.3-rke2r1,rke2/v1.36.3,golang.org/x/text,v0.38.0,gobinary,CVE-2026-56852,HIGH,https://avd.aquasec.com/nvd/cve-2026-56852,bin/containerd-shim-runc-v2,0.39.0,false,not_affected,vulnerable_code_not_in_execute_path
rancher/rke2-runtime:v1.36.3-rke2r1,rke2/v1.36.3,golang.org/x/text,v0.38.0,gobinary,CVE-2026-56852,HIGH,https://avd.aquasec.com/nvd/cve-2026-56852,bin/ctr,0.39.0,false,not_affected,vulnerable_code_not_in_execute_path
rancher/rke2-runtime:v1.36.3-rke2r1,rke2/v1.36.3,golang.org/x/text,v0.38.0,gobinary,CVE-2026-56852,HIGH,https://avd.aquasec.com/nvd/cve-2026-56852,bin/kubectl,0.39.0,false,not_affected,vulnerable_code_not_in_execute_path
rancher/rke2-runtime:v1.36.3-rke2r1,rke2/v1.36.3,golang.org/x/text,v0.38.0,gobinary,CVE-2026-56852,HIGH,https://avd.aquasec.com/nvd/cve-2026-56852,bin/kubelet,0.39.0,false,not_affected,vulnerable_code_not_in_execute_path
rancher/rke2-runtime:v1.36.3-rke2r1,rke2/v1.36.3,stdlib,v1.25.12,gobinary,CVE-2026-56853,HIGH,https://avd.aquasec.com/nvd/cve-2026-56853,bin/runc,"1.25.13, 1.26.6, 1.27.0-rc.3",false,not_affected,vulnerable_code_not_present
rancher/rke2-runtime:v1.36.3-rke2r1,rke2/v1.36.3,stdlib,v1.26.5,gobinary,CVE-2026-56853,HIGH,https://avd.aquasec.com/nvd/cve-2026-56853,bin/containerd,"1.25.13, 1.26.6, 1.27.0-rc.3",false,affected,
rancher/rke2-runtime:v1.36.3-rke2r1,rke2/v1.36.3,stdlib,v1.26.5,gobinary,CVE-2026-56853,HIGH,https://avd.aquasec.com/nvd/cve-2026-56853,bin/containerd-shim-runc-v2,"1.25.13, 1.26.6, 1.27.0-rc.3",false,affected,
rancher/rke2-runtime:v1.36.3-rke2r1,rke2/v1.36.3,stdlib,v1.26.5,gobinary,CVE-2026-56853,HIGH,https://avd.aquasec.com/nvd/cve-2026-56853,bin/crictl,"1.25.13, 1.26.6, 1.27.0-rc.3",false,not_affected,vulnerable_code_not_in_execute_path
rancher/rke2-runtime:v1.36.3-rke2r1,rke2/v1.36.3,stdlib,v1.26.5,gobinary,CVE-2026-56853,HIGH,https://avd.aquasec.com/nvd/cve-2026-56853,bin/ctr,"1.25.13, 1.26.6, 1.27.0-rc.3",false,affected,
rancher/rke2-runtime:v1.36.3-rke2r1,rke2/v1.36.3,stdlib,v1.26.5,gobinary,CVE-2026-56853,HIGH,https://avd.aquasec.com/nvd/cve-2026-56853,bin/kubectl,"1.25.13, 1.26.6, 1.27.0-rc.3",false,affected,
rancher/rke2-runtime:v1.36.3-rke2r1,rke2/v1.36.3,stdlib,v1.26.5,gobinary,CVE-2026-56853,HIGH,https://avd.aquasec.com/nvd/cve-2026-56853,bin/kubelet,"1.25.13, 1.26.6, 1.27.0-rc.3",false,affected,
rancher/rke2-runtime:v1.36.3-rke2r1,rke2/v1.36.3,stdlib,v1.25.12,gobinary,CVE-2026-56858,HIGH,https://avd.aquasec.com/nvd/cve-2026-56858,bin/runc,"1.25.13, 1.26.6, 1.27.0-rc.3",false,not_affected,vulnerable_code_not_present
rancher/rke2-runtime:v1.36.3-rke2r1,rke2/v1.36.3,stdlib,v1.26.5,gobinary,CVE-2026-56858,HIGH,https://avd.aquasec.com/nvd/cve-2026-56858,bin/crictl,"1.25.13, 1.26.6, 1.27.0-rc.3",false,not_affected,vulnerable_code_not_in_execute_path
rancher/rke2-runtime:v1.36.3-rke2r1,rke2/v1.36.3,stdlib,v1.25.12,gobinary,CVE-2026-56859,HIGH,https://avd.aquasec.com/nvd/cve-2026-56859,bin/runc,"1.25.13, 1.26.6, 1.27.0-rc.3",false,not_affected,vulnerable_code_not_present
rancher/rke2-runtime:v1.36.3-rke2r1,rke2/v1.36.3,stdlib,v1.26.5,gobinary,CVE-2026-56859,HIGH,https://avd.aquasec.com/nvd/cve-2026-56859,bin/containerd,"1.25.13, 1.26.6, 1.27.0-rc.3",false,not_affected,vulnerable_code_not_in_execute_path
rancher/rke2-runtime:v1.36.3-rke2r1,rke2/v1.36.3,stdlib,v1.26.5,gobinary,CVE-2026-56859,HIGH,https://avd.aquasec.com/nvd/cve-2026-56859,bin/containerd-shim-runc-v2,"1.25.13, 1.26.6, 1.27.0-rc.3",false,not_affected,vulnerable_code_not_in_execute_path
rancher/rke2-runtime:v1.36.3-rke2r1,rke2/v1.36.3,stdlib,v1.26.5,gobinary,CVE-2026-56859,HIGH,https://avd.aquasec.com/nvd/cve-2026-56859,bin/crictl,"1.25.13, 1.26.6, 1.27.0-rc.3",false,not_affected,vulnerable_code_not_in_execute_path
rancher/rke2-runtime:v1.36.3-rke2r1,rke2/v1.36.3,stdlib,v1.26.5,gobinary,CVE-2026-56859,HIGH,https://avd.aquasec.com/nvd/cve-2026-56859,bin/ctr,"1.25.13, 1.26.6, 1.27.0-rc.3",false,not_affected,vulnerable_code_not_in_execute_path
rancher/rke2-runtime:v1.36.3-rke2r1,rke2/v1.36.3,stdlib,v1.26.5,gobinary,CVE-2026-56859,HIGH,https://avd.aquasec.com/nvd/cve-2026-56859,bin/kubectl,"1.25.13, 1.26.6, 1.27.0-rc.3",false,affected,
rancher/rke2-runtime:v1.36.3-rke2r1,rke2/v1.36.3,stdlib,v1.26.5,gobinary,CVE-2026-56859,HIGH,https://avd.aquasec.com/nvd/cve-2026-56859,bin/kubelet,"1.25.13, 1.26.6, 1.27.0-rc.3",false,affected,
rancher/rke2-runtime:v1.36.3-rke2r1,rke2/v1.36.3,stdlib,v1.25.12,gobinary,CVE-2026-56860,HIGH,https://avd.aquasec.com/nvd/cve-2026-56860,bin/runc,"1.25.13, 1.26.6, 1.27.0-rc.3",false,not_affected,vulnerable_code_not_in_execute_path
rancher/rke2-runtime:v1.36.3-rke2r1,rke2/v1.36.3,stdlib,v1.25.12,gobinary,CVE-2026-56862,HIGH,https://avd.aquasec.com/nvd/cve-2026-56862,bin/runc,"1.25.13, 1.26.6, 1.27.0-rc.3",false,not_affected,vulnerable_code_not_present
rancher/rke2-runtime:v1.36.3-rke2r1,rke2/v1.36.3,stdlib,v1.26.5,gobinary,CVE-2026-56862,HIGH,https://avd.aquasec.com/nvd/cve-2026-56862,bin/containerd,"1.25.13, 1.26.6, 1.27.0-rc.3",false,affected,
rancher/rke2-runtime:v1.36.3-rke2r1,rke2/v1.36.3,stdlib,v1.26.5,gobinary,CVE-2026-56862,HIGH,https://avd.aquasec.com/nvd/cve-2026-56862,bin/containerd-shim-runc-v2,"1.25.13, 1.26.6, 1.27.0-rc.3",false,affected,
rancher/rke2-runtime:v1.36.3-rke2r1,rke2/v1.36.3,stdlib,v1.26.5,gobinary,CVE-2026-56862,HIGH,https://avd.aquasec.com/nvd/cve-2026-56862,bin/crictl,"1.25.13, 1.26.6, 1.27.0-rc.3",false,affected,
rancher/rke2-runtime:v1.36.3-rke2r1,rke2/v1.36.3,stdlib,v1.26.5,gobinary,CVE-2026-56862,HIGH,https://avd.aquasec.com/nvd/cve-2026-56862,bin/ctr,"1.25.13, 1.26.6, 1.27.0-rc.3",false,affected,
rancher/rke2-runtime:v1.36.3-rke2r1,rke2/v1.36.3,stdlib,v1.26.5,gobinary,CVE-2026-56862,HIGH,https://avd.aquasec.com/nvd/cve-2026-56862,bin/kubectl,"1.25.13, 1.26.6, 1.27.0-rc.3",false,affected,
rancher/rke2-runtime:v1.36.3-rke2r1,rke2/v1.36.3,stdlib,v1.26.5,gobinary,CVE-2026-56862,HIGH,https://avd.aquasec.com/nvd/cve-2026-56862,bin/kubelet,"1.25.13, 1.26.6, 1.27.0-rc.3",false,affected,
rancher/rke2-runtime:v1.36.3-rke2r1,rke2/v1.36.3,golang.org/x/mod,v0.36.0,gobinary,CVE-2026-56864,HIGH,https://avd.aquasec.com/nvd/cve-2026-56864,bin/containerd,0.40.0,false,not_affected,vulnerable_code_not_present
rancher/rke2-runtime:v1.36.3-rke2r1,rke2/v1.36.3,golang.org/x/mod,v0.36.0,gobinary,CVE-2026-56864,HIGH,https://avd.aquasec.com/nvd/cve-2026-56864,bin/ctr,0.40.0,false,not_affected,vulnerable_code_not_present
rancher/rke2-runtime:v1.36.3-rke2r1,rke2/v1.36.3,golang.org/x/mod,v0.35.0,gobinary,CVE-2026-56865,HIGH,https://avd.aquasec.com/nvd/cve-2026-56865,bin/crictl,0.40.0,false,affected,
rancher/rke2-runtime:v1.36.3-rke2r1,rke2/v1.36.3,golang.org/x/mod,v0.36.0,gobinary,CVE-2026-56865,HIGH,https://avd.aquasec.com/nvd/cve-2026-56865,bin/containerd,0.40.0,false,not_affected,vulnerable_code_not_present
rancher/rke2-runtime:v1.36.3-rke2r1,rke2/v1.36.3,golang.org/x/mod,v0.36.0,gobinary,CVE-2026-56865,HIGH,https://avd.aquasec.com/nvd/cve-2026-56865,bin/ctr,0.40.0,false,not_affected,vulnerable_code_not_present
