image,release,package_name,package_version,type,vulnerability_id,severity,url,target,patched_version,mirrored,status,justification
rancher/hardened-calico:v3.32.1-build20260722,rancher/head,libudev1,254.27-150600.4.62.1,sles,SUSE-SU-2026:3244-1,MEDIUM,,rancher/hardened-calico:v3.32.1-build20260722 (sles 15.7),254.27-150600.4.71.2,false,not_affected,vulnerable_code_not_in_execute_path
rancher/hardened-calico:v3.32.1-build20260722,rancher/head,systemd,254.27-150600.4.62.1,sles,SUSE-SU-2026:3244-1,MEDIUM,,rancher/hardened-calico:v3.32.1-build20260722 (sles 15.7),254.27-150600.4.71.2,false,not_affected,vulnerable_code_not_in_execute_path
rancher/hardened-calico:v3.32.1-build20260722,rancher/head,udev,254.27-150600.4.62.1,sles,SUSE-SU-2026:3244-1,MEDIUM,,rancher/hardened-calico:v3.32.1-build20260722 (sles 15.7),254.27-150600.4.71.2,false,not_affected,vulnerable_code_not_in_execute_path
rancher/hardened-calico:v3.32.1-build20260722,rancher/head,gzip,1.10-150200.10.1,sles,SUSE-SU-2026:3269-1,HIGH,,rancher/hardened-calico:v3.32.1-build20260722 (sles 15.7),1.10-150200.13.1,false,not_affected,vulnerable_code_not_in_execute_path
rancher/hardened-calico:v3.32.1-build20260722,rancher/head,libssh-config,0.9.8-150600.11.12.1,sles,SUSE-SU-2026:3330-1,MEDIUM,,rancher/hardened-calico:v3.32.1-build20260722 (sles 15.7),0.9.8-150600.11.15.1,false,not_affected,vulnerable_code_not_in_execute_path
rancher/hardened-calico:v3.32.1-build20260722,rancher/head,libglib-2_0-0,2.78.6-150600.4.35.1,sles,SUSE-SU-2026:3341-1,HIGH,,rancher/hardened-calico:v3.32.1-build20260722 (sles 15.7),2.78.6-150600.4.38.1,false,not_affected,vulnerable_code_not_in_execute_path
rancher/hardened-csi-snapshotter:v8.6.0-build20260708,rancher/head,google.golang.org/grpc,v1.81.1,gobinary,GHSA-hrxh-6v49-42gf,HIGH,https://github.com/advisories/GHSA-hrxh-6v49-42gf,csi-snapshotter,1.82.1,false,affected,
rancher/hardened-etcd:v3.6.14-k3s1-build20260723,rancher/head,golang.org/x/text,v0.37.0,gobinary,CVE-2026-56852,HIGH,https://avd.aquasec.com/nvd/cve-2026-56852,usr/local/bin/etcd,0.39.0,false,not_affected,vulnerable_code_not_in_execute_path
rancher/hardened-etcd:v3.6.14-k3s1-build20260723,rancher/head,golang.org/x/text,v0.37.0,gobinary,CVE-2026-56852,HIGH,https://avd.aquasec.com/nvd/cve-2026-56852,usr/local/bin/etcdctl,0.39.0,false,not_affected,vulnerable_code_not_in_execute_path
rancher/hardened-kubernetes:v1.35.7-rke2r1-build20260723,rancher/head,golang.org/x/text,v0.38.0,gobinary,CVE-2026-56852,HIGH,https://avd.aquasec.com/nvd/cve-2026-56852,usr/local/bin/kube-apiserver,0.39.0,false,not_affected,vulnerable_code_not_in_execute_path
rancher/hardened-kubernetes:v1.35.7-rke2r1-build20260723,rancher/head,golang.org/x/text,v0.38.0,gobinary,CVE-2026-56852,HIGH,https://avd.aquasec.com/nvd/cve-2026-56852,usr/local/bin/kube-controller-manager,0.39.0,false,not_affected,vulnerable_code_not_in_execute_path
rancher/hardened-kubernetes:v1.35.7-rke2r1-build20260723,rancher/head,golang.org/x/text,v0.38.0,gobinary,CVE-2026-56852,HIGH,https://avd.aquasec.com/nvd/cve-2026-56852,usr/local/bin/kube-proxy,0.39.0,false,not_affected,vulnerable_code_not_in_execute_path
rancher/hardened-kubernetes:v1.35.7-rke2r1-build20260723,rancher/head,golang.org/x/text,v0.38.0,gobinary,CVE-2026-56852,HIGH,https://avd.aquasec.com/nvd/cve-2026-56852,usr/local/bin/kube-scheduler,0.39.0,false,not_affected,vulnerable_code_not_in_execute_path
rancher/hardened-kubernetes:v1.35.7-rke2r1-build20260723,rancher/head,golang.org/x/text,v0.38.0,gobinary,CVE-2026-56852,HIGH,https://avd.aquasec.com/nvd/cve-2026-56852,usr/local/bin/kubectl,0.39.0,false,not_affected,vulnerable_code_not_in_execute_path
rancher/hardened-kubernetes:v1.35.7-rke2r1-build20260723,rancher/head,golang.org/x/text,v0.38.0,gobinary,CVE-2026-56852,HIGH,https://avd.aquasec.com/nvd/cve-2026-56852,usr/local/bin/kubelet,0.39.0,false,not_affected,vulnerable_code_not_in_execute_path
rancher/hardened-kubernetes:v1.36.3-rke2r1-build20260723,rancher/head,golang.org/x/text,v0.38.0,gobinary,CVE-2026-56852,HIGH,https://avd.aquasec.com/nvd/cve-2026-56852,usr/local/bin/kube-apiserver,0.39.0,false,not_affected,vulnerable_code_not_in_execute_path
rancher/hardened-kubernetes:v1.36.3-rke2r1-build20260723,rancher/head,golang.org/x/text,v0.38.0,gobinary,CVE-2026-56852,HIGH,https://avd.aquasec.com/nvd/cve-2026-56852,usr/local/bin/kube-controller-manager,0.39.0,false,not_affected,vulnerable_code_not_in_execute_path
rancher/hardened-kubernetes:v1.36.3-rke2r1-build20260723,rancher/head,golang.org/x/text,v0.38.0,gobinary,CVE-2026-56852,HIGH,https://avd.aquasec.com/nvd/cve-2026-56852,usr/local/bin/kube-proxy,0.39.0,false,not_affected,vulnerable_code_not_in_execute_path
rancher/hardened-kubernetes:v1.36.3-rke2r1-build20260723,rancher/head,golang.org/x/text,v0.38.0,gobinary,CVE-2026-56852,HIGH,https://avd.aquasec.com/nvd/cve-2026-56852,usr/local/bin/kube-scheduler,0.39.0,false,not_affected,vulnerable_code_not_in_execute_path
rancher/hardened-kubernetes:v1.36.3-rke2r1-build20260723,rancher/head,golang.org/x/text,v0.38.0,gobinary,CVE-2026-56852,HIGH,https://avd.aquasec.com/nvd/cve-2026-56852,usr/local/bin/kubectl,0.39.0,false,not_affected,vulnerable_code_not_in_execute_path
rancher/hardened-kubernetes:v1.36.3-rke2r1-build20260723,rancher/head,golang.org/x/text,v0.38.0,gobinary,CVE-2026-56852,HIGH,https://avd.aquasec.com/nvd/cve-2026-56852,usr/local/bin/kubelet,0.39.0,false,not_affected,vulnerable_code_not_in_execute_path
rancher/hardened-traefik:v3.7.8-build20260717,rancher/head,github.com/traefik/traefik/v3,v3.7.8,gobinary,CVE-2026-71324,HIGH,https://avd.aquasec.com/nvd/cve-2026-71324,traefik,"3.6.24, 3.7.9",false,affected,
rancher/hardened-traefik:v3.7.8-build20260717,rancher/head,github.com/traefik/traefik/v3,v3.7.8,gobinary,CVE-2026-71327,HIGH,https://avd.aquasec.com/nvd/cve-2026-71327,traefik,"3.6.25, 3.7.10",false,affected,
rancher/hardened-traefik:v3.7.8-build20260717,rancher/head,google.golang.org/grpc,v1.81.1,gobinary,GHSA-hrxh-6v49-42gf,HIGH,https://github.com/advisories/GHSA-hrxh-6v49-42gf,traefik,1.82.1,false,not_affected,vulnerable_code_not_in_execute_path
rancher/harvester-cloud-provider:v0.2.7,rancher/head,kubevirt.io/kubevirt,v1.7.0,gobinary,CVE-2025-14525,MEDIUM,https://avd.aquasec.com/nvd/cve-2025-14525,usr/bin/harvester-cloud-provider,,false,not_affected,vulnerable_code_not_in_execute_path
rancher/harvester-cloud-provider:v0.2.7,rancher/head,stdlib,v1.26.4,gobinary,CVE-2026-39822,HIGH,https://avd.aquasec.com/nvd/cve-2026-39822,usr/bin/harvester-cloud-provider,"1.25.12, 1.26.5, 1.27.0-rc.2",false,not_affected,vulnerable_code_not_in_execute_path
rancher/harvester-cloud-provider:v0.2.7,rancher/head,stdlib,v1.26.4,gobinary,CVE-2026-42505,MEDIUM,https://avd.aquasec.com/nvd/cve-2026-42505,usr/bin/harvester-cloud-provider,"1.25.12, 1.26.5, 1.27.0-rc.2",false,not_affected,vulnerable_code_cannot_be_controlled_by_adversary
rancher/harvester-cloud-provider:v0.2.7,rancher/head,kubevirt.io/kubevirt,v1.7.0,gobinary,CVE-2026-6383,MEDIUM,https://avd.aquasec.com/nvd/cve-2026-6383,usr/bin/harvester-cloud-provider,,false,not_affected,vulnerable_code_not_in_execute_path
rancher/harvester-cloud-provider:v0.2.7,rancher/head,kubevirt.io/kubevirt,v1.7.0,gobinary,CVE-2026-7374,CRITICAL,https://avd.aquasec.com/nvd/cve-2026-7374,usr/bin/harvester-cloud-provider,"1.8.3, 1.7.4, 1.6.6",false,not_affected,vulnerable_code_not_in_execute_path
rancher/harvester-cloud-provider:v0.2.7,rancher/head,kubevirt.io/kubevirt,v1.7.0,gobinary,CVE-2026-9804,HIGH,https://avd.aquasec.com/nvd/cve-2026-9804,usr/bin/harvester-cloud-provider,,false,not_affected,vulnerable_code_not_in_execute_path
rancher/harvester-cloud-provider:v0.2.7,rancher/head,google.golang.org/grpc,v1.79.3,gobinary,GHSA-hrxh-6v49-42gf,HIGH,https://github.com/advisories/GHSA-hrxh-6v49-42gf,usr/bin/harvester-cloud-provider,1.82.1,false,affected,
rancher/harvester-csi-driver:v0.2.9,rancher/head,k8s.io/kubernetes,v1.34.1,gobinary,CVE-2025-13281,MEDIUM,https://avd.aquasec.com/nvd/cve-2025-13281,usr/bin/harvester-csi-driver,"1.32.10, 1.33.6, 1.34.2",false,not_affected,vulnerable_code_not_in_execute_path
rancher/harvester-csi-driver:v0.2.9,rancher/head,kubevirt.io/kubevirt,v1.7.0,gobinary,CVE-2025-14525,MEDIUM,https://avd.aquasec.com/nvd/cve-2025-14525,usr/bin/harvester-csi-driver,,false,not_affected,vulnerable_code_not_in_execute_path
rancher/harvester-csi-driver:v0.2.9,rancher/head,golang.org/x/net,v0.49.0,gobinary,CVE-2026-25680,MEDIUM,https://avd.aquasec.com/nvd/cve-2026-25680,usr/bin/harvester-csi-driver,0.55.0,false,not_affected,vulnerable_code_not_in_execute_path
rancher/harvester-csi-driver:v0.2.9,rancher/head,golang.org/x/net,v0.49.0,gobinary,CVE-2026-25681,HIGH,https://avd.aquasec.com/nvd/cve-2026-25681,usr/bin/harvester-csi-driver,0.55.0,false,not_affected,vulnerable_code_not_in_execute_path
rancher/harvester-csi-driver:v0.2.9,rancher/head,golang.org/x/net,v0.49.0,gobinary,CVE-2026-27136,HIGH,https://avd.aquasec.com/nvd/cve-2026-27136,usr/bin/harvester-csi-driver,0.55.0,false,not_affected,vulnerable_code_not_in_execute_path
rancher/harvester-csi-driver:v0.2.9,rancher/head,stdlib,v1.26.3,gobinary,CVE-2026-27145,HIGH,https://avd.aquasec.com/nvd/cve-2026-27145,usr/bin/harvester-csi-driver,"1.25.11, 1.26.4",false,not_affected,vulnerable_code_not_in_execute_path
rancher/harvester-csi-driver:v0.2.9,rancher/head,golang.org/x/net,v0.49.0,gobinary,CVE-2026-33814,HIGH,https://avd.aquasec.com/nvd/cve-2026-33814,usr/bin/harvester-csi-driver,0.53.0,false,affected,
rancher/harvester-csi-driver:v0.2.9,rancher/head,golang.org/x/net,v0.49.0,gobinary,CVE-2026-39821,HIGH,https://avd.aquasec.com/nvd/cve-2026-39821,usr/bin/harvester-csi-driver,0.55.0,false,affected,
rancher/harvester-csi-driver:v0.2.9,rancher/head,stdlib,v1.26.3,gobinary,CVE-2026-39822,HIGH,https://avd.aquasec.com/nvd/cve-2026-39822,usr/bin/harvester-csi-driver,"1.25.12, 1.26.5, 1.27.0-rc.2",false,not_affected,vulnerable_code_not_in_execute_path
rancher/harvester-csi-driver:v0.2.9,rancher/head,golang.org/x/crypto,v0.47.0,gobinary,CVE-2026-39827,MEDIUM,https://avd.aquasec.com/nvd/cve-2026-39827,usr/bin/harvester-csi-driver,0.52.0,false,not_affected,vulnerable_code_not_in_execute_path
rancher/harvester-csi-driver:v0.2.9,rancher/head,golang.org/x/crypto,v0.47.0,gobinary,CVE-2026-39828,HIGH,https://avd.aquasec.com/nvd/cve-2026-39828,usr/bin/harvester-csi-driver,0.52.0,false,not_affected,vulnerable_code_not_in_execute_path
rancher/harvester-csi-driver:v0.2.9,rancher/head,golang.org/x/crypto,v0.47.0,gobinary,CVE-2026-39829,HIGH,https://avd.aquasec.com/nvd/cve-2026-39829,usr/bin/harvester-csi-driver,0.52.0,false,not_affected,vulnerable_code_not_in_execute_path
rancher/harvester-csi-driver:v0.2.9,rancher/head,golang.org/x/crypto,v0.47.0,gobinary,CVE-2026-39830,HIGH,https://avd.aquasec.com/nvd/cve-2026-39830,usr/bin/harvester-csi-driver,0.52.0,false,not_affected,vulnerable_code_not_in_execute_path
rancher/harvester-csi-driver:v0.2.9,rancher/head,golang.org/x/crypto,v0.47.0,gobinary,CVE-2026-39831,HIGH,https://avd.aquasec.com/nvd/cve-2026-39831,usr/bin/harvester-csi-driver,0.52.0,false,not_affected,vulnerable_code_not_in_execute_path
rancher/harvester-csi-driver:v0.2.9,rancher/head,golang.org/x/crypto,v0.47.0,gobinary,CVE-2026-39832,HIGH,https://avd.aquasec.com/nvd/cve-2026-39832,usr/bin/harvester-csi-driver,0.52.0,false,not_affected,vulnerable_code_not_present
rancher/harvester-csi-driver:v0.2.9,rancher/head,golang.org/x/crypto,v0.47.0,gobinary,CVE-2026-39833,MEDIUM,https://avd.aquasec.com/nvd/cve-2026-39833,usr/bin/harvester-csi-driver,0.52.0,false,not_affected,vulnerable_code_not_present
rancher/harvester-csi-driver:v0.2.9,rancher/head,golang.org/x/crypto,v0.47.0,gobinary,CVE-2026-39834,MEDIUM,https://avd.aquasec.com/nvd/cve-2026-39834,usr/bin/harvester-csi-driver,0.52.0,false,not_affected,vulnerable_code_not_in_execute_path
rancher/harvester-csi-driver:v0.2.9,rancher/head,golang.org/x/crypto,v0.47.0,gobinary,CVE-2026-39835,HIGH,https://avd.aquasec.com/nvd/cve-2026-39835,usr/bin/harvester-csi-driver,0.52.0,false,not_affected,vulnerable_code_not_in_execute_path
rancher/harvester-csi-driver:v0.2.9,rancher/head,golang.org/x/net,v0.49.0,gobinary,CVE-2026-42502,MEDIUM,https://avd.aquasec.com/nvd/cve-2026-42502,usr/bin/harvester-csi-driver,0.55.0,false,not_affected,vulnerable_code_not_in_execute_path
rancher/harvester-csi-driver:v0.2.9,rancher/head,stdlib,v1.26.3,gobinary,CVE-2026-42504,HIGH,https://avd.aquasec.com/nvd/cve-2026-42504,usr/bin/harvester-csi-driver,"1.25.11, 1.26.4",false,not_affected,vulnerable_code_not_in_execute_path
rancher/harvester-csi-driver:v0.2.9,rancher/head,stdlib,v1.26.3,gobinary,CVE-2026-42505,MEDIUM,https://avd.aquasec.com/nvd/cve-2026-42505,usr/bin/harvester-csi-driver,"1.25.12, 1.26.5, 1.27.0-rc.2",false,not_affected,vulnerable_code_not_in_execute_path
rancher/harvester-csi-driver:v0.2.9,rancher/head,golang.org/x/net,v0.49.0,gobinary,CVE-2026-42506,MEDIUM,https://avd.aquasec.com/nvd/cve-2026-42506,usr/bin/harvester-csi-driver,0.55.0,false,not_affected,vulnerable_code_not_in_execute_path
rancher/harvester-csi-driver:v0.2.9,rancher/head,stdlib,v1.26.3,gobinary,CVE-2026-42507,MEDIUM,https://avd.aquasec.com/nvd/cve-2026-42507,usr/bin/harvester-csi-driver,"1.25.11, 1.26.4",false,not_affected,vulnerable_code_not_in_execute_path
rancher/harvester-csi-driver:v0.2.9,rancher/head,golang.org/x/crypto,v0.47.0,gobinary,CVE-2026-42508,HIGH,https://avd.aquasec.com/nvd/cve-2026-42508,usr/bin/harvester-csi-driver,0.52.0,false,not_affected,vulnerable_code_not_present
rancher/harvester-csi-driver:v0.2.9,rancher/head,golang.org/x/crypto,v0.47.0,gobinary,CVE-2026-46595,HIGH,https://avd.aquasec.com/nvd/cve-2026-46595,usr/bin/harvester-csi-driver,0.52.0,false,not_affected,vulnerable_code_not_in_execute_path
rancher/harvester-csi-driver:v0.2.9,rancher/head,golang.org/x/crypto,v0.47.0,gobinary,CVE-2026-46597,HIGH,https://avd.aquasec.com/nvd/cve-2026-46597,usr/bin/harvester-csi-driver,0.52.0,false,not_affected,vulnerable_code_not_in_execute_path
rancher/harvester-csi-driver:v0.2.9,rancher/head,golang.org/x/crypto,v0.47.0,gobinary,CVE-2026-46598,MEDIUM,https://avd.aquasec.com/nvd/cve-2026-46598,usr/bin/harvester-csi-driver,0.52.0,false,not_affected,vulnerable_code_not_present
rancher/harvester-csi-driver:v0.2.9,rancher/head,github.com/kube-logging/logging-operator,v0.0.0-20250424202944-7e1f9aad6e21,gobinary,CVE-2026-54680,CRITICAL,https://avd.aquasec.com/nvd/cve-2026-54680,usr/bin/harvester-csi-driver,0.0.0-20260608145523-cf437d7f1e05,false,not_affected,vulnerable_code_not_in_execute_path
rancher/harvester-csi-driver:v0.2.9,rancher/head,kubevirt.io/kubevirt,v1.7.0,gobinary,CVE-2026-6383,MEDIUM,https://avd.aquasec.com/nvd/cve-2026-6383,usr/bin/harvester-csi-driver,,false,not_affected,vulnerable_code_not_in_execute_path
rancher/harvester-csi-driver:v0.2.9,rancher/head,kubevirt.io/kubevirt,v1.7.0,gobinary,CVE-2026-7374,CRITICAL,https://avd.aquasec.com/nvd/cve-2026-7374,usr/bin/harvester-csi-driver,"1.8.3, 1.7.4, 1.6.6",false,not_affected,vulnerable_code_not_in_execute_path
rancher/harvester-csi-driver:v0.2.9,rancher/head,kubevirt.io/kubevirt,v1.7.0,gobinary,CVE-2026-9804,HIGH,https://avd.aquasec.com/nvd/cve-2026-9804,usr/bin/harvester-csi-driver,,false,not_affected,vulnerable_code_not_in_execute_path
rancher/harvester-csi-driver:v0.2.9,rancher/head,google.golang.org/grpc,v1.79.3,gobinary,GHSA-hrxh-6v49-42gf,HIGH,https://github.com/advisories/GHSA-hrxh-6v49-42gf,usr/bin/harvester-csi-driver,1.82.1,false,affected,
rancher/harvester-csi-driver:v0.2.9,rancher/head,libcurl4,8.14.1-160000.5.1,sles,SUSE-SU-2026:22156-1,MEDIUM,,rancher/harvester-csi-driver:v0.2.9 (sles 16.0),8.14.1-160000.6.1,false,not_affected,vulnerable_code_not_in_execute_path
rancher/harvester-csi-driver:v0.2.9,rancher/head,libsqlite3-0,3.51.3-160000.1.1,sles,SUSE-SU-2026:22166-1,HIGH,,rancher/harvester-csi-driver:v0.2.9 (sles 16.0),3.53.2-160000.1.1,false,affected,
rancher/harvester-csi-driver:v0.2.9,rancher/head,libsolv-tools-base,0.7.36-160000.1.1,sles,SUSE-SU-2026:22172-1,HIGH,,rancher/harvester-csi-driver:v0.2.9 (sles 16.0),0.7.39-160000.1.1,false,not_affected,vulnerable_code_not_in_execute_path
rancher/harvester-csi-driver:v0.2.9,rancher/head,libzypp,17.38.5-160000.1.1,sles,SUSE-SU-2026:22172-1,HIGH,,rancher/harvester-csi-driver:v0.2.9 (sles 16.0),17.38.13-160000.1.1,false,not_affected,vulnerable_code_not_in_execute_path
rancher/harvester-csi-driver:v0.2.9,rancher/head,zypper,1.14.95-160000.1.1,sles,SUSE-SU-2026:22172-1,HIGH,,rancher/harvester-csi-driver:v0.2.9 (sles 16.0),1.14.98-160000.1.1,false,affected,
rancher/harvester-csi-driver:v0.2.9,rancher/head,libncurses6,6.5.20250531-160000.2.2,sles,SUSE-SU-2026:22294-1,MEDIUM,,rancher/harvester-csi-driver:v0.2.9 (sles 16.0),6.5.20250531-160000.3.1,false,not_affected,vulnerable_code_not_in_execute_path
rancher/harvester-csi-driver:v0.2.9,rancher/head,ncurses-utils,6.5.20250531-160000.2.2,sles,SUSE-SU-2026:22294-1,MEDIUM,,rancher/harvester-csi-driver:v0.2.9 (sles 16.0),6.5.20250531-160000.3.1,false,not_affected,vulnerable_code_not_in_execute_path
rancher/harvester-csi-driver:v0.2.9,rancher/head,terminfo-base,6.5.20250531-160000.2.2,sles,SUSE-SU-2026:22294-1,MEDIUM,,rancher/harvester-csi-driver:v0.2.9 (sles 16.0),6.5.20250531-160000.3.1,false,not_affected,vulnerable_code_not_in_execute_path
rancher/harvester-csi-driver:v0.2.9,rancher/head,libopenssl-3-fips-provider,3.5.0-160000.7.1,sles,SUSE-SU-2026:22315-1,HIGH,,rancher/harvester-csi-driver:v0.2.9 (sles 16.0),3.5.0-160000.8.1,false,affected,
rancher/harvester-csi-driver:v0.2.9,rancher/head,libopenssl3,3.5.0-160000.7.1,sles,SUSE-SU-2026:22315-1,HIGH,,rancher/harvester-csi-driver:v0.2.9 (sles 16.0),3.5.0-160000.8.1,false,not_affected,vulnerable_code_not_in_execute_path
rancher/harvester-csi-driver:v0.2.9,rancher/head,openssl-3,3.5.0-160000.7.1,sles,SUSE-SU-2026:22315-1,HIGH,,rancher/harvester-csi-driver:v0.2.9 (sles 16.0),3.5.0-160000.8.1,false,affected,
rancher/harvester-csi-driver:v0.2.9,rancher/head,krb5,1.21.3-160000.2.2,sles,SUSE-SU-2026:22322-1,MEDIUM,,rancher/harvester-csi-driver:v0.2.9 (sles 16.0),1.21.3-160000.3.1,false,not_affected,vulnerable_code_not_in_execute_path
rancher/harvester-csi-driver:v0.2.9,rancher/head,tar,1.35-160000.3.1,sles,SUSE-SU-2026:22377-1,HIGH,,rancher/harvester-csi-driver:v0.2.9 (sles 16.0),1.35-160000.4.1,false,not_affected,vulnerable_code_not_in_execute_path
rancher/harvester-csi-driver:v0.2.9,rancher/head,curl,8.14.1-160000.5.1,sles,SUSE-SU-2026:22582-1,HIGH,,rancher/harvester-csi-driver:v0.2.9 (sles 16.0),8.14.1-160000.8.1,false,affected,
rancher/harvester-csi-driver:v0.2.9,rancher/head,libcurl4,8.14.1-160000.5.1,sles,SUSE-SU-2026:22582-1,HIGH,,rancher/harvester-csi-driver:v0.2.9 (sles 16.0),8.14.1-160000.8.1,false,not_affected,vulnerable_code_not_in_execute_path
rancher/harvester-csi-driver:v0.2.9,rancher/head,libxml2-2,2.13.8-160000.4.1,sles,SUSE-SU-2026:22636-1,HIGH,,rancher/harvester-csi-driver:v0.2.9 (sles 16.0),2.13.8-160000.5.1,false,affected,
rancher/harvester-csi-driver:v0.2.9,rancher/head,pam,1.7.1-160000.3.1,sles,SUSE-SU-2026:22639-1,MEDIUM,,rancher/harvester-csi-driver:v0.2.9 (sles 16.0),1.7.1-160000.5.1,false,not_affected,vulnerable_code_not_in_execute_path
rancher/harvester-csi-driver:v0.2.9,rancher/head,gzip,1.13-160000.2.2,sles,SUSE-SU-2026:22818-1,HIGH,,rancher/harvester-csi-driver:v0.2.9 (sles 16.0),1.13-160000.3.1,false,not_affected,vulnerable_code_not_in_execute_path
rancher/harvester-csi-driver:v0.2.9,rancher/head,vim,9.2.0530-160000.1.1,sles,SUSE-SU-2026:22821-1,HIGH,,rancher/harvester-csi-driver:v0.2.9 (sles 16.0),9.2.0780-160000.1.1,false,not_affected,vulnerable_code_not_in_execute_path
rancher/harvester-csi-driver:v0.2.9,rancher/head,vim-data-common,9.2.0530-160000.1.1,sles,SUSE-SU-2026:22821-1,HIGH,,rancher/harvester-csi-driver:v0.2.9 (sles 16.0),9.2.0780-160000.1.1,false,not_affected,vulnerable_code_not_in_execute_path
rancher/harvester-csi-driver:v0.2.9,rancher/head,xxd,9.2.0530-160000.1.1,sles,SUSE-SU-2026:22821-1,HIGH,,rancher/harvester-csi-driver:v0.2.9 (sles 16.0),9.2.0780-160000.1.1,false,not_affected,vulnerable_code_not_in_execute_path
rancher/harvester-csi-driver:v0.2.9,rancher/head,libglib-2_0-0,2.84.4-160000.2.1,sles,SUSE-SU-2026:22846-1,HIGH,,rancher/harvester-csi-driver:v0.2.9 (sles 16.0),2.84.4-160000.4.1,false,affected,
rancher/harvester-csi-driver:v0.2.9,rancher/head,perl,5.42.0-160000.2.2,sles,SUSE-SU-2026:22847-1,HIGH,,rancher/harvester-csi-driver:v0.2.9 (sles 16.0),5.42.0-160000.3.1,false,not_affected,vulnerable_code_not_in_execute_path
rancher/harvester-csi-driver:v0.2.9,rancher/head,perl-base,5.42.0-160000.2.2,sles,SUSE-SU-2026:22847-1,HIGH,,rancher/harvester-csi-driver:v0.2.9 (sles 16.0),5.42.0-160000.3.1,false,not_affected,vulnerable_code_not_in_execute_path
rancher/harvester-csi-driver:v0.2.9,rancher/head,libssh-config,0.11.4-160000.1.1,sles,SUSE-SU-2026:22948-1,MEDIUM,,rancher/harvester-csi-driver:v0.2.9 (sles 16.0),0.11.5-160000.1.1,false,not_affected,vulnerable_code_not_in_execute_path
rancher/harvester-csi-driver:v0.2.9,rancher/head,libssh4,0.11.4-160000.1.1,sles,SUSE-SU-2026:22948-1,MEDIUM,,rancher/harvester-csi-driver:v0.2.9 (sles 16.0),0.11.5-160000.1.1,false,not_affected,vulnerable_code_not_in_execute_path
rancher/harvester-csi-driver:v0.2.9,rancher/head,libssh-config,0.11.4-160000.1.1,sles,SUSE-SU-2026:22956-1,MEDIUM,,rancher/harvester-csi-driver:v0.2.9 (sles 16.0),0.11.5-160000.1.1,false,not_affected,vulnerable_code_not_in_execute_path
rancher/harvester-csi-driver:v0.2.9,rancher/head,libssh4,0.11.4-160000.1.1,sles,SUSE-SU-2026:22956-1,MEDIUM,,rancher/harvester-csi-driver:v0.2.9 (sles 16.0),0.11.5-160000.1.1,false,not_affected,vulnerable_code_not_in_execute_path
rancher/k3s-upgrade:v1.35.7-k3s1,rancher/head,google.golang.org/grpc,v1.72.2,gobinary,CVE-2026-33186,CRITICAL,https://avd.aquasec.com/nvd/cve-2026-33186,opt/k3s,1.79.3,false,not_affected,vulnerable_code_not_present
rancher/k3s-upgrade:v1.35.7-k3s1,rancher/head,google.golang.org/grpc,v1.72.2,gobinary,GHSA-hrxh-6v49-42gf,HIGH,https://github.com/advisories/GHSA-hrxh-6v49-42gf,opt/k3s,1.82.1,false,affected,
rancher/k3s-upgrade:v1.36.3-k3s1,rancher/head,google.golang.org/grpc,v1.79.3,gobinary,GHSA-hrxh-6v49-42gf,HIGH,https://github.com/advisories/GHSA-hrxh-6v49-42gf,opt/k3s,1.82.1,false,affected,
rancher/klipper-helm:v0.13.3-build20260727,rancher/head,golang.org/x/crypto,v0.51.0,gobinary,CVE-2026-39827,MEDIUM,https://avd.aquasec.com/nvd/cve-2026-39827,home/klipper-helm/.local/share/helm/plugins/helm-mapkubeapis/bin/mapkubeapis,0.52.0,false,not_affected,vulnerable_code_not_present
rancher/klipper-helm:v0.13.3-build20260727,rancher/head,golang.org/x/crypto,v0.51.0,gobinary,CVE-2026-39828,HIGH,https://avd.aquasec.com/nvd/cve-2026-39828,home/klipper-helm/.local/share/helm/plugins/helm-mapkubeapis/bin/mapkubeapis,0.52.0,false,not_affected,vulnerable_code_not_present
rancher/klipper-helm:v0.13.3-build20260727,rancher/head,golang.org/x/crypto,v0.51.0,gobinary,CVE-2026-39828,HIGH,https://avd.aquasec.com/nvd/cve-2026-39828,home/klipper-helm/.local/share/helm/plugins/helm-set-status/helm-set-status,0.52.0,false,not_affected,vulnerable_code_not_present
rancher/klipper-helm:v0.13.3-build20260727,rancher/head,golang.org/x/crypto,v0.51.0,gobinary,CVE-2026-39828,HIGH,https://avd.aquasec.com/nvd/cve-2026-39828,usr/bin/helm,0.52.0,false,not_affected,vulnerable_code_not_present
rancher/klipper-helm:v0.13.3-build20260727,rancher/head,golang.org/x/crypto,v0.51.0,gobinary,CVE-2026-39829,HIGH,https://avd.aquasec.com/nvd/cve-2026-39829,home/klipper-helm/.local/share/helm/plugins/helm-mapkubeapis/bin/mapkubeapis,0.52.0,false,not_affected,vulnerable_code_not_present
rancher/klipper-helm:v0.13.3-build20260727,rancher/head,golang.org/x/crypto,v0.51.0,gobinary,CVE-2026-39829,HIGH,https://avd.aquasec.com/nvd/cve-2026-39829,home/klipper-helm/.local/share/helm/plugins/helm-set-status/helm-set-status,0.52.0,false,not_affected,vulnerable_code_not_present
rancher/klipper-helm:v0.13.3-build20260727,rancher/head,golang.org/x/crypto,v0.51.0,gobinary,CVE-2026-39829,HIGH,https://avd.aquasec.com/nvd/cve-2026-39829,usr/bin/helm,0.52.0,false,not_affected,vulnerable_code_not_present
rancher/klipper-helm:v0.13.3-build20260727,rancher/head,golang.org/x/crypto,v0.51.0,gobinary,CVE-2026-39830,HIGH,https://avd.aquasec.com/nvd/cve-2026-39830,home/klipper-helm/.local/share/helm/plugins/helm-mapkubeapis/bin/mapkubeapis,0.52.0,false,not_affected,vulnerable_code_not_present
rancher/klipper-helm:v0.13.3-build20260727,rancher/head,golang.org/x/crypto,v0.51.0,gobinary,CVE-2026-39830,HIGH,https://avd.aquasec.com/nvd/cve-2026-39830,home/klipper-helm/.local/share/helm/plugins/helm-set-status/helm-set-status,0.52.0,false,not_affected,vulnerable_code_not_present
rancher/klipper-helm:v0.13.3-build20260727,rancher/head,golang.org/x/crypto,v0.51.0,gobinary,CVE-2026-39830,HIGH,https://avd.aquasec.com/nvd/cve-2026-39830,usr/bin/helm,0.52.0,false,not_affected,vulnerable_code_not_present
rancher/klipper-helm:v0.13.3-build20260727,rancher/head,golang.org/x/crypto,v0.51.0,gobinary,CVE-2026-39831,HIGH,https://avd.aquasec.com/nvd/cve-2026-39831,home/klipper-helm/.local/share/helm/plugins/helm-mapkubeapis/bin/mapkubeapis,0.52.0,false,not_affected,vulnerable_code_not_present
rancher/klipper-helm:v0.13.3-build20260727,rancher/head,golang.org/x/crypto,v0.51.0,gobinary,CVE-2026-39831,HIGH,https://avd.aquasec.com/nvd/cve-2026-39831,home/klipper-helm/.local/share/helm/plugins/helm-set-status/helm-set-status,0.52.0,false,not_affected,vulnerable_code_not_present
rancher/klipper-helm:v0.13.3-build20260727,rancher/head,golang.org/x/crypto,v0.51.0,gobinary,CVE-2026-39831,HIGH,https://avd.aquasec.com/nvd/cve-2026-39831,usr/bin/helm,0.52.0,false,not_affected,vulnerable_code_not_present
rancher/klipper-helm:v0.13.3-build20260727,rancher/head,golang.org/x/crypto,v0.51.0,gobinary,CVE-2026-39832,HIGH,https://avd.aquasec.com/nvd/cve-2026-39832,home/klipper-helm/.local/share/helm/plugins/helm-mapkubeapis/bin/mapkubeapis,0.52.0,false,not_affected,vulnerable_code_not_present
rancher/klipper-helm:v0.13.3-build20260727,rancher/head,golang.org/x/crypto,v0.51.0,gobinary,CVE-2026-39832,HIGH,https://avd.aquasec.com/nvd/cve-2026-39832,home/klipper-helm/.local/share/helm/plugins/helm-set-status/helm-set-status,0.52.0,false,not_affected,vulnerable_code_not_present
rancher/klipper-helm:v0.13.3-build20260727,rancher/head,golang.org/x/crypto,v0.51.0,gobinary,CVE-2026-39832,HIGH,https://avd.aquasec.com/nvd/cve-2026-39832,usr/bin/helm,0.52.0,false,not_affected,vulnerable_code_not_present
rancher/klipper-helm:v0.13.3-build20260727,rancher/head,golang.org/x/crypto,v0.51.0,gobinary,CVE-2026-39833,MEDIUM,https://avd.aquasec.com/nvd/cve-2026-39833,home/klipper-helm/.local/share/helm/plugins/helm-mapkubeapis/bin/mapkubeapis,0.52.0,false,not_affected,vulnerable_code_not_present
rancher/klipper-helm:v0.13.3-build20260727,rancher/head,golang.org/x/crypto,v0.51.0,gobinary,CVE-2026-39833,MEDIUM,https://avd.aquasec.com/nvd/cve-2026-39833,home/klipper-helm/.local/share/helm/plugins/helm-set-status/helm-set-status,0.52.0,false,not_affected,vulnerable_code_not_present
rancher/klipper-helm:v0.13.3-build20260727,rancher/head,golang.org/x/crypto,v0.51.0,gobinary,CVE-2026-39833,MEDIUM,https://avd.aquasec.com/nvd/cve-2026-39833,usr/bin/helm,0.52.0,false,not_affected,vulnerable_code_not_present
rancher/klipper-helm:v0.13.3-build20260727,rancher/head,golang.org/x/crypto,v0.51.0,gobinary,CVE-2026-39834,MEDIUM,https://avd.aquasec.com/nvd/cve-2026-39834,home/klipper-helm/.local/share/helm/plugins/helm-mapkubeapis/bin/mapkubeapis,0.52.0,false,not_affected,vulnerable_code_not_present
rancher/klipper-helm:v0.13.3-build20260727,rancher/head,golang.org/x/crypto,v0.51.0,gobinary,CVE-2026-39834,MEDIUM,https://avd.aquasec.com/nvd/cve-2026-39834,home/klipper-helm/.local/share/helm/plugins/helm-set-status/helm-set-status,0.52.0,false,not_affected,vulnerable_code_not_present
rancher/klipper-helm:v0.13.3-build20260727,rancher/head,golang.org/x/crypto,v0.51.0,gobinary,CVE-2026-39834,MEDIUM,https://avd.aquasec.com/nvd/cve-2026-39834,usr/bin/helm,0.52.0,false,not_affected,vulnerable_code_not_present
rancher/klipper-helm:v0.13.3-build20260727,rancher/head,golang.org/x/crypto,v0.51.0,gobinary,CVE-2026-39835,HIGH,https://avd.aquasec.com/nvd/cve-2026-39835,home/klipper-helm/.local/share/helm/plugins/helm-mapkubeapis/bin/mapkubeapis,0.52.0,false,not_affected,vulnerable_code_not_present
rancher/klipper-helm:v0.13.3-build20260727,rancher/head,golang.org/x/crypto,v0.51.0,gobinary,CVE-2026-39835,HIGH,https://avd.aquasec.com/nvd/cve-2026-39835,home/klipper-helm/.local/share/helm/plugins/helm-set-status/helm-set-status,0.52.0,false,not_affected,vulnerable_code_not_present
rancher/klipper-helm:v0.13.3-build20260727,rancher/head,golang.org/x/crypto,v0.51.0,gobinary,CVE-2026-39835,HIGH,https://avd.aquasec.com/nvd/cve-2026-39835,usr/bin/helm,0.52.0,false,not_affected,vulnerable_code_not_present
rancher/klipper-helm:v0.13.3-build20260727,rancher/head,golang.org/x/crypto,v0.51.0,gobinary,CVE-2026-42508,HIGH,https://avd.aquasec.com/nvd/cve-2026-42508,home/klipper-helm/.local/share/helm/plugins/helm-mapkubeapis/bin/mapkubeapis,0.52.0,false,not_affected,vulnerable_code_not_present
rancher/klipper-helm:v0.13.3-build20260727,rancher/head,golang.org/x/crypto,v0.51.0,gobinary,CVE-2026-42508,HIGH,https://avd.aquasec.com/nvd/cve-2026-42508,home/klipper-helm/.local/share/helm/plugins/helm-set-status/helm-set-status,0.52.0,false,not_affected,vulnerable_code_not_present
rancher/klipper-helm:v0.13.3-build20260727,rancher/head,golang.org/x/crypto,v0.51.0,gobinary,CVE-2026-42508,HIGH,https://avd.aquasec.com/nvd/cve-2026-42508,usr/bin/helm,0.52.0,false,not_affected,vulnerable_code_not_present
rancher/klipper-helm:v0.13.3-build20260727,rancher/head,golang.org/x/crypto,v0.51.0,gobinary,CVE-2026-46595,HIGH,https://avd.aquasec.com/nvd/cve-2026-46595,home/klipper-helm/.local/share/helm/plugins/helm-mapkubeapis/bin/mapkubeapis,0.52.0,false,not_affected,vulnerable_code_not_present
rancher/klipper-helm:v0.13.3-build20260727,rancher/head,golang.org/x/crypto,v0.51.0,gobinary,CVE-2026-46595,HIGH,https://avd.aquasec.com/nvd/cve-2026-46595,home/klipper-helm/.local/share/helm/plugins/helm-set-status/helm-set-status,0.52.0,false,not_affected,vulnerable_code_not_present
rancher/klipper-helm:v0.13.3-build20260727,rancher/head,golang.org/x/crypto,v0.51.0,gobinary,CVE-2026-46595,HIGH,https://avd.aquasec.com/nvd/cve-2026-46595,usr/bin/helm,0.52.0,false,not_affected,vulnerable_code_not_present
rancher/klipper-helm:v0.13.3-build20260727,rancher/head,golang.org/x/crypto,v0.51.0,gobinary,CVE-2026-46597,HIGH,https://avd.aquasec.com/nvd/cve-2026-46597,home/klipper-helm/.local/share/helm/plugins/helm-mapkubeapis/bin/mapkubeapis,0.52.0,false,not_affected,vulnerable_code_not_present
rancher/klipper-helm:v0.13.3-build20260727,rancher/head,golang.org/x/crypto,v0.51.0,gobinary,CVE-2026-46597,HIGH,https://avd.aquasec.com/nvd/cve-2026-46597,home/klipper-helm/.local/share/helm/plugins/helm-set-status/helm-set-status,0.52.0,false,not_affected,vulnerable_code_not_present
rancher/klipper-helm:v0.13.3-build20260727,rancher/head,golang.org/x/crypto,v0.51.0,gobinary,CVE-2026-46597,HIGH,https://avd.aquasec.com/nvd/cve-2026-46597,usr/bin/helm,0.52.0,false,not_affected,vulnerable_code_not_present
rancher/klipper-helm:v0.13.3-build20260727,rancher/head,golang.org/x/crypto,v0.51.0,gobinary,CVE-2026-46598,MEDIUM,https://avd.aquasec.com/nvd/cve-2026-46598,home/klipper-helm/.local/share/helm/plugins/helm-mapkubeapis/bin/mapkubeapis,0.52.0,false,not_affected,vulnerable_code_not_present
rancher/klipper-helm:v0.13.3-build20260727,rancher/head,golang.org/x/crypto,v0.51.0,gobinary,CVE-2026-46598,MEDIUM,https://avd.aquasec.com/nvd/cve-2026-46598,home/klipper-helm/.local/share/helm/plugins/helm-set-status/helm-set-status,0.52.0,false,not_affected,vulnerable_code_not_present
rancher/klipper-helm:v0.13.3-build20260727,rancher/head,golang.org/x/crypto,v0.51.0,gobinary,CVE-2026-46598,MEDIUM,https://avd.aquasec.com/nvd/cve-2026-46598,usr/bin/helm,0.52.0,false,not_affected,vulnerable_code_not_present
rancher/klipper-helm:v0.13.3-build20260727,rancher/head,oras.land/oras-go/v2,v2.6.0,gobinary,CVE-2026-50151,HIGH,https://avd.aquasec.com/nvd/cve-2026-50151,home/klipper-helm/.local/share/helm/plugins/helm-mapkubeapis/bin/mapkubeapis,2.6.1,false,not_affected,vulnerable_code_not_in_execute_path
rancher/klipper-helm:v0.13.3-build20260727,rancher/head,oras.land/oras-go/v2,v2.6.0,gobinary,CVE-2026-50151,HIGH,https://avd.aquasec.com/nvd/cve-2026-50151,home/klipper-helm/.local/share/helm/plugins/helm-set-status/helm-set-status,2.6.1,false,not_affected,vulnerable_code_not_in_execute_path
rancher/klipper-helm:v0.13.3-build20260727,rancher/head,oras.land/oras-go/v2,v2.6.0,gobinary,CVE-2026-50151,HIGH,https://avd.aquasec.com/nvd/cve-2026-50151,usr/bin/helm,2.6.1,false,not_affected,vulnerable_code_not_in_execute_path
rancher/klipper-helm:v0.13.3-build20260727,rancher/head,oras.land/oras-go/v2,v2.6.0,gobinary,CVE-2026-50162,MEDIUM,https://avd.aquasec.com/nvd/cve-2026-50162,home/klipper-helm/.local/share/helm/plugins/helm-mapkubeapis/bin/mapkubeapis,2.6.1,false,not_affected,vulnerable_code_not_present
rancher/klipper-helm:v0.13.3-build20260727,rancher/head,oras.land/oras-go/v2,v2.6.0,gobinary,CVE-2026-50162,MEDIUM,https://avd.aquasec.com/nvd/cve-2026-50162,home/klipper-helm/.local/share/helm/plugins/helm-set-status/helm-set-status,2.6.1,false,not_affected,vulnerable_code_not_present
rancher/klipper-helm:v0.13.3-build20260727,rancher/head,oras.land/oras-go/v2,v2.6.0,gobinary,CVE-2026-50162,MEDIUM,https://avd.aquasec.com/nvd/cve-2026-50162,usr/bin/helm,2.6.1,false,not_affected,vulnerable_code_not_present
rancher/klipper-helm:v0.13.3-build20260727,rancher/head,oras.land/oras-go/v2,v2.6.0,gobinary,CVE-2026-50163,HIGH,https://avd.aquasec.com/nvd/cve-2026-50163,home/klipper-helm/.local/share/helm/plugins/helm-mapkubeapis/bin/mapkubeapis,2.6.2,false,not_affected,vulnerable_code_not_present
rancher/klipper-helm:v0.13.3-build20260727,rancher/head,oras.land/oras-go/v2,v2.6.0,gobinary,CVE-2026-50163,HIGH,https://avd.aquasec.com/nvd/cve-2026-50163,home/klipper-helm/.local/share/helm/plugins/helm-set-status/helm-set-status,2.6.2,false,not_affected,vulnerable_code_not_present
rancher/klipper-helm:v0.13.3-build20260727,rancher/head,oras.land/oras-go/v2,v2.6.0,gobinary,CVE-2026-50163,HIGH,https://avd.aquasec.com/nvd/cve-2026-50163,usr/bin/helm,2.6.2,false,not_affected,vulnerable_code_not_present
rancher/klipper-helm:v0.13.3-build20260727,rancher/head,golang.org/x/text,v0.37.0,gobinary,CVE-2026-56852,HIGH,https://avd.aquasec.com/nvd/cve-2026-56852,home/klipper-helm/.local/share/helm/plugins/helm-mapkubeapis/bin/mapkubeapis,0.39.0,false,not_affected,vulnerable_code_not_in_execute_path
rancher/klipper-helm:v0.13.3-build20260727,rancher/head,oras.land/oras-go/v2,v2.6.0,gobinary,GHSA-vh4v-2xq2-g5cg,MEDIUM,https://github.com/advisories/GHSA-vh4v-2xq2-g5cg,home/klipper-helm/.local/share/helm/plugins/helm-mapkubeapis/bin/mapkubeapis,2.6.1,false,not_affected,vulnerable_code_not_in_execute_path
rancher/klipper-helm:v0.13.3-build20260727,rancher/head,oras.land/oras-go/v2,v2.6.0,gobinary,GHSA-vh4v-2xq2-g5cg,MEDIUM,https://github.com/advisories/GHSA-vh4v-2xq2-g5cg,home/klipper-helm/.local/share/helm/plugins/helm-set-status/helm-set-status,2.6.1,false,not_affected,vulnerable_code_not_in_execute_path
rancher/klipper-helm:v0.13.3-build20260727,rancher/head,oras.land/oras-go/v2,v2.6.0,gobinary,GHSA-vh4v-2xq2-g5cg,MEDIUM,https://github.com/advisories/GHSA-vh4v-2xq2-g5cg,usr/bin/helm,2.6.1,false,not_affected,vulnerable_code_not_in_execute_path
rancher/kube-api-auth:v0.15.0,rancher/head,github.com/rancher/rancher,v0.0.0-20260625140903-06a1727c1d54,gobinary,CVE-2019-11881,MEDIUM,https://avd.aquasec.com/nvd/cve-2019-11881,usr/bin/kube-api-auth,,false,not_affected,vulnerable_code_not_in_execute_path
rancher/kube-api-auth:v0.15.0,rancher/head,github.com/rancher/rancher,v0.0.0-20260625140903-06a1727c1d54,gobinary,CVE-2019-12274,HIGH,https://avd.aquasec.com/nvd/cve-2019-12274,usr/bin/kube-api-auth,"2.2.4, 1.6.27",false,not_affected,inline_mitigations_already_exist
rancher/kube-api-auth:v0.15.0,rancher/head,github.com/rancher/rancher,v0.0.0-20260625140903-06a1727c1d54,gobinary,CVE-2021-25313,MEDIUM,https://avd.aquasec.com/nvd/cve-2021-25313,usr/bin/kube-api-auth,"2.5.6, 2.4.14, 2.3.11",false,not_affected,vulnerable_code_not_in_execute_path
rancher/kube-api-auth:v0.15.0,rancher/head,github.com/rancher/rancher,v0.0.0-20260625140903-06a1727c1d54,gobinary,CVE-2021-36775,HIGH,https://avd.aquasec.com/nvd/cve-2021-36775,usr/bin/kube-api-auth,"2.4.18, 2.5.12, 2.6.3",false,not_affected,inline_mitigations_already_exist
rancher/kube-api-auth:v0.15.0,rancher/head,stdlib,v1.26.4,gobinary,CVE-2026-39822,HIGH,https://avd.aquasec.com/nvd/cve-2026-39822,usr/bin/kube-api-auth,"1.25.12, 1.26.5, 1.27.0-rc.2",false,not_affected,vulnerable_code_not_in_execute_path
rancher/kube-api-auth:v0.15.0,rancher/head,stdlib,v1.26.4,gobinary,CVE-2026-42505,MEDIUM,https://avd.aquasec.com/nvd/cve-2026-42505,usr/bin/kube-api-auth,"1.25.12, 1.26.5, 1.27.0-rc.2",false,not_affected,vulnerable_code_cannot_be_controlled_by_adversary
rancher/kube-api-auth:v0.15.0,rancher/head,oras.land/oras-go/v2,v2.6.0,gobinary,CVE-2026-50151,HIGH,https://avd.aquasec.com/nvd/cve-2026-50151,usr/bin/kube-api-auth,2.6.1,false,not_affected,vulnerable_code_not_in_execute_path
rancher/kube-api-auth:v0.15.0,rancher/head,oras.land/oras-go/v2,v2.6.0,gobinary,CVE-2026-50162,MEDIUM,https://avd.aquasec.com/nvd/cve-2026-50162,usr/bin/kube-api-auth,2.6.1,false,not_affected,vulnerable_code_not_present
rancher/kube-api-auth:v0.15.0,rancher/head,oras.land/oras-go/v2,v2.6.0,gobinary,CVE-2026-50163,HIGH,https://avd.aquasec.com/nvd/cve-2026-50163,usr/bin/kube-api-auth,2.6.2,false,not_affected,vulnerable_code_not_present
rancher/kube-api-auth:v0.15.0,rancher/head,google.golang.org/grpc,v1.81.1,gobinary,GHSA-hrxh-6v49-42gf,HIGH,https://github.com/advisories/GHSA-hrxh-6v49-42gf,usr/bin/kube-api-auth,1.82.1,false,affected,
rancher/kube-webhook-certgen:v1.14.5-hardened2,rancher/head,golang.org/x/net,v0.52.0,gobinary,CVE-2026-25680,HIGH,https://avd.aquasec.com/nvd/cve-2026-25680,kube-webhook-certgen,0.55.0,false,affected,severity_changed_due_to_suse_cvss_score
rancher/kube-webhook-certgen:v1.14.5-hardened2,rancher/head,stdlib,v1.26.2,gobinary,CVE-2026-33811,HIGH,https://avd.aquasec.com/nvd/cve-2026-33811,kube-webhook-certgen,"1.25.10, 1.26.3",false,affected,
rancher/kube-webhook-certgen:v1.14.5-hardened2,rancher/head,golang.org/x/net,v0.52.0,gobinary,CVE-2026-33814,HIGH,https://avd.aquasec.com/nvd/cve-2026-33814,kube-webhook-certgen,0.53.0,false,affected,
rancher/kube-webhook-certgen:v1.14.5-hardened2,rancher/head,stdlib,v1.26.2,gobinary,CVE-2026-33814,HIGH,https://avd.aquasec.com/nvd/cve-2026-33814,kube-webhook-certgen,"1.25.10, 1.26.3",false,affected,
rancher/kube-webhook-certgen:v1.14.5-hardened2,rancher/head,stdlib,v1.26.2,gobinary,CVE-2026-39820,HIGH,https://avd.aquasec.com/nvd/cve-2026-39820,kube-webhook-certgen,"1.25.10, 1.26.3",false,affected,
rancher/kube-webhook-certgen:v1.14.5-hardened2,rancher/head,golang.org/x/net,v0.52.0,gobinary,CVE-2026-39821,HIGH,https://avd.aquasec.com/nvd/cve-2026-39821,kube-webhook-certgen,0.55.0,false,affected,
rancher/kube-webhook-certgen:v1.14.5-hardened2,rancher/head,stdlib,v1.26.2,gobinary,CVE-2026-39822,HIGH,https://avd.aquasec.com/nvd/cve-2026-39822,kube-webhook-certgen,"1.25.12, 1.26.5, 1.27.0-rc.2",false,affected,
rancher/kube-webhook-certgen:v1.14.5-hardened2,rancher/head,stdlib,v1.26.2,gobinary,CVE-2026-39836,HIGH,https://avd.aquasec.com/nvd/cve-2026-39836,kube-webhook-certgen,"1.25.10, 1.26.3",false,affected,
rancher/kube-webhook-certgen:v1.14.5-hardened2,rancher/head,stdlib,v1.26.2,gobinary,CVE-2026-42499,HIGH,https://avd.aquasec.com/nvd/cve-2026-42499,kube-webhook-certgen,"1.25.10, 1.26.3",false,affected,
rancher/local-path-provisioner:v0.0.36,rancher/head,golang.org/x/net,v0.38.0,gobinary,CVE-2025-47911,MEDIUM,https://avd.aquasec.com/nvd/cve-2025-47911,usr/bin/local-path-provisioner,0.45.0,false,not_affected,vulnerable_code_not_present
rancher/local-path-provisioner:v0.0.36,rancher/head,golang.org/x/net,v0.38.0,gobinary,CVE-2025-58190,MEDIUM,https://avd.aquasec.com/nvd/cve-2025-58190,usr/bin/local-path-provisioner,0.45.0,false,not_affected,vulnerable_code_not_present
rancher/local-path-provisioner:v0.0.36,rancher/head,golang.org/x/net,v0.38.0,gobinary,CVE-2026-25680,MEDIUM,https://avd.aquasec.com/nvd/cve-2026-25680,usr/bin/local-path-provisioner,0.55.0,false,not_affected,vulnerable_code_not_present
rancher/local-path-provisioner:v0.0.36,rancher/head,golang.org/x/net,v0.38.0,gobinary,CVE-2026-25681,HIGH,https://avd.aquasec.com/nvd/cve-2026-25681,usr/bin/local-path-provisioner,0.55.0,false,not_affected,vulnerable_code_not_present
rancher/local-path-provisioner:v0.0.36,rancher/head,golang.org/x/net,v0.38.0,gobinary,CVE-2026-27136,HIGH,https://avd.aquasec.com/nvd/cve-2026-27136,usr/bin/local-path-provisioner,0.55.0,false,not_affected,vulnerable_code_not_present
rancher/local-path-provisioner:v0.0.36,rancher/head,stdlib,v1.26.3,gobinary,CVE-2026-27145,HIGH,https://avd.aquasec.com/nvd/cve-2026-27145,usr/bin/local-path-provisioner,"1.25.11, 1.26.4",false,not_affected,vulnerable_code_not_in_execute_path
rancher/local-path-provisioner:v0.0.36,rancher/head,golang.org/x/net,v0.38.0,gobinary,CVE-2026-33814,HIGH,https://avd.aquasec.com/nvd/cve-2026-33814,usr/bin/local-path-provisioner,0.53.0,false,affected,
rancher/local-path-provisioner:v0.0.36,rancher/head,golang.org/x/net,v0.38.0,gobinary,CVE-2026-39821,HIGH,https://avd.aquasec.com/nvd/cve-2026-39821,usr/bin/local-path-provisioner,0.55.0,false,affected,
rancher/local-path-provisioner:v0.0.36,rancher/head,stdlib,v1.26.3,gobinary,CVE-2026-39822,HIGH,https://avd.aquasec.com/nvd/cve-2026-39822,usr/bin/local-path-provisioner,"1.25.12, 1.26.5, 1.27.0-rc.2",false,not_affected,vulnerable_code_not_in_execute_path
rancher/local-path-provisioner:v0.0.36,rancher/head,stdlib,v1.26.3,gobinary,CVE-2026-39822,HIGH,https://avd.aquasec.com/nvd/cve-2026-39822,usr/local/go/bin/go,"1.25.12, 1.26.5, 1.27.0-rc.2",false,affected,
rancher/local-path-provisioner:v0.0.36,rancher/head,stdlib,v1.26.3,gobinary,CVE-2026-39822,HIGH,https://avd.aquasec.com/nvd/cve-2026-39822,usr/local/go/bin/gofmt,"1.25.12, 1.26.5, 1.27.0-rc.2",false,affected,
rancher/local-path-provisioner:v0.0.36,rancher/head,stdlib,v1.26.3,gobinary,CVE-2026-39822,HIGH,https://avd.aquasec.com/nvd/cve-2026-39822,usr/local/go/pkg/tool/linux_amd64/asm,"1.25.12, 1.26.5, 1.27.0-rc.2",false,affected,
rancher/local-path-provisioner:v0.0.36,rancher/head,stdlib,v1.26.3,gobinary,CVE-2026-39822,HIGH,https://avd.aquasec.com/nvd/cve-2026-39822,usr/local/go/pkg/tool/linux_amd64/cgo,"1.25.12, 1.26.5, 1.27.0-rc.2",false,affected,
rancher/local-path-provisioner:v0.0.36,rancher/head,stdlib,v1.26.3,gobinary,CVE-2026-39822,HIGH,https://avd.aquasec.com/nvd/cve-2026-39822,usr/local/go/pkg/tool/linux_amd64/compile,"1.25.12, 1.26.5, 1.27.0-rc.2",false,affected,
rancher/local-path-provisioner:v0.0.36,rancher/head,stdlib,v1.26.3,gobinary,CVE-2026-39822,HIGH,https://avd.aquasec.com/nvd/cve-2026-39822,usr/local/go/pkg/tool/linux_amd64/cover,"1.25.12, 1.26.5, 1.27.0-rc.2",false,affected,
rancher/local-path-provisioner:v0.0.36,rancher/head,stdlib,v1.26.3,gobinary,CVE-2026-39822,HIGH,https://avd.aquasec.com/nvd/cve-2026-39822,usr/local/go/pkg/tool/linux_amd64/fix,"1.25.12, 1.26.5, 1.27.0-rc.2",false,affected,
rancher/local-path-provisioner:v0.0.36,rancher/head,stdlib,v1.26.3,gobinary,CVE-2026-39822,HIGH,https://avd.aquasec.com/nvd/cve-2026-39822,usr/local/go/pkg/tool/linux_amd64/link,"1.25.12, 1.26.5, 1.27.0-rc.2",false,affected,
rancher/local-path-provisioner:v0.0.36,rancher/head,stdlib,v1.26.3,gobinary,CVE-2026-39822,HIGH,https://avd.aquasec.com/nvd/cve-2026-39822,usr/local/go/pkg/tool/linux_amd64/preprofile,"1.25.12, 1.26.5, 1.27.0-rc.2",false,affected,
rancher/local-path-provisioner:v0.0.36,rancher/head,stdlib,v1.26.3,gobinary,CVE-2026-39822,HIGH,https://avd.aquasec.com/nvd/cve-2026-39822,usr/local/go/pkg/tool/linux_amd64/vet,"1.25.12, 1.26.5, 1.27.0-rc.2",false,affected,
rancher/local-path-provisioner:v0.0.36,rancher/head,golang.org/x/net,v0.38.0,gobinary,CVE-2026-42502,MEDIUM,https://avd.aquasec.com/nvd/cve-2026-42502,usr/bin/local-path-provisioner,0.55.0,false,not_affected,vulnerable_code_not_present
rancher/local-path-provisioner:v0.0.36,rancher/head,stdlib,v1.26.3,gobinary,CVE-2026-42504,HIGH,https://avd.aquasec.com/nvd/cve-2026-42504,usr/bin/local-path-provisioner,"1.25.11, 1.26.4",false,not_affected,vulnerable_code_not_in_execute_path
rancher/local-path-provisioner:v0.0.36,rancher/head,stdlib,v1.26.3,gobinary,CVE-2026-42505,MEDIUM,https://avd.aquasec.com/nvd/cve-2026-42505,usr/bin/local-path-provisioner,"1.25.12, 1.26.5, 1.27.0-rc.2",false,not_affected,vulnerable_code_not_in_execute_path
rancher/local-path-provisioner:v0.0.36,rancher/head,golang.org/x/net,v0.38.0,gobinary,CVE-2026-42506,MEDIUM,https://avd.aquasec.com/nvd/cve-2026-42506,usr/bin/local-path-provisioner,0.55.0,false,not_affected,vulnerable_code_not_present
rancher/local-path-provisioner:v0.0.36,rancher/head,stdlib,v1.26.3,gobinary,CVE-2026-42507,MEDIUM,https://avd.aquasec.com/nvd/cve-2026-42507,usr/bin/local-path-provisioner,"1.25.11, 1.26.4",false,not_affected,vulnerable_code_not_in_execute_path
rancher/local-path-provisioner:v0.0.36,rancher/head,libcrypto3,3.5.6-r0,alpine,CVE-2026-45447,HIGH,https://avd.aquasec.com/nvd/cve-2026-45447,rancher/local-path-provisioner:v0.0.36 (alpine 3.23.4),3.5.7-r0,false,affected,
rancher/local-path-provisioner:v0.0.36,rancher/head,libssl3,3.5.6-r0,alpine,CVE-2026-45447,HIGH,https://avd.aquasec.com/nvd/cve-2026-45447,rancher/local-path-provisioner:v0.0.36 (alpine 3.23.4),3.5.7-r0,false,affected,
rancher/local-path-provisioner:v0.0.36,rancher/head,golang.org/x/text,v0.23.0,gobinary,CVE-2026-56852,HIGH,https://avd.aquasec.com/nvd/cve-2026-56852,usr/bin/local-path-provisioner,0.39.0,false,not_affected,vulnerable_code_not_in_execute_path
rancher/machine:v0.15.0-rancher145,rancher/head,stdlib,v1.26.4,gobinary,CVE-2026-39822,HIGH,https://avd.aquasec.com/nvd/cve-2026-39822,usr/local/bin/rancher-machine,"1.25.12, 1.26.5, 1.27.0-rc.2",false,not_affected,vulnerable_code_not_in_execute_path
rancher/machine:v0.15.0-rancher145,rancher/head,stdlib,v1.26.4,gobinary,CVE-2026-42505,MEDIUM,https://avd.aquasec.com/nvd/cve-2026-42505,usr/local/bin/rancher-machine,"1.25.12, 1.26.5, 1.27.0-rc.2",false,not_affected,vulnerable_code_cannot_be_controlled_by_adversary
rancher/machine:v0.15.0-rancher145,rancher/head,google.golang.org/grpc,v1.80.0,gobinary,GHSA-hrxh-6v49-42gf,HIGH,https://github.com/advisories/GHSA-hrxh-6v49-42gf,usr/local/bin/rancher-machine,1.82.1,false,affected,
rancher/machine:v0.15.0-rancher145,rancher/head,krb5,1.20.1-150600.11.14.1,sles,SUSE-SU-2026:2848-1,HIGH,,rancher/machine:v0.15.0-rancher145 (sles 15.7),1.20.1-150600.11.19.1,false,affected,
rancher/machine:v0.15.0-rancher145,rancher/head,curl,8.14.1-150700.7.17.1,sles,SUSE-SU-2026:2925-1,HIGH,,rancher/machine:v0.15.0-rancher145 (sles 15.7),8.14.1-150700.7.20.1,false,affected,
rancher/machine:v0.15.0-rancher145,rancher/head,libcurl4,8.14.1-150700.7.17.1,sles,SUSE-SU-2026:2925-1,HIGH,,rancher/machine:v0.15.0-rancher145 (sles 15.7),8.14.1-150700.7.20.1,false,affected,
rancher/machine:v0.15.0-rancher145,rancher/head,libudev1,254.27-150600.4.62.1,sles,SUSE-SU-2026:3244-1,MEDIUM,,rancher/machine:v0.15.0-rancher145 (sles 15.7),254.27-150600.4.71.2,false,not_affected,vulnerable_code_not_in_execute_path
rancher/machine:v0.15.0-rancher145,rancher/head,libssh-config,0.9.8-150600.11.12.1,sles,SUSE-SU-2026:3330-1,MEDIUM,,rancher/machine:v0.15.0-rancher145 (sles 15.7),0.9.8-150600.11.15.1,false,not_affected,vulnerable_code_not_in_execute_path
rancher/machine:v0.15.0-rancher145,rancher/head,libssh4,0.9.8-150600.11.12.1,sles,SUSE-SU-2026:3330-1,MEDIUM,,rancher/machine:v0.15.0-rancher145 (sles 15.7),0.9.8-150600.11.15.1,false,not_affected,vulnerable_code_not_in_execute_path
rancher/mirrored-bci-micro:16.0-15.11,rancher/head,libncurses6,6.5.20250531-160000.2.2,sles,SUSE-SU-2026:22294-1,MEDIUM,,rancher/mirrored-bci-micro:16.0-15.11 (sles 16.0),6.5.20250531-160000.3.1,true,not_affected,vulnerable_code_not_in_execute_path
rancher/mirrored-bci-micro:16.0-15.11,rancher/head,terminfo-base,6.5.20250531-160000.2.2,sles,SUSE-SU-2026:22294-1,MEDIUM,,rancher/mirrored-bci-micro:16.0-15.11 (sles 16.0),6.5.20250531-160000.3.1,true,not_affected,vulnerable_code_not_in_execute_path
rancher/mirrored-calico-apiserver:v3.32.1,rancher/head,stdlib,v1.25.11,gobinary,CVE-2026-39822,HIGH,https://avd.aquasec.com/nvd/cve-2026-39822,code/apiserver,"1.25.12, 1.26.5, 1.27.0-rc.2",true,not_affected,vulnerable_code_not_in_execute_path
rancher/mirrored-calico-apiserver:v3.32.1,rancher/head,stdlib,v1.25.11,gobinary,CVE-2026-42505,MEDIUM,https://avd.aquasec.com/nvd/cve-2026-42505,code/apiserver,"1.25.12, 1.26.5, 1.27.0-rc.2",true,not_affected,vulnerable_code_not_present
rancher/mirrored-calico-apiserver:v3.32.1,rancher/head,golang.org/x/text,v0.38.0,gobinary,CVE-2026-56852,HIGH,https://avd.aquasec.com/nvd/cve-2026-56852,code/apiserver,0.39.0,true,not_affected,vulnerable_code_not_in_execute_path
rancher/mirrored-calico-apiserver:v3.32.1,rancher/head,google.golang.org/grpc,v1.79.3,gobinary,GHSA-hrxh-6v49-42gf,HIGH,https://github.com/advisories/GHSA-hrxh-6v49-42gf,code/apiserver,1.82.1,true,affected,
rancher/mirrored-calico-cni:v3.32.1,rancher/head,stdlib,v1.25.11,gobinary,CVE-2026-39822,HIGH,https://avd.aquasec.com/nvd/cve-2026-39822,opt/cni/bin/calico,"1.25.12, 1.26.5, 1.27.0-rc.2",true,not_affected,vulnerable_code_not_in_execute_path
rancher/mirrored-calico-cni:v3.32.1,rancher/head,stdlib,v1.25.11,gobinary,CVE-2026-39822,HIGH,https://avd.aquasec.com/nvd/cve-2026-39822,opt/cni/bin/flannel,"1.25.12, 1.26.5, 1.27.0-rc.2",true,not_affected,vulnerable_code_not_in_execute_path
rancher/mirrored-calico-cni:v3.32.1,rancher/head,stdlib,v1.25.11,gobinary,CVE-2026-39822,HIGH,https://avd.aquasec.com/nvd/cve-2026-39822,opt/cni/bin/host-local,"1.25.12, 1.26.5, 1.27.0-rc.2",true,not_affected,vulnerable_code_not_in_execute_path
rancher/mirrored-calico-cni:v3.32.1,rancher/head,stdlib,v1.25.11,gobinary,CVE-2026-39822,HIGH,https://avd.aquasec.com/nvd/cve-2026-39822,opt/cni/bin/install,"1.25.12, 1.26.5, 1.27.0-rc.2",true,not_affected,vulnerable_code_not_in_execute_path
rancher/mirrored-calico-cni:v3.32.1,rancher/head,stdlib,v1.25.11,gobinary,CVE-2026-39822,HIGH,https://avd.aquasec.com/nvd/cve-2026-39822,opt/cni/bin/loopback,"1.25.12, 1.26.5, 1.27.0-rc.2",true,not_affected,vulnerable_code_not_in_execute_path
rancher/mirrored-calico-cni:v3.32.1,rancher/head,stdlib,v1.25.11,gobinary,CVE-2026-39822,HIGH,https://avd.aquasec.com/nvd/cve-2026-39822,opt/cni/bin/portmap,"1.25.12, 1.26.5, 1.27.0-rc.2",true,not_affected,vulnerable_code_not_in_execute_path
rancher/mirrored-calico-cni:v3.32.1,rancher/head,stdlib,v1.25.11,gobinary,CVE-2026-39822,HIGH,https://avd.aquasec.com/nvd/cve-2026-39822,opt/cni/bin/tuning,"1.25.12, 1.26.5, 1.27.0-rc.2",true,not_affected,vulnerable_code_not_in_execute_path
rancher/mirrored-calico-cni:v3.32.1,rancher/head,stdlib,v1.25.11,gobinary,CVE-2026-42505,MEDIUM,https://avd.aquasec.com/nvd/cve-2026-42505,opt/cni/bin/calico,"1.25.12, 1.26.5, 1.27.0-rc.2",true,not_affected,vulnerable_code_not_present
rancher/mirrored-calico-cni:v3.32.1,rancher/head,stdlib,v1.25.11,gobinary,CVE-2026-42505,MEDIUM,https://avd.aquasec.com/nvd/cve-2026-42505,opt/cni/bin/flannel,"1.25.12, 1.26.5, 1.27.0-rc.2",true,not_affected,vulnerable_code_not_present
rancher/mirrored-calico-cni:v3.32.1,rancher/head,stdlib,v1.25.11,gobinary,CVE-2026-42505,MEDIUM,https://avd.aquasec.com/nvd/cve-2026-42505,opt/cni/bin/host-local,"1.25.12, 1.26.5, 1.27.0-rc.2",true,not_affected,vulnerable_code_not_present
rancher/mirrored-calico-cni:v3.32.1,rancher/head,stdlib,v1.25.11,gobinary,CVE-2026-42505,MEDIUM,https://avd.aquasec.com/nvd/cve-2026-42505,opt/cni/bin/install,"1.25.12, 1.26.5, 1.27.0-rc.2",true,not_affected,vulnerable_code_not_present
rancher/mirrored-calico-cni:v3.32.1,rancher/head,stdlib,v1.25.11,gobinary,CVE-2026-42505,MEDIUM,https://avd.aquasec.com/nvd/cve-2026-42505,opt/cni/bin/loopback,"1.25.12, 1.26.5, 1.27.0-rc.2",true,not_affected,vulnerable_code_not_present
rancher/mirrored-calico-cni:v3.32.1,rancher/head,stdlib,v1.25.11,gobinary,CVE-2026-42505,MEDIUM,https://avd.aquasec.com/nvd/cve-2026-42505,opt/cni/bin/portmap,"1.25.12, 1.26.5, 1.27.0-rc.2",true,not_affected,vulnerable_code_not_present
rancher/mirrored-calico-cni:v3.32.1,rancher/head,stdlib,v1.25.11,gobinary,CVE-2026-42505,MEDIUM,https://avd.aquasec.com/nvd/cve-2026-42505,opt/cni/bin/tuning,"1.25.12, 1.26.5, 1.27.0-rc.2",true,not_affected,vulnerable_code_not_present
rancher/mirrored-calico-cni:v3.32.1,rancher/head,golang.org/x/text,v0.38.0,gobinary,CVE-2026-56852,HIGH,https://avd.aquasec.com/nvd/cve-2026-56852,opt/cni/bin/calico,0.39.0,true,not_affected,vulnerable_code_not_in_execute_path
rancher/mirrored-calico-cni:v3.32.1,rancher/head,golang.org/x/text,v0.38.0,gobinary,CVE-2026-56852,HIGH,https://avd.aquasec.com/nvd/cve-2026-56852,opt/cni/bin/install,0.39.0,true,not_affected,vulnerable_code_not_in_execute_path
rancher/mirrored-calico-cni:v3.32.1,rancher/head,google.golang.org/grpc,v1.79.3,gobinary,GHSA-hrxh-6v49-42gf,HIGH,https://github.com/advisories/GHSA-hrxh-6v49-42gf,opt/cni/bin/calico,1.82.1,true,affected,
rancher/mirrored-calico-csi:v3.32.1,rancher/head,stdlib,v1.25.11,gobinary,CVE-2026-39822,HIGH,https://avd.aquasec.com/nvd/cve-2026-39822,usr/bin/csi-driver,"1.25.12, 1.26.5, 1.27.0-rc.2",true,affected,
rancher/mirrored-calico-csi:v3.32.1,rancher/head,google.golang.org/grpc,v1.79.3,gobinary,GHSA-hrxh-6v49-42gf,HIGH,https://github.com/advisories/GHSA-hrxh-6v49-42gf,usr/bin/csi-driver,1.82.1,true,affected,
rancher/mirrored-calico-ctl:v3.32.1,rancher/head,stdlib,v1.25.11,gobinary,CVE-2026-39822,HIGH,https://avd.aquasec.com/nvd/cve-2026-39822,usr/bin/calicoctl,"1.25.12, 1.26.5, 1.27.0-rc.2",true,affected,
rancher/mirrored-calico-ctl:v3.32.1,rancher/head,google.golang.org/grpc,v1.79.3,gobinary,GHSA-hrxh-6v49-42gf,HIGH,https://github.com/advisories/GHSA-hrxh-6v49-42gf,usr/bin/calicoctl,1.82.1,true,affected,
rancher/mirrored-calico-envoy-gateway:v3.32.1,rancher/head,stdlib,v1.26.4,gobinary,CVE-2026-39822,HIGH,https://avd.aquasec.com/nvd/cve-2026-39822,usr/local/bin/envoy-gateway,"1.25.12, 1.26.5, 1.27.0-rc.2",true,not_affected,vulnerable_code_not_in_execute_path
rancher/mirrored-calico-envoy-gateway:v3.32.1,rancher/head,stdlib,v1.26.4,gobinary,CVE-2026-42505,MEDIUM,https://avd.aquasec.com/nvd/cve-2026-42505,usr/local/bin/envoy-gateway,"1.25.12, 1.26.5, 1.27.0-rc.2",true,not_affected,vulnerable_code_not_in_execute_path
rancher/mirrored-calico-envoy-gateway:v3.32.1,rancher/head,google.golang.org/grpc,v1.80.0,gobinary,GHSA-hrxh-6v49-42gf,HIGH,https://github.com/advisories/GHSA-hrxh-6v49-42gf,usr/local/bin/envoy-gateway,1.82.1,true,affected,
rancher/mirrored-calico-envoy-ratelimit:v3.32.1,rancher/head,stdlib,v1.26.4,gobinary,CVE-2026-39822,HIGH,https://avd.aquasec.com/nvd/cve-2026-39822,bin/ratelimit,"1.25.12, 1.26.5, 1.27.0-rc.2",true,not_affected,vulnerable_code_not_in_execute_path
rancher/mirrored-calico-envoy-ratelimit:v3.32.1,rancher/head,stdlib,v1.26.4,gobinary,CVE-2026-42505,MEDIUM,https://avd.aquasec.com/nvd/cve-2026-42505,bin/ratelimit,"1.25.12, 1.26.5, 1.27.0-rc.2",true,not_affected,vulnerable_code_not_in_execute_path
rancher/mirrored-calico-envoy-ratelimit:v3.32.1,rancher/head,golang.org/x/text,v0.38.0,gobinary,CVE-2026-56852,HIGH,https://avd.aquasec.com/nvd/cve-2026-56852,bin/ratelimit,0.39.0,true,not_affected,vulnerable_code_not_in_execute_path
rancher/mirrored-calico-envoy-ratelimit:v3.32.1,rancher/head,google.golang.org/grpc,v1.80.0,gobinary,GHSA-hrxh-6v49-42gf,HIGH,https://github.com/advisories/GHSA-hrxh-6v49-42gf,bin/ratelimit,1.82.1,true,affected,
rancher/mirrored-calico-goldmane:v3.32.1,rancher/head,stdlib,v1.25.11,gobinary,CVE-2026-39822,HIGH,https://avd.aquasec.com/nvd/cve-2026-39822,goldmane,"1.25.12, 1.26.5, 1.27.0-rc.2",true,not_affected,vulnerable_code_not_in_execute_path
rancher/mirrored-calico-goldmane:v3.32.1,rancher/head,stdlib,v1.25.11,gobinary,CVE-2026-39822,HIGH,https://avd.aquasec.com/nvd/cve-2026-39822,health,"1.25.12, 1.26.5, 1.27.0-rc.2",true,not_affected,vulnerable_code_not_in_execute_path
rancher/mirrored-calico-goldmane:v3.32.1,rancher/head,stdlib,v1.25.11,gobinary,CVE-2026-42505,MEDIUM,https://avd.aquasec.com/nvd/cve-2026-42505,goldmane,"1.25.12, 1.26.5, 1.27.0-rc.2",true,not_affected,vulnerable_code_not_present
rancher/mirrored-calico-goldmane:v3.32.1,rancher/head,stdlib,v1.25.11,gobinary,CVE-2026-42505,MEDIUM,https://avd.aquasec.com/nvd/cve-2026-42505,health,"1.25.12, 1.26.5, 1.27.0-rc.2",true,not_affected,vulnerable_code_not_present
rancher/mirrored-calico-goldmane:v3.32.1,rancher/head,golang.org/x/text,v0.38.0,gobinary,CVE-2026-56852,HIGH,https://avd.aquasec.com/nvd/cve-2026-56852,goldmane,0.39.0,true,not_affected,vulnerable_code_not_in_execute_path
rancher/mirrored-calico-goldmane:v3.32.1,rancher/head,golang.org/x/text,v0.38.0,gobinary,CVE-2026-56852,HIGH,https://avd.aquasec.com/nvd/cve-2026-56852,health,0.39.0,true,not_affected,vulnerable_code_not_in_execute_path
rancher/mirrored-calico-goldmane:v3.32.1,rancher/head,google.golang.org/grpc,v1.79.3,gobinary,GHSA-hrxh-6v49-42gf,HIGH,https://github.com/advisories/GHSA-hrxh-6v49-42gf,goldmane,1.82.1,true,affected,
rancher/mirrored-calico-goldmane:v3.32.1,rancher/head,google.golang.org/grpc,v1.79.3,gobinary,GHSA-hrxh-6v49-42gf,HIGH,https://github.com/advisories/GHSA-hrxh-6v49-42gf,health,1.82.1,true,affected,
rancher/mirrored-calico-kube-controllers:v3.32.1,rancher/head,stdlib,v1.25.11,gobinary,CVE-2026-39822,HIGH,https://avd.aquasec.com/nvd/cve-2026-39822,usr/bin/check-status,"1.25.12, 1.26.5, 1.27.0-rc.2",true,not_affected,vulnerable_code_not_in_execute_path
rancher/mirrored-calico-kube-controllers:v3.32.1,rancher/head,stdlib,v1.25.11,gobinary,CVE-2026-39822,HIGH,https://avd.aquasec.com/nvd/cve-2026-39822,usr/bin/kube-controllers,"1.25.12, 1.26.5, 1.27.0-rc.2",true,not_affected,vulnerable_code_not_in_execute_path
rancher/mirrored-calico-kube-controllers:v3.32.1,rancher/head,stdlib,v1.25.11,gobinary,CVE-2026-39822,HIGH,https://avd.aquasec.com/nvd/cve-2026-39822,usr/bin/wrapper,"1.25.12, 1.26.5, 1.27.0-rc.2",true,not_affected,vulnerable_code_not_in_execute_path
rancher/mirrored-calico-kube-controllers:v3.32.1,rancher/head,stdlib,v1.25.11,gobinary,CVE-2026-42505,MEDIUM,https://avd.aquasec.com/nvd/cve-2026-42505,usr/bin/check-status,"1.25.12, 1.26.5, 1.27.0-rc.2",true,not_affected,vulnerable_code_not_present
rancher/mirrored-calico-kube-controllers:v3.32.1,rancher/head,stdlib,v1.25.11,gobinary,CVE-2026-42505,MEDIUM,https://avd.aquasec.com/nvd/cve-2026-42505,usr/bin/kube-controllers,"1.25.12, 1.26.5, 1.27.0-rc.2",true,not_affected,vulnerable_code_not_present
rancher/mirrored-calico-kube-controllers:v3.32.1,rancher/head,stdlib,v1.25.11,gobinary,CVE-2026-42505,MEDIUM,https://avd.aquasec.com/nvd/cve-2026-42505,usr/bin/wrapper,"1.25.12, 1.26.5, 1.27.0-rc.2",true,not_affected,vulnerable_code_not_present
rancher/mirrored-calico-kube-controllers:v3.32.1,rancher/head,golang.org/x/text,v0.38.0,gobinary,CVE-2026-56852,HIGH,https://avd.aquasec.com/nvd/cve-2026-56852,usr/bin/kube-controllers,0.39.0,true,not_affected,vulnerable_code_not_in_execute_path
rancher/mirrored-calico-kube-controllers:v3.32.1,rancher/head,golang.org/x/text,v0.38.0,gobinary,CVE-2026-56852,HIGH,https://avd.aquasec.com/nvd/cve-2026-56852,usr/bin/wrapper,0.39.0,true,not_affected,vulnerable_code_not_in_execute_path
rancher/mirrored-calico-kube-controllers:v3.32.1,rancher/head,google.golang.org/grpc,v1.79.3,gobinary,GHSA-hrxh-6v49-42gf,HIGH,https://github.com/advisories/GHSA-hrxh-6v49-42gf,usr/bin/kube-controllers,1.82.1,true,affected,
rancher/mirrored-calico-node-driver-registrar:v3.32.1,rancher/head,stdlib,v1.25.11,gobinary,CVE-2026-39822,HIGH,https://avd.aquasec.com/nvd/cve-2026-39822,usr/bin/node-driver-registrar,"1.25.12, 1.26.5, 1.27.0-rc.2",true,affected,
rancher/mirrored-calico-node-driver-registrar:v3.32.1,rancher/head,google.golang.org/grpc,v1.81.0,gobinary,GHSA-hrxh-6v49-42gf,HIGH,https://github.com/advisories/GHSA-hrxh-6v49-42gf,usr/bin/node-driver-registrar,1.82.1,true,affected,
rancher/mirrored-calico-node:v3.32.1,rancher/head,stdlib,v1.25.11,gobinary,CVE-2026-39822,HIGH,https://avd.aquasec.com/nvd/cve-2026-39822,usr/bin/calico-node,"1.25.12, 1.26.5, 1.27.0-rc.2",true,affected,
rancher/mirrored-calico-node:v3.32.1,rancher/head,stdlib,v1.25.11,gobinary,CVE-2026-39822,HIGH,https://avd.aquasec.com/nvd/cve-2026-39822,usr/bin/mountns,"1.25.12, 1.26.5, 1.27.0-rc.2",true,not_affected,vulnerable_code_not_in_execute_path
rancher/mirrored-calico-node:v3.32.1,rancher/head,stdlib,v1.25.11,gobinary,CVE-2026-42505,MEDIUM,https://avd.aquasec.com/nvd/cve-2026-42505,usr/bin/mountns,"1.25.12, 1.26.5, 1.27.0-rc.2",true,not_affected,vulnerable_code_not_present
rancher/mirrored-calico-node:v3.32.1,rancher/head,libacl,2.3.1-4.el9,redhat,CVE-2026-54369,HIGH,https://avd.aquasec.com/nvd/cve-2026-54369,rancher/mirrored-calico-node:v3.32.1 (redhat 9.8),2.4.0-1.el9_8,true,affected,
rancher/mirrored-calico-node:v3.32.1,rancher/head,google.golang.org/grpc,v1.79.3,gobinary,GHSA-hrxh-6v49-42gf,HIGH,https://github.com/advisories/GHSA-hrxh-6v49-42gf,usr/bin/calico-node,1.82.1,true,affected,
rancher/mirrored-calico-operator:v1.42.3,rancher/head,stdlib,v1.26.4,gobinary,CVE-2026-39822,HIGH,https://avd.aquasec.com/nvd/cve-2026-39822,usr/bin/operator,"1.25.12, 1.26.5, 1.27.0-rc.2",true,affected,
rancher/mirrored-calico-operator:v1.42.3,rancher/head,oras.land/oras-go/v2,v2.6.0,gobinary,CVE-2026-50151,HIGH,https://avd.aquasec.com/nvd/cve-2026-50151,usr/bin/operator,2.6.1,true,affected,
rancher/mirrored-calico-operator:v1.42.3,rancher/head,oras.land/oras-go/v2,v2.6.0,gobinary,CVE-2026-50163,HIGH,https://avd.aquasec.com/nvd/cve-2026-50163,usr/bin/operator,2.6.2,true,affected,
rancher/mirrored-calico-operator:v1.42.3,rancher/head,github.com/envoyproxy/gateway,v1.8.0,gobinary,CVE-2026-53713,CRITICAL,https://avd.aquasec.com/nvd/cve-2026-53713,usr/bin/operator,"1.8.1, 1.7.4",true,affected,
rancher/mirrored-calico-operator:v1.42.3,rancher/head,github.com/envoyproxy/gateway,v1.8.0,gobinary,CVE-2026-53714,HIGH,https://avd.aquasec.com/nvd/cve-2026-53714,usr/bin/operator,"1.8.1, 1.7.4",true,affected,
rancher/mirrored-calico-operator:v1.42.3,rancher/head,google.golang.org/grpc,v1.80.0,gobinary,GHSA-hrxh-6v49-42gf,HIGH,https://github.com/advisories/GHSA-hrxh-6v49-42gf,usr/bin/operator,1.82.1,true,affected,
rancher/mirrored-calico-pod2daemon-flexvol:v3.32.1,rancher/head,stdlib,v1.25.11,gobinary,CVE-2026-39822,HIGH,https://avd.aquasec.com/nvd/cve-2026-39822,usr/local/bin/flexvol,"1.25.12, 1.26.5, 1.27.0-rc.2",true,affected,
rancher/mirrored-calico-typha:v3.32.1,rancher/head,stdlib,v1.25.11,gobinary,CVE-2026-39822,HIGH,https://avd.aquasec.com/nvd/cve-2026-39822,usr/bin/calico-typha,"1.25.12, 1.26.5, 1.27.0-rc.2",true,not_affected,vulnerable_code_not_in_execute_path
rancher/mirrored-calico-typha:v3.32.1,rancher/head,stdlib,v1.25.11,gobinary,CVE-2026-42505,MEDIUM,https://avd.aquasec.com/nvd/cve-2026-42505,usr/bin/calico-typha,"1.25.12, 1.26.5, 1.27.0-rc.2",true,not_affected,vulnerable_code_not_present
rancher/mirrored-calico-typha:v3.32.1,rancher/head,golang.org/x/text,v0.38.0,gobinary,CVE-2026-56852,HIGH,https://avd.aquasec.com/nvd/cve-2026-56852,usr/bin/calico-typha,0.39.0,true,not_affected,vulnerable_code_not_in_execute_path
rancher/mirrored-calico-typha:v3.32.1,rancher/head,google.golang.org/grpc,v1.79.3,gobinary,GHSA-hrxh-6v49-42gf,HIGH,https://github.com/advisories/GHSA-hrxh-6v49-42gf,usr/bin/calico-typha,1.82.1,true,affected,
rancher/mirrored-calico-whisker-backend:v3.32.1,rancher/head,stdlib,v1.25.11,gobinary,CVE-2026-39822,HIGH,https://avd.aquasec.com/nvd/cve-2026-39822,whisker-backend,"1.25.12, 1.26.5, 1.27.0-rc.2",true,not_affected,vulnerable_code_not_in_execute_path
rancher/mirrored-calico-whisker-backend:v3.32.1,rancher/head,stdlib,v1.25.11,gobinary,CVE-2026-42505,MEDIUM,https://avd.aquasec.com/nvd/cve-2026-42505,whisker-backend,"1.25.12, 1.26.5, 1.27.0-rc.2",true,not_affected,vulnerable_code_not_present
rancher/mirrored-calico-whisker-backend:v3.32.1,rancher/head,golang.org/x/text,v0.38.0,gobinary,CVE-2026-56852,HIGH,https://avd.aquasec.com/nvd/cve-2026-56852,whisker-backend,0.39.0,true,not_affected,vulnerable_code_not_in_execute_path
rancher/mirrored-calico-whisker-backend:v3.32.1,rancher/head,google.golang.org/grpc,v1.79.3,gobinary,GHSA-hrxh-6v49-42gf,HIGH,https://github.com/advisories/GHSA-hrxh-6v49-42gf,whisker-backend,1.82.1,true,affected,
rancher/mirrored-cilium-certgen:v0.4.6,rancher/head,stdlib,v1.26.4,gobinary,CVE-2026-39822,HIGH,https://avd.aquasec.com/nvd/cve-2026-39822,usr/bin/cilium-certgen,"1.25.12, 1.26.5, 1.27.0-rc.2",true,not_affected,vulnerable_code_not_in_execute_path
rancher/mirrored-cilium-certgen:v0.4.6,rancher/head,golang.org/x/crypto,v0.51.0,gobinary,CVE-2026-39827,MEDIUM,https://avd.aquasec.com/nvd/cve-2026-39827,usr/bin/cilium-certgen,0.52.0,true,not_affected,vulnerable_code_not_present
rancher/mirrored-cilium-certgen:v0.4.6,rancher/head,golang.org/x/crypto,v0.51.0,gobinary,CVE-2026-39828,HIGH,https://avd.aquasec.com/nvd/cve-2026-39828,usr/bin/cilium-certgen,0.52.0,true,not_affected,vulnerable_code_not_present
rancher/mirrored-cilium-certgen:v0.4.6,rancher/head,golang.org/x/crypto,v0.51.0,gobinary,CVE-2026-39829,HIGH,https://avd.aquasec.com/nvd/cve-2026-39829,usr/bin/cilium-certgen,0.52.0,true,not_affected,vulnerable_code_not_present
rancher/mirrored-cilium-certgen:v0.4.6,rancher/head,golang.org/x/crypto,v0.51.0,gobinary,CVE-2026-39830,HIGH,https://avd.aquasec.com/nvd/cve-2026-39830,usr/bin/cilium-certgen,0.52.0,true,not_affected,vulnerable_code_not_present
rancher/mirrored-cilium-certgen:v0.4.6,rancher/head,golang.org/x/crypto,v0.51.0,gobinary,CVE-2026-39831,HIGH,https://avd.aquasec.com/nvd/cve-2026-39831,usr/bin/cilium-certgen,0.52.0,true,not_affected,vulnerable_code_not_present
rancher/mirrored-cilium-certgen:v0.4.6,rancher/head,golang.org/x/crypto,v0.51.0,gobinary,CVE-2026-39832,HIGH,https://avd.aquasec.com/nvd/cve-2026-39832,usr/bin/cilium-certgen,0.52.0,true,not_affected,vulnerable_code_not_present
rancher/mirrored-cilium-certgen:v0.4.6,rancher/head,golang.org/x/crypto,v0.51.0,gobinary,CVE-2026-39833,MEDIUM,https://avd.aquasec.com/nvd/cve-2026-39833,usr/bin/cilium-certgen,0.52.0,true,not_affected,vulnerable_code_not_present
rancher/mirrored-cilium-certgen:v0.4.6,rancher/head,golang.org/x/crypto,v0.51.0,gobinary,CVE-2026-39834,MEDIUM,https://avd.aquasec.com/nvd/cve-2026-39834,usr/bin/cilium-certgen,0.52.0,true,not_affected,vulnerable_code_not_present
rancher/mirrored-cilium-certgen:v0.4.6,rancher/head,golang.org/x/crypto,v0.51.0,gobinary,CVE-2026-39835,HIGH,https://avd.aquasec.com/nvd/cve-2026-39835,usr/bin/cilium-certgen,0.52.0,true,not_affected,vulnerable_code_not_present
rancher/mirrored-cilium-certgen:v0.4.6,rancher/head,stdlib,v1.26.4,gobinary,CVE-2026-42505,MEDIUM,https://avd.aquasec.com/nvd/cve-2026-42505,usr/bin/cilium-certgen,"1.25.12, 1.26.5, 1.27.0-rc.2",true,not_affected,vulnerable_code_not_in_execute_path
rancher/mirrored-cilium-certgen:v0.4.6,rancher/head,golang.org/x/crypto,v0.51.0,gobinary,CVE-2026-42508,HIGH,https://avd.aquasec.com/nvd/cve-2026-42508,usr/bin/cilium-certgen,0.52.0,true,not_affected,vulnerable_code_not_present
rancher/mirrored-cilium-certgen:v0.4.6,rancher/head,golang.org/x/crypto,v0.51.0,gobinary,CVE-2026-46595,HIGH,https://avd.aquasec.com/nvd/cve-2026-46595,usr/bin/cilium-certgen,0.52.0,true,not_affected,vulnerable_code_not_present
rancher/mirrored-cilium-certgen:v0.4.6,rancher/head,golang.org/x/crypto,v0.51.0,gobinary,CVE-2026-46597,HIGH,https://avd.aquasec.com/nvd/cve-2026-46597,usr/bin/cilium-certgen,0.52.0,true,not_affected,vulnerable_code_not_present
rancher/mirrored-cilium-certgen:v0.4.6,rancher/head,golang.org/x/crypto,v0.51.0,gobinary,CVE-2026-46598,MEDIUM,https://avd.aquasec.com/nvd/cve-2026-46598,usr/bin/cilium-certgen,0.52.0,true,not_affected,vulnerable_code_not_present
rancher/mirrored-cilium-cilium:v1.19.6,rancher/head,go.mongodb.org/mongo-driver,v1.17.6,gobinary,CVE-2026-2303,MEDIUM,https://avd.aquasec.com/nvd/cve-2026-2303,opt/cni/bin/cilium-cni,1.17.7,true,not_affected,vulnerable_code_not_present
rancher/mirrored-cilium-cilium:v1.19.6,rancher/head,go.mongodb.org/mongo-driver,v1.17.6,gobinary,CVE-2026-2303,MEDIUM,https://avd.aquasec.com/nvd/cve-2026-2303,usr/bin/cilium-agent,1.17.7,true,not_affected,vulnerable_code_not_present
rancher/mirrored-cilium-cilium:v1.19.6,rancher/head,go.mongodb.org/mongo-driver,v1.17.6,gobinary,CVE-2026-2303,MEDIUM,https://avd.aquasec.com/nvd/cve-2026-2303,usr/bin/cilium-bugtool,1.17.7,true,not_affected,vulnerable_code_not_present
rancher/mirrored-cilium-cilium:v1.19.6,rancher/head,go.mongodb.org/mongo-driver,v1.17.6,gobinary,CVE-2026-2303,MEDIUM,https://avd.aquasec.com/nvd/cve-2026-2303,usr/bin/cilium-dbg,1.17.7,true,not_affected,vulnerable_code_not_present
rancher/mirrored-cilium-cilium:v1.19.6,rancher/head,go.mongodb.org/mongo-driver,v1.17.6,gobinary,CVE-2026-2303,MEDIUM,https://avd.aquasec.com/nvd/cve-2026-2303,usr/bin/cilium-health,1.17.7,true,not_affected,vulnerable_code_not_present
rancher/mirrored-cilium-cilium:v1.19.6,rancher/head,go.mongodb.org/mongo-driver,v1.17.6,gobinary,CVE-2026-2303,MEDIUM,https://avd.aquasec.com/nvd/cve-2026-2303,usr/bin/hubble,1.17.7,true,not_affected,vulnerable_code_not_present
rancher/mirrored-cilium-cilium:v1.19.6,rancher/head,google.golang.org/grpc,v1.79.3,gobinary,GHSA-hrxh-6v49-42gf,HIGH,https://github.com/advisories/GHSA-hrxh-6v49-42gf,opt/cni/bin/cilium-cni,1.82.1,true,affected,
rancher/mirrored-cilium-cilium:v1.19.6,rancher/head,google.golang.org/grpc,v1.79.3,gobinary,GHSA-hrxh-6v49-42gf,HIGH,https://github.com/advisories/GHSA-hrxh-6v49-42gf,usr/bin/cilium-agent,1.82.1,true,affected,
rancher/mirrored-cilium-cilium:v1.19.6,rancher/head,google.golang.org/grpc,v1.79.3,gobinary,GHSA-hrxh-6v49-42gf,HIGH,https://github.com/advisories/GHSA-hrxh-6v49-42gf,usr/bin/cilium-dbg,1.82.1,true,affected,
rancher/mirrored-cilium-cilium:v1.19.6,rancher/head,google.golang.org/grpc,v1.79.3,gobinary,GHSA-hrxh-6v49-42gf,HIGH,https://github.com/advisories/GHSA-hrxh-6v49-42gf,usr/bin/hubble,1.82.1,true,affected,
rancher/mirrored-cilium-clustermesh-apiserver:v1.19.6,rancher/head,go.mongodb.org/mongo-driver,v1.17.6,gobinary,CVE-2026-2303,MEDIUM,https://avd.aquasec.com/nvd/cve-2026-2303,usr/bin/clustermesh-apiserver,1.17.7,true,not_affected,vulnerable_code_not_present
rancher/mirrored-cilium-clustermesh-apiserver:v1.19.6,rancher/head,golang.org/x/net,v0.52.0,gobinary,CVE-2026-25680,MEDIUM,https://avd.aquasec.com/nvd/cve-2026-25680,usr/bin/etcd,0.55.0,true,not_affected,vulnerable_code_not_present
rancher/mirrored-cilium-clustermesh-apiserver:v1.19.6,rancher/head,golang.org/x/net,v0.52.0,gobinary,CVE-2026-25681,HIGH,https://avd.aquasec.com/nvd/cve-2026-25681,usr/bin/etcd,0.55.0,true,not_affected,vulnerable_code_not_present
rancher/mirrored-cilium-clustermesh-apiserver:v1.19.6,rancher/head,golang.org/x/net,v0.52.0,gobinary,CVE-2026-27136,HIGH,https://avd.aquasec.com/nvd/cve-2026-27136,usr/bin/etcd,0.55.0,true,not_affected,vulnerable_code_not_present
rancher/mirrored-cilium-clustermesh-apiserver:v1.19.6,rancher/head,go.opentelemetry.io/otel,v1.40.0,gobinary,CVE-2026-29181,HIGH,https://avd.aquasec.com/nvd/cve-2026-29181,usr/bin/etcd,1.41.0,true,not_affected,vulnerable_code_not_in_execute_path
rancher/mirrored-cilium-clustermesh-apiserver:v1.19.6,rancher/head,golang.org/x/net,v0.52.0,gobinary,CVE-2026-33814,HIGH,https://avd.aquasec.com/nvd/cve-2026-33814,usr/bin/etcd,0.53.0,true,not_affected,vulnerable_code_not_in_execute_path
rancher/mirrored-cilium-clustermesh-apiserver:v1.19.6,rancher/head,golang.org/x/net,v0.52.0,gobinary,CVE-2026-39821,HIGH,https://avd.aquasec.com/nvd/cve-2026-39821,usr/bin/etcd,0.55.0,true,not_affected,vulnerable_code_not_in_execute_path
rancher/mirrored-cilium-clustermesh-apiserver:v1.19.6,rancher/head,stdlib,v1.25.10,gobinary,CVE-2026-39822,HIGH,https://avd.aquasec.com/nvd/cve-2026-39822,usr/bin/etcd,"1.25.12, 1.26.5, 1.27.0-rc.2",true,not_affected,vulnerable_code_not_in_execute_path
rancher/mirrored-cilium-clustermesh-apiserver:v1.19.6,rancher/head,golang.org/x/crypto,v0.49.0,gobinary,CVE-2026-39827,MEDIUM,https://avd.aquasec.com/nvd/cve-2026-39827,usr/bin/etcd,0.52.0,true,not_affected,vulnerable_code_not_present
rancher/mirrored-cilium-clustermesh-apiserver:v1.19.6,rancher/head,golang.org/x/crypto,v0.49.0,gobinary,CVE-2026-39828,HIGH,https://avd.aquasec.com/nvd/cve-2026-39828,usr/bin/etcd,0.52.0,true,not_affected,vulnerable_code_not_present
rancher/mirrored-cilium-clustermesh-apiserver:v1.19.6,rancher/head,golang.org/x/crypto,v0.49.0,gobinary,CVE-2026-39829,HIGH,https://avd.aquasec.com/nvd/cve-2026-39829,usr/bin/etcd,0.52.0,true,not_affected,vulnerable_code_not_present
rancher/mirrored-cilium-clustermesh-apiserver:v1.19.6,rancher/head,golang.org/x/crypto,v0.49.0,gobinary,CVE-2026-39830,HIGH,https://avd.aquasec.com/nvd/cve-2026-39830,usr/bin/etcd,0.52.0,true,not_affected,vulnerable_code_not_present
rancher/mirrored-cilium-clustermesh-apiserver:v1.19.6,rancher/head,golang.org/x/crypto,v0.49.0,gobinary,CVE-2026-39831,HIGH,https://avd.aquasec.com/nvd/cve-2026-39831,usr/bin/etcd,0.52.0,true,not_affected,vulnerable_code_not_present
rancher/mirrored-cilium-clustermesh-apiserver:v1.19.6,rancher/head,golang.org/x/crypto,v0.49.0,gobinary,CVE-2026-39832,HIGH,https://avd.aquasec.com/nvd/cve-2026-39832,usr/bin/etcd,0.52.0,true,not_affected,vulnerable_code_not_present
rancher/mirrored-cilium-clustermesh-apiserver:v1.19.6,rancher/head,golang.org/x/crypto,v0.49.0,gobinary,CVE-2026-39833,MEDIUM,https://avd.aquasec.com/nvd/cve-2026-39833,usr/bin/etcd,0.52.0,true,not_affected,vulnerable_code_not_present
rancher/mirrored-cilium-clustermesh-apiserver:v1.19.6,rancher/head,golang.org/x/crypto,v0.49.0,gobinary,CVE-2026-39834,MEDIUM,https://avd.aquasec.com/nvd/cve-2026-39834,usr/bin/etcd,0.52.0,true,not_affected,vulnerable_code_not_present
rancher/mirrored-cilium-clustermesh-apiserver:v1.19.6,rancher/head,golang.org/x/crypto,v0.49.0,gobinary,CVE-2026-39835,HIGH,https://avd.aquasec.com/nvd/cve-2026-39835,usr/bin/etcd,0.52.0,true,not_affected,vulnerable_code_not_present
rancher/mirrored-cilium-clustermesh-apiserver:v1.19.6,rancher/head,go.opentelemetry.io/otel/sdk,v1.40.0,gobinary,CVE-2026-39883,HIGH,https://avd.aquasec.com/nvd/cve-2026-39883,usr/bin/etcd,1.43.0,true,not_affected,vulnerable_code_not_present
rancher/mirrored-cilium-clustermesh-apiserver:v1.19.6,rancher/head,golang.org/x/net,v0.52.0,gobinary,CVE-2026-42502,MEDIUM,https://avd.aquasec.com/nvd/cve-2026-42502,usr/bin/etcd,0.55.0,true,not_affected,vulnerable_code_not_present
rancher/mirrored-cilium-clustermesh-apiserver:v1.19.6,rancher/head,stdlib,v1.25.10,gobinary,CVE-2026-42504,HIGH,https://avd.aquasec.com/nvd/cve-2026-42504,usr/bin/etcd,"1.25.11, 1.26.4",true,not_affected,vulnerable_code_not_in_execute_path
rancher/mirrored-cilium-clustermesh-apiserver:v1.19.6,rancher/head,stdlib,v1.25.10,gobinary,CVE-2026-42505,MEDIUM,https://avd.aquasec.com/nvd/cve-2026-42505,usr/bin/etcd,"1.25.12, 1.26.5, 1.27.0-rc.2",true,not_affected,vulnerable_code_not_in_execute_path
rancher/mirrored-cilium-clustermesh-apiserver:v1.19.6,rancher/head,golang.org/x/net,v0.52.0,gobinary,CVE-2026-42506,MEDIUM,https://avd.aquasec.com/nvd/cve-2026-42506,usr/bin/etcd,0.55.0,true,not_affected,vulnerable_code_not_present
rancher/mirrored-cilium-clustermesh-apiserver:v1.19.6,rancher/head,golang.org/x/crypto,v0.49.0,gobinary,CVE-2026-42508,HIGH,https://avd.aquasec.com/nvd/cve-2026-42508,usr/bin/etcd,0.52.0,true,not_affected,vulnerable_code_not_present
rancher/mirrored-cilium-clustermesh-apiserver:v1.19.6,rancher/head,golang.org/x/crypto,v0.49.0,gobinary,CVE-2026-46595,HIGH,https://avd.aquasec.com/nvd/cve-2026-46595,usr/bin/etcd,0.52.0,true,not_affected,vulnerable_code_not_present
rancher/mirrored-cilium-clustermesh-apiserver:v1.19.6,rancher/head,golang.org/x/crypto,v0.49.0,gobinary,CVE-2026-46597,HIGH,https://avd.aquasec.com/nvd/cve-2026-46597,usr/bin/etcd,0.52.0,true,not_affected,vulnerable_code_not_present
rancher/mirrored-cilium-clustermesh-apiserver:v1.19.6,rancher/head,golang.org/x/crypto,v0.49.0,gobinary,CVE-2026-46598,MEDIUM,https://avd.aquasec.com/nvd/cve-2026-46598,usr/bin/etcd,0.52.0,true,not_affected,vulnerable_code_not_present
rancher/mirrored-cilium-clustermesh-apiserver:v1.19.6,rancher/head,golang.org/x/text,v0.36.0,gobinary,CVE-2026-56852,HIGH,https://avd.aquasec.com/nvd/cve-2026-56852,usr/bin/etcd,0.39.0,true,not_affected,vulnerable_code_not_in_execute_path
rancher/mirrored-cilium-clustermesh-apiserver:v1.19.6,rancher/head,google.golang.org/grpc,v1.79.3,gobinary,GHSA-hrxh-6v49-42gf,HIGH,https://github.com/advisories/GHSA-hrxh-6v49-42gf,usr/bin/clustermesh-apiserver,1.82.1,true,affected,
rancher/mirrored-cilium-clustermesh-apiserver:v1.19.6,rancher/head,google.golang.org/grpc,v1.79.3,gobinary,GHSA-hrxh-6v49-42gf,HIGH,https://github.com/advisories/GHSA-hrxh-6v49-42gf,usr/bin/etcd,1.82.1,true,affected,
rancher/mirrored-cilium-hubble-relay:v1.19.6,rancher/head,go.mongodb.org/mongo-driver,v1.17.6,gobinary,CVE-2026-2303,MEDIUM,https://avd.aquasec.com/nvd/cve-2026-2303,usr/bin/hubble-relay,1.17.7,true,not_affected,vulnerable_code_not_present
rancher/mirrored-cilium-hubble-relay:v1.19.6,rancher/head,google.golang.org/grpc,v1.79.3,gobinary,GHSA-hrxh-6v49-42gf,HIGH,https://github.com/advisories/GHSA-hrxh-6v49-42gf,usr/bin/hubble-relay,1.82.1,true,affected,
rancher/mirrored-cilium-hubble-ui-backend:v0.13.5,rancher/head,golang.org/x/net,v0.53.0,gobinary,CVE-2026-25680,MEDIUM,https://avd.aquasec.com/nvd/cve-2026-25680,usr/bin/backend,0.55.0,true,not_affected,vulnerable_code_not_present
rancher/mirrored-cilium-hubble-ui-backend:v0.13.5,rancher/head,golang.org/x/net,v0.53.0,gobinary,CVE-2026-25681,HIGH,https://avd.aquasec.com/nvd/cve-2026-25681,usr/bin/backend,0.55.0,true,not_affected,vulnerable_code_not_present
rancher/mirrored-cilium-hubble-ui-backend:v0.13.5,rancher/head,golang.org/x/net,v0.53.0,gobinary,CVE-2026-27136,HIGH,https://avd.aquasec.com/nvd/cve-2026-27136,usr/bin/backend,0.55.0,true,not_affected,vulnerable_code_not_present
rancher/mirrored-cilium-hubble-ui-backend:v0.13.5,rancher/head,stdlib,v1.26.2,gobinary,CVE-2026-27145,HIGH,https://avd.aquasec.com/nvd/cve-2026-27145,usr/bin/backend,"1.25.11, 1.26.4",true,not_affected,vulnerable_code_not_in_execute_path
rancher/mirrored-cilium-hubble-ui-backend:v0.13.5,rancher/head,stdlib,v1.26.2,gobinary,CVE-2026-33811,HIGH,https://avd.aquasec.com/nvd/cve-2026-33811,usr/bin/backend,"1.25.10, 1.26.3",true,not_affected,vulnerable_code_not_in_execute_path
rancher/mirrored-cilium-hubble-ui-backend:v0.13.5,rancher/head,stdlib,v1.26.2,gobinary,CVE-2026-33814,HIGH,https://avd.aquasec.com/nvd/cve-2026-33814,usr/bin/backend,"1.25.10, 1.26.3",true,not_affected,vulnerable_code_not_in_execute_path
rancher/mirrored-cilium-hubble-ui-backend:v0.13.5,rancher/head,stdlib,v1.26.2,gobinary,CVE-2026-39820,HIGH,https://avd.aquasec.com/nvd/cve-2026-39820,usr/bin/backend,"1.25.10, 1.26.3",true,not_affected,vulnerable_code_not_present
rancher/mirrored-cilium-hubble-ui-backend:v0.13.5,rancher/head,golang.org/x/net,v0.53.0,gobinary,CVE-2026-39821,HIGH,https://avd.aquasec.com/nvd/cve-2026-39821,usr/bin/backend,0.55.0,true,affected,
rancher/mirrored-cilium-hubble-ui-backend:v0.13.5,rancher/head,stdlib,v1.26.2,gobinary,CVE-2026-39822,HIGH,https://avd.aquasec.com/nvd/cve-2026-39822,usr/bin/backend,"1.25.12, 1.26.5, 1.27.0-rc.2",true,not_affected,vulnerable_code_not_in_execute_path
rancher/mirrored-cilium-hubble-ui-backend:v0.13.5,rancher/head,stdlib,v1.26.2,gobinary,CVE-2026-39823,MEDIUM,https://avd.aquasec.com/nvd/cve-2026-39823,usr/bin/backend,"1.25.10, 1.26.3",true,not_affected,vulnerable_code_not_present
rancher/mirrored-cilium-hubble-ui-backend:v0.13.5,rancher/head,stdlib,v1.26.2,gobinary,CVE-2026-39825,MEDIUM,https://avd.aquasec.com/nvd/cve-2026-39825,usr/bin/backend,"1.25.10, 1.26.3",true,not_affected,vulnerable_code_not_in_execute_path
rancher/mirrored-cilium-hubble-ui-backend:v0.13.5,rancher/head,stdlib,v1.26.2,gobinary,CVE-2026-39826,MEDIUM,https://avd.aquasec.com/nvd/cve-2026-39826,usr/bin/backend,"1.25.10, 1.26.3",true,not_affected,vulnerable_code_not_in_execute_path
rancher/mirrored-cilium-hubble-ui-backend:v0.13.5,rancher/head,stdlib,v1.26.2,gobinary,CVE-2026-39836,HIGH,https://avd.aquasec.com/nvd/cve-2026-39836,usr/bin/backend,"1.25.10, 1.26.3",true,not_affected,vulnerable_code_not_in_execute_path
rancher/mirrored-cilium-hubble-ui-backend:v0.13.5,rancher/head,github.com/cilium/cilium,v1.19.2,gobinary,CVE-2026-41520,HIGH,https://avd.aquasec.com/nvd/cve-2026-41520,usr/bin/backend,"1.17.15, 1.18.9, 1.19.3",true,affected,
rancher/mirrored-cilium-hubble-ui-backend:v0.13.5,rancher/head,stdlib,v1.26.2,gobinary,CVE-2026-42499,HIGH,https://avd.aquasec.com/nvd/cve-2026-42499,usr/bin/backend,"1.25.10, 1.26.3",true,not_affected,vulnerable_code_not_present
rancher/mirrored-cilium-hubble-ui-backend:v0.13.5,rancher/head,golang.org/x/net,v0.53.0,gobinary,CVE-2026-42502,MEDIUM,https://avd.aquasec.com/nvd/cve-2026-42502,usr/bin/backend,0.55.0,true,not_affected,vulnerable_code_not_present
rancher/mirrored-cilium-hubble-ui-backend:v0.13.5,rancher/head,stdlib,v1.26.2,gobinary,CVE-2026-42504,HIGH,https://avd.aquasec.com/nvd/cve-2026-42504,usr/bin/backend,"1.25.11, 1.26.4",true,not_affected,vulnerable_code_not_in_execute_path
rancher/mirrored-cilium-hubble-ui-backend:v0.13.5,rancher/head,stdlib,v1.26.2,gobinary,CVE-2026-42505,MEDIUM,https://avd.aquasec.com/nvd/cve-2026-42505,usr/bin/backend,"1.25.12, 1.26.5, 1.27.0-rc.2",true,not_affected,vulnerable_code_not_in_execute_path
rancher/mirrored-cilium-hubble-ui-backend:v0.13.5,rancher/head,golang.org/x/net,v0.53.0,gobinary,CVE-2026-42506,MEDIUM,https://avd.aquasec.com/nvd/cve-2026-42506,usr/bin/backend,0.55.0,true,not_affected,vulnerable_code_not_present
rancher/mirrored-cilium-hubble-ui-backend:v0.13.5,rancher/head,stdlib,v1.26.2,gobinary,CVE-2026-42507,MEDIUM,https://avd.aquasec.com/nvd/cve-2026-42507,usr/bin/backend,"1.25.11, 1.26.4",true,not_affected,vulnerable_code_not_in_execute_path
rancher/mirrored-cilium-hubble-ui-backend:v0.13.5,rancher/head,google.golang.org/grpc,v1.80.0,gobinary,GHSA-hrxh-6v49-42gf,HIGH,https://github.com/advisories/GHSA-hrxh-6v49-42gf,usr/bin/backend,1.82.1,true,affected,
rancher/mirrored-cilium-hubble-ui:v0.13.5,rancher/head,libcrypto3,3.5.6-r0,alpine,CVE-2026-45447,HIGH,https://avd.aquasec.com/nvd/cve-2026-45447,rancher/mirrored-cilium-hubble-ui:v0.13.5 (alpine 3.23.3),3.5.7-r0,true,affected,
rancher/mirrored-cilium-hubble-ui:v0.13.5,rancher/head,libssl3,3.5.6-r0,alpine,CVE-2026-45447,HIGH,https://avd.aquasec.com/nvd/cve-2026-45447,rancher/mirrored-cilium-hubble-ui:v0.13.5 (alpine 3.23.3),3.5.7-r0,true,affected,
rancher/mirrored-cilium-operator-aws:v1.19.6,rancher/head,go.mongodb.org/mongo-driver,v1.17.6,gobinary,CVE-2026-2303,MEDIUM,https://avd.aquasec.com/nvd/cve-2026-2303,usr/bin/cilium-operator-aws,1.17.7,true,not_affected,vulnerable_code_not_present
rancher/mirrored-cilium-operator-aws:v1.19.6,rancher/head,google.golang.org/grpc,v1.79.3,gobinary,GHSA-hrxh-6v49-42gf,HIGH,https://github.com/advisories/GHSA-hrxh-6v49-42gf,usr/bin/cilium-operator-aws,1.82.1,true,affected,
rancher/mirrored-cilium-operator-azure:v1.19.6,rancher/head,go.mongodb.org/mongo-driver,v1.17.6,gobinary,CVE-2026-2303,MEDIUM,https://avd.aquasec.com/nvd/cve-2026-2303,usr/bin/cilium-operator-azure,1.17.7,true,not_affected,vulnerable_code_not_present
rancher/mirrored-cilium-operator-azure:v1.19.6,rancher/head,google.golang.org/grpc,v1.79.3,gobinary,GHSA-hrxh-6v49-42gf,HIGH,https://github.com/advisories/GHSA-hrxh-6v49-42gf,usr/bin/cilium-operator-azure,1.82.1,true,affected,
rancher/mirrored-cilium-operator-generic:v1.19.6,rancher/head,go.mongodb.org/mongo-driver,v1.17.6,gobinary,CVE-2026-2303,MEDIUM,https://avd.aquasec.com/nvd/cve-2026-2303,usr/bin/cilium-operator-generic,1.17.7,true,not_affected,vulnerable_code_not_present
rancher/mirrored-cilium-operator-generic:v1.19.6,rancher/head,google.golang.org/grpc,v1.79.3,gobinary,GHSA-hrxh-6v49-42gf,HIGH,https://github.com/advisories/GHSA-hrxh-6v49-42gf,usr/bin/cilium-operator-generic,1.82.1,true,affected,
rancher/mirrored-cloud-provider-vsphere-csi-release-driver:v3.7.2,rancher/head,libmicrohttpd,0.9.76-5.ph5,photon,CVE-2025-59777,HIGH,https://avd.aquasec.com/nvd/cve-2025-59777,rancher/mirrored-cloud-provider-vsphere-csi-release-driver:v3.7.2 (photon 5.0),1.0.6-1.ph5,true,affected,
rancher/mirrored-cloud-provider-vsphere-csi-release-driver:v3.7.2,rancher/head,libmicrohttpd,0.9.76-5.ph5,photon,CVE-2025-62689,HIGH,https://avd.aquasec.com/nvd/cve-2025-62689,rancher/mirrored-cloud-provider-vsphere-csi-release-driver:v3.7.2 (photon 5.0),1.0.6-1.ph5,true,affected,
rancher/mirrored-cloud-provider-vsphere-csi-release-driver:v3.7.2,rancher/head,python3,3.14.5-2.ph5,photon,CVE-2026-11940,CRITICAL,https://avd.aquasec.com/nvd/cve-2026-11940,rancher/mirrored-cloud-provider-vsphere-csi-release-driver:v3.7.2 (photon 5.0),3.14.5-4.ph5,true,affected,
rancher/mirrored-cloud-provider-vsphere-csi-release-driver:v3.7.2,rancher/head,python3-libs,3.14.5-2.ph5,photon,CVE-2026-11940,CRITICAL,https://avd.aquasec.com/nvd/cve-2026-11940,rancher/mirrored-cloud-provider-vsphere-csi-release-driver:v3.7.2 (photon 5.0),3.14.5-4.ph5,true,affected,
rancher/mirrored-cloud-provider-vsphere-csi-release-driver:v3.7.2,rancher/head,python3,3.14.5-2.ph5,photon,CVE-2026-11972,HIGH,https://avd.aquasec.com/nvd/cve-2026-11972,rancher/mirrored-cloud-provider-vsphere-csi-release-driver:v3.7.2 (photon 5.0),3.14.5-4.ph5,true,affected,
rancher/mirrored-cloud-provider-vsphere-csi-release-driver:v3.7.2,rancher/head,python3-libs,3.14.5-2.ph5,photon,CVE-2026-11972,HIGH,https://avd.aquasec.com/nvd/cve-2026-11972,rancher/mirrored-cloud-provider-vsphere-csi-release-driver:v3.7.2 (photon 5.0),3.14.5-4.ph5,true,affected,
rancher/mirrored-cloud-provider-vsphere-csi-release-driver:v3.7.2,rancher/head,stdlib,v1.26.3,gobinary,CVE-2026-27145,HIGH,https://avd.aquasec.com/nvd/cve-2026-27145,usr/bin/vsphere-csi,"1.25.11, 1.26.4",true,not_affected,vulnerable_code_not_in_execute_path
rancher/mirrored-cloud-provider-vsphere-csi-release-driver:v3.7.2,rancher/head,stdlib,v1.26.3,gobinary,CVE-2026-39822,HIGH,https://avd.aquasec.com/nvd/cve-2026-39822,usr/bin/vsphere-csi,"1.25.12, 1.26.5, 1.27.0-rc.2",true,not_affected,vulnerable_code_not_in_execute_path
rancher/mirrored-cloud-provider-vsphere-csi-release-driver:v3.7.2,rancher/head,stdlib,v1.26.3,gobinary,CVE-2026-42504,HIGH,https://avd.aquasec.com/nvd/cve-2026-42504,usr/bin/vsphere-csi,"1.25.11, 1.26.4",true,not_affected,vulnerable_code_not_in_execute_path
rancher/mirrored-cloud-provider-vsphere-csi-release-driver:v3.7.2,rancher/head,stdlib,v1.26.3,gobinary,CVE-2026-42505,MEDIUM,https://avd.aquasec.com/nvd/cve-2026-42505,usr/bin/vsphere-csi,"1.25.12, 1.26.5, 1.27.0-rc.2",true,not_affected,vulnerable_code_not_in_execute_path
rancher/mirrored-cloud-provider-vsphere-csi-release-driver:v3.7.2,rancher/head,stdlib,v1.26.3,gobinary,CVE-2026-42507,MEDIUM,https://avd.aquasec.com/nvd/cve-2026-42507,usr/bin/vsphere-csi,"1.25.11, 1.26.4",true,not_affected,vulnerable_code_cannot_be_controlled_by_adversary
rancher/mirrored-cloud-provider-vsphere-csi-release-driver:v3.7.2,rancher/head,libacl,2.3.1-7.ph5,photon,CVE-2026-54369,HIGH,https://avd.aquasec.com/nvd/cve-2026-54369,rancher/mirrored-cloud-provider-vsphere-csi-release-driver:v3.7.2 (photon 5.0),2.4.0-1.ph5,true,affected,
rancher/mirrored-cloud-provider-vsphere-csi-release-driver:v3.7.2,rancher/head,libssh2,1.11.1-3.ph5,photon,CVE-2026-55199,HIGH,https://avd.aquasec.com/nvd/cve-2026-55199,rancher/mirrored-cloud-provider-vsphere-csi-release-driver:v3.7.2 (photon 5.0),1.11.1-5.ph5,true,affected,
rancher/mirrored-cloud-provider-vsphere-csi-release-driver:v3.7.2,rancher/head,libssh2,1.11.1-3.ph5,photon,CVE-2026-55200,HIGH,https://avd.aquasec.com/nvd/cve-2026-55200,rancher/mirrored-cloud-provider-vsphere-csi-release-driver:v3.7.2 (photon 5.0),1.11.1-4.ph5,true,affected,
rancher/mirrored-cloud-provider-vsphere-csi-release-driver:v3.7.2,rancher/head,golang.org/x/text,v0.38.0,gobinary,CVE-2026-56852,HIGH,https://avd.aquasec.com/nvd/cve-2026-56852,usr/bin/vsphere-csi,0.39.0,true,not_affected,vulnerable_code_not_in_execute_path
rancher/mirrored-cloud-provider-vsphere-csi-release-driver:v3.7.2,rancher/head,google.golang.org/grpc,v1.81.1,gobinary,GHSA-hrxh-6v49-42gf,HIGH,https://github.com/advisories/GHSA-hrxh-6v49-42gf,usr/bin/vsphere-csi,1.82.1,true,affected,
rancher/mirrored-cloud-provider-vsphere-csi-release-syncer:v3.7.2,rancher/head,stdlib,v1.26.3,gobinary,CVE-2026-27145,HIGH,https://avd.aquasec.com/nvd/cve-2026-27145,usr/bin/vsphere-syncer,"1.25.11, 1.26.4",true,not_affected,vulnerable_code_not_in_execute_path
rancher/mirrored-cloud-provider-vsphere-csi-release-syncer:v3.7.2,rancher/head,stdlib,v1.26.3,gobinary,CVE-2026-39822,HIGH,https://avd.aquasec.com/nvd/cve-2026-39822,usr/bin/vsphere-syncer,"1.25.12, 1.26.5, 1.27.0-rc.2",true,not_affected,vulnerable_code_not_in_execute_path
rancher/mirrored-cloud-provider-vsphere-csi-release-syncer:v3.7.2,rancher/head,stdlib,v1.26.3,gobinary,CVE-2026-42504,HIGH,https://avd.aquasec.com/nvd/cve-2026-42504,usr/bin/vsphere-syncer,"1.25.11, 1.26.4",true,not_affected,vulnerable_code_not_in_execute_path
rancher/mirrored-cloud-provider-vsphere-csi-release-syncer:v3.7.2,rancher/head,stdlib,v1.26.3,gobinary,CVE-2026-42505,MEDIUM,https://avd.aquasec.com/nvd/cve-2026-42505,usr/bin/vsphere-syncer,"1.25.12, 1.26.5, 1.27.0-rc.2",true,not_affected,vulnerable_code_not_in_execute_path
rancher/mirrored-cloud-provider-vsphere-csi-release-syncer:v3.7.2,rancher/head,stdlib,v1.26.3,gobinary,CVE-2026-42507,MEDIUM,https://avd.aquasec.com/nvd/cve-2026-42507,usr/bin/vsphere-syncer,"1.25.11, 1.26.4",true,not_affected,vulnerable_code_cannot_be_controlled_by_adversary
rancher/mirrored-cloud-provider-vsphere-csi-release-syncer:v3.7.2,rancher/head,libssh2,1.11.1-3.ph5,photon,CVE-2026-55199,HIGH,https://avd.aquasec.com/nvd/cve-2026-55199,rancher/mirrored-cloud-provider-vsphere-csi-release-syncer:v3.7.2 (photon 5.0),1.11.1-5.ph5,true,affected,
rancher/mirrored-cloud-provider-vsphere-csi-release-syncer:v3.7.2,rancher/head,libssh2,1.11.1-3.ph5,photon,CVE-2026-55200,HIGH,https://avd.aquasec.com/nvd/cve-2026-55200,rancher/mirrored-cloud-provider-vsphere-csi-release-syncer:v3.7.2 (photon 5.0),1.11.1-4.ph5,true,affected,
rancher/mirrored-cloud-provider-vsphere-csi-release-syncer:v3.7.2,rancher/head,golang.org/x/text,v0.38.0,gobinary,CVE-2026-56852,HIGH,https://avd.aquasec.com/nvd/cve-2026-56852,usr/bin/vsphere-syncer,0.39.0,true,not_affected,vulnerable_code_not_in_execute_path
rancher/mirrored-cloud-provider-vsphere-csi-release-syncer:v3.7.2,rancher/head,google.golang.org/grpc,v1.81.1,gobinary,GHSA-hrxh-6v49-42gf,HIGH,https://github.com/advisories/GHSA-hrxh-6v49-42gf,usr/bin/vsphere-syncer,1.82.1,true,affected,
rancher/mirrored-cloud-provider-vsphere:v1.36.0,rancher/head,stdlib,v1.26.0,gobinary,CVE-2026-25679,HIGH,https://avd.aquasec.com/nvd/cve-2026-25679,bin/vsphere-cloud-controller-manager,"1.25.8, 1.26.1",true,not_affected,vulnerable_code_not_in_execute_path
rancher/mirrored-cloud-provider-vsphere:v1.36.0,rancher/head,golang.org/x/net,v0.53.0,gobinary,CVE-2026-25680,MEDIUM,https://avd.aquasec.com/nvd/cve-2026-25680,bin/vsphere-cloud-controller-manager,0.55.0,true,not_affected,vulnerable_code_not_present
rancher/mirrored-cloud-provider-vsphere:v1.36.0,rancher/head,golang.org/x/net,v0.53.0,gobinary,CVE-2026-25681,HIGH,https://avd.aquasec.com/nvd/cve-2026-25681,bin/vsphere-cloud-controller-manager,0.55.0,true,not_affected,vulnerable_code_not_present
rancher/mirrored-cloud-provider-vsphere:v1.36.0,rancher/head,golang.org/x/net,v0.53.0,gobinary,CVE-2026-27136,HIGH,https://avd.aquasec.com/nvd/cve-2026-27136,bin/vsphere-cloud-controller-manager,0.55.0,true,not_affected,vulnerable_code_not_present
rancher/mirrored-cloud-provider-vsphere:v1.36.0,rancher/head,stdlib,v1.26.0,gobinary,CVE-2026-27137,HIGH,https://avd.aquasec.com/nvd/cve-2026-27137,bin/vsphere-cloud-controller-manager,1.26.1,true,not_affected,vulnerable_code_not_in_execute_path
rancher/mirrored-cloud-provider-vsphere:v1.36.0,rancher/head,stdlib,v1.26.0,gobinary,CVE-2026-27142,MEDIUM,https://avd.aquasec.com/nvd/cve-2026-27142,bin/vsphere-cloud-controller-manager,"1.25.8, 1.26.1",true,not_affected,vulnerable_code_not_in_execute_path
rancher/mirrored-cloud-provider-vsphere:v1.36.0,rancher/head,stdlib,v1.26.0,gobinary,CVE-2026-27145,HIGH,https://avd.aquasec.com/nvd/cve-2026-27145,bin/vsphere-cloud-controller-manager,"1.25.11, 1.26.4",true,not_affected,vulnerable_code_not_in_execute_path
rancher/mirrored-cloud-provider-vsphere:v1.36.0,rancher/head,stdlib,v1.26.0,gobinary,CVE-2026-32280,HIGH,https://avd.aquasec.com/nvd/cve-2026-32280,bin/vsphere-cloud-controller-manager,"1.25.9, 1.26.2",true,not_affected,vulnerable_code_not_in_execute_path
rancher/mirrored-cloud-provider-vsphere:v1.36.0,rancher/head,stdlib,v1.26.0,gobinary,CVE-2026-32281,HIGH,https://avd.aquasec.com/nvd/cve-2026-32281,bin/vsphere-cloud-controller-manager,"1.25.9, 1.26.2",true,not_affected,vulnerable_code_not_in_execute_path
rancher/mirrored-cloud-provider-vsphere:v1.36.0,rancher/head,stdlib,v1.26.0,gobinary,CVE-2026-32282,MEDIUM,https://avd.aquasec.com/nvd/cve-2026-32282,bin/vsphere-cloud-controller-manager,"1.25.9, 1.26.2",true,not_affected,vulnerable_code_not_in_execute_path
rancher/mirrored-cloud-provider-vsphere:v1.36.0,rancher/head,stdlib,v1.26.0,gobinary,CVE-2026-32283,HIGH,https://avd.aquasec.com/nvd/cve-2026-32283,bin/vsphere-cloud-controller-manager,"1.25.9, 1.26.2",true,not_affected,vulnerable_code_not_in_execute_path
rancher/mirrored-cloud-provider-vsphere:v1.36.0,rancher/head,stdlib,v1.26.0,gobinary,CVE-2026-32288,MEDIUM,https://avd.aquasec.com/nvd/cve-2026-32288,bin/vsphere-cloud-controller-manager,"1.25.9, 1.26.2",true,not_affected,vulnerable_code_not_present
rancher/mirrored-cloud-provider-vsphere:v1.36.0,rancher/head,stdlib,v1.26.0,gobinary,CVE-2026-32289,MEDIUM,https://avd.aquasec.com/nvd/cve-2026-32289,bin/vsphere-cloud-controller-manager,"1.25.9, 1.26.2",true,not_affected,vulnerable_code_not_in_execute_path
rancher/mirrored-cloud-provider-vsphere:v1.36.0,rancher/head,stdlib,v1.26.0,gobinary,CVE-2026-33810,HIGH,https://avd.aquasec.com/nvd/cve-2026-33810,bin/vsphere-cloud-controller-manager,1.26.2,true,not_affected,vulnerable_code_not_in_execute_path
rancher/mirrored-cloud-provider-vsphere:v1.36.0,rancher/head,stdlib,v1.26.0,gobinary,CVE-2026-33811,HIGH,https://avd.aquasec.com/nvd/cve-2026-33811,bin/vsphere-cloud-controller-manager,"1.25.10, 1.26.3",true,not_affected,vulnerable_code_not_in_execute_path
rancher/mirrored-cloud-provider-vsphere:v1.36.0,rancher/head,stdlib,v1.26.0,gobinary,CVE-2026-33814,HIGH,https://avd.aquasec.com/nvd/cve-2026-33814,bin/vsphere-cloud-controller-manager,"1.25.10, 1.26.3",true,not_affected,vulnerable_code_not_in_execute_path
rancher/mirrored-cloud-provider-vsphere:v1.36.0,rancher/head,stdlib,v1.26.0,gobinary,CVE-2026-39820,HIGH,https://avd.aquasec.com/nvd/cve-2026-39820,bin/vsphere-cloud-controller-manager,"1.25.10, 1.26.3",true,not_affected,vulnerable_code_not_in_execute_path
rancher/mirrored-cloud-provider-vsphere:v1.36.0,rancher/head,golang.org/x/net,v0.53.0,gobinary,CVE-2026-39821,HIGH,https://avd.aquasec.com/nvd/cve-2026-39821,bin/vsphere-cloud-controller-manager,0.55.0,true,affected,
rancher/mirrored-cloud-provider-vsphere:v1.36.0,rancher/head,stdlib,v1.26.0,gobinary,CVE-2026-39822,HIGH,https://avd.aquasec.com/nvd/cve-2026-39822,bin/vsphere-cloud-controller-manager,"1.25.12, 1.26.5, 1.27.0-rc.2",true,not_affected,vulnerable_code_not_in_execute_path
rancher/mirrored-cloud-provider-vsphere:v1.36.0,rancher/head,stdlib,v1.26.0,gobinary,CVE-2026-39823,MEDIUM,https://avd.aquasec.com/nvd/cve-2026-39823,bin/vsphere-cloud-controller-manager,"1.25.10, 1.26.3",true,not_affected,vulnerable_code_not_in_execute_path
rancher/mirrored-cloud-provider-vsphere:v1.36.0,rancher/head,stdlib,v1.26.0,gobinary,CVE-2026-39825,MEDIUM,https://avd.aquasec.com/nvd/cve-2026-39825,bin/vsphere-cloud-controller-manager,"1.25.10, 1.26.3",true,not_affected,vulnerable_code_not_in_execute_path
rancher/mirrored-cloud-provider-vsphere:v1.36.0,rancher/head,stdlib,v1.26.0,gobinary,CVE-2026-39826,MEDIUM,https://avd.aquasec.com/nvd/cve-2026-39826,bin/vsphere-cloud-controller-manager,"1.25.10, 1.26.3",true,not_affected,vulnerable_code_not_in_execute_path
rancher/mirrored-cloud-provider-vsphere:v1.36.0,rancher/head,golang.org/x/crypto,v0.50.0,gobinary,CVE-2026-39827,MEDIUM,https://avd.aquasec.com/nvd/cve-2026-39827,bin/vsphere-cloud-controller-manager,0.52.0,true,not_affected,vulnerable_code_not_present
rancher/mirrored-cloud-provider-vsphere:v1.36.0,rancher/head,golang.org/x/crypto,v0.50.0,gobinary,CVE-2026-39828,HIGH,https://avd.aquasec.com/nvd/cve-2026-39828,bin/vsphere-cloud-controller-manager,0.52.0,true,not_affected,vulnerable_code_not_present
rancher/mirrored-cloud-provider-vsphere:v1.36.0,rancher/head,golang.org/x/crypto,v0.50.0,gobinary,CVE-2026-39829,HIGH,https://avd.aquasec.com/nvd/cve-2026-39829,bin/vsphere-cloud-controller-manager,0.52.0,true,not_affected,vulnerable_code_not_present
rancher/mirrored-cloud-provider-vsphere:v1.36.0,rancher/head,golang.org/x/crypto,v0.50.0,gobinary,CVE-2026-39830,HIGH,https://avd.aquasec.com/nvd/cve-2026-39830,bin/vsphere-cloud-controller-manager,0.52.0,true,not_affected,vulnerable_code_not_present
rancher/mirrored-cloud-provider-vsphere:v1.36.0,rancher/head,golang.org/x/crypto,v0.50.0,gobinary,CVE-2026-39831,HIGH,https://avd.aquasec.com/nvd/cve-2026-39831,bin/vsphere-cloud-controller-manager,0.52.0,true,not_affected,vulnerable_code_not_present
rancher/mirrored-cloud-provider-vsphere:v1.36.0,rancher/head,golang.org/x/crypto,v0.50.0,gobinary,CVE-2026-39832,HIGH,https://avd.aquasec.com/nvd/cve-2026-39832,bin/vsphere-cloud-controller-manager,0.52.0,true,not_affected,vulnerable_code_not_present
rancher/mirrored-cloud-provider-vsphere:v1.36.0,rancher/head,golang.org/x/crypto,v0.50.0,gobinary,CVE-2026-39833,MEDIUM,https://avd.aquasec.com/nvd/cve-2026-39833,bin/vsphere-cloud-controller-manager,0.52.0,true,not_affected,vulnerable_code_not_present
rancher/mirrored-cloud-provider-vsphere:v1.36.0,rancher/head,golang.org/x/crypto,v0.50.0,gobinary,CVE-2026-39834,MEDIUM,https://avd.aquasec.com/nvd/cve-2026-39834,bin/vsphere-cloud-controller-manager,0.52.0,true,not_affected,vulnerable_code_not_present
rancher/mirrored-cloud-provider-vsphere:v1.36.0,rancher/head,golang.org/x/crypto,v0.50.0,gobinary,CVE-2026-39835,HIGH,https://avd.aquasec.com/nvd/cve-2026-39835,bin/vsphere-cloud-controller-manager,0.52.0,true,not_affected,vulnerable_code_not_present
rancher/mirrored-cloud-provider-vsphere:v1.36.0,rancher/head,stdlib,v1.26.0,gobinary,CVE-2026-39836,HIGH,https://avd.aquasec.com/nvd/cve-2026-39836,bin/vsphere-cloud-controller-manager,"1.25.10, 1.26.3",true,not_affected,vulnerable_code_not_in_execute_path
rancher/mirrored-cloud-provider-vsphere:v1.36.0,rancher/head,go.opentelemetry.io/otel/sdk,v1.40.0,gobinary,CVE-2026-39883,HIGH,https://avd.aquasec.com/nvd/cve-2026-39883,bin/vsphere-cloud-controller-manager,1.43.0,true,not_affected,vulnerable_code_not_in_execute_path
rancher/mirrored-cloud-provider-vsphere:v1.36.0,rancher/head,stdlib,v1.26.0,gobinary,CVE-2026-42499,HIGH,https://avd.aquasec.com/nvd/cve-2026-42499,bin/vsphere-cloud-controller-manager,"1.25.10, 1.26.3",true,not_affected,vulnerable_code_not_in_execute_path
rancher/mirrored-cloud-provider-vsphere:v1.36.0,rancher/head,golang.org/x/net,v0.53.0,gobinary,CVE-2026-42502,MEDIUM,https://avd.aquasec.com/nvd/cve-2026-42502,bin/vsphere-cloud-controller-manager,0.55.0,true,not_affected,vulnerable_code_not_present
rancher/mirrored-cloud-provider-vsphere:v1.36.0,rancher/head,stdlib,v1.26.0,gobinary,CVE-2026-42504,HIGH,https://avd.aquasec.com/nvd/cve-2026-42504,bin/vsphere-cloud-controller-manager,"1.25.11, 1.26.4",true,not_affected,vulnerable_code_not_in_execute_path
rancher/mirrored-cloud-provider-vsphere:v1.36.0,rancher/head,stdlib,v1.26.0,gobinary,CVE-2026-42505,MEDIUM,https://avd.aquasec.com/nvd/cve-2026-42505,bin/vsphere-cloud-controller-manager,"1.25.12, 1.26.5, 1.27.0-rc.2",true,not_affected,vulnerable_code_not_in_execute_path
rancher/mirrored-cloud-provider-vsphere:v1.36.0,rancher/head,golang.org/x/net,v0.53.0,gobinary,CVE-2026-42506,MEDIUM,https://avd.aquasec.com/nvd/cve-2026-42506,bin/vsphere-cloud-controller-manager,0.55.0,true,not_affected,vulnerable_code_not_present
rancher/mirrored-cloud-provider-vsphere:v1.36.0,rancher/head,stdlib,v1.26.0,gobinary,CVE-2026-42507,MEDIUM,https://avd.aquasec.com/nvd/cve-2026-42507,bin/vsphere-cloud-controller-manager,"1.25.11, 1.26.4",true,not_affected,vulnerable_code_not_in_execute_path
rancher/mirrored-cloud-provider-vsphere:v1.36.0,rancher/head,golang.org/x/crypto,v0.50.0,gobinary,CVE-2026-42508,HIGH,https://avd.aquasec.com/nvd/cve-2026-42508,bin/vsphere-cloud-controller-manager,0.52.0,true,not_affected,vulnerable_code_not_present
rancher/mirrored-cloud-provider-vsphere:v1.36.0,rancher/head,golang.org/x/crypto,v0.50.0,gobinary,CVE-2026-46595,HIGH,https://avd.aquasec.com/nvd/cve-2026-46595,bin/vsphere-cloud-controller-manager,0.52.0,true,not_affected,vulnerable_code_not_present
rancher/mirrored-cloud-provider-vsphere:v1.36.0,rancher/head,golang.org/x/crypto,v0.50.0,gobinary,CVE-2026-46597,HIGH,https://avd.aquasec.com/nvd/cve-2026-46597,bin/vsphere-cloud-controller-manager,0.52.0,true,not_affected,vulnerable_code_not_present
rancher/mirrored-cloud-provider-vsphere:v1.36.0,rancher/head,golang.org/x/crypto,v0.50.0,gobinary,CVE-2026-46598,MEDIUM,https://avd.aquasec.com/nvd/cve-2026-46598,bin/vsphere-cloud-controller-manager,0.52.0,true,not_affected,vulnerable_code_not_present
rancher/mirrored-cloud-provider-vsphere:v1.36.0,rancher/head,google.golang.org/grpc,v1.79.3,gobinary,GHSA-hrxh-6v49-42gf,HIGH,https://github.com/advisories/GHSA-hrxh-6v49-42gf,bin/vsphere-cloud-controller-manager,1.82.1,true,affected,
rancher/mirrored-coredns-coredns:1.14.6,rancher/head,github.com/coredns/coredns,v0.0.0-20260710050435-424d125775cd,gobinary,CVE-2023-28452,HIGH,https://avd.aquasec.com/nvd/cve-2023-28452,coredns,1.11.0,true,affected,
rancher/mirrored-coredns-coredns:1.14.6,rancher/head,github.com/coredns/coredns,v0.0.0-20260710050435-424d125775cd,gobinary,CVE-2025-68151,HIGH,https://avd.aquasec.com/nvd/cve-2025-68151,coredns,1.14.0,true,affected,severity_changed_due_to_suse_cvss_score
rancher/mirrored-coredns-coredns:1.14.6,rancher/head,github.com/coredns/coredns,v0.0.0-20260710050435-424d125775cd,gobinary,CVE-2026-26017,HIGH,https://avd.aquasec.com/nvd/cve-2026-26017,coredns,1.14.2,true,affected,
rancher/mirrored-coredns-coredns:1.14.6,rancher/head,github.com/coredns/coredns,v0.0.0-20260710050435-424d125775cd,gobinary,CVE-2026-26018,HIGH,https://avd.aquasec.com/nvd/cve-2026-26018,coredns,1.14.2,true,affected,
rancher/mirrored-coredns-coredns:1.14.6,rancher/head,github.com/coredns/coredns,v0.0.0-20260710050435-424d125775cd,gobinary,CVE-2026-32934,HIGH,https://avd.aquasec.com/nvd/cve-2026-32934,coredns,1.14.3,true,affected,
rancher/mirrored-coredns-coredns:1.14.6,rancher/head,github.com/coredns/coredns,v0.0.0-20260710050435-424d125775cd,gobinary,CVE-2026-32936,HIGH,https://avd.aquasec.com/nvd/cve-2026-32936,coredns,1.14.3,true,affected,
rancher/mirrored-coredns-coredns:1.14.6,rancher/head,github.com/coredns/coredns,v0.0.0-20260710050435-424d125775cd,gobinary,CVE-2026-33190,HIGH,https://avd.aquasec.com/nvd/cve-2026-33190,coredns,1.14.3,true,affected,
rancher/mirrored-coredns-coredns:1.14.6,rancher/head,github.com/coredns/coredns,v0.0.0-20260710050435-424d125775cd,gobinary,CVE-2026-33489,HIGH,https://avd.aquasec.com/nvd/cve-2026-33489,coredns,1.14.3,true,affected,
rancher/mirrored-coredns-coredns:1.14.6,rancher/head,github.com/coredns/coredns,v0.0.0-20260710050435-424d125775cd,gobinary,CVE-2026-35579,HIGH,https://avd.aquasec.com/nvd/cve-2026-35579,coredns,1.14.3,true,affected,
rancher/mirrored-coredns-coredns:1.14.6,rancher/head,golang.org/x/text,v0.38.0,gobinary,CVE-2026-56852,HIGH,https://avd.aquasec.com/nvd/cve-2026-56852,coredns,0.39.0,true,not_affected,vulnerable_code_not_in_execute_path
rancher/mirrored-coredns-coredns:1.14.6,rancher/head,google.golang.org/grpc,v1.82.0,gobinary,GHSA-hrxh-6v49-42gf,HIGH,https://github.com/advisories/GHSA-hrxh-6v49-42gf,coredns,1.82.1,true,affected,
rancher/mirrored-kube-vip-kube-vip-iptables:v1.1.2,rancher/head,golang.org/x/net,v0.52.0,gobinary,CVE-2026-25680,MEDIUM,https://avd.aquasec.com/nvd/cve-2026-25680,kube-vip,0.55.0,true,not_affected,vulnerable_code_not_present
rancher/mirrored-kube-vip-kube-vip-iptables:v1.1.2,rancher/head,golang.org/x/net,v0.52.0,gobinary,CVE-2026-25681,HIGH,https://avd.aquasec.com/nvd/cve-2026-25681,kube-vip,0.55.0,true,not_affected,vulnerable_code_not_present
rancher/mirrored-kube-vip-kube-vip-iptables:v1.1.2,rancher/head,golang.org/x/net,v0.52.0,gobinary,CVE-2026-27136,HIGH,https://avd.aquasec.com/nvd/cve-2026-27136,kube-vip,0.55.0,true,not_affected,vulnerable_code_not_present
rancher/mirrored-kube-vip-kube-vip-iptables:v1.1.2,rancher/head,stdlib,v1.26.1,gobinary,CVE-2026-27145,HIGH,https://avd.aquasec.com/nvd/cve-2026-27145,kube-vip,"1.25.11, 1.26.4",true,not_affected,vulnerable_code_not_in_execute_path
rancher/mirrored-kube-vip-kube-vip-iptables:v1.1.2,rancher/head,libcrypto3,3.5.5-r0,alpine,CVE-2026-28387,HIGH,https://avd.aquasec.com/nvd/cve-2026-28387,rancher/mirrored-kube-vip-kube-vip-iptables:v1.1.2 (alpine 3.23.3),3.5.6-r0,true,affected,
rancher/mirrored-kube-vip-kube-vip-iptables:v1.1.2,rancher/head,libssl3,3.5.5-r0,alpine,CVE-2026-28387,HIGH,https://avd.aquasec.com/nvd/cve-2026-28387,rancher/mirrored-kube-vip-kube-vip-iptables:v1.1.2 (alpine 3.23.3),3.5.6-r0,true,affected,
rancher/mirrored-kube-vip-kube-vip-iptables:v1.1.2,rancher/head,libcrypto3,3.5.5-r0,alpine,CVE-2026-28388,HIGH,https://avd.aquasec.com/nvd/cve-2026-28388,rancher/mirrored-kube-vip-kube-vip-iptables:v1.1.2 (alpine 3.23.3),3.5.6-r0,true,affected,
rancher/mirrored-kube-vip-kube-vip-iptables:v1.1.2,rancher/head,libssl3,3.5.5-r0,alpine,CVE-2026-28388,HIGH,https://avd.aquasec.com/nvd/cve-2026-28388,rancher/mirrored-kube-vip-kube-vip-iptables:v1.1.2 (alpine 3.23.3),3.5.6-r0,true,affected,
rancher/mirrored-kube-vip-kube-vip-iptables:v1.1.2,rancher/head,libcrypto3,3.5.5-r0,alpine,CVE-2026-28389,HIGH,https://avd.aquasec.com/nvd/cve-2026-28389,rancher/mirrored-kube-vip-kube-vip-iptables:v1.1.2 (alpine 3.23.3),3.5.6-r0,true,affected,
rancher/mirrored-kube-vip-kube-vip-iptables:v1.1.2,rancher/head,libssl3,3.5.5-r0,alpine,CVE-2026-28389,HIGH,https://avd.aquasec.com/nvd/cve-2026-28389,rancher/mirrored-kube-vip-kube-vip-iptables:v1.1.2 (alpine 3.23.3),3.5.6-r0,true,affected,
rancher/mirrored-kube-vip-kube-vip-iptables:v1.1.2,rancher/head,libcrypto3,3.5.5-r0,alpine,CVE-2026-28390,HIGH,https://avd.aquasec.com/nvd/cve-2026-28390,rancher/mirrored-kube-vip-kube-vip-iptables:v1.1.2 (alpine 3.23.3),3.5.6-r0,true,affected,
rancher/mirrored-kube-vip-kube-vip-iptables:v1.1.2,rancher/head,libssl3,3.5.5-r0,alpine,CVE-2026-28390,HIGH,https://avd.aquasec.com/nvd/cve-2026-28390,rancher/mirrored-kube-vip-kube-vip-iptables:v1.1.2 (alpine 3.23.3),3.5.6-r0,true,affected,
rancher/mirrored-kube-vip-kube-vip-iptables:v1.1.2,rancher/head,libcrypto3,3.5.5-r0,alpine,CVE-2026-31789,CRITICAL,https://avd.aquasec.com/nvd/cve-2026-31789,rancher/mirrored-kube-vip-kube-vip-iptables:v1.1.2 (alpine 3.23.3),3.5.6-r0,true,affected,
rancher/mirrored-kube-vip-kube-vip-iptables:v1.1.2,rancher/head,libssl3,3.5.5-r0,alpine,CVE-2026-31789,CRITICAL,https://avd.aquasec.com/nvd/cve-2026-31789,rancher/mirrored-kube-vip-kube-vip-iptables:v1.1.2 (alpine 3.23.3),3.5.6-r0,true,affected,
rancher/mirrored-kube-vip-kube-vip-iptables:v1.1.2,rancher/head,stdlib,v1.26.1,gobinary,CVE-2026-32280,HIGH,https://avd.aquasec.com/nvd/cve-2026-32280,kube-vip,"1.25.9, 1.26.2",true,not_affected,vulnerable_code_not_in_execute_path
rancher/mirrored-kube-vip-kube-vip-iptables:v1.1.2,rancher/head,stdlib,v1.26.1,gobinary,CVE-2026-32281,HIGH,https://avd.aquasec.com/nvd/cve-2026-32281,kube-vip,"1.25.9, 1.26.2",true,not_affected,vulnerable_code_not_in_execute_path
rancher/mirrored-kube-vip-kube-vip-iptables:v1.1.2,rancher/head,stdlib,v1.26.1,gobinary,CVE-2026-32282,MEDIUM,https://avd.aquasec.com/nvd/cve-2026-32282,kube-vip,"1.25.9, 1.26.2",true,not_affected,vulnerable_code_not_in_execute_path
rancher/mirrored-kube-vip-kube-vip-iptables:v1.1.2,rancher/head,stdlib,v1.26.1,gobinary,CVE-2026-32283,HIGH,https://avd.aquasec.com/nvd/cve-2026-32283,kube-vip,"1.25.9, 1.26.2",true,not_affected,vulnerable_code_not_in_execute_path
rancher/mirrored-kube-vip-kube-vip-iptables:v1.1.2,rancher/head,stdlib,v1.26.1,gobinary,CVE-2026-32288,MEDIUM,https://avd.aquasec.com/nvd/cve-2026-32288,kube-vip,"1.25.9, 1.26.2",true,not_affected,vulnerable_code_not_present
rancher/mirrored-kube-vip-kube-vip-iptables:v1.1.2,rancher/head,stdlib,v1.26.1,gobinary,CVE-2026-32289,MEDIUM,https://avd.aquasec.com/nvd/cve-2026-32289,kube-vip,"1.25.9, 1.26.2",true,not_affected,vulnerable_code_not_in_execute_path
rancher/mirrored-kube-vip-kube-vip-iptables:v1.1.2,rancher/head,stdlib,v1.26.1,gobinary,CVE-2026-33810,HIGH,https://avd.aquasec.com/nvd/cve-2026-33810,kube-vip,1.26.2,true,not_affected,vulnerable_code_not_in_execute_path
rancher/mirrored-kube-vip-kube-vip-iptables:v1.1.2,rancher/head,stdlib,v1.26.1,gobinary,CVE-2026-33811,HIGH,https://avd.aquasec.com/nvd/cve-2026-33811,kube-vip,"1.25.10, 1.26.3",true,not_affected,vulnerable_code_not_in_execute_path
rancher/mirrored-kube-vip-kube-vip-iptables:v1.1.2,rancher/head,golang.org/x/net,v0.52.0,gobinary,CVE-2026-33814,HIGH,https://avd.aquasec.com/nvd/cve-2026-33814,kube-vip,0.53.0,true,affected,
rancher/mirrored-kube-vip-kube-vip-iptables:v1.1.2,rancher/head,stdlib,v1.26.1,gobinary,CVE-2026-33814,HIGH,https://avd.aquasec.com/nvd/cve-2026-33814,kube-vip,"1.25.10, 1.26.3",true,not_affected,vulnerable_code_not_in_execute_path
rancher/mirrored-kube-vip-kube-vip-iptables:v1.1.2,rancher/head,stdlib,v1.26.1,gobinary,CVE-2026-39820,HIGH,https://avd.aquasec.com/nvd/cve-2026-39820,kube-vip,"1.25.10, 1.26.3",true,not_affected,vulnerable_code_not_present
rancher/mirrored-kube-vip-kube-vip-iptables:v1.1.2,rancher/head,golang.org/x/net,v0.52.0,gobinary,CVE-2026-39821,HIGH,https://avd.aquasec.com/nvd/cve-2026-39821,kube-vip,0.55.0,true,affected,
rancher/mirrored-kube-vip-kube-vip-iptables:v1.1.2,rancher/head,stdlib,v1.26.1,gobinary,CVE-2026-39822,HIGH,https://avd.aquasec.com/nvd/cve-2026-39822,kube-vip,"1.25.12, 1.26.5, 1.27.0-rc.2",true,not_affected,vulnerable_code_not_in_execute_path
rancher/mirrored-kube-vip-kube-vip-iptables:v1.1.2,rancher/head,stdlib,v1.26.1,gobinary,CVE-2026-39823,MEDIUM,https://avd.aquasec.com/nvd/cve-2026-39823,kube-vip,"1.25.10, 1.26.3",true,not_affected,vulnerable_code_not_in_execute_path
rancher/mirrored-kube-vip-kube-vip-iptables:v1.1.2,rancher/head,stdlib,v1.26.1,gobinary,CVE-2026-39825,MEDIUM,https://avd.aquasec.com/nvd/cve-2026-39825,kube-vip,"1.25.10, 1.26.3",true,not_affected,vulnerable_code_not_in_execute_path
rancher/mirrored-kube-vip-kube-vip-iptables:v1.1.2,rancher/head,stdlib,v1.26.1,gobinary,CVE-2026-39826,MEDIUM,https://avd.aquasec.com/nvd/cve-2026-39826,kube-vip,"1.25.10, 1.26.3",true,not_affected,vulnerable_code_not_in_execute_path
rancher/mirrored-kube-vip-kube-vip-iptables:v1.1.2,rancher/head,golang.org/x/crypto,v0.49.0,gobinary,CVE-2026-39827,MEDIUM,https://avd.aquasec.com/nvd/cve-2026-39827,kube-vip,0.52.0,true,not_affected,vulnerable_code_not_present
rancher/mirrored-kube-vip-kube-vip-iptables:v1.1.2,rancher/head,golang.org/x/crypto,v0.49.0,gobinary,CVE-2026-39828,HIGH,https://avd.aquasec.com/nvd/cve-2026-39828,kube-vip,0.52.0,true,not_affected,vulnerable_code_not_present
rancher/mirrored-kube-vip-kube-vip-iptables:v1.1.2,rancher/head,golang.org/x/crypto,v0.49.0,gobinary,CVE-2026-39829,HIGH,https://avd.aquasec.com/nvd/cve-2026-39829,kube-vip,0.52.0,true,not_affected,vulnerable_code_not_present
rancher/mirrored-kube-vip-kube-vip-iptables:v1.1.2,rancher/head,golang.org/x/crypto,v0.49.0,gobinary,CVE-2026-39830,HIGH,https://avd.aquasec.com/nvd/cve-2026-39830,kube-vip,0.52.0,true,not_affected,vulnerable_code_not_present
rancher/mirrored-kube-vip-kube-vip-iptables:v1.1.2,rancher/head,golang.org/x/crypto,v0.49.0,gobinary,CVE-2026-39831,HIGH,https://avd.aquasec.com/nvd/cve-2026-39831,kube-vip,0.52.0,true,not_affected,vulnerable_code_not_present
rancher/mirrored-kube-vip-kube-vip-iptables:v1.1.2,rancher/head,golang.org/x/crypto,v0.49.0,gobinary,CVE-2026-39832,HIGH,https://avd.aquasec.com/nvd/cve-2026-39832,kube-vip,0.52.0,true,not_affected,vulnerable_code_not_present
rancher/mirrored-kube-vip-kube-vip-iptables:v1.1.2,rancher/head,golang.org/x/crypto,v0.49.0,gobinary,CVE-2026-39833,MEDIUM,https://avd.aquasec.com/nvd/cve-2026-39833,kube-vip,0.52.0,true,not_affected,vulnerable_code_not_present
rancher/mirrored-kube-vip-kube-vip-iptables:v1.1.2,rancher/head,golang.org/x/crypto,v0.49.0,gobinary,CVE-2026-39834,MEDIUM,https://avd.aquasec.com/nvd/cve-2026-39834,kube-vip,0.52.0,true,not_affected,vulnerable_code_not_present
rancher/mirrored-kube-vip-kube-vip-iptables:v1.1.2,rancher/head,golang.org/x/crypto,v0.49.0,gobinary,CVE-2026-39835,HIGH,https://avd.aquasec.com/nvd/cve-2026-39835,kube-vip,0.52.0,true,not_affected,vulnerable_code_not_present
rancher/mirrored-kube-vip-kube-vip-iptables:v1.1.2,rancher/head,stdlib,v1.26.1,gobinary,CVE-2026-39836,HIGH,https://avd.aquasec.com/nvd/cve-2026-39836,kube-vip,"1.25.10, 1.26.3",true,not_affected,vulnerable_code_not_in_execute_path
rancher/mirrored-kube-vip-kube-vip-iptables:v1.1.2,rancher/head,musl,1.2.5-r21,alpine,CVE-2026-40200,HIGH,https://avd.aquasec.com/nvd/cve-2026-40200,rancher/mirrored-kube-vip-kube-vip-iptables:v1.1.2 (alpine 3.23.3),1.2.5-r23,true,affected,
rancher/mirrored-kube-vip-kube-vip-iptables:v1.1.2,rancher/head,musl-utils,1.2.5-r21,alpine,CVE-2026-40200,HIGH,https://avd.aquasec.com/nvd/cve-2026-40200,rancher/mirrored-kube-vip-kube-vip-iptables:v1.1.2 (alpine 3.23.3),1.2.5-r23,true,affected,
rancher/mirrored-kube-vip-kube-vip-iptables:v1.1.2,rancher/head,stdlib,v1.26.1,gobinary,CVE-2026-42499,HIGH,https://avd.aquasec.com/nvd/cve-2026-42499,kube-vip,"1.25.10, 1.26.3",true,not_affected,vulnerable_code_not_present
rancher/mirrored-kube-vip-kube-vip-iptables:v1.1.2,rancher/head,golang.org/x/net,v0.52.0,gobinary,CVE-2026-42502,MEDIUM,https://avd.aquasec.com/nvd/cve-2026-42502,kube-vip,0.55.0,true,not_affected,vulnerable_code_not_present
rancher/mirrored-kube-vip-kube-vip-iptables:v1.1.2,rancher/head,stdlib,v1.26.1,gobinary,CVE-2026-42504,HIGH,https://avd.aquasec.com/nvd/cve-2026-42504,kube-vip,"1.25.11, 1.26.4",true,not_affected,vulnerable_code_not_in_execute_path
rancher/mirrored-kube-vip-kube-vip-iptables:v1.1.2,rancher/head,stdlib,v1.26.1,gobinary,CVE-2026-42505,MEDIUM,https://avd.aquasec.com/nvd/cve-2026-42505,kube-vip,"1.25.12, 1.26.5, 1.27.0-rc.2",true,not_affected,vulnerable_code_not_in_execute_path
rancher/mirrored-kube-vip-kube-vip-iptables:v1.1.2,rancher/head,golang.org/x/net,v0.52.0,gobinary,CVE-2026-42506,MEDIUM,https://avd.aquasec.com/nvd/cve-2026-42506,kube-vip,0.55.0,true,not_affected,vulnerable_code_not_present
rancher/mirrored-kube-vip-kube-vip-iptables:v1.1.2,rancher/head,stdlib,v1.26.1,gobinary,CVE-2026-42507,MEDIUM,https://avd.aquasec.com/nvd/cve-2026-42507,kube-vip,"1.25.11, 1.26.4",true,not_affected,vulnerable_code_not_in_execute_path
rancher/mirrored-kube-vip-kube-vip-iptables:v1.1.2,rancher/head,golang.org/x/crypto,v0.49.0,gobinary,CVE-2026-42508,HIGH,https://avd.aquasec.com/nvd/cve-2026-42508,kube-vip,0.52.0,true,not_affected,vulnerable_code_not_present
rancher/mirrored-kube-vip-kube-vip-iptables:v1.1.2,rancher/head,libcrypto3,3.5.5-r0,alpine,CVE-2026-45447,HIGH,https://avd.aquasec.com/nvd/cve-2026-45447,rancher/mirrored-kube-vip-kube-vip-iptables:v1.1.2 (alpine 3.23.3),3.5.7-r0,true,affected,
rancher/mirrored-kube-vip-kube-vip-iptables:v1.1.2,rancher/head,libssl3,3.5.5-r0,alpine,CVE-2026-45447,HIGH,https://avd.aquasec.com/nvd/cve-2026-45447,rancher/mirrored-kube-vip-kube-vip-iptables:v1.1.2 (alpine 3.23.3),3.5.7-r0,true,affected,
rancher/mirrored-kube-vip-kube-vip-iptables:v1.1.2,rancher/head,golang.org/x/crypto,v0.49.0,gobinary,CVE-2026-46595,HIGH,https://avd.aquasec.com/nvd/cve-2026-46595,kube-vip,0.52.0,true,not_affected,vulnerable_code_not_present
rancher/mirrored-kube-vip-kube-vip-iptables:v1.1.2,rancher/head,golang.org/x/crypto,v0.49.0,gobinary,CVE-2026-46597,HIGH,https://avd.aquasec.com/nvd/cve-2026-46597,kube-vip,0.52.0,true,not_affected,vulnerable_code_not_present
rancher/mirrored-kube-vip-kube-vip-iptables:v1.1.2,rancher/head,golang.org/x/crypto,v0.49.0,gobinary,CVE-2026-46598,MEDIUM,https://avd.aquasec.com/nvd/cve-2026-46598,kube-vip,0.52.0,true,not_affected,vulnerable_code_not_present
rancher/mirrored-kube-vip-kube-vip-iptables:v1.1.2,rancher/head,golang.org/x/text,v0.35.0,gobinary,CVE-2026-56852,HIGH,https://avd.aquasec.com/nvd/cve-2026-56852,kube-vip,0.39.0,true,not_affected,vulnerable_code_not_in_execute_path
rancher/mirrored-kube-vip-kube-vip-iptables:v1.1.2,rancher/head,google.golang.org/grpc,v1.79.3,gobinary,GHSA-hrxh-6v49-42gf,HIGH,https://github.com/advisories/GHSA-hrxh-6v49-42gf,kube-vip,1.82.1,true,affected,
rancher/mirrored-library-traefik:3.7.8,rancher/head,github.com/traefik/traefik/v3,v3.7.8,gobinary,CVE-2026-71324,HIGH,https://avd.aquasec.com/nvd/cve-2026-71324,usr/local/bin/traefik,"3.6.24, 3.7.9",true,affected,
rancher/mirrored-library-traefik:3.7.8,rancher/head,github.com/traefik/traefik/v3,v3.7.8,gobinary,CVE-2026-71327,HIGH,https://avd.aquasec.com/nvd/cve-2026-71327,usr/local/bin/traefik,"3.6.25, 3.7.10",true,affected,
rancher/mirrored-library-traefik:3.7.8,rancher/head,google.golang.org/grpc,v1.81.1,gobinary,GHSA-hrxh-6v49-42gf,HIGH,https://github.com/advisories/GHSA-hrxh-6v49-42gf,usr/local/bin/traefik,1.82.1,true,not_affected,vulnerable_code_not_in_execute_path
rancher/mirrored-longhornio-csi-attacher:v4.11.0-20260428,rancher/head,golang.org/x/net,v0.48.0,gobinary,CVE-2026-25680,MEDIUM,https://avd.aquasec.com/nvd/cve-2026-25680,csi-attacher,0.55.0,true,not_affected,vulnerable_code_not_present
rancher/mirrored-longhornio-csi-attacher:v4.11.0-20260428,rancher/head,golang.org/x/net,v0.48.0,gobinary,CVE-2026-25681,HIGH,https://avd.aquasec.com/nvd/cve-2026-25681,csi-attacher,0.55.0,true,not_affected,vulnerable_code_not_present
rancher/mirrored-longhornio-csi-attacher:v4.11.0-20260428,rancher/head,golang.org/x/net,v0.48.0,gobinary,CVE-2026-27136,HIGH,https://avd.aquasec.com/nvd/cve-2026-27136,csi-attacher,0.55.0,true,not_affected,vulnerable_code_not_present
rancher/mirrored-longhornio-csi-attacher:v4.11.0-20260428,rancher/head,stdlib,v1.25.9,gobinary,CVE-2026-33811,HIGH,https://avd.aquasec.com/nvd/cve-2026-33811,csi-attacher,"1.25.10, 1.26.3",true,not_affected,vulnerable_code_not_present
rancher/mirrored-longhornio-csi-attacher:v4.11.0-20260428,rancher/head,golang.org/x/net,v0.48.0,gobinary,CVE-2026-33814,HIGH,https://avd.aquasec.com/nvd/cve-2026-33814,csi-attacher,0.53.0,true,affected,
rancher/mirrored-longhornio-csi-attacher:v4.11.0-20260428,rancher/head,stdlib,v1.25.9,gobinary,CVE-2026-33814,HIGH,https://avd.aquasec.com/nvd/cve-2026-33814,csi-attacher,"1.25.10, 1.26.3",true,affected,
rancher/mirrored-longhornio-csi-attacher:v4.11.0-20260428,rancher/head,stdlib,v1.25.9,gobinary,CVE-2026-39820,HIGH,https://avd.aquasec.com/nvd/cve-2026-39820,csi-attacher,"1.25.10, 1.26.3",true,not_affected,vulnerable_code_not_in_execute_path
rancher/mirrored-longhornio-csi-attacher:v4.11.0-20260428,rancher/head,golang.org/x/net,v0.48.0,gobinary,CVE-2026-39821,HIGH,https://avd.aquasec.com/nvd/cve-2026-39821,csi-attacher,0.55.0,true,affected,
rancher/mirrored-longhornio-csi-attacher:v4.11.0-20260428,rancher/head,stdlib,v1.25.9,gobinary,CVE-2026-39822,HIGH,https://avd.aquasec.com/nvd/cve-2026-39822,csi-attacher,"1.25.12, 1.26.5, 1.27.0-rc.2",true,not_affected,vulnerable_code_not_in_execute_path
rancher/mirrored-longhornio-csi-attacher:v4.11.0-20260428,rancher/head,stdlib,v1.25.9,gobinary,CVE-2026-39823,MEDIUM,https://avd.aquasec.com/nvd/cve-2026-39823,csi-attacher,"1.25.10, 1.26.3",true,not_affected,vulnerable_code_not_in_execute_path
rancher/mirrored-longhornio-csi-attacher:v4.11.0-20260428,rancher/head,stdlib,v1.25.9,gobinary,CVE-2026-39825,MEDIUM,https://avd.aquasec.com/nvd/cve-2026-39825,csi-attacher,"1.25.10, 1.26.3",true,not_affected,vulnerable_code_not_in_execute_path
rancher/mirrored-longhornio-csi-attacher:v4.11.0-20260428,rancher/head,stdlib,v1.25.9,gobinary,CVE-2026-39826,MEDIUM,https://avd.aquasec.com/nvd/cve-2026-39826,csi-attacher,"1.25.10, 1.26.3",true,not_affected,vulnerable_code_not_in_execute_path
rancher/mirrored-longhornio-csi-attacher:v4.11.0-20260428,rancher/head,golang.org/x/crypto,v0.46.0,gobinary,CVE-2026-39827,MEDIUM,https://avd.aquasec.com/nvd/cve-2026-39827,csi-attacher,0.52.0,true,not_affected,vulnerable_code_not_present
rancher/mirrored-longhornio-csi-attacher:v4.11.0-20260428,rancher/head,golang.org/x/crypto,v0.46.0,gobinary,CVE-2026-39828,HIGH,https://avd.aquasec.com/nvd/cve-2026-39828,csi-attacher,0.52.0,true,not_affected,vulnerable_code_not_present
rancher/mirrored-longhornio-csi-attacher:v4.11.0-20260428,rancher/head,golang.org/x/crypto,v0.46.0,gobinary,CVE-2026-39829,HIGH,https://avd.aquasec.com/nvd/cve-2026-39829,csi-attacher,0.52.0,true,not_affected,vulnerable_code_not_present
rancher/mirrored-longhornio-csi-attacher:v4.11.0-20260428,rancher/head,golang.org/x/crypto,v0.46.0,gobinary,CVE-2026-39830,HIGH,https://avd.aquasec.com/nvd/cve-2026-39830,csi-attacher,0.52.0,true,not_affected,vulnerable_code_not_present
rancher/mirrored-longhornio-csi-attacher:v4.11.0-20260428,rancher/head,golang.org/x/crypto,v0.46.0,gobinary,CVE-2026-39831,HIGH,https://avd.aquasec.com/nvd/cve-2026-39831,csi-attacher,0.52.0,true,not_affected,vulnerable_code_not_present
rancher/mirrored-longhornio-csi-attacher:v4.11.0-20260428,rancher/head,golang.org/x/crypto,v0.46.0,gobinary,CVE-2026-39832,HIGH,https://avd.aquasec.com/nvd/cve-2026-39832,csi-attacher,0.52.0,true,not_affected,vulnerable_code_not_present
rancher/mirrored-longhornio-csi-attacher:v4.11.0-20260428,rancher/head,golang.org/x/crypto,v0.46.0,gobinary,CVE-2026-39833,MEDIUM,https://avd.aquasec.com/nvd/cve-2026-39833,csi-attacher,0.52.0,true,not_affected,vulnerable_code_not_present
rancher/mirrored-longhornio-csi-attacher:v4.11.0-20260428,rancher/head,golang.org/x/crypto,v0.46.0,gobinary,CVE-2026-39834,MEDIUM,https://avd.aquasec.com/nvd/cve-2026-39834,csi-attacher,0.52.0,true,not_affected,vulnerable_code_not_present
rancher/mirrored-longhornio-csi-attacher:v4.11.0-20260428,rancher/head,golang.org/x/crypto,v0.46.0,gobinary,CVE-2026-39835,HIGH,https://avd.aquasec.com/nvd/cve-2026-39835,csi-attacher,0.52.0,true,not_affected,vulnerable_code_not_present
rancher/mirrored-longhornio-csi-attacher:v4.11.0-20260428,rancher/head,stdlib,v1.25.9,gobinary,CVE-2026-39836,HIGH,https://avd.aquasec.com/nvd/cve-2026-39836,csi-attacher,"1.25.10, 1.26.3",true,not_affected,vulnerable_code_not_in_execute_path
rancher/mirrored-longhornio-csi-attacher:v4.11.0-20260428,rancher/head,stdlib,v1.25.9,gobinary,CVE-2026-42499,HIGH,https://avd.aquasec.com/nvd/cve-2026-42499,csi-attacher,"1.25.10, 1.26.3",true,affected,
rancher/mirrored-longhornio-csi-attacher:v4.11.0-20260428,rancher/head,golang.org/x/net,v0.48.0,gobinary,CVE-2026-42502,MEDIUM,https://avd.aquasec.com/nvd/cve-2026-42502,csi-attacher,0.55.0,true,not_affected,vulnerable_code_not_present
rancher/mirrored-longhornio-csi-attacher:v4.11.0-20260428,rancher/head,stdlib,v1.25.9,gobinary,CVE-2026-42504,HIGH,https://avd.aquasec.com/nvd/cve-2026-42504,csi-attacher,"1.25.11, 1.26.4",true,not_affected,vulnerable_code_not_in_execute_path
rancher/mirrored-longhornio-csi-attacher:v4.11.0-20260428,rancher/head,golang.org/x/net,v0.48.0,gobinary,CVE-2026-42506,MEDIUM,https://avd.aquasec.com/nvd/cve-2026-42506,csi-attacher,0.55.0,true,not_affected,vulnerable_code_not_present
rancher/mirrored-longhornio-csi-attacher:v4.11.0-20260428,rancher/head,stdlib,v1.25.9,gobinary,CVE-2026-42507,MEDIUM,https://avd.aquasec.com/nvd/cve-2026-42507,csi-attacher,"1.25.11, 1.26.4",true,not_affected,vulnerable_code_not_in_execute_path
rancher/mirrored-longhornio-csi-attacher:v4.11.0-20260428,rancher/head,golang.org/x/crypto,v0.46.0,gobinary,CVE-2026-42508,HIGH,https://avd.aquasec.com/nvd/cve-2026-42508,csi-attacher,0.52.0,true,not_affected,vulnerable_code_not_present
rancher/mirrored-longhornio-csi-attacher:v4.11.0-20260428,rancher/head,golang.org/x/crypto,v0.46.0,gobinary,CVE-2026-46595,HIGH,https://avd.aquasec.com/nvd/cve-2026-46595,csi-attacher,0.52.0,true,not_affected,vulnerable_code_not_present
rancher/mirrored-longhornio-csi-attacher:v4.11.0-20260428,rancher/head,golang.org/x/crypto,v0.46.0,gobinary,CVE-2026-46597,HIGH,https://avd.aquasec.com/nvd/cve-2026-46597,csi-attacher,0.52.0,true,not_affected,vulnerable_code_not_present
rancher/mirrored-longhornio-csi-attacher:v4.11.0-20260428,rancher/head,golang.org/x/crypto,v0.46.0,gobinary,CVE-2026-46598,MEDIUM,https://avd.aquasec.com/nvd/cve-2026-46598,csi-attacher,0.52.0,true,not_affected,vulnerable_code_not_present
rancher/mirrored-longhornio-csi-attacher:v4.11.0-20260428,rancher/head,google.golang.org/grpc,v1.79.3,gobinary,GHSA-hrxh-6v49-42gf,HIGH,https://github.com/advisories/GHSA-hrxh-6v49-42gf,csi-attacher,1.82.1,true,affected,
rancher/mirrored-longhornio-csi-node-driver-registrar:v2.16.0-20260428,rancher/head,golang.org/x/net,v0.49.0,gobinary,CVE-2026-25680,MEDIUM,https://avd.aquasec.com/nvd/cve-2026-25680,csi-node-driver-registrar,0.55.0,true,not_affected,vulnerable_code_not_present
rancher/mirrored-longhornio-csi-node-driver-registrar:v2.16.0-20260428,rancher/head,golang.org/x/net,v0.49.0,gobinary,CVE-2026-25681,HIGH,https://avd.aquasec.com/nvd/cve-2026-25681,csi-node-driver-registrar,0.55.0,true,not_affected,vulnerable_code_not_present
rancher/mirrored-longhornio-csi-node-driver-registrar:v2.16.0-20260428,rancher/head,golang.org/x/net,v0.49.0,gobinary,CVE-2026-27136,HIGH,https://avd.aquasec.com/nvd/cve-2026-27136,csi-node-driver-registrar,0.55.0,true,not_affected,vulnerable_code_not_present
rancher/mirrored-longhornio-csi-node-driver-registrar:v2.16.0-20260428,rancher/head,go.opentelemetry.io/otel,v1.40.0,gobinary,CVE-2026-29181,HIGH,https://avd.aquasec.com/nvd/cve-2026-29181,csi-node-driver-registrar,1.41.0,true,affected,
rancher/mirrored-longhornio-csi-node-driver-registrar:v2.16.0-20260428,rancher/head,stdlib,v1.25.9,gobinary,CVE-2026-33811,HIGH,https://avd.aquasec.com/nvd/cve-2026-33811,csi-node-driver-registrar,"1.25.10, 1.26.3",true,not_affected,vulnerable_code_not_present
rancher/mirrored-longhornio-csi-node-driver-registrar:v2.16.0-20260428,rancher/head,golang.org/x/net,v0.49.0,gobinary,CVE-2026-33814,HIGH,https://avd.aquasec.com/nvd/cve-2026-33814,csi-node-driver-registrar,0.53.0,true,not_affected,vulnerable_code_not_in_execute_path
rancher/mirrored-longhornio-csi-node-driver-registrar:v2.16.0-20260428,rancher/head,stdlib,v1.25.9,gobinary,CVE-2026-33814,HIGH,https://avd.aquasec.com/nvd/cve-2026-33814,csi-node-driver-registrar,"1.25.10, 1.26.3",true,affected,
rancher/mirrored-longhornio-csi-node-driver-registrar:v2.16.0-20260428,rancher/head,stdlib,v1.25.9,gobinary,CVE-2026-39820,HIGH,https://avd.aquasec.com/nvd/cve-2026-39820,csi-node-driver-registrar,"1.25.10, 1.26.3",true,not_affected,vulnerable_code_not_present
rancher/mirrored-longhornio-csi-node-driver-registrar:v2.16.0-20260428,rancher/head,golang.org/x/net,v0.49.0,gobinary,CVE-2026-39821,HIGH,https://avd.aquasec.com/nvd/cve-2026-39821,csi-node-driver-registrar,0.55.0,true,not_affected,vulnerable_code_not_in_execute_path
rancher/mirrored-longhornio-csi-node-driver-registrar:v2.16.0-20260428,rancher/head,stdlib,v1.25.9,gobinary,CVE-2026-39822,HIGH,https://avd.aquasec.com/nvd/cve-2026-39822,csi-node-driver-registrar,"1.25.12, 1.26.5, 1.27.0-rc.2",true,not_affected,vulnerable_code_not_in_execute_path
rancher/mirrored-longhornio-csi-node-driver-registrar:v2.16.0-20260428,rancher/head,stdlib,v1.25.9,gobinary,CVE-2026-39823,MEDIUM,https://avd.aquasec.com/nvd/cve-2026-39823,csi-node-driver-registrar,"1.25.10, 1.26.3",true,not_affected,vulnerable_code_not_present
rancher/mirrored-longhornio-csi-node-driver-registrar:v2.16.0-20260428,rancher/head,stdlib,v1.25.9,gobinary,CVE-2026-39825,MEDIUM,https://avd.aquasec.com/nvd/cve-2026-39825,csi-node-driver-registrar,"1.25.10, 1.26.3",true,not_affected,vulnerable_code_not_in_execute_path
rancher/mirrored-longhornio-csi-node-driver-registrar:v2.16.0-20260428,rancher/head,stdlib,v1.25.9,gobinary,CVE-2026-39826,MEDIUM,https://avd.aquasec.com/nvd/cve-2026-39826,csi-node-driver-registrar,"1.25.10, 1.26.3",true,not_affected,vulnerable_code_not_in_execute_path
rancher/mirrored-longhornio-csi-node-driver-registrar:v2.16.0-20260428,rancher/head,stdlib,v1.25.9,gobinary,CVE-2026-39836,HIGH,https://avd.aquasec.com/nvd/cve-2026-39836,csi-node-driver-registrar,"1.25.10, 1.26.3",true,affected,
rancher/mirrored-longhornio-csi-node-driver-registrar:v2.16.0-20260428,rancher/head,stdlib,v1.25.9,gobinary,CVE-2026-42499,HIGH,https://avd.aquasec.com/nvd/cve-2026-42499,csi-node-driver-registrar,"1.25.10, 1.26.3",true,not_affected,vulnerable_code_not_present
rancher/mirrored-longhornio-csi-node-driver-registrar:v2.16.0-20260428,rancher/head,golang.org/x/net,v0.49.0,gobinary,CVE-2026-42502,MEDIUM,https://avd.aquasec.com/nvd/cve-2026-42502,csi-node-driver-registrar,0.55.0,true,not_affected,vulnerable_code_not_present
rancher/mirrored-longhornio-csi-node-driver-registrar:v2.16.0-20260428,rancher/head,stdlib,v1.25.9,gobinary,CVE-2026-42504,HIGH,https://avd.aquasec.com/nvd/cve-2026-42504,csi-node-driver-registrar,"1.25.11, 1.26.4",true,not_affected,vulnerable_code_not_in_execute_path
rancher/mirrored-longhornio-csi-node-driver-registrar:v2.16.0-20260428,rancher/head,golang.org/x/net,v0.49.0,gobinary,CVE-2026-42506,MEDIUM,https://avd.aquasec.com/nvd/cve-2026-42506,csi-node-driver-registrar,0.55.0,true,not_affected,vulnerable_code_not_present
rancher/mirrored-longhornio-csi-node-driver-registrar:v2.16.0-20260428,rancher/head,stdlib,v1.25.9,gobinary,CVE-2026-42507,MEDIUM,https://avd.aquasec.com/nvd/cve-2026-42507,csi-node-driver-registrar,"1.25.11, 1.26.4",true,not_affected,vulnerable_code_not_in_execute_path
rancher/mirrored-longhornio-csi-node-driver-registrar:v2.16.0-20260428,rancher/head,golang.org/x/text,v0.33.0,gobinary,CVE-2026-56852,HIGH,https://avd.aquasec.com/nvd/cve-2026-56852,csi-node-driver-registrar,0.39.0,true,not_affected,vulnerable_code_not_in_execute_path
rancher/mirrored-longhornio-csi-node-driver-registrar:v2.16.0-20260428,rancher/head,google.golang.org/grpc,v1.79.3,gobinary,GHSA-hrxh-6v49-42gf,HIGH,https://github.com/advisories/GHSA-hrxh-6v49-42gf,csi-node-driver-registrar,1.82.1,true,affected,
rancher/mirrored-longhornio-csi-provisioner:v5.3.0-20260428,rancher/head,golang.org/x/net,v0.48.0,gobinary,CVE-2026-25680,MEDIUM,https://avd.aquasec.com/nvd/cve-2026-25680,csi-provisioner,0.55.0,true,not_affected,vulnerable_code_not_in_execute_path
rancher/mirrored-longhornio-csi-provisioner:v5.3.0-20260428,rancher/head,golang.org/x/net,v0.48.0,gobinary,CVE-2026-25681,HIGH,https://avd.aquasec.com/nvd/cve-2026-25681,csi-provisioner,0.55.0,true,not_affected,vulnerable_code_not_in_execute_path
rancher/mirrored-longhornio-csi-provisioner:v5.3.0-20260428,rancher/head,golang.org/x/net,v0.48.0,gobinary,CVE-2026-27136,HIGH,https://avd.aquasec.com/nvd/cve-2026-27136,csi-provisioner,0.55.0,true,not_affected,vulnerable_code_not_in_execute_path
rancher/mirrored-longhornio-csi-provisioner:v5.3.0-20260428,rancher/head,go.opentelemetry.io/otel,v1.39.0,gobinary,CVE-2026-29181,HIGH,https://avd.aquasec.com/nvd/cve-2026-29181,csi-provisioner,1.41.0,true,affected,
rancher/mirrored-longhornio-csi-provisioner:v5.3.0-20260428,rancher/head,stdlib,v1.25.9,gobinary,CVE-2026-33811,HIGH,https://avd.aquasec.com/nvd/cve-2026-33811,csi-provisioner,"1.25.10, 1.26.3",true,not_affected,vulnerable_code_not_in_execute_path
rancher/mirrored-longhornio-csi-provisioner:v5.3.0-20260428,rancher/head,golang.org/x/net,v0.48.0,gobinary,CVE-2026-33814,HIGH,https://avd.aquasec.com/nvd/cve-2026-33814,csi-provisioner,0.53.0,true,affected,
rancher/mirrored-longhornio-csi-provisioner:v5.3.0-20260428,rancher/head,stdlib,v1.25.9,gobinary,CVE-2026-33814,HIGH,https://avd.aquasec.com/nvd/cve-2026-33814,csi-provisioner,"1.25.10, 1.26.3",true,affected,
rancher/mirrored-longhornio-csi-provisioner:v5.3.0-20260428,rancher/head,stdlib,v1.25.9,gobinary,CVE-2026-39820,HIGH,https://avd.aquasec.com/nvd/cve-2026-39820,csi-provisioner,"1.25.10, 1.26.3",true,not_affected,vulnerable_code_not_present
rancher/mirrored-longhornio-csi-provisioner:v5.3.0-20260428,rancher/head,golang.org/x/net,v0.48.0,gobinary,CVE-2026-39821,HIGH,https://avd.aquasec.com/nvd/cve-2026-39821,csi-provisioner,0.55.0,true,affected,
rancher/mirrored-longhornio-csi-provisioner:v5.3.0-20260428,rancher/head,stdlib,v1.25.9,gobinary,CVE-2026-39822,HIGH,https://avd.aquasec.com/nvd/cve-2026-39822,csi-provisioner,"1.25.12, 1.26.5, 1.27.0-rc.2",true,not_affected,vulnerable_code_not_in_execute_path
rancher/mirrored-longhornio-csi-provisioner:v5.3.0-20260428,rancher/head,stdlib,v1.25.9,gobinary,CVE-2026-39823,MEDIUM,https://avd.aquasec.com/nvd/cve-2026-39823,csi-provisioner,"1.25.10, 1.26.3",true,not_affected,vulnerable_code_not_in_execute_path
rancher/mirrored-longhornio-csi-provisioner:v5.3.0-20260428,rancher/head,stdlib,v1.25.9,gobinary,CVE-2026-39825,MEDIUM,https://avd.aquasec.com/nvd/cve-2026-39825,csi-provisioner,"1.25.10, 1.26.3",true,not_affected,vulnerable_code_not_in_execute_path
rancher/mirrored-longhornio-csi-provisioner:v5.3.0-20260428,rancher/head,stdlib,v1.25.9,gobinary,CVE-2026-39836,HIGH,https://avd.aquasec.com/nvd/cve-2026-39836,csi-provisioner,"1.25.10, 1.26.3",true,not_affected,vulnerable_code_not_in_execute_path
rancher/mirrored-longhornio-csi-provisioner:v5.3.0-20260428,rancher/head,stdlib,v1.25.9,gobinary,CVE-2026-42499,HIGH,https://avd.aquasec.com/nvd/cve-2026-42499,csi-provisioner,"1.25.10, 1.26.3",true,not_affected,vulnerable_code_not_present
rancher/mirrored-longhornio-csi-provisioner:v5.3.0-20260428,rancher/head,golang.org/x/net,v0.48.0,gobinary,CVE-2026-42502,MEDIUM,https://avd.aquasec.com/nvd/cve-2026-42502,csi-provisioner,0.55.0,true,not_affected,vulnerable_code_not_in_execute_path
rancher/mirrored-longhornio-csi-provisioner:v5.3.0-20260428,rancher/head,golang.org/x/net,v0.48.0,gobinary,CVE-2026-42506,MEDIUM,https://avd.aquasec.com/nvd/cve-2026-42506,csi-provisioner,0.55.0,true,not_affected,vulnerable_code_not_in_execute_path
rancher/mirrored-longhornio-csi-provisioner:v5.3.0-20260428,rancher/head,stdlib,v1.25.9,gobinary,CVE-2026-42507,MEDIUM,https://avd.aquasec.com/nvd/cve-2026-42507,csi-provisioner,"1.25.11, 1.26.4",true,not_affected,vulnerable_code_not_in_execute_path
rancher/mirrored-longhornio-csi-provisioner:v5.3.0-20260428,rancher/head,golang.org/x/text,v0.32.0,gobinary,CVE-2026-56852,HIGH,https://avd.aquasec.com/nvd/cve-2026-56852,csi-provisioner,0.39.0,true,not_affected,vulnerable_code_not_in_execute_path
rancher/mirrored-longhornio-csi-provisioner:v5.3.0-20260428,rancher/head,google.golang.org/grpc,v1.79.3,gobinary,GHSA-hrxh-6v49-42gf,HIGH,https://github.com/advisories/GHSA-hrxh-6v49-42gf,csi-provisioner,1.82.1,true,affected,
rancher/mirrored-longhornio-csi-resizer:v2.1.0-20260428,rancher/head,golang.org/x/net,v0.48.0,gobinary,CVE-2026-25680,MEDIUM,https://avd.aquasec.com/nvd/cve-2026-25680,csi-resizer,0.55.0,true,not_affected,vulnerable_code_not_present
rancher/mirrored-longhornio-csi-resizer:v2.1.0-20260428,rancher/head,golang.org/x/net,v0.48.0,gobinary,CVE-2026-25681,HIGH,https://avd.aquasec.com/nvd/cve-2026-25681,csi-resizer,0.55.0,true,not_affected,vulnerable_code_not_present
rancher/mirrored-longhornio-csi-resizer:v2.1.0-20260428,rancher/head,golang.org/x/net,v0.48.0,gobinary,CVE-2026-27136,HIGH,https://avd.aquasec.com/nvd/cve-2026-27136,csi-resizer,0.55.0,true,not_affected,vulnerable_code_not_present
rancher/mirrored-longhornio-csi-resizer:v2.1.0-20260428,rancher/head,stdlib,v1.25.9,gobinary,CVE-2026-33811,HIGH,https://avd.aquasec.com/nvd/cve-2026-33811,csi-resizer,"1.25.10, 1.26.3",true,not_affected,vulnerable_code_not_in_execute_path
rancher/mirrored-longhornio-csi-resizer:v2.1.0-20260428,rancher/head,golang.org/x/net,v0.48.0,gobinary,CVE-2026-33814,HIGH,https://avd.aquasec.com/nvd/cve-2026-33814,csi-resizer,0.53.0,true,affected,
rancher/mirrored-longhornio-csi-resizer:v2.1.0-20260428,rancher/head,stdlib,v1.25.9,gobinary,CVE-2026-33814,HIGH,https://avd.aquasec.com/nvd/cve-2026-33814,csi-resizer,"1.25.10, 1.26.3",true,affected,
rancher/mirrored-longhornio-csi-resizer:v2.1.0-20260428,rancher/head,stdlib,v1.25.9,gobinary,CVE-2026-39820,HIGH,https://avd.aquasec.com/nvd/cve-2026-39820,csi-resizer,"1.25.10, 1.26.3",true,not_affected,vulnerable_code_not_in_execute_path
rancher/mirrored-longhornio-csi-resizer:v2.1.0-20260428,rancher/head,golang.org/x/net,v0.48.0,gobinary,CVE-2026-39821,HIGH,https://avd.aquasec.com/nvd/cve-2026-39821,csi-resizer,0.55.0,true,affected,
rancher/mirrored-longhornio-csi-resizer:v2.1.0-20260428,rancher/head,stdlib,v1.25.9,gobinary,CVE-2026-39822,HIGH,https://avd.aquasec.com/nvd/cve-2026-39822,csi-resizer,"1.25.12, 1.26.5, 1.27.0-rc.2",true,not_affected,vulnerable_code_not_in_execute_path
rancher/mirrored-longhornio-csi-resizer:v2.1.0-20260428,rancher/head,stdlib,v1.25.9,gobinary,CVE-2026-39823,MEDIUM,https://avd.aquasec.com/nvd/cve-2026-39823,csi-resizer,"1.25.10, 1.26.3",true,not_affected,vulnerable_code_not_in_execute_path
rancher/mirrored-longhornio-csi-resizer:v2.1.0-20260428,rancher/head,stdlib,v1.25.9,gobinary,CVE-2026-39825,MEDIUM,https://avd.aquasec.com/nvd/cve-2026-39825,csi-resizer,"1.25.10, 1.26.3",true,not_affected,vulnerable_code_not_in_execute_path
rancher/mirrored-longhornio-csi-resizer:v2.1.0-20260428,rancher/head,golang.org/x/crypto,v0.46.0,gobinary,CVE-2026-39827,MEDIUM,https://avd.aquasec.com/nvd/cve-2026-39827,csi-resizer,0.52.0,true,not_affected,vulnerable_code_not_present
rancher/mirrored-longhornio-csi-resizer:v2.1.0-20260428,rancher/head,golang.org/x/crypto,v0.46.0,gobinary,CVE-2026-39828,HIGH,https://avd.aquasec.com/nvd/cve-2026-39828,csi-resizer,0.52.0,true,not_affected,vulnerable_code_not_present
rancher/mirrored-longhornio-csi-resizer:v2.1.0-20260428,rancher/head,golang.org/x/crypto,v0.46.0,gobinary,CVE-2026-39829,HIGH,https://avd.aquasec.com/nvd/cve-2026-39829,csi-resizer,0.52.0,true,not_affected,vulnerable_code_not_present
rancher/mirrored-longhornio-csi-resizer:v2.1.0-20260428,rancher/head,golang.org/x/crypto,v0.46.0,gobinary,CVE-2026-39830,HIGH,https://avd.aquasec.com/nvd/cve-2026-39830,csi-resizer,0.52.0,true,not_affected,vulnerable_code_not_present
rancher/mirrored-longhornio-csi-resizer:v2.1.0-20260428,rancher/head,golang.org/x/crypto,v0.46.0,gobinary,CVE-2026-39831,HIGH,https://avd.aquasec.com/nvd/cve-2026-39831,csi-resizer,0.52.0,true,not_affected,vulnerable_code_not_present
rancher/mirrored-longhornio-csi-resizer:v2.1.0-20260428,rancher/head,golang.org/x/crypto,v0.46.0,gobinary,CVE-2026-39832,HIGH,https://avd.aquasec.com/nvd/cve-2026-39832,csi-resizer,0.52.0,true,not_affected,vulnerable_code_not_present
rancher/mirrored-longhornio-csi-resizer:v2.1.0-20260428,rancher/head,golang.org/x/crypto,v0.46.0,gobinary,CVE-2026-39833,MEDIUM,https://avd.aquasec.com/nvd/cve-2026-39833,csi-resizer,0.52.0,true,not_affected,vulnerable_code_not_present
rancher/mirrored-longhornio-csi-resizer:v2.1.0-20260428,rancher/head,golang.org/x/crypto,v0.46.0,gobinary,CVE-2026-39834,MEDIUM,https://avd.aquasec.com/nvd/cve-2026-39834,csi-resizer,0.52.0,true,not_affected,vulnerable_code_not_present
rancher/mirrored-longhornio-csi-resizer:v2.1.0-20260428,rancher/head,golang.org/x/crypto,v0.46.0,gobinary,CVE-2026-39835,HIGH,https://avd.aquasec.com/nvd/cve-2026-39835,csi-resizer,0.52.0,true,not_affected,vulnerable_code_not_present
rancher/mirrored-longhornio-csi-resizer:v2.1.0-20260428,rancher/head,stdlib,v1.25.9,gobinary,CVE-2026-39836,HIGH,https://avd.aquasec.com/nvd/cve-2026-39836,csi-resizer,"1.25.10, 1.26.3",true,not_affected,vulnerable_code_not_in_execute_path
rancher/mirrored-longhornio-csi-resizer:v2.1.0-20260428,rancher/head,stdlib,v1.25.9,gobinary,CVE-2026-42499,HIGH,https://avd.aquasec.com/nvd/cve-2026-42499,csi-resizer,"1.25.10, 1.26.3",true,affected,
rancher/mirrored-longhornio-csi-resizer:v2.1.0-20260428,rancher/head,golang.org/x/net,v0.48.0,gobinary,CVE-2026-42502,MEDIUM,https://avd.aquasec.com/nvd/cve-2026-42502,csi-resizer,0.55.0,true,not_affected,vulnerable_code_not_present
rancher/mirrored-longhornio-csi-resizer:v2.1.0-20260428,rancher/head,golang.org/x/net,v0.48.0,gobinary,CVE-2026-42506,MEDIUM,https://avd.aquasec.com/nvd/cve-2026-42506,csi-resizer,0.55.0,true,not_affected,vulnerable_code_not_present
rancher/mirrored-longhornio-csi-resizer:v2.1.0-20260428,rancher/head,stdlib,v1.25.9,gobinary,CVE-2026-42507,MEDIUM,https://avd.aquasec.com/nvd/cve-2026-42507,csi-resizer,"1.25.11, 1.26.4",true,not_affected,vulnerable_code_not_in_execute_path
rancher/mirrored-longhornio-csi-resizer:v2.1.0-20260428,rancher/head,golang.org/x/crypto,v0.46.0,gobinary,CVE-2026-42508,HIGH,https://avd.aquasec.com/nvd/cve-2026-42508,csi-resizer,0.52.0,true,not_affected,vulnerable_code_not_present
rancher/mirrored-longhornio-csi-resizer:v2.1.0-20260428,rancher/head,golang.org/x/crypto,v0.46.0,gobinary,CVE-2026-46595,HIGH,https://avd.aquasec.com/nvd/cve-2026-46595,csi-resizer,0.52.0,true,not_affected,vulnerable_code_not_present
rancher/mirrored-longhornio-csi-resizer:v2.1.0-20260428,rancher/head,golang.org/x/crypto,v0.46.0,gobinary,CVE-2026-46597,HIGH,https://avd.aquasec.com/nvd/cve-2026-46597,csi-resizer,0.52.0,true,not_affected,vulnerable_code_not_present
rancher/mirrored-longhornio-csi-resizer:v2.1.0-20260428,rancher/head,golang.org/x/crypto,v0.46.0,gobinary,CVE-2026-46598,MEDIUM,https://avd.aquasec.com/nvd/cve-2026-46598,csi-resizer,0.52.0,true,not_affected,vulnerable_code_not_present
rancher/mirrored-longhornio-csi-resizer:v2.1.0-20260428,rancher/head,google.golang.org/grpc,v1.79.3,gobinary,GHSA-hrxh-6v49-42gf,HIGH,https://github.com/advisories/GHSA-hrxh-6v49-42gf,csi-resizer,1.82.1,true,affected,
rancher/mirrored-longhornio-csi-snapshotter:v8.5.0-20260428,rancher/head,golang.org/x/net,v0.49.0,gobinary,CVE-2026-25680,MEDIUM,https://avd.aquasec.com/nvd/cve-2026-25680,csi-snapshotter,0.55.0,true,not_affected,vulnerable_code_not_present
rancher/mirrored-longhornio-csi-snapshotter:v8.5.0-20260428,rancher/head,golang.org/x/net,v0.49.0,gobinary,CVE-2026-25681,HIGH,https://avd.aquasec.com/nvd/cve-2026-25681,csi-snapshotter,0.55.0,true,not_affected,vulnerable_code_not_present
rancher/mirrored-longhornio-csi-snapshotter:v8.5.0-20260428,rancher/head,golang.org/x/net,v0.49.0,gobinary,CVE-2026-27136,HIGH,https://avd.aquasec.com/nvd/cve-2026-27136,csi-snapshotter,0.55.0,true,not_affected,vulnerable_code_not_present
rancher/mirrored-longhornio-csi-snapshotter:v8.5.0-20260428,rancher/head,stdlib,v1.25.9,gobinary,CVE-2026-33811,HIGH,https://avd.aquasec.com/nvd/cve-2026-33811,csi-snapshotter,"1.25.10, 1.26.3",true,not_affected,vulnerable_code_not_in_execute_path
rancher/mirrored-longhornio-csi-snapshotter:v8.5.0-20260428,rancher/head,golang.org/x/net,v0.49.0,gobinary,CVE-2026-33814,HIGH,https://avd.aquasec.com/nvd/cve-2026-33814,csi-snapshotter,0.53.0,true,affected,
rancher/mirrored-longhornio-csi-snapshotter:v8.5.0-20260428,rancher/head,stdlib,v1.25.9,gobinary,CVE-2026-33814,HIGH,https://avd.aquasec.com/nvd/cve-2026-33814,csi-snapshotter,"1.25.10, 1.26.3",true,not_affected,vulnerable_code_not_in_execute_path
rancher/mirrored-longhornio-csi-snapshotter:v8.5.0-20260428,rancher/head,stdlib,v1.25.9,gobinary,CVE-2026-39820,HIGH,https://avd.aquasec.com/nvd/cve-2026-39820,csi-snapshotter,"1.25.10, 1.26.3",true,affected,
rancher/mirrored-longhornio-csi-snapshotter:v8.5.0-20260428,rancher/head,golang.org/x/net,v0.49.0,gobinary,CVE-2026-39821,HIGH,https://avd.aquasec.com/nvd/cve-2026-39821,csi-snapshotter,0.55.0,true,affected,
rancher/mirrored-longhornio-csi-snapshotter:v8.5.0-20260428,rancher/head,stdlib,v1.25.9,gobinary,CVE-2026-39822,HIGH,https://avd.aquasec.com/nvd/cve-2026-39822,csi-snapshotter,"1.25.12, 1.26.5, 1.27.0-rc.2",true,not_affected,vulnerable_code_not_in_execute_path
rancher/mirrored-longhornio-csi-snapshotter:v8.5.0-20260428,rancher/head,stdlib,v1.25.9,gobinary,CVE-2026-39825,MEDIUM,https://avd.aquasec.com/nvd/cve-2026-39825,csi-snapshotter,"1.25.10, 1.26.3",true,not_affected,vulnerable_code_not_in_execute_path
rancher/mirrored-longhornio-csi-snapshotter:v8.5.0-20260428,rancher/head,stdlib,v1.25.9,gobinary,CVE-2026-39826,MEDIUM,https://avd.aquasec.com/nvd/cve-2026-39826,csi-snapshotter,"1.25.10, 1.26.3",true,not_affected,vulnerable_code_not_in_execute_path
rancher/mirrored-longhornio-csi-snapshotter:v8.5.0-20260428,rancher/head,golang.org/x/crypto,v0.47.0,gobinary,CVE-2026-39827,MEDIUM,https://avd.aquasec.com/nvd/cve-2026-39827,csi-snapshotter,0.52.0,true,not_affected,vulnerable_code_not_present
rancher/mirrored-longhornio-csi-snapshotter:v8.5.0-20260428,rancher/head,golang.org/x/crypto,v0.47.0,gobinary,CVE-2026-39828,HIGH,https://avd.aquasec.com/nvd/cve-2026-39828,csi-snapshotter,0.52.0,true,not_affected,vulnerable_code_not_present
rancher/mirrored-longhornio-csi-snapshotter:v8.5.0-20260428,rancher/head,golang.org/x/crypto,v0.47.0,gobinary,CVE-2026-39829,HIGH,https://avd.aquasec.com/nvd/cve-2026-39829,csi-snapshotter,0.52.0,true,not_affected,vulnerable_code_not_present
rancher/mirrored-longhornio-csi-snapshotter:v8.5.0-20260428,rancher/head,golang.org/x/crypto,v0.47.0,gobinary,CVE-2026-39830,HIGH,https://avd.aquasec.com/nvd/cve-2026-39830,csi-snapshotter,0.52.0,true,not_affected,vulnerable_code_not_present
rancher/mirrored-longhornio-csi-snapshotter:v8.5.0-20260428,rancher/head,golang.org/x/crypto,v0.47.0,gobinary,CVE-2026-39831,HIGH,https://avd.aquasec.com/nvd/cve-2026-39831,csi-snapshotter,0.52.0,true,not_affected,vulnerable_code_not_present
rancher/mirrored-longhornio-csi-snapshotter:v8.5.0-20260428,rancher/head,golang.org/x/crypto,v0.47.0,gobinary,CVE-2026-39832,HIGH,https://avd.aquasec.com/nvd/cve-2026-39832,csi-snapshotter,0.52.0,true,not_affected,vulnerable_code_not_present
rancher/mirrored-longhornio-csi-snapshotter:v8.5.0-20260428,rancher/head,golang.org/x/crypto,v0.47.0,gobinary,CVE-2026-39833,MEDIUM,https://avd.aquasec.com/nvd/cve-2026-39833,csi-snapshotter,0.52.0,true,not_affected,vulnerable_code_not_present
rancher/mirrored-longhornio-csi-snapshotter:v8.5.0-20260428,rancher/head,golang.org/x/crypto,v0.47.0,gobinary,CVE-2026-39834,MEDIUM,https://avd.aquasec.com/nvd/cve-2026-39834,csi-snapshotter,0.52.0,true,not_affected,vulnerable_code_not_present
rancher/mirrored-longhornio-csi-snapshotter:v8.5.0-20260428,rancher/head,golang.org/x/crypto,v0.47.0,gobinary,CVE-2026-39835,HIGH,https://avd.aquasec.com/nvd/cve-2026-39835,csi-snapshotter,0.52.0,true,not_affected,vulnerable_code_not_present
rancher/mirrored-longhornio-csi-snapshotter:v8.5.0-20260428,rancher/head,stdlib,v1.25.9,gobinary,CVE-2026-39836,HIGH,https://avd.aquasec.com/nvd/cve-2026-39836,csi-snapshotter,"1.25.10, 1.26.3",true,not_affected,vulnerable_code_not_in_execute_path
rancher/mirrored-longhornio-csi-snapshotter:v8.5.0-20260428,rancher/head,stdlib,v1.25.9,gobinary,CVE-2026-42499,HIGH,https://avd.aquasec.com/nvd/cve-2026-42499,csi-snapshotter,"1.25.10, 1.26.3",true,affected,
rancher/mirrored-longhornio-csi-snapshotter:v8.5.0-20260428,rancher/head,golang.org/x/net,v0.49.0,gobinary,CVE-2026-42502,MEDIUM,https://avd.aquasec.com/nvd/cve-2026-42502,csi-snapshotter,0.55.0,true,not_affected,vulnerable_code_not_present
rancher/mirrored-longhornio-csi-snapshotter:v8.5.0-20260428,rancher/head,golang.org/x/net,v0.49.0,gobinary,CVE-2026-42506,MEDIUM,https://avd.aquasec.com/nvd/cve-2026-42506,csi-snapshotter,0.55.0,true,not_affected,vulnerable_code_not_present
rancher/mirrored-longhornio-csi-snapshotter:v8.5.0-20260428,rancher/head,golang.org/x/crypto,v0.47.0,gobinary,CVE-2026-42508,HIGH,https://avd.aquasec.com/nvd/cve-2026-42508,csi-snapshotter,0.52.0,true,not_affected,vulnerable_code_not_present
rancher/mirrored-longhornio-csi-snapshotter:v8.5.0-20260428,rancher/head,golang.org/x/crypto,v0.47.0,gobinary,CVE-2026-46595,HIGH,https://avd.aquasec.com/nvd/cve-2026-46595,csi-snapshotter,0.52.0,true,not_affected,vulnerable_code_not_present
rancher/mirrored-longhornio-csi-snapshotter:v8.5.0-20260428,rancher/head,golang.org/x/crypto,v0.47.0,gobinary,CVE-2026-46597,HIGH,https://avd.aquasec.com/nvd/cve-2026-46597,csi-snapshotter,0.52.0,true,not_affected,vulnerable_code_not_present
rancher/mirrored-longhornio-csi-snapshotter:v8.5.0-20260428,rancher/head,golang.org/x/crypto,v0.47.0,gobinary,CVE-2026-46598,MEDIUM,https://avd.aquasec.com/nvd/cve-2026-46598,csi-snapshotter,0.52.0,true,not_affected,vulnerable_code_not_present
rancher/mirrored-longhornio-csi-snapshotter:v8.5.0-20260428,rancher/head,google.golang.org/grpc,v1.79.3,gobinary,GHSA-hrxh-6v49-42gf,HIGH,https://github.com/advisories/GHSA-hrxh-6v49-42gf,csi-snapshotter,1.82.1,true,affected,
rancher/mirrored-metrics-server:v0.9.0,rancher/head,stdlib,v1.26.4,gobinary,CVE-2026-39822,HIGH,https://avd.aquasec.com/nvd/cve-2026-39822,metrics-server,"1.25.12, 1.26.5, 1.27.0-rc.2",true,not_affected,vulnerable_code_not_in_execute_path
rancher/mirrored-metrics-server:v0.9.0,rancher/head,stdlib,v1.26.4,gobinary,CVE-2026-42505,MEDIUM,https://avd.aquasec.com/nvd/cve-2026-42505,metrics-server,"1.25.12, 1.26.5, 1.27.0-rc.2",true,not_affected,vulnerable_code_cannot_be_controlled_by_adversary
rancher/mirrored-metrics-server:v0.9.0,rancher/head,google.golang.org/grpc,v1.81.1,gobinary,GHSA-hrxh-6v49-42gf,HIGH,https://github.com/advisories/GHSA-hrxh-6v49-42gf,metrics-server,1.82.1,true,affected,
rancher/mirrored-sig-storage-csi-attacher:v4.9.0,rancher/head,stdlib,v1.24.2,gobinary,CVE-2025-22873,MEDIUM,https://avd.aquasec.com/nvd/cve-2025-22873,csi-attacher,"1.23.9, 1.24.3",true,not_affected,vulnerable_code_not_in_execute_path
rancher/mirrored-sig-storage-csi-attacher:v4.9.0,rancher/head,stdlib,v1.24.2,gobinary,CVE-2025-22874,HIGH,https://avd.aquasec.com/nvd/cve-2025-22874,csi-attacher,1.24.4,true,affected,
rancher/mirrored-sig-storage-csi-attacher:v4.9.0,rancher/head,stdlib,v1.24.2,gobinary,CVE-2025-47907,MEDIUM,https://avd.aquasec.com/nvd/cve-2025-47907,csi-attacher,"1.23.12, 1.24.6",true,not_affected,vulnerable_code_not_in_execute_path
rancher/mirrored-sig-storage-csi-attacher:v4.9.0,rancher/head,golang.org/x/net,v0.40.0,gobinary,CVE-2025-47911,MEDIUM,https://avd.aquasec.com/nvd/cve-2025-47911,csi-attacher,0.45.0,true,not_affected,vulnerable_code_not_present
rancher/mirrored-sig-storage-csi-attacher:v4.9.0,rancher/head,stdlib,v1.24.2,gobinary,CVE-2025-47912,HIGH,https://avd.aquasec.com/nvd/cve-2025-47912,csi-attacher,"1.24.8, 1.25.2",true,affected,severity_changed_due_to_suse_cvss_score
rancher/mirrored-sig-storage-csi-attacher:v4.9.0,rancher/head,stdlib,v1.24.2,gobinary,CVE-2025-58183,MEDIUM,https://avd.aquasec.com/nvd/cve-2025-58183,csi-attacher,"1.24.8, 1.25.2",true,not_affected,vulnerable_code_not_present
rancher/mirrored-sig-storage-csi-attacher:v4.9.0,rancher/head,stdlib,v1.24.2,gobinary,CVE-2025-58188,HIGH,https://avd.aquasec.com/nvd/cve-2025-58188,csi-attacher,"1.24.8, 1.25.2",true,affected,severity_changed_due_to_suse_cvss_score
rancher/mirrored-sig-storage-csi-attacher:v4.9.0,rancher/head,golang.org/x/net,v0.40.0,gobinary,CVE-2025-58190,MEDIUM,https://avd.aquasec.com/nvd/cve-2025-58190,csi-attacher,0.45.0,true,not_affected,vulnerable_code_not_present
rancher/mirrored-sig-storage-csi-attacher:v4.9.0,rancher/head,stdlib,v1.24.2,gobinary,CVE-2025-61725,MEDIUM,https://avd.aquasec.com/nvd/cve-2025-61725,csi-attacher,"1.24.8, 1.25.2",true,not_affected,vulnerable_code_not_present
rancher/mirrored-sig-storage-csi-attacher:v4.9.0,rancher/head,stdlib,v1.24.2,gobinary,CVE-2025-61727,HIGH,https://avd.aquasec.com/nvd/cve-2025-61727,csi-attacher,"1.24.11, 1.25.5",true,affected,severity_changed_due_to_suse_cvss_score
rancher/mirrored-sig-storage-csi-attacher:v4.9.0,rancher/head,stdlib,v1.24.2,gobinary,CVE-2025-61728,MEDIUM,https://avd.aquasec.com/nvd/cve-2025-61728,csi-attacher,"1.24.12, 1.25.6",true,not_affected,vulnerable_code_not_present
rancher/mirrored-sig-storage-csi-attacher:v4.9.0,rancher/head,stdlib,v1.24.2,gobinary,CVE-2025-61729,HIGH,https://avd.aquasec.com/nvd/cve-2025-61729,csi-attacher,"1.24.11, 1.25.5",true,affected,
rancher/mirrored-sig-storage-csi-attacher:v4.9.0,rancher/head,stdlib,v1.24.2,gobinary,CVE-2025-68121,HIGH,https://avd.aquasec.com/nvd/cve-2025-68121,csi-attacher,"1.24.13, 1.25.7, 1.26.0-rc.3",true,affected,severity_changed_due_to_suse_cvss_score
rancher/mirrored-sig-storage-csi-attacher:v4.9.0,rancher/head,golang.org/x/net,v0.40.0,gobinary,CVE-2026-25680,MEDIUM,https://avd.aquasec.com/nvd/cve-2026-25680,csi-attacher,0.55.0,true,not_affected,vulnerable_code_not_present
rancher/mirrored-sig-storage-csi-attacher:v4.9.0,rancher/head,golang.org/x/net,v0.40.0,gobinary,CVE-2026-25681,HIGH,https://avd.aquasec.com/nvd/cve-2026-25681,csi-attacher,0.55.0,true,not_affected,vulnerable_code_not_present
rancher/mirrored-sig-storage-csi-attacher:v4.9.0,rancher/head,golang.org/x/net,v0.40.0,gobinary,CVE-2026-27136,HIGH,https://avd.aquasec.com/nvd/cve-2026-27136,csi-attacher,0.55.0,true,not_affected,vulnerable_code_not_present
rancher/mirrored-sig-storage-csi-attacher:v4.9.0,rancher/head,stdlib,v1.24.2,gobinary,CVE-2026-32280,HIGH,https://avd.aquasec.com/nvd/cve-2026-32280,csi-attacher,"1.25.9, 1.26.2",true,affected,
rancher/mirrored-sig-storage-csi-attacher:v4.9.0,rancher/head,stdlib,v1.24.2,gobinary,CVE-2026-32282,MEDIUM,https://avd.aquasec.com/nvd/cve-2026-32282,csi-attacher,"1.25.9, 1.26.2",true,not_affected,vulnerable_code_not_in_execute_path
rancher/mirrored-sig-storage-csi-attacher:v4.9.0,rancher/head,stdlib,v1.24.2,gobinary,CVE-2026-32288,MEDIUM,https://avd.aquasec.com/nvd/cve-2026-32288,csi-attacher,"1.25.9, 1.26.2",true,not_affected,vulnerable_code_not_present
rancher/mirrored-sig-storage-csi-attacher:v4.9.0,rancher/head,google.golang.org/grpc,v1.72.1,gobinary,CVE-2026-33186,HIGH,https://avd.aquasec.com/nvd/cve-2026-33186,csi-attacher,1.79.3,true,affected,severity_changed_due_to_suse_cvss_score
rancher/mirrored-sig-storage-csi-attacher:v4.9.0,rancher/head,stdlib,v1.24.2,gobinary,CVE-2026-33811,HIGH,https://avd.aquasec.com/nvd/cve-2026-33811,csi-attacher,"1.25.10, 1.26.3",true,affected,
rancher/mirrored-sig-storage-csi-attacher:v4.9.0,rancher/head,golang.org/x/net,v0.40.0,gobinary,CVE-2026-33814,HIGH,https://avd.aquasec.com/nvd/cve-2026-33814,csi-attacher,0.53.0,true,affected,
rancher/mirrored-sig-storage-csi-attacher:v4.9.0,rancher/head,stdlib,v1.24.2,gobinary,CVE-2026-33814,HIGH,https://avd.aquasec.com/nvd/cve-2026-33814,csi-attacher,"1.25.10, 1.26.3",true,affected,
rancher/mirrored-sig-storage-csi-attacher:v4.9.0,rancher/head,stdlib,v1.24.2,gobinary,CVE-2026-39820,HIGH,https://avd.aquasec.com/nvd/cve-2026-39820,csi-attacher,"1.25.10, 1.26.3",true,not_affected,vulnerable_code_not_present
rancher/mirrored-sig-storage-csi-attacher:v4.9.0,rancher/head,golang.org/x/net,v0.40.0,gobinary,CVE-2026-39821,HIGH,https://avd.aquasec.com/nvd/cve-2026-39821,csi-attacher,0.55.0,true,affected,
rancher/mirrored-sig-storage-csi-attacher:v4.9.0,rancher/head,stdlib,v1.24.2,gobinary,CVE-2026-39822,HIGH,https://avd.aquasec.com/nvd/cve-2026-39822,csi-attacher,"1.25.12, 1.26.5, 1.27.0-rc.2",true,not_affected,vulnerable_code_not_in_execute_path
rancher/mirrored-sig-storage-csi-attacher:v4.9.0,rancher/head,stdlib,v1.24.2,gobinary,CVE-2026-39825,MEDIUM,https://avd.aquasec.com/nvd/cve-2026-39825,csi-attacher,"1.25.10, 1.26.3",true,not_affected,vulnerable_code_not_in_execute_path
rancher/mirrored-sig-storage-csi-attacher:v4.9.0,rancher/head,stdlib,v1.24.2,gobinary,CVE-2026-39836,HIGH,https://avd.aquasec.com/nvd/cve-2026-39836,csi-attacher,"1.25.10, 1.26.3",true,affected,
rancher/mirrored-sig-storage-csi-attacher:v4.9.0,rancher/head,stdlib,v1.24.2,gobinary,CVE-2026-42499,HIGH,https://avd.aquasec.com/nvd/cve-2026-42499,csi-attacher,"1.25.10, 1.26.3",true,not_affected,vulnerable_code_not_present
rancher/mirrored-sig-storage-csi-attacher:v4.9.0,rancher/head,golang.org/x/net,v0.40.0,gobinary,CVE-2026-42502,MEDIUM,https://avd.aquasec.com/nvd/cve-2026-42502,csi-attacher,0.55.0,true,not_affected,vulnerable_code_not_present
rancher/mirrored-sig-storage-csi-attacher:v4.9.0,rancher/head,golang.org/x/net,v0.40.0,gobinary,CVE-2026-42506,MEDIUM,https://avd.aquasec.com/nvd/cve-2026-42506,csi-attacher,0.55.0,true,not_affected,vulnerable_code_not_present
rancher/mirrored-sig-storage-csi-attacher:v4.9.0,rancher/head,golang.org/x/text,v0.25.0,gobinary,CVE-2026-56852,HIGH,https://avd.aquasec.com/nvd/cve-2026-56852,csi-attacher,0.39.0,true,not_affected,vulnerable_code_not_in_execute_path
rancher/mirrored-sig-storage-csi-attacher:v4.9.0,rancher/head,google.golang.org/grpc,v1.72.1,gobinary,GHSA-hrxh-6v49-42gf,HIGH,https://github.com/advisories/GHSA-hrxh-6v49-42gf,csi-attacher,1.82.1,true,affected,
rancher/mirrored-sig-storage-csi-node-driver-registrar:v2.13.0,rancher/head,stdlib,v1.23.1,gobinary,CVE-2024-45336,MEDIUM,https://avd.aquasec.com/nvd/cve-2024-45336,csi-node-driver-registrar,"1.22.11, 1.23.5, 1.24.0-rc.2",true,not_affected,vulnerable_code_not_in_execute_path
rancher/mirrored-sig-storage-csi-node-driver-registrar:v2.13.0,rancher/head,golang.org/x/net,v0.32.0,gobinary,CVE-2024-45338,HIGH,https://avd.aquasec.com/nvd/cve-2024-45338,csi-node-driver-registrar,0.33.0,true,not_affected,vulnerable_code_not_present
rancher/mirrored-sig-storage-csi-node-driver-registrar:v2.13.0,rancher/head,golang.org/x/net,v0.32.0,gobinary,CVE-2025-22870,MEDIUM,https://avd.aquasec.com/nvd/cve-2025-22870,csi-node-driver-registrar,0.36.0,true,not_affected,vulnerable_code_not_present
rancher/mirrored-sig-storage-csi-node-driver-registrar:v2.13.0,rancher/head,golang.org/x/net,v0.32.0,gobinary,CVE-2025-22872,MEDIUM,https://avd.aquasec.com/nvd/cve-2025-22872,csi-node-driver-registrar,0.38.0,true,not_affected,vulnerable_code_not_present
rancher/mirrored-sig-storage-csi-node-driver-registrar:v2.13.0,rancher/head,stdlib,v1.23.1,gobinary,CVE-2025-22873,MEDIUM,https://avd.aquasec.com/nvd/cve-2025-22873,csi-node-driver-registrar,"1.23.9, 1.24.3",true,not_affected,vulnerable_code_not_in_execute_path
rancher/mirrored-sig-storage-csi-node-driver-registrar:v2.13.0,rancher/head,stdlib,v1.23.1,gobinary,CVE-2025-4673,MEDIUM,https://avd.aquasec.com/nvd/cve-2025-4673,csi-node-driver-registrar,"1.23.10, 1.24.4",true,not_affected,vulnerable_code_not_in_execute_path
rancher/mirrored-sig-storage-csi-node-driver-registrar:v2.13.0,rancher/head,stdlib,v1.23.1,gobinary,CVE-2025-47906,MEDIUM,https://avd.aquasec.com/nvd/cve-2025-47906,csi-node-driver-registrar,"1.23.12, 1.24.6",true,not_affected,vulnerable_code_not_present
rancher/mirrored-sig-storage-csi-node-driver-registrar:v2.13.0,rancher/head,stdlib,v1.23.1,gobinary,CVE-2025-47907,MEDIUM,https://avd.aquasec.com/nvd/cve-2025-47907,csi-node-driver-registrar,"1.23.12, 1.24.6",true,not_affected,vulnerable_code_not_in_execute_path
rancher/mirrored-sig-storage-csi-node-driver-registrar:v2.13.0,rancher/head,golang.org/x/net,v0.32.0,gobinary,CVE-2025-47911,MEDIUM,https://avd.aquasec.com/nvd/cve-2025-47911,csi-node-driver-registrar,0.45.0,true,not_affected,vulnerable_code_not_present
rancher/mirrored-sig-storage-csi-node-driver-registrar:v2.13.0,rancher/head,stdlib,v1.23.1,gobinary,CVE-2025-47912,HIGH,https://avd.aquasec.com/nvd/cve-2025-47912,csi-node-driver-registrar,"1.24.8, 1.25.2",true,affected,severity_changed_due_to_suse_cvss_score
rancher/mirrored-sig-storage-csi-node-driver-registrar:v2.13.0,rancher/head,stdlib,v1.23.1,gobinary,CVE-2025-58183,MEDIUM,https://avd.aquasec.com/nvd/cve-2025-58183,csi-node-driver-registrar,"1.24.8, 1.25.2",true,not_affected,vulnerable_code_not_present
rancher/mirrored-sig-storage-csi-node-driver-registrar:v2.13.0,rancher/head,stdlib,v1.23.1,gobinary,CVE-2025-58188,HIGH,https://avd.aquasec.com/nvd/cve-2025-58188,csi-node-driver-registrar,"1.24.8, 1.25.2",true,affected,severity_changed_due_to_suse_cvss_score
rancher/mirrored-sig-storage-csi-node-driver-registrar:v2.13.0,rancher/head,golang.org/x/net,v0.32.0,gobinary,CVE-2025-58190,MEDIUM,https://avd.aquasec.com/nvd/cve-2025-58190,csi-node-driver-registrar,0.45.0,true,not_affected,vulnerable_code_not_present
rancher/mirrored-sig-storage-csi-node-driver-registrar:v2.13.0,rancher/head,stdlib,v1.23.1,gobinary,CVE-2025-61725,MEDIUM,https://avd.aquasec.com/nvd/cve-2025-61725,csi-node-driver-registrar,"1.24.8, 1.25.2",true,not_affected,vulnerable_code_not_present
rancher/mirrored-sig-storage-csi-node-driver-registrar:v2.13.0,rancher/head,stdlib,v1.23.1,gobinary,CVE-2025-61727,HIGH,https://avd.aquasec.com/nvd/cve-2025-61727,csi-node-driver-registrar,"1.24.11, 1.25.5",true,affected,severity_changed_due_to_suse_cvss_score
rancher/mirrored-sig-storage-csi-node-driver-registrar:v2.13.0,rancher/head,stdlib,v1.23.1,gobinary,CVE-2025-61728,MEDIUM,https://avd.aquasec.com/nvd/cve-2025-61728,csi-node-driver-registrar,"1.24.12, 1.25.6",true,not_affected,vulnerable_code_not_present
rancher/mirrored-sig-storage-csi-node-driver-registrar:v2.13.0,rancher/head,stdlib,v1.23.1,gobinary,CVE-2025-61729,HIGH,https://avd.aquasec.com/nvd/cve-2025-61729,csi-node-driver-registrar,"1.24.11, 1.25.5",true,affected,
rancher/mirrored-sig-storage-csi-node-driver-registrar:v2.13.0,rancher/head,stdlib,v1.23.1,gobinary,CVE-2025-68121,HIGH,https://avd.aquasec.com/nvd/cve-2025-68121,csi-node-driver-registrar,"1.24.13, 1.25.7, 1.26.0-rc.3",true,affected,severity_changed_due_to_suse_cvss_score
rancher/mirrored-sig-storage-csi-node-driver-registrar:v2.13.0,rancher/head,golang.org/x/net,v0.32.0,gobinary,CVE-2026-25680,MEDIUM,https://avd.aquasec.com/nvd/cve-2026-25680,csi-node-driver-registrar,0.55.0,true,not_affected,vulnerable_code_not_present
rancher/mirrored-sig-storage-csi-node-driver-registrar:v2.13.0,rancher/head,golang.org/x/net,v0.32.0,gobinary,CVE-2026-25681,HIGH,https://avd.aquasec.com/nvd/cve-2026-25681,csi-node-driver-registrar,0.55.0,true,not_affected,vulnerable_code_not_present
rancher/mirrored-sig-storage-csi-node-driver-registrar:v2.13.0,rancher/head,golang.org/x/net,v0.32.0,gobinary,CVE-2026-27136,HIGH,https://avd.aquasec.com/nvd/cve-2026-27136,csi-node-driver-registrar,0.55.0,true,not_affected,vulnerable_code_not_present
rancher/mirrored-sig-storage-csi-node-driver-registrar:v2.13.0,rancher/head,stdlib,v1.23.1,gobinary,CVE-2026-32280,HIGH,https://avd.aquasec.com/nvd/cve-2026-32280,csi-node-driver-registrar,"1.25.9, 1.26.2",true,affected,
rancher/mirrored-sig-storage-csi-node-driver-registrar:v2.13.0,rancher/head,stdlib,v1.23.1,gobinary,CVE-2026-32282,MEDIUM,https://avd.aquasec.com/nvd/cve-2026-32282,csi-node-driver-registrar,"1.25.9, 1.26.2",true,not_affected,vulnerable_code_not_in_execute_path
rancher/mirrored-sig-storage-csi-node-driver-registrar:v2.13.0,rancher/head,stdlib,v1.23.1,gobinary,CVE-2026-32288,MEDIUM,https://avd.aquasec.com/nvd/cve-2026-32288,csi-node-driver-registrar,"1.25.9, 1.26.2",true,not_affected,vulnerable_code_not_present
rancher/mirrored-sig-storage-csi-node-driver-registrar:v2.13.0,rancher/head,google.golang.org/grpc,v1.69.0,gobinary,CVE-2026-33186,HIGH,https://avd.aquasec.com/nvd/cve-2026-33186,csi-node-driver-registrar,1.79.3,true,affected,severity_changed_due_to_suse_cvss_score
rancher/mirrored-sig-storage-csi-node-driver-registrar:v2.13.0,rancher/head,stdlib,v1.23.1,gobinary,CVE-2026-33811,HIGH,https://avd.aquasec.com/nvd/cve-2026-33811,csi-node-driver-registrar,"1.25.10, 1.26.3",true,affected,
rancher/mirrored-sig-storage-csi-node-driver-registrar:v2.13.0,rancher/head,golang.org/x/net,v0.32.0,gobinary,CVE-2026-33814,HIGH,https://avd.aquasec.com/nvd/cve-2026-33814,csi-node-driver-registrar,0.53.0,true,affected,
rancher/mirrored-sig-storage-csi-node-driver-registrar:v2.13.0,rancher/head,stdlib,v1.23.1,gobinary,CVE-2026-33814,HIGH,https://avd.aquasec.com/nvd/cve-2026-33814,csi-node-driver-registrar,"1.25.10, 1.26.3",true,affected,
rancher/mirrored-sig-storage-csi-node-driver-registrar:v2.13.0,rancher/head,stdlib,v1.23.1,gobinary,CVE-2026-39820,HIGH,https://avd.aquasec.com/nvd/cve-2026-39820,csi-node-driver-registrar,"1.25.10, 1.26.3",true,not_affected,vulnerable_code_not_present
rancher/mirrored-sig-storage-csi-node-driver-registrar:v2.13.0,rancher/head,golang.org/x/net,v0.32.0,gobinary,CVE-2026-39821,HIGH,https://avd.aquasec.com/nvd/cve-2026-39821,csi-node-driver-registrar,0.55.0,true,not_affected,vulnerable_code_not_in_execute_path
rancher/mirrored-sig-storage-csi-node-driver-registrar:v2.13.0,rancher/head,stdlib,v1.23.1,gobinary,CVE-2026-39822,HIGH,https://avd.aquasec.com/nvd/cve-2026-39822,csi-node-driver-registrar,"1.25.12, 1.26.5, 1.27.0-rc.2",true,not_affected,vulnerable_code_not_in_execute_path
rancher/mirrored-sig-storage-csi-node-driver-registrar:v2.13.0,rancher/head,stdlib,v1.23.1,gobinary,CVE-2026-39825,MEDIUM,https://avd.aquasec.com/nvd/cve-2026-39825,csi-node-driver-registrar,"1.25.10, 1.26.3",true,not_affected,vulnerable_code_not_in_execute_path
rancher/mirrored-sig-storage-csi-node-driver-registrar:v2.13.0,rancher/head,stdlib,v1.23.1,gobinary,CVE-2026-39836,HIGH,https://avd.aquasec.com/nvd/cve-2026-39836,csi-node-driver-registrar,"1.25.10, 1.26.3",true,affected,
rancher/mirrored-sig-storage-csi-node-driver-registrar:v2.13.0,rancher/head,stdlib,v1.23.1,gobinary,CVE-2026-42499,HIGH,https://avd.aquasec.com/nvd/cve-2026-42499,csi-node-driver-registrar,"1.25.10, 1.26.3",true,not_affected,vulnerable_code_not_present
rancher/mirrored-sig-storage-csi-node-driver-registrar:v2.13.0,rancher/head,golang.org/x/net,v0.32.0,gobinary,CVE-2026-42502,MEDIUM,https://avd.aquasec.com/nvd/cve-2026-42502,csi-node-driver-registrar,0.55.0,true,not_affected,vulnerable_code_not_present
rancher/mirrored-sig-storage-csi-node-driver-registrar:v2.13.0,rancher/head,stdlib,v1.23.1,gobinary,CVE-2026-42504,HIGH,https://avd.aquasec.com/nvd/cve-2026-42504,csi-node-driver-registrar,"1.25.11, 1.26.4",true,not_affected,vulnerable_code_not_in_execute_path
rancher/mirrored-sig-storage-csi-node-driver-registrar:v2.13.0,rancher/head,golang.org/x/net,v0.32.0,gobinary,CVE-2026-42506,MEDIUM,https://avd.aquasec.com/nvd/cve-2026-42506,csi-node-driver-registrar,0.55.0,true,not_affected,vulnerable_code_not_present
rancher/mirrored-sig-storage-csi-node-driver-registrar:v2.13.0,rancher/head,golang.org/x/text,v0.21.0,gobinary,CVE-2026-56852,HIGH,https://avd.aquasec.com/nvd/cve-2026-56852,csi-node-driver-registrar,0.39.0,true,not_affected,vulnerable_code_not_in_execute_path
rancher/mirrored-sig-storage-csi-node-driver-registrar:v2.13.0,rancher/head,google.golang.org/grpc,v1.69.0,gobinary,GHSA-hrxh-6v49-42gf,HIGH,https://github.com/advisories/GHSA-hrxh-6v49-42gf,csi-node-driver-registrar,1.82.1,true,affected,
rancher/mirrored-sig-storage-csi-provisioner:v4.0.1,rancher/head,stdlib,v1.21.5,gobinary,CVE-2023-45289,HIGH,https://avd.aquasec.com/nvd/cve-2023-45289,csi-provisioner,"1.21.8, 1.22.1",true,affected,severity_changed_due_to_suse_cvss_score
rancher/mirrored-sig-storage-csi-provisioner:v4.0.1,rancher/head,stdlib,v1.21.5,gobinary,CVE-2023-45290,HIGH,https://avd.aquasec.com/nvd/cve-2023-45290,csi-provisioner,"1.21.8, 1.22.1",true,affected,severity_changed_due_to_suse_cvss_score
rancher/mirrored-sig-storage-csi-provisioner:v4.0.1,rancher/head,stdlib,v1.21.5,gobinary,CVE-2024-24783,HIGH,https://avd.aquasec.com/nvd/cve-2024-24783,csi-provisioner,"1.21.8, 1.22.1",true,affected,severity_changed_due_to_suse_cvss_score
rancher/mirrored-sig-storage-csi-provisioner:v4.0.1,rancher/head,stdlib,v1.21.5,gobinary,CVE-2024-24784,MEDIUM,https://avd.aquasec.com/nvd/cve-2024-24784,csi-provisioner,"1.21.8, 1.22.1",true,not_affected,vulnerable_code_not_present
rancher/mirrored-sig-storage-csi-provisioner:v4.0.1,rancher/head,stdlib,v1.21.5,gobinary,CVE-2024-24785,HIGH,https://avd.aquasec.com/nvd/cve-2024-24785,csi-provisioner,"1.21.8, 1.22.1",true,affected,severity_changed_due_to_suse_cvss_score
rancher/mirrored-sig-storage-csi-provisioner:v4.0.1,rancher/head,stdlib,v1.21.5,gobinary,CVE-2024-24789,MEDIUM,https://avd.aquasec.com/nvd/cve-2024-24789,csi-provisioner,"1.21.11, 1.22.4",true,not_affected,vulnerable_code_not_present
rancher/mirrored-sig-storage-csi-provisioner:v4.0.1,rancher/head,stdlib,v1.21.5,gobinary,CVE-2024-34155,MEDIUM,https://avd.aquasec.com/nvd/cve-2024-34155,csi-provisioner,"1.22.7, 1.23.1",true,not_affected,vulnerable_code_not_in_execute_path
rancher/mirrored-sig-storage-csi-provisioner:v4.0.1,rancher/head,stdlib,v1.21.5,gobinary,CVE-2024-34156,HIGH,https://avd.aquasec.com/nvd/cve-2024-34156,csi-provisioner,"1.22.7, 1.23.1",true,not_affected,vulnerable_code_not_present
rancher/mirrored-sig-storage-csi-provisioner:v4.0.1,rancher/head,stdlib,v1.21.5,gobinary,CVE-2024-34158,MEDIUM,https://avd.aquasec.com/nvd/cve-2024-34158,csi-provisioner,"1.22.7, 1.23.1",true,not_affected,vulnerable_code_not_present
rancher/mirrored-sig-storage-csi-provisioner:v4.0.1,rancher/head,golang.org/x/net,v0.19.0,gobinary,CVE-2024-45338,HIGH,https://avd.aquasec.com/nvd/cve-2024-45338,csi-provisioner,0.33.0,true,not_affected,vulnerable_code_not_present
rancher/mirrored-sig-storage-csi-provisioner:v4.0.1,rancher/head,golang.org/x/oauth2,v0.15.0,gobinary,CVE-2025-22868,HIGH,https://avd.aquasec.com/nvd/cve-2025-22868,csi-provisioner,0.27.0,true,not_affected,vulnerable_code_not_present
rancher/mirrored-sig-storage-csi-provisioner:v4.0.1,rancher/head,golang.org/x/net,v0.19.0,gobinary,CVE-2025-22870,MEDIUM,https://avd.aquasec.com/nvd/cve-2025-22870,csi-provisioner,0.36.0,true,not_affected,vulnerable_code_not_present
rancher/mirrored-sig-storage-csi-provisioner:v4.0.1,rancher/head,golang.org/x/net,v0.19.0,gobinary,CVE-2025-22872,MEDIUM,https://avd.aquasec.com/nvd/cve-2025-22872,csi-provisioner,0.38.0,true,not_affected,vulnerable_code_not_present
rancher/mirrored-sig-storage-csi-provisioner:v4.0.1,rancher/head,stdlib,v1.21.5,gobinary,CVE-2025-22873,MEDIUM,https://avd.aquasec.com/nvd/cve-2025-22873,csi-provisioner,"1.23.9, 1.24.3",true,not_affected,vulnerable_code_not_in_execute_path
rancher/mirrored-sig-storage-csi-provisioner:v4.0.1,rancher/head,stdlib,v1.21.5,gobinary,CVE-2025-47907,MEDIUM,https://avd.aquasec.com/nvd/cve-2025-47907,csi-provisioner,"1.23.12, 1.24.6",true,not_affected,vulnerable_code_not_in_execute_path
rancher/mirrored-sig-storage-csi-provisioner:v4.0.1,rancher/head,golang.org/x/net,v0.19.0,gobinary,CVE-2025-47911,MEDIUM,https://avd.aquasec.com/nvd/cve-2025-47911,csi-provisioner,0.45.0,true,not_affected,vulnerable_code_not_present
rancher/mirrored-sig-storage-csi-provisioner:v4.0.1,rancher/head,stdlib,v1.21.5,gobinary,CVE-2025-47912,HIGH,https://avd.aquasec.com/nvd/cve-2025-47912,csi-provisioner,"1.24.8, 1.25.2",true,affected,severity_changed_due_to_suse_cvss_score
rancher/mirrored-sig-storage-csi-provisioner:v4.0.1,rancher/head,stdlib,v1.21.5,gobinary,CVE-2025-58183,MEDIUM,https://avd.aquasec.com/nvd/cve-2025-58183,csi-provisioner,"1.24.8, 1.25.2",true,not_affected,vulnerable_code_not_present
rancher/mirrored-sig-storage-csi-provisioner:v4.0.1,rancher/head,stdlib,v1.21.5,gobinary,CVE-2025-58188,HIGH,https://avd.aquasec.com/nvd/cve-2025-58188,csi-provisioner,"1.24.8, 1.25.2",true,affected,severity_changed_due_to_suse_cvss_score
rancher/mirrored-sig-storage-csi-provisioner:v4.0.1,rancher/head,golang.org/x/net,v0.19.0,gobinary,CVE-2025-58190,MEDIUM,https://avd.aquasec.com/nvd/cve-2025-58190,csi-provisioner,0.45.0,true,not_affected,vulnerable_code_not_present
rancher/mirrored-sig-storage-csi-provisioner:v4.0.1,rancher/head,stdlib,v1.21.5,gobinary,CVE-2025-61725,MEDIUM,https://avd.aquasec.com/nvd/cve-2025-61725,csi-provisioner,"1.24.8, 1.25.2",true,not_affected,vulnerable_code_not_present
rancher/mirrored-sig-storage-csi-provisioner:v4.0.1,rancher/head,stdlib,v1.21.5,gobinary,CVE-2025-61727,HIGH,https://avd.aquasec.com/nvd/cve-2025-61727,csi-provisioner,"1.24.11, 1.25.5",true,affected,severity_changed_due_to_suse_cvss_score
rancher/mirrored-sig-storage-csi-provisioner:v4.0.1,rancher/head,stdlib,v1.21.5,gobinary,CVE-2025-61728,MEDIUM,https://avd.aquasec.com/nvd/cve-2025-61728,csi-provisioner,"1.24.12, 1.25.6",true,not_affected,vulnerable_code_not_present
rancher/mirrored-sig-storage-csi-provisioner:v4.0.1,rancher/head,stdlib,v1.21.5,gobinary,CVE-2025-61729,HIGH,https://avd.aquasec.com/nvd/cve-2025-61729,csi-provisioner,"1.24.11, 1.25.5",true,affected,
rancher/mirrored-sig-storage-csi-provisioner:v4.0.1,rancher/head,stdlib,v1.21.5,gobinary,CVE-2025-68121,HIGH,https://avd.aquasec.com/nvd/cve-2025-68121,csi-provisioner,"1.24.13, 1.25.7, 1.26.0-rc.3",true,affected,severity_changed_due_to_suse_cvss_score
rancher/mirrored-sig-storage-csi-provisioner:v4.0.1,rancher/head,golang.org/x/net,v0.19.0,gobinary,CVE-2026-25680,MEDIUM,https://avd.aquasec.com/nvd/cve-2026-25680,csi-provisioner,0.55.0,true,not_affected,vulnerable_code_not_present
rancher/mirrored-sig-storage-csi-provisioner:v4.0.1,rancher/head,golang.org/x/net,v0.19.0,gobinary,CVE-2026-25681,HIGH,https://avd.aquasec.com/nvd/cve-2026-25681,csi-provisioner,0.55.0,true,not_affected,vulnerable_code_not_present
rancher/mirrored-sig-storage-csi-provisioner:v4.0.1,rancher/head,golang.org/x/net,v0.19.0,gobinary,CVE-2026-27136,HIGH,https://avd.aquasec.com/nvd/cve-2026-27136,csi-provisioner,0.55.0,true,not_affected,vulnerable_code_not_present
rancher/mirrored-sig-storage-csi-provisioner:v4.0.1,rancher/head,stdlib,v1.21.5,gobinary,CVE-2026-32280,HIGH,https://avd.aquasec.com/nvd/cve-2026-32280,csi-provisioner,"1.25.9, 1.26.2",true,affected,
rancher/mirrored-sig-storage-csi-provisioner:v4.0.1,rancher/head,stdlib,v1.21.5,gobinary,CVE-2026-32282,MEDIUM,https://avd.aquasec.com/nvd/cve-2026-32282,csi-provisioner,"1.25.9, 1.26.2",true,not_affected,vulnerable_code_not_in_execute_path
rancher/mirrored-sig-storage-csi-provisioner:v4.0.1,rancher/head,stdlib,v1.21.5,gobinary,CVE-2026-32288,MEDIUM,https://avd.aquasec.com/nvd/cve-2026-32288,csi-provisioner,"1.25.9, 1.26.2",true,not_affected,vulnerable_code_not_present
rancher/mirrored-sig-storage-csi-provisioner:v4.0.1,rancher/head,google.golang.org/grpc,v1.60.0,gobinary,CVE-2026-33186,HIGH,https://avd.aquasec.com/nvd/cve-2026-33186,csi-provisioner,1.79.3,true,affected,severity_changed_due_to_suse_cvss_score
rancher/mirrored-sig-storage-csi-provisioner:v4.0.1,rancher/head,stdlib,v1.21.5,gobinary,CVE-2026-33811,HIGH,https://avd.aquasec.com/nvd/cve-2026-33811,csi-provisioner,"1.25.10, 1.26.3",true,affected,
rancher/mirrored-sig-storage-csi-provisioner:v4.0.1,rancher/head,golang.org/x/net,v0.19.0,gobinary,CVE-2026-33814,HIGH,https://avd.aquasec.com/nvd/cve-2026-33814,csi-provisioner,0.53.0,true,affected,
rancher/mirrored-sig-storage-csi-provisioner:v4.0.1,rancher/head,stdlib,v1.21.5,gobinary,CVE-2026-33814,HIGH,https://avd.aquasec.com/nvd/cve-2026-33814,csi-provisioner,"1.25.10, 1.26.3",true,affected,
rancher/mirrored-sig-storage-csi-provisioner:v4.0.1,rancher/head,stdlib,v1.21.5,gobinary,CVE-2026-39820,HIGH,https://avd.aquasec.com/nvd/cve-2026-39820,csi-provisioner,"1.25.10, 1.26.3",true,not_affected,vulnerable_code_not_present
rancher/mirrored-sig-storage-csi-provisioner:v4.0.1,rancher/head,golang.org/x/net,v0.19.0,gobinary,CVE-2026-39821,HIGH,https://avd.aquasec.com/nvd/cve-2026-39821,csi-provisioner,0.55.0,true,affected,
rancher/mirrored-sig-storage-csi-provisioner:v4.0.1,rancher/head,stdlib,v1.21.5,gobinary,CVE-2026-39822,HIGH,https://avd.aquasec.com/nvd/cve-2026-39822,csi-provisioner,"1.25.12, 1.26.5, 1.27.0-rc.2",true,not_affected,vulnerable_code_not_in_execute_path
rancher/mirrored-sig-storage-csi-provisioner:v4.0.1,rancher/head,stdlib,v1.21.5,gobinary,CVE-2026-39825,MEDIUM,https://avd.aquasec.com/nvd/cve-2026-39825,csi-provisioner,"1.25.10, 1.26.3",true,not_affected,vulnerable_code_not_in_execute_path
rancher/mirrored-sig-storage-csi-provisioner:v4.0.1,rancher/head,stdlib,v1.21.5,gobinary,CVE-2026-39836,HIGH,https://avd.aquasec.com/nvd/cve-2026-39836,csi-provisioner,"1.25.10, 1.26.3",true,affected,
rancher/mirrored-sig-storage-csi-provisioner:v4.0.1,rancher/head,stdlib,v1.21.5,gobinary,CVE-2026-42499,HIGH,https://avd.aquasec.com/nvd/cve-2026-42499,csi-provisioner,"1.25.10, 1.26.3",true,not_affected,vulnerable_code_not_present
rancher/mirrored-sig-storage-csi-provisioner:v4.0.1,rancher/head,golang.org/x/net,v0.19.0,gobinary,CVE-2026-42502,MEDIUM,https://avd.aquasec.com/nvd/cve-2026-42502,csi-provisioner,0.55.0,true,not_affected,vulnerable_code_not_present
rancher/mirrored-sig-storage-csi-provisioner:v4.0.1,rancher/head,golang.org/x/net,v0.19.0,gobinary,CVE-2026-42506,MEDIUM,https://avd.aquasec.com/nvd/cve-2026-42506,csi-provisioner,0.55.0,true,not_affected,vulnerable_code_not_present
rancher/mirrored-sig-storage-csi-provisioner:v4.0.1,rancher/head,golang.org/x/text,v0.14.0,gobinary,CVE-2026-56852,HIGH,https://avd.aquasec.com/nvd/cve-2026-56852,csi-provisioner,0.39.0,true,not_affected,vulnerable_code_not_in_execute_path
rancher/mirrored-sig-storage-csi-provisioner:v4.0.1,rancher/head,google.golang.org/grpc,v1.60.0,gobinary,GHSA-hrxh-6v49-42gf,HIGH,https://github.com/advisories/GHSA-hrxh-6v49-42gf,csi-provisioner,1.82.1,true,affected,
rancher/mirrored-sig-storage-csi-resizer:v1.12.0,rancher/head,stdlib,v1.22.5,gobinary,CVE-2024-34155,MEDIUM,https://avd.aquasec.com/nvd/cve-2024-34155,csi-resizer,"1.22.7, 1.23.1",true,not_affected,vulnerable_code_not_in_execute_path
rancher/mirrored-sig-storage-csi-resizer:v1.12.0,rancher/head,stdlib,v1.22.5,gobinary,CVE-2024-34156,HIGH,https://avd.aquasec.com/nvd/cve-2024-34156,csi-resizer,"1.22.7, 1.23.1",true,not_affected,vulnerable_code_not_present
rancher/mirrored-sig-storage-csi-resizer:v1.12.0,rancher/head,stdlib,v1.22.5,gobinary,CVE-2024-34158,MEDIUM,https://avd.aquasec.com/nvd/cve-2024-34158,csi-resizer,"1.22.7, 1.23.1",true,not_affected,vulnerable_code_not_present
rancher/mirrored-sig-storage-csi-resizer:v1.12.0,rancher/head,golang.org/x/net,v0.28.0,gobinary,CVE-2024-45338,HIGH,https://avd.aquasec.com/nvd/cve-2024-45338,csi-resizer,0.33.0,true,not_affected,vulnerable_code_not_present
rancher/mirrored-sig-storage-csi-resizer:v1.12.0,rancher/head,golang.org/x/oauth2,v0.22.0,gobinary,CVE-2025-22868,HIGH,https://avd.aquasec.com/nvd/cve-2025-22868,csi-resizer,0.27.0,true,not_affected,vulnerable_code_not_present
rancher/mirrored-sig-storage-csi-resizer:v1.12.0,rancher/head,golang.org/x/net,v0.28.0,gobinary,CVE-2025-22870,MEDIUM,https://avd.aquasec.com/nvd/cve-2025-22870,csi-resizer,0.36.0,true,not_affected,vulnerable_code_not_present
rancher/mirrored-sig-storage-csi-resizer:v1.12.0,rancher/head,golang.org/x/net,v0.28.0,gobinary,CVE-2025-22872,MEDIUM,https://avd.aquasec.com/nvd/cve-2025-22872,csi-resizer,0.38.0,true,not_affected,vulnerable_code_not_present
rancher/mirrored-sig-storage-csi-resizer:v1.12.0,rancher/head,stdlib,v1.22.5,gobinary,CVE-2025-22873,MEDIUM,https://avd.aquasec.com/nvd/cve-2025-22873,csi-resizer,"1.23.9, 1.24.3",true,not_affected,vulnerable_code_not_in_execute_path
rancher/mirrored-sig-storage-csi-resizer:v1.12.0,rancher/head,stdlib,v1.22.5,gobinary,CVE-2025-47907,MEDIUM,https://avd.aquasec.com/nvd/cve-2025-47907,csi-resizer,"1.23.12, 1.24.6",true,not_affected,vulnerable_code_not_in_execute_path
rancher/mirrored-sig-storage-csi-resizer:v1.12.0,rancher/head,golang.org/x/net,v0.28.0,gobinary,CVE-2025-47911,MEDIUM,https://avd.aquasec.com/nvd/cve-2025-47911,csi-resizer,0.45.0,true,not_affected,vulnerable_code_not_present
rancher/mirrored-sig-storage-csi-resizer:v1.12.0,rancher/head,stdlib,v1.22.5,gobinary,CVE-2025-47912,HIGH,https://avd.aquasec.com/nvd/cve-2025-47912,csi-resizer,"1.24.8, 1.25.2",true,affected,severity_changed_due_to_suse_cvss_score
rancher/mirrored-sig-storage-csi-resizer:v1.12.0,rancher/head,stdlib,v1.22.5,gobinary,CVE-2025-58183,MEDIUM,https://avd.aquasec.com/nvd/cve-2025-58183,csi-resizer,"1.24.8, 1.25.2",true,not_affected,vulnerable_code_not_present
rancher/mirrored-sig-storage-csi-resizer:v1.12.0,rancher/head,stdlib,v1.22.5,gobinary,CVE-2025-58188,HIGH,https://avd.aquasec.com/nvd/cve-2025-58188,csi-resizer,"1.24.8, 1.25.2",true,affected,severity_changed_due_to_suse_cvss_score
rancher/mirrored-sig-storage-csi-resizer:v1.12.0,rancher/head,golang.org/x/net,v0.28.0,gobinary,CVE-2025-58190,MEDIUM,https://avd.aquasec.com/nvd/cve-2025-58190,csi-resizer,0.45.0,true,not_affected,vulnerable_code_not_present
rancher/mirrored-sig-storage-csi-resizer:v1.12.0,rancher/head,stdlib,v1.22.5,gobinary,CVE-2025-61725,MEDIUM,https://avd.aquasec.com/nvd/cve-2025-61725,csi-resizer,"1.24.8, 1.25.2",true,not_affected,vulnerable_code_not_present
rancher/mirrored-sig-storage-csi-resizer:v1.12.0,rancher/head,stdlib,v1.22.5,gobinary,CVE-2025-61727,HIGH,https://avd.aquasec.com/nvd/cve-2025-61727,csi-resizer,"1.24.11, 1.25.5",true,affected,severity_changed_due_to_suse_cvss_score
rancher/mirrored-sig-storage-csi-resizer:v1.12.0,rancher/head,stdlib,v1.22.5,gobinary,CVE-2025-61728,MEDIUM,https://avd.aquasec.com/nvd/cve-2025-61728,csi-resizer,"1.24.12, 1.25.6",true,not_affected,vulnerable_code_not_present
rancher/mirrored-sig-storage-csi-resizer:v1.12.0,rancher/head,stdlib,v1.22.5,gobinary,CVE-2025-61729,HIGH,https://avd.aquasec.com/nvd/cve-2025-61729,csi-resizer,"1.24.11, 1.25.5",true,affected,
rancher/mirrored-sig-storage-csi-resizer:v1.12.0,rancher/head,stdlib,v1.22.5,gobinary,CVE-2025-68121,HIGH,https://avd.aquasec.com/nvd/cve-2025-68121,csi-resizer,"1.24.13, 1.25.7, 1.26.0-rc.3",true,affected,severity_changed_due_to_suse_cvss_score
rancher/mirrored-sig-storage-csi-resizer:v1.12.0,rancher/head,golang.org/x/net,v0.28.0,gobinary,CVE-2026-25680,MEDIUM,https://avd.aquasec.com/nvd/cve-2026-25680,csi-resizer,0.55.0,true,not_affected,vulnerable_code_not_present
rancher/mirrored-sig-storage-csi-resizer:v1.12.0,rancher/head,golang.org/x/net,v0.28.0,gobinary,CVE-2026-25681,HIGH,https://avd.aquasec.com/nvd/cve-2026-25681,csi-resizer,0.55.0,true,not_affected,vulnerable_code_not_present
rancher/mirrored-sig-storage-csi-resizer:v1.12.0,rancher/head,golang.org/x/net,v0.28.0,gobinary,CVE-2026-27136,HIGH,https://avd.aquasec.com/nvd/cve-2026-27136,csi-resizer,0.55.0,true,not_affected,vulnerable_code_not_present
rancher/mirrored-sig-storage-csi-resizer:v1.12.0,rancher/head,stdlib,v1.22.5,gobinary,CVE-2026-32280,HIGH,https://avd.aquasec.com/nvd/cve-2026-32280,csi-resizer,"1.25.9, 1.26.2",true,affected,
rancher/mirrored-sig-storage-csi-resizer:v1.12.0,rancher/head,stdlib,v1.22.5,gobinary,CVE-2026-32282,MEDIUM,https://avd.aquasec.com/nvd/cve-2026-32282,csi-resizer,"1.25.9, 1.26.2",true,not_affected,vulnerable_code_not_in_execute_path
rancher/mirrored-sig-storage-csi-resizer:v1.12.0,rancher/head,stdlib,v1.22.5,gobinary,CVE-2026-32288,MEDIUM,https://avd.aquasec.com/nvd/cve-2026-32288,csi-resizer,"1.25.9, 1.26.2",true,not_affected,vulnerable_code_not_present
rancher/mirrored-sig-storage-csi-resizer:v1.12.0,rancher/head,google.golang.org/grpc,v1.65.0,gobinary,CVE-2026-33186,HIGH,https://avd.aquasec.com/nvd/cve-2026-33186,csi-resizer,1.79.3,true,affected,severity_changed_due_to_suse_cvss_score
rancher/mirrored-sig-storage-csi-resizer:v1.12.0,rancher/head,stdlib,v1.22.5,gobinary,CVE-2026-33811,HIGH,https://avd.aquasec.com/nvd/cve-2026-33811,csi-resizer,"1.25.10, 1.26.3",true,affected,
rancher/mirrored-sig-storage-csi-resizer:v1.12.0,rancher/head,golang.org/x/net,v0.28.0,gobinary,CVE-2026-33814,HIGH,https://avd.aquasec.com/nvd/cve-2026-33814,csi-resizer,0.53.0,true,affected,
rancher/mirrored-sig-storage-csi-resizer:v1.12.0,rancher/head,stdlib,v1.22.5,gobinary,CVE-2026-33814,HIGH,https://avd.aquasec.com/nvd/cve-2026-33814,csi-resizer,"1.25.10, 1.26.3",true,affected,
rancher/mirrored-sig-storage-csi-resizer:v1.12.0,rancher/head,stdlib,v1.22.5,gobinary,CVE-2026-39820,HIGH,https://avd.aquasec.com/nvd/cve-2026-39820,csi-resizer,"1.25.10, 1.26.3",true,not_affected,vulnerable_code_not_present
rancher/mirrored-sig-storage-csi-resizer:v1.12.0,rancher/head,golang.org/x/net,v0.28.0,gobinary,CVE-2026-39821,HIGH,https://avd.aquasec.com/nvd/cve-2026-39821,csi-resizer,0.55.0,true,affected,
rancher/mirrored-sig-storage-csi-resizer:v1.12.0,rancher/head,stdlib,v1.22.5,gobinary,CVE-2026-39822,HIGH,https://avd.aquasec.com/nvd/cve-2026-39822,csi-resizer,"1.25.12, 1.26.5, 1.27.0-rc.2",true,not_affected,vulnerable_code_not_in_execute_path
rancher/mirrored-sig-storage-csi-resizer:v1.12.0,rancher/head,stdlib,v1.22.5,gobinary,CVE-2026-39825,MEDIUM,https://avd.aquasec.com/nvd/cve-2026-39825,csi-resizer,"1.25.10, 1.26.3",true,not_affected,vulnerable_code_not_in_execute_path
rancher/mirrored-sig-storage-csi-resizer:v1.12.0,rancher/head,stdlib,v1.22.5,gobinary,CVE-2026-39836,HIGH,https://avd.aquasec.com/nvd/cve-2026-39836,csi-resizer,"1.25.10, 1.26.3",true,affected,
rancher/mirrored-sig-storage-csi-resizer:v1.12.0,rancher/head,stdlib,v1.22.5,gobinary,CVE-2026-42499,HIGH,https://avd.aquasec.com/nvd/cve-2026-42499,csi-resizer,"1.25.10, 1.26.3",true,not_affected,vulnerable_code_not_present
rancher/mirrored-sig-storage-csi-resizer:v1.12.0,rancher/head,golang.org/x/net,v0.28.0,gobinary,CVE-2026-42502,MEDIUM,https://avd.aquasec.com/nvd/cve-2026-42502,csi-resizer,0.55.0,true,not_affected,vulnerable_code_not_present
rancher/mirrored-sig-storage-csi-resizer:v1.12.0,rancher/head,golang.org/x/net,v0.28.0,gobinary,CVE-2026-42506,MEDIUM,https://avd.aquasec.com/nvd/cve-2026-42506,csi-resizer,0.55.0,true,not_affected,vulnerable_code_not_present
rancher/mirrored-sig-storage-csi-resizer:v1.12.0,rancher/head,golang.org/x/text,v0.17.0,gobinary,CVE-2026-56852,HIGH,https://avd.aquasec.com/nvd/cve-2026-56852,csi-resizer,0.39.0,true,not_affected,vulnerable_code_not_in_execute_path
rancher/mirrored-sig-storage-csi-resizer:v1.12.0,rancher/head,google.golang.org/grpc,v1.65.0,gobinary,GHSA-hrxh-6v49-42gf,HIGH,https://github.com/advisories/GHSA-hrxh-6v49-42gf,csi-resizer,1.82.1,true,affected,
rancher/mirrored-sig-storage-livenessprobe:v2.15.0,rancher/head,stdlib,v1.23.1,gobinary,CVE-2024-45336,MEDIUM,https://avd.aquasec.com/nvd/cve-2024-45336,livenessprobe,"1.22.11, 1.23.5, 1.24.0-rc.2",true,not_affected,vulnerable_code_not_in_execute_path
rancher/mirrored-sig-storage-livenessprobe:v2.15.0,rancher/head,golang.org/x/net,v0.32.0,gobinary,CVE-2024-45338,HIGH,https://avd.aquasec.com/nvd/cve-2024-45338,livenessprobe,0.33.0,true,not_affected,vulnerable_code_not_present
rancher/mirrored-sig-storage-livenessprobe:v2.15.0,rancher/head,golang.org/x/net,v0.32.0,gobinary,CVE-2025-22870,MEDIUM,https://avd.aquasec.com/nvd/cve-2025-22870,livenessprobe,0.36.0,true,not_affected,vulnerable_code_not_present
rancher/mirrored-sig-storage-livenessprobe:v2.15.0,rancher/head,golang.org/x/net,v0.32.0,gobinary,CVE-2025-22872,MEDIUM,https://avd.aquasec.com/nvd/cve-2025-22872,livenessprobe,0.38.0,true,not_affected,vulnerable_code_not_present
rancher/mirrored-sig-storage-livenessprobe:v2.15.0,rancher/head,stdlib,v1.23.1,gobinary,CVE-2025-22873,MEDIUM,https://avd.aquasec.com/nvd/cve-2025-22873,livenessprobe,"1.23.9, 1.24.3",true,not_affected,vulnerable_code_not_in_execute_path
rancher/mirrored-sig-storage-livenessprobe:v2.15.0,rancher/head,stdlib,v1.23.1,gobinary,CVE-2025-4673,MEDIUM,https://avd.aquasec.com/nvd/cve-2025-4673,livenessprobe,"1.23.10, 1.24.4",true,not_affected,vulnerable_code_not_in_execute_path
rancher/mirrored-sig-storage-livenessprobe:v2.15.0,rancher/head,stdlib,v1.23.1,gobinary,CVE-2025-47906,MEDIUM,https://avd.aquasec.com/nvd/cve-2025-47906,livenessprobe,"1.23.12, 1.24.6",true,not_affected,vulnerable_code_not_present
rancher/mirrored-sig-storage-livenessprobe:v2.15.0,rancher/head,stdlib,v1.23.1,gobinary,CVE-2025-47907,MEDIUM,https://avd.aquasec.com/nvd/cve-2025-47907,livenessprobe,"1.23.12, 1.24.6",true,not_affected,vulnerable_code_not_in_execute_path
rancher/mirrored-sig-storage-livenessprobe:v2.15.0,rancher/head,golang.org/x/net,v0.32.0,gobinary,CVE-2025-47911,MEDIUM,https://avd.aquasec.com/nvd/cve-2025-47911,livenessprobe,0.45.0,true,not_affected,vulnerable_code_not_present
rancher/mirrored-sig-storage-livenessprobe:v2.15.0,rancher/head,stdlib,v1.23.1,gobinary,CVE-2025-47912,HIGH,https://avd.aquasec.com/nvd/cve-2025-47912,livenessprobe,"1.24.8, 1.25.2",true,affected,severity_changed_due_to_suse_cvss_score
rancher/mirrored-sig-storage-livenessprobe:v2.15.0,rancher/head,stdlib,v1.23.1,gobinary,CVE-2025-58183,MEDIUM,https://avd.aquasec.com/nvd/cve-2025-58183,livenessprobe,"1.24.8, 1.25.2",true,not_affected,vulnerable_code_not_present
rancher/mirrored-sig-storage-livenessprobe:v2.15.0,rancher/head,stdlib,v1.23.1,gobinary,CVE-2025-58188,HIGH,https://avd.aquasec.com/nvd/cve-2025-58188,livenessprobe,"1.24.8, 1.25.2",true,affected,severity_changed_due_to_suse_cvss_score
rancher/mirrored-sig-storage-livenessprobe:v2.15.0,rancher/head,golang.org/x/net,v0.32.0,gobinary,CVE-2025-58190,MEDIUM,https://avd.aquasec.com/nvd/cve-2025-58190,livenessprobe,0.45.0,true,not_affected,vulnerable_code_not_present
rancher/mirrored-sig-storage-livenessprobe:v2.15.0,rancher/head,stdlib,v1.23.1,gobinary,CVE-2025-61725,MEDIUM,https://avd.aquasec.com/nvd/cve-2025-61725,livenessprobe,"1.24.8, 1.25.2",true,not_affected,vulnerable_code_not_present
rancher/mirrored-sig-storage-livenessprobe:v2.15.0,rancher/head,stdlib,v1.23.1,gobinary,CVE-2025-61727,HIGH,https://avd.aquasec.com/nvd/cve-2025-61727,livenessprobe,"1.24.11, 1.25.5",true,affected,severity_changed_due_to_suse_cvss_score
rancher/mirrored-sig-storage-livenessprobe:v2.15.0,rancher/head,stdlib,v1.23.1,gobinary,CVE-2025-61728,MEDIUM,https://avd.aquasec.com/nvd/cve-2025-61728,livenessprobe,"1.24.12, 1.25.6",true,not_affected,vulnerable_code_not_present
rancher/mirrored-sig-storage-livenessprobe:v2.15.0,rancher/head,stdlib,v1.23.1,gobinary,CVE-2025-61729,HIGH,https://avd.aquasec.com/nvd/cve-2025-61729,livenessprobe,"1.24.11, 1.25.5",true,affected,
rancher/mirrored-sig-storage-livenessprobe:v2.15.0,rancher/head,stdlib,v1.23.1,gobinary,CVE-2025-68121,HIGH,https://avd.aquasec.com/nvd/cve-2025-68121,livenessprobe,"1.24.13, 1.25.7, 1.26.0-rc.3",true,affected,severity_changed_due_to_suse_cvss_score
rancher/mirrored-sig-storage-livenessprobe:v2.15.0,rancher/head,golang.org/x/net,v0.32.0,gobinary,CVE-2026-25680,MEDIUM,https://avd.aquasec.com/nvd/cve-2026-25680,livenessprobe,0.55.0,true,not_affected,vulnerable_code_not_present
rancher/mirrored-sig-storage-livenessprobe:v2.15.0,rancher/head,golang.org/x/net,v0.32.0,gobinary,CVE-2026-25681,HIGH,https://avd.aquasec.com/nvd/cve-2026-25681,livenessprobe,0.55.0,true,not_affected,vulnerable_code_not_present
rancher/mirrored-sig-storage-livenessprobe:v2.15.0,rancher/head,golang.org/x/net,v0.32.0,gobinary,CVE-2026-27136,HIGH,https://avd.aquasec.com/nvd/cve-2026-27136,livenessprobe,0.55.0,true,not_affected,vulnerable_code_not_present
rancher/mirrored-sig-storage-livenessprobe:v2.15.0,rancher/head,stdlib,v1.23.1,gobinary,CVE-2026-32280,HIGH,https://avd.aquasec.com/nvd/cve-2026-32280,livenessprobe,"1.25.9, 1.26.2",true,affected,
rancher/mirrored-sig-storage-livenessprobe:v2.15.0,rancher/head,stdlib,v1.23.1,gobinary,CVE-2026-32282,MEDIUM,https://avd.aquasec.com/nvd/cve-2026-32282,livenessprobe,"1.25.9, 1.26.2",true,not_affected,vulnerable_code_not_in_execute_path
rancher/mirrored-sig-storage-livenessprobe:v2.15.0,rancher/head,stdlib,v1.23.1,gobinary,CVE-2026-32288,MEDIUM,https://avd.aquasec.com/nvd/cve-2026-32288,livenessprobe,"1.25.9, 1.26.2",true,not_affected,vulnerable_code_not_present
rancher/mirrored-sig-storage-livenessprobe:v2.15.0,rancher/head,google.golang.org/grpc,v1.69.0,gobinary,CVE-2026-33186,HIGH,https://avd.aquasec.com/nvd/cve-2026-33186,livenessprobe,1.79.3,true,affected,severity_changed_due_to_suse_cvss_score
rancher/mirrored-sig-storage-livenessprobe:v2.15.0,rancher/head,stdlib,v1.23.1,gobinary,CVE-2026-33811,HIGH,https://avd.aquasec.com/nvd/cve-2026-33811,livenessprobe,"1.25.10, 1.26.3",true,affected,
rancher/mirrored-sig-storage-livenessprobe:v2.15.0,rancher/head,golang.org/x/net,v0.32.0,gobinary,CVE-2026-33814,HIGH,https://avd.aquasec.com/nvd/cve-2026-33814,livenessprobe,0.53.0,true,affected,
rancher/mirrored-sig-storage-livenessprobe:v2.15.0,rancher/head,stdlib,v1.23.1,gobinary,CVE-2026-33814,HIGH,https://avd.aquasec.com/nvd/cve-2026-33814,livenessprobe,"1.25.10, 1.26.3",true,affected,
rancher/mirrored-sig-storage-livenessprobe:v2.15.0,rancher/head,stdlib,v1.23.1,gobinary,CVE-2026-39820,HIGH,https://avd.aquasec.com/nvd/cve-2026-39820,livenessprobe,"1.25.10, 1.26.3",true,not_affected,vulnerable_code_not_present
rancher/mirrored-sig-storage-livenessprobe:v2.15.0,rancher/head,golang.org/x/net,v0.32.0,gobinary,CVE-2026-39821,HIGH,https://avd.aquasec.com/nvd/cve-2026-39821,livenessprobe,0.55.0,true,not_affected,vulnerable_code_not_in_execute_path
rancher/mirrored-sig-storage-livenessprobe:v2.15.0,rancher/head,stdlib,v1.23.1,gobinary,CVE-2026-39822,HIGH,https://avd.aquasec.com/nvd/cve-2026-39822,livenessprobe,"1.25.12, 1.26.5, 1.27.0-rc.2",true,not_affected,vulnerable_code_not_in_execute_path
rancher/mirrored-sig-storage-livenessprobe:v2.15.0,rancher/head,stdlib,v1.23.1,gobinary,CVE-2026-39825,MEDIUM,https://avd.aquasec.com/nvd/cve-2026-39825,livenessprobe,"1.25.10, 1.26.3",true,not_affected,vulnerable_code_not_in_execute_path
rancher/mirrored-sig-storage-livenessprobe:v2.15.0,rancher/head,stdlib,v1.23.1,gobinary,CVE-2026-39836,HIGH,https://avd.aquasec.com/nvd/cve-2026-39836,livenessprobe,"1.25.10, 1.26.3",true,affected,
rancher/mirrored-sig-storage-livenessprobe:v2.15.0,rancher/head,stdlib,v1.23.1,gobinary,CVE-2026-42499,HIGH,https://avd.aquasec.com/nvd/cve-2026-42499,livenessprobe,"1.25.10, 1.26.3",true,not_affected,vulnerable_code_not_present
rancher/mirrored-sig-storage-livenessprobe:v2.15.0,rancher/head,golang.org/x/net,v0.32.0,gobinary,CVE-2026-42502,MEDIUM,https://avd.aquasec.com/nvd/cve-2026-42502,livenessprobe,0.55.0,true,not_affected,vulnerable_code_not_present
rancher/mirrored-sig-storage-livenessprobe:v2.15.0,rancher/head,stdlib,v1.23.1,gobinary,CVE-2026-42504,HIGH,https://avd.aquasec.com/nvd/cve-2026-42504,livenessprobe,"1.25.11, 1.26.4",true,not_affected,vulnerable_code_not_in_execute_path
rancher/mirrored-sig-storage-livenessprobe:v2.15.0,rancher/head,golang.org/x/net,v0.32.0,gobinary,CVE-2026-42506,MEDIUM,https://avd.aquasec.com/nvd/cve-2026-42506,livenessprobe,0.55.0,true,not_affected,vulnerable_code_not_present
rancher/mirrored-sig-storage-livenessprobe:v2.15.0,rancher/head,golang.org/x/text,v0.21.0,gobinary,CVE-2026-56852,HIGH,https://avd.aquasec.com/nvd/cve-2026-56852,livenessprobe,0.39.0,true,not_affected,vulnerable_code_not_in_execute_path
rancher/mirrored-sig-storage-livenessprobe:v2.15.0,rancher/head,google.golang.org/grpc,v1.69.0,gobinary,GHSA-hrxh-6v49-42gf,HIGH,https://github.com/advisories/GHSA-hrxh-6v49-42gf,livenessprobe,1.82.1,true,affected,
rancher/nginx-ingress-controller:v1.14.5-hardened2,rancher/head,golang.org/x/net,v0.52.0,gobinary,CVE-2026-25680,MEDIUM,https://avd.aquasec.com/nvd/cve-2026-25680,nginx-ingress-controller,0.55.0,false,not_affected,vulnerable_code_not_present
rancher/nginx-ingress-controller:v1.14.5-hardened2,rancher/head,golang.org/x/net,v0.52.0,gobinary,CVE-2026-25681,HIGH,https://avd.aquasec.com/nvd/cve-2026-25681,nginx-ingress-controller,0.55.0,false,not_affected,vulnerable_code_not_present
rancher/nginx-ingress-controller:v1.14.5-hardened2,rancher/head,golang.org/x/net,v0.52.0,gobinary,CVE-2026-27136,HIGH,https://avd.aquasec.com/nvd/cve-2026-27136,nginx-ingress-controller,0.55.0,false,not_affected,vulnerable_code_not_present
rancher/nginx-ingress-controller:v1.14.5-hardened2,rancher/head,stdlib,v1.26.2,gobinary,CVE-2026-27145,HIGH,https://avd.aquasec.com/nvd/cve-2026-27145,dbg,"1.25.11, 1.26.4",false,not_affected,vulnerable_code_not_in_execute_path
rancher/nginx-ingress-controller:v1.14.5-hardened2,rancher/head,stdlib,v1.26.2,gobinary,CVE-2026-27145,HIGH,https://avd.aquasec.com/nvd/cve-2026-27145,nginx-ingress-controller,"1.25.11, 1.26.4",false,not_affected,vulnerable_code_not_in_execute_path
rancher/nginx-ingress-controller:v1.14.5-hardened2,rancher/head,stdlib,v1.26.2,gobinary,CVE-2026-27145,HIGH,https://avd.aquasec.com/nvd/cve-2026-27145,wait-shutdown,"1.25.11, 1.26.4",false,not_affected,vulnerable_code_not_in_execute_path
rancher/nginx-ingress-controller:v1.14.5-hardened2,rancher/head,stdlib,v1.26.2,gobinary,CVE-2026-33811,HIGH,https://avd.aquasec.com/nvd/cve-2026-33811,dbg,"1.25.10, 1.26.3",false,not_affected,vulnerable_code_not_in_execute_path
rancher/nginx-ingress-controller:v1.14.5-hardened2,rancher/head,stdlib,v1.26.2,gobinary,CVE-2026-33811,HIGH,https://avd.aquasec.com/nvd/cve-2026-33811,nginx-ingress-controller,"1.25.10, 1.26.3",false,not_affected,vulnerable_code_not_in_execute_path
rancher/nginx-ingress-controller:v1.14.5-hardened2,rancher/head,stdlib,v1.26.2,gobinary,CVE-2026-33811,HIGH,https://avd.aquasec.com/nvd/cve-2026-33811,wait-shutdown,"1.25.10, 1.26.3",false,not_affected,vulnerable_code_not_in_execute_path
rancher/nginx-ingress-controller:v1.14.5-hardened2,rancher/head,golang.org/x/net,v0.52.0,gobinary,CVE-2026-33814,HIGH,https://avd.aquasec.com/nvd/cve-2026-33814,nginx-ingress-controller,0.53.0,false,affected,
rancher/nginx-ingress-controller:v1.14.5-hardened2,rancher/head,stdlib,v1.26.2,gobinary,CVE-2026-33814,HIGH,https://avd.aquasec.com/nvd/cve-2026-33814,dbg,"1.25.10, 1.26.3",false,not_affected,vulnerable_code_not_in_execute_path
rancher/nginx-ingress-controller:v1.14.5-hardened2,rancher/head,stdlib,v1.26.2,gobinary,CVE-2026-33814,HIGH,https://avd.aquasec.com/nvd/cve-2026-33814,nginx-ingress-controller,"1.25.10, 1.26.3",false,not_affected,vulnerable_code_not_in_execute_path
rancher/nginx-ingress-controller:v1.14.5-hardened2,rancher/head,stdlib,v1.26.2,gobinary,CVE-2026-33814,HIGH,https://avd.aquasec.com/nvd/cve-2026-33814,wait-shutdown,"1.25.10, 1.26.3",false,not_affected,vulnerable_code_not_in_execute_path
rancher/nginx-ingress-controller:v1.14.5-hardened2,rancher/head,stdlib,v1.26.2,gobinary,CVE-2026-39820,HIGH,https://avd.aquasec.com/nvd/cve-2026-39820,dbg,"1.25.10, 1.26.3",false,not_affected,vulnerable_code_not_present
rancher/nginx-ingress-controller:v1.14.5-hardened2,rancher/head,stdlib,v1.26.2,gobinary,CVE-2026-39820,HIGH,https://avd.aquasec.com/nvd/cve-2026-39820,nginx-ingress-controller,"1.25.10, 1.26.3",false,not_affected,vulnerable_code_not_present
rancher/nginx-ingress-controller:v1.14.5-hardened2,rancher/head,stdlib,v1.26.2,gobinary,CVE-2026-39820,HIGH,https://avd.aquasec.com/nvd/cve-2026-39820,wait-shutdown,"1.25.10, 1.26.3",false,not_affected,vulnerable_code_not_present
rancher/nginx-ingress-controller:v1.14.5-hardened2,rancher/head,golang.org/x/net,v0.52.0,gobinary,CVE-2026-39821,HIGH,https://avd.aquasec.com/nvd/cve-2026-39821,nginx-ingress-controller,0.55.0,false,affected,
rancher/nginx-ingress-controller:v1.14.5-hardened2,rancher/head,stdlib,v1.26.2,gobinary,CVE-2026-39822,HIGH,https://avd.aquasec.com/nvd/cve-2026-39822,dbg,"1.25.12, 1.26.5, 1.27.0-rc.2",false,not_affected,vulnerable_code_not_in_execute_path
rancher/nginx-ingress-controller:v1.14.5-hardened2,rancher/head,stdlib,v1.26.2,gobinary,CVE-2026-39822,HIGH,https://avd.aquasec.com/nvd/cve-2026-39822,nginx-ingress-controller,"1.25.12, 1.26.5, 1.27.0-rc.2",false,not_affected,vulnerable_code_not_in_execute_path
rancher/nginx-ingress-controller:v1.14.5-hardened2,rancher/head,stdlib,v1.26.2,gobinary,CVE-2026-39822,HIGH,https://avd.aquasec.com/nvd/cve-2026-39822,wait-shutdown,"1.25.12, 1.26.5, 1.27.0-rc.2",false,not_affected,vulnerable_code_not_in_execute_path
rancher/nginx-ingress-controller:v1.14.5-hardened2,rancher/head,stdlib,v1.26.2,gobinary,CVE-2026-39823,MEDIUM,https://avd.aquasec.com/nvd/cve-2026-39823,dbg,"1.25.10, 1.26.3",false,not_affected,vulnerable_code_not_in_execute_path
rancher/nginx-ingress-controller:v1.14.5-hardened2,rancher/head,stdlib,v1.26.2,gobinary,CVE-2026-39823,MEDIUM,https://avd.aquasec.com/nvd/cve-2026-39823,nginx-ingress-controller,"1.25.10, 1.26.3",false,not_affected,vulnerable_code_not_in_execute_path
rancher/nginx-ingress-controller:v1.14.5-hardened2,rancher/head,stdlib,v1.26.2,gobinary,CVE-2026-39823,MEDIUM,https://avd.aquasec.com/nvd/cve-2026-39823,wait-shutdown,"1.25.10, 1.26.3",false,not_affected,vulnerable_code_not_in_execute_path
rancher/nginx-ingress-controller:v1.14.5-hardened2,rancher/head,stdlib,v1.26.2,gobinary,CVE-2026-39825,MEDIUM,https://avd.aquasec.com/nvd/cve-2026-39825,dbg,"1.25.10, 1.26.3",false,not_affected,vulnerable_code_not_in_execute_path
rancher/nginx-ingress-controller:v1.14.5-hardened2,rancher/head,stdlib,v1.26.2,gobinary,CVE-2026-39825,MEDIUM,https://avd.aquasec.com/nvd/cve-2026-39825,nginx-ingress-controller,"1.25.10, 1.26.3",false,not_affected,vulnerable_code_not_in_execute_path
rancher/nginx-ingress-controller:v1.14.5-hardened2,rancher/head,stdlib,v1.26.2,gobinary,CVE-2026-39825,MEDIUM,https://avd.aquasec.com/nvd/cve-2026-39825,wait-shutdown,"1.25.10, 1.26.3",false,not_affected,vulnerable_code_not_in_execute_path
rancher/nginx-ingress-controller:v1.14.5-hardened2,rancher/head,stdlib,v1.26.2,gobinary,CVE-2026-39826,MEDIUM,https://avd.aquasec.com/nvd/cve-2026-39826,dbg,"1.25.10, 1.26.3",false,not_affected,vulnerable_code_not_in_execute_path
rancher/nginx-ingress-controller:v1.14.5-hardened2,rancher/head,stdlib,v1.26.2,gobinary,CVE-2026-39826,MEDIUM,https://avd.aquasec.com/nvd/cve-2026-39826,nginx-ingress-controller,"1.25.10, 1.26.3",false,not_affected,vulnerable_code_not_in_execute_path
rancher/nginx-ingress-controller:v1.14.5-hardened2,rancher/head,stdlib,v1.26.2,gobinary,CVE-2026-39826,MEDIUM,https://avd.aquasec.com/nvd/cve-2026-39826,wait-shutdown,"1.25.10, 1.26.3",false,not_affected,vulnerable_code_not_in_execute_path
rancher/nginx-ingress-controller:v1.14.5-hardened2,rancher/head,stdlib,v1.26.2,gobinary,CVE-2026-39836,HIGH,https://avd.aquasec.com/nvd/cve-2026-39836,dbg,"1.25.10, 1.26.3",false,not_affected,vulnerable_code_not_in_execute_path
rancher/nginx-ingress-controller:v1.14.5-hardened2,rancher/head,stdlib,v1.26.2,gobinary,CVE-2026-39836,HIGH,https://avd.aquasec.com/nvd/cve-2026-39836,nginx-ingress-controller,"1.25.10, 1.26.3",false,not_affected,vulnerable_code_not_in_execute_path
rancher/nginx-ingress-controller:v1.14.5-hardened2,rancher/head,stdlib,v1.26.2,gobinary,CVE-2026-39836,HIGH,https://avd.aquasec.com/nvd/cve-2026-39836,wait-shutdown,"1.25.10, 1.26.3",false,not_affected,vulnerable_code_not_in_execute_path
rancher/nginx-ingress-controller:v1.14.5-hardened2,rancher/head,stdlib,v1.26.2,gobinary,CVE-2026-42499,HIGH,https://avd.aquasec.com/nvd/cve-2026-42499,dbg,"1.25.10, 1.26.3",false,not_affected,vulnerable_code_not_present
rancher/nginx-ingress-controller:v1.14.5-hardened2,rancher/head,stdlib,v1.26.2,gobinary,CVE-2026-42499,HIGH,https://avd.aquasec.com/nvd/cve-2026-42499,nginx-ingress-controller,"1.25.10, 1.26.3",false,not_affected,vulnerable_code_not_present
rancher/nginx-ingress-controller:v1.14.5-hardened2,rancher/head,stdlib,v1.26.2,gobinary,CVE-2026-42499,HIGH,https://avd.aquasec.com/nvd/cve-2026-42499,wait-shutdown,"1.25.10, 1.26.3",false,not_affected,vulnerable_code_not_present
rancher/nginx-ingress-controller:v1.14.5-hardened2,rancher/head,golang.org/x/net,v0.52.0,gobinary,CVE-2026-42502,MEDIUM,https://avd.aquasec.com/nvd/cve-2026-42502,nginx-ingress-controller,0.55.0,false,not_affected,vulnerable_code_not_present
rancher/nginx-ingress-controller:v1.14.5-hardened2,rancher/head,stdlib,v1.26.2,gobinary,CVE-2026-42504,HIGH,https://avd.aquasec.com/nvd/cve-2026-42504,dbg,"1.25.11, 1.26.4",false,not_affected,vulnerable_code_not_in_execute_path
rancher/nginx-ingress-controller:v1.14.5-hardened2,rancher/head,stdlib,v1.26.2,gobinary,CVE-2026-42504,HIGH,https://avd.aquasec.com/nvd/cve-2026-42504,nginx-ingress-controller,"1.25.11, 1.26.4",false,not_affected,vulnerable_code_not_in_execute_path
rancher/nginx-ingress-controller:v1.14.5-hardened2,rancher/head,stdlib,v1.26.2,gobinary,CVE-2026-42504,HIGH,https://avd.aquasec.com/nvd/cve-2026-42504,wait-shutdown,"1.25.11, 1.26.4",false,not_affected,vulnerable_code_not_in_execute_path
rancher/nginx-ingress-controller:v1.14.5-hardened2,rancher/head,stdlib,v1.26.2,gobinary,CVE-2026-42505,MEDIUM,https://avd.aquasec.com/nvd/cve-2026-42505,dbg,"1.25.12, 1.26.5, 1.27.0-rc.2",false,not_affected,vulnerable_code_cannot_be_controlled_by_adversary
rancher/nginx-ingress-controller:v1.14.5-hardened2,rancher/head,stdlib,v1.26.2,gobinary,CVE-2026-42505,MEDIUM,https://avd.aquasec.com/nvd/cve-2026-42505,nginx-ingress-controller,"1.25.12, 1.26.5, 1.27.0-rc.2",false,not_affected,vulnerable_code_cannot_be_controlled_by_adversary
rancher/nginx-ingress-controller:v1.14.5-hardened2,rancher/head,stdlib,v1.26.2,gobinary,CVE-2026-42505,MEDIUM,https://avd.aquasec.com/nvd/cve-2026-42505,wait-shutdown,"1.25.12, 1.26.5, 1.27.0-rc.2",false,not_affected,vulnerable_code_cannot_be_controlled_by_adversary
rancher/nginx-ingress-controller:v1.14.5-hardened2,rancher/head,golang.org/x/net,v0.52.0,gobinary,CVE-2026-42506,MEDIUM,https://avd.aquasec.com/nvd/cve-2026-42506,nginx-ingress-controller,0.55.0,false,not_affected,vulnerable_code_not_present
rancher/nginx-ingress-controller:v1.14.5-hardened2,rancher/head,stdlib,v1.26.2,gobinary,CVE-2026-42507,MEDIUM,https://avd.aquasec.com/nvd/cve-2026-42507,dbg,"1.25.11, 1.26.4",false,not_affected,vulnerable_code_not_in_execute_path
rancher/nginx-ingress-controller:v1.14.5-hardened2,rancher/head,stdlib,v1.26.2,gobinary,CVE-2026-42507,MEDIUM,https://avd.aquasec.com/nvd/cve-2026-42507,nginx-ingress-controller,"1.25.11, 1.26.4",false,not_affected,vulnerable_code_not_in_execute_path
rancher/nginx-ingress-controller:v1.14.5-hardened2,rancher/head,stdlib,v1.26.2,gobinary,CVE-2026-42507,MEDIUM,https://avd.aquasec.com/nvd/cve-2026-42507,wait-shutdown,"1.25.11, 1.26.4",false,not_affected,vulnerable_code_not_in_execute_path
rancher/nginx-ingress-controller:v1.14.5-hardened2,rancher/head,golang.org/x/text,v0.35.0,gobinary,CVE-2026-56852,HIGH,https://avd.aquasec.com/nvd/cve-2026-56852,nginx-ingress-controller,0.39.0,false,not_affected,vulnerable_code_not_in_execute_path
rancher/nginx-ingress-controller:v1.14.5-hardened2,rancher/head,libgpg-error0,1.54-160000.2.2,sles,SUSE-FU-2026:21213-1,MEDIUM,,rancher/nginx-ingress-controller:v1.14.5-hardened2 (sles 16.0),1.58-160000.1.1,false,not_affected,vulnerable_code_not_in_execute_path
rancher/nginx-ingress-controller:v1.14.5-hardened2,rancher/head,libtasn1-6,4.20.0-160000.3.2,sles,SUSE-SU-2026:21142-1,MEDIUM,,rancher/nginx-ingress-controller:v1.14.5-hardened2 (sles 16.0),4.21.0-160000.1.1,false,not_affected,vulnerable_code_not_in_execute_path
rancher/nginx-ingress-controller:v1.14.5-hardened2,rancher/head,tar,1.35-160000.2.2,sles,SUSE-SU-2026:21143-1,HIGH,,rancher/nginx-ingress-controller:v1.14.5-hardened2 (sles 16.0),1.35-160000.3.1,false,not_affected,vulnerable_code_not_in_execute_path
rancher/nginx-ingress-controller:v1.14.5-hardened2,rancher/head,libsystemd0,257.10-160000.1.1,sles,SUSE-SU-2026:21144-1,HIGH,,rancher/nginx-ingress-controller:v1.14.5-hardened2 (sles 16.0),257.13-160000.1.1,false,not_affected,vulnerable_code_not_in_execute_path
rancher/nginx-ingress-controller:v1.14.5-hardened2,rancher/head,libudev1,257.10-160000.1.1,sles,SUSE-SU-2026:21144-1,HIGH,,rancher/nginx-ingress-controller:v1.14.5-hardened2 (sles 16.0),257.13-160000.1.1,false,not_affected,vulnerable_code_not_in_execute_path
rancher/nginx-ingress-controller:v1.14.5-hardened2,rancher/head,zlib-devel,1.2.13-160000.2.2,sles,SUSE-SU-2026:21151-1,MEDIUM,,rancher/nginx-ingress-controller:v1.14.5-hardened2 (sles 16.0),1.2.13-160000.3.1,false,not_affected,vulnerable_code_not_in_execute_path
rancher/nginx-ingress-controller:v1.14.5-hardened2,rancher/head,libblkid1,2.41.1-160000.2.2,sles,SUSE-SU-2026:21158-1,MEDIUM,,rancher/nginx-ingress-controller:v1.14.5-hardened2 (sles 16.0),2.41.1-160000.3.1,false,not_affected,vulnerable_code_not_in_execute_path
rancher/nginx-ingress-controller:v1.14.5-hardened2,rancher/head,glibc-devel,2.40-160000.3.1,sles,SUSE-SU-2026:21164-1,MEDIUM,,rancher/nginx-ingress-controller:v1.14.5-hardened2 (sles 16.0),2.40-160000.4.1,false,not_affected,vulnerable_code_not_in_execute_path
rancher/nginx-ingress-controller:v1.14.5-hardened2,rancher/head,libsqlite3-0,3.50.4-160000.1.2,sles,SUSE-SU-2026:21173-1,MEDIUM,,rancher/nginx-ingress-controller:v1.14.5-hardened2 (sles 16.0),3.51.3-160000.1.1,false,not_affected,vulnerable_code_not_in_execute_path
rancher/nginx-ingress-controller:v1.14.5-hardened2,rancher/head,libpython3_13-1_0,3.13.12-160000.1.1,sles,SUSE-SU-2026:21178-1,HIGH,,rancher/nginx-ingress-controller:v1.14.5-hardened2 (sles 16.0),3.13.13-160000.1.1,false,not_affected,vulnerable_code_not_in_execute_path
rancher/nginx-ingress-controller:v1.14.5-hardened2,rancher/head,python313-base,3.13.12-160000.1.1,sles,SUSE-SU-2026:21178-1,HIGH,,rancher/nginx-ingress-controller:v1.14.5-hardened2 (sles 16.0),3.13.13-160000.1.1,false,not_affected,vulnerable_code_not_in_execute_path
rancher/nginx-ingress-controller:v1.14.5-hardened2,rancher/head,libopenssl-3-devel,3.5.0-160000.6.1,sles,SUSE-SU-2026:21186-1,HIGH,,rancher/nginx-ingress-controller:v1.14.5-hardened2 (sles 16.0),3.5.0-160000.7.1,false,not_affected,vulnerable_code_not_in_execute_path
rancher/nginx-ingress-controller:v1.14.5-hardened2,rancher/head,libopenssl-3-fips-provider,3.5.0-160000.6.1,sles,SUSE-SU-2026:21186-1,HIGH,,rancher/nginx-ingress-controller:v1.14.5-hardened2 (sles 16.0),3.5.0-160000.7.1,false,not_affected,vulnerable_code_not_in_execute_path
rancher/nginx-ingress-controller:v1.14.5-hardened2,rancher/head,libopenssl3,3.5.0-160000.6.1,sles,SUSE-SU-2026:21186-1,HIGH,,rancher/nginx-ingress-controller:v1.14.5-hardened2 (sles 16.0),3.5.0-160000.7.1,false,not_affected,vulnerable_code_not_in_execute_path
rancher/nginx-ingress-controller:v1.14.5-hardened2,rancher/head,openssl-3,3.5.0-160000.6.1,sles,SUSE-SU-2026:21186-1,HIGH,,rancher/nginx-ingress-controller:v1.14.5-hardened2 (sles 16.0),3.5.0-160000.7.1,false,not_affected,vulnerable_code_not_in_execute_path
rancher/nginx-ingress-controller:v1.14.5-hardened2,rancher/head,pam,1.7.1-160000.2.2,sles,SUSE-SU-2026:21192-1,MEDIUM,,rancher/nginx-ingress-controller:v1.14.5-hardened2 (sles 16.0),1.7.1-160000.3.1,false,not_affected,vulnerable_code_not_in_execute_path
rancher/nginx-ingress-controller:v1.14.5-hardened2,rancher/head,libcap-progs,2.73-160000.2.2,sles,SUSE-SU-2026:21373-1,HIGH,,rancher/nginx-ingress-controller:v1.14.5-hardened2 (sles 16.0),2.73-160000.3.1,false,affected,
rancher/nginx-ingress-controller:v1.14.5-hardened2,rancher/head,libcap2,2.73-160000.2.2,sles,SUSE-SU-2026:21373-1,HIGH,,rancher/nginx-ingress-controller:v1.14.5-hardened2 (sles 16.0),2.73-160000.3.1,false,not_affected,vulnerable_code_not_in_execute_path
rancher/nginx-ingress-controller:v1.14.5-hardened2,rancher/head,c-ares-devel,1.34.5-160000.2.2,sles,SUSE-SU-2026:21574-1,MEDIUM,,rancher/nginx-ingress-controller:v1.14.5-hardened2 (sles 16.0),1.34.6-160000.1.1,false,not_affected,vulnerable_code_not_in_execute_path
rancher/nginx-ingress-controller:v1.14.5-hardened2,rancher/head,glibc,2.40-160000.3.1,sles,SUSE-SU-2026:21807-1,HIGH,,rancher/nginx-ingress-controller:v1.14.5-hardened2 (sles 16.0),2.40-160000.5.1,false,affected,
rancher/nginx-ingress-controller:v1.14.5-hardened2,rancher/head,glibc-devel,2.40-160000.3.1,sles,SUSE-SU-2026:21807-1,HIGH,,rancher/nginx-ingress-controller:v1.14.5-hardened2 (sles 16.0),2.40-160000.5.1,false,not_affected,vulnerable_code_not_in_execute_path
rancher/nginx-ingress-controller:v1.14.5-hardened2,rancher/head,glibc-locale-base,2.40-160000.3.1,sles,SUSE-SU-2026:21807-1,HIGH,,rancher/nginx-ingress-controller:v1.14.5-hardened2 (sles 16.0),2.40-160000.5.1,false,affected,
rancher/nginx-ingress-controller:v1.14.5-hardened2,rancher/head,liblzma5,5.8.1-160000.2.2,sles,SUSE-SU-2026:21848-1,HIGH,,rancher/nginx-ingress-controller:v1.14.5-hardened2 (sles 16.0),5.8.1-160000.3.1,false,not_affected,vulnerable_code_not_in_execute_path
rancher/nginx-ingress-controller:v1.14.5-hardened2,rancher/head,xz,5.8.1-160000.2.2,sles,SUSE-SU-2026:21848-1,HIGH,,rancher/nginx-ingress-controller:v1.14.5-hardened2 (sles 16.0),5.8.1-160000.3.1,false,affected,
rancher/nginx-ingress-controller:v1.14.5-hardened2,rancher/head,libcurl-mini4,8.14.1-160000.5.1,sles,SUSE-SU-2026:22156-1,MEDIUM,,rancher/nginx-ingress-controller:v1.14.5-hardened2 (sles 16.0),8.14.1-160000.6.1,false,not_affected,vulnerable_code_not_in_execute_path
rancher/nginx-ingress-controller:v1.14.5-hardened2,rancher/head,libsqlite3-0,3.50.4-160000.1.2,sles,SUSE-SU-2026:22166-1,HIGH,,rancher/nginx-ingress-controller:v1.14.5-hardened2 (sles 16.0),3.53.2-160000.1.1,false,affected,
rancher/nginx-ingress-controller:v1.14.5-hardened2,rancher/head,libsolv-tools-base,0.7.35-160000.1.1,sles,SUSE-SU-2026:22172-1,HIGH,,rancher/nginx-ingress-controller:v1.14.5-hardened2 (sles 16.0),0.7.39-160000.1.1,false,affected,
rancher/nginx-ingress-controller:v1.14.5-hardened2,rancher/head,libzypp,17.38.2-160000.1.1,sles,SUSE-SU-2026:22172-1,HIGH,,rancher/nginx-ingress-controller:v1.14.5-hardened2 (sles 16.0),17.38.13-160000.1.1,false,not_affected,vulnerable_code_not_in_execute_path
rancher/nginx-ingress-controller:v1.14.5-hardened2,rancher/head,zypper,1.14.94-160000.1.1,sles,SUSE-SU-2026:22172-1,HIGH,,rancher/nginx-ingress-controller:v1.14.5-hardened2 (sles 16.0),1.14.98-160000.1.1,false,not_affected,vulnerable_code_not_in_execute_path
rancher/nginx-ingress-controller:v1.14.5-hardened2,rancher/head,libncurses6,6.5.20250531-160000.2.2,sles,SUSE-SU-2026:22294-1,MEDIUM,,rancher/nginx-ingress-controller:v1.14.5-hardened2 (sles 16.0),6.5.20250531-160000.3.1,false,not_affected,vulnerable_code_not_in_execute_path
rancher/nginx-ingress-controller:v1.14.5-hardened2,rancher/head,ncurses-utils,6.5.20250531-160000.2.2,sles,SUSE-SU-2026:22294-1,MEDIUM,,rancher/nginx-ingress-controller:v1.14.5-hardened2 (sles 16.0),6.5.20250531-160000.3.1,false,not_affected,vulnerable_code_not_in_execute_path
rancher/nginx-ingress-controller:v1.14.5-hardened2,rancher/head,terminfo-base,6.5.20250531-160000.2.2,sles,SUSE-SU-2026:22294-1,MEDIUM,,rancher/nginx-ingress-controller:v1.14.5-hardened2 (sles 16.0),6.5.20250531-160000.3.1,false,not_affected,vulnerable_code_not_in_execute_path
rancher/nginx-ingress-controller:v1.14.5-hardened2,rancher/head,libopenssl-3-devel,3.5.0-160000.6.1,sles,SUSE-SU-2026:22315-1,HIGH,,rancher/nginx-ingress-controller:v1.14.5-hardened2 (sles 16.0),3.5.0-160000.8.1,false,affected,
rancher/nginx-ingress-controller:v1.14.5-hardened2,rancher/head,libopenssl-3-fips-provider,3.5.0-160000.6.1,sles,SUSE-SU-2026:22315-1,HIGH,,rancher/nginx-ingress-controller:v1.14.5-hardened2 (sles 16.0),3.5.0-160000.8.1,false,affected,
rancher/nginx-ingress-controller:v1.14.5-hardened2,rancher/head,libopenssl3,3.5.0-160000.6.1,sles,SUSE-SU-2026:22315-1,HIGH,,rancher/nginx-ingress-controller:v1.14.5-hardened2 (sles 16.0),3.5.0-160000.8.1,false,affected,
rancher/nginx-ingress-controller:v1.14.5-hardened2,rancher/head,openssl-3,3.5.0-160000.6.1,sles,SUSE-SU-2026:22315-1,HIGH,,rancher/nginx-ingress-controller:v1.14.5-hardened2 (sles 16.0),3.5.0-160000.8.1,false,affected,
rancher/nginx-ingress-controller:v1.14.5-hardened2,rancher/head,tar,1.35-160000.2.2,sles,SUSE-SU-2026:22377-1,HIGH,,rancher/nginx-ingress-controller:v1.14.5-hardened2 (sles 16.0),1.35-160000.4.1,false,not_affected,vulnerable_code_not_in_execute_path
rancher/nginx-ingress-controller:v1.14.5-hardened2,rancher/head,curl,8.14.1-160000.5.1,sles,SUSE-SU-2026:22582-1,HIGH,,rancher/nginx-ingress-controller:v1.14.5-hardened2 (sles 16.0),8.14.1-160000.8.1,false,affected,
rancher/nginx-ingress-controller:v1.14.5-hardened2,rancher/head,libcurl-mini4,8.14.1-160000.5.1,sles,SUSE-SU-2026:22582-1,HIGH,,rancher/nginx-ingress-controller:v1.14.5-hardened2 (sles 16.0),8.14.1-160000.8.1,false,not_affected,vulnerable_code_not_in_execute_path
rancher/nginx-ingress-controller:v1.14.5-hardened2,rancher/head,libxml2-2,2.13.8-160000.4.1,sles,SUSE-SU-2026:22636-1,HIGH,,rancher/nginx-ingress-controller:v1.14.5-hardened2 (sles 16.0),2.13.8-160000.5.1,false,not_affected,vulnerable_code_not_in_execute_path
rancher/nginx-ingress-controller:v1.14.5-hardened2,rancher/head,libxml2-tools,2.13.8-160000.4.1,sles,SUSE-SU-2026:22636-1,HIGH,,rancher/nginx-ingress-controller:v1.14.5-hardened2 (sles 16.0),2.13.8-160000.5.1,false,affected,
rancher/nginx-ingress-controller:v1.14.5-hardened2,rancher/head,pam,1.7.1-160000.2.2,sles,SUSE-SU-2026:22639-1,MEDIUM,,rancher/nginx-ingress-controller:v1.14.5-hardened2 (sles 16.0),1.7.1-160000.5.1,false,not_affected,vulnerable_code_not_in_execute_path
rancher/nginx-ingress-controller:v1.14.5-hardened2,rancher/head,gzip,1.13-160000.2.2,sles,SUSE-SU-2026:22818-1,HIGH,,rancher/nginx-ingress-controller:v1.14.5-hardened2 (sles 16.0),1.13-160000.3.1,false,not_affected,vulnerable_code_not_in_execute_path
rancher/nginx-ingress-controller:v1.14.5-hardened2,rancher/head,glib2-tools,2.84.4-160000.2.1,sles,SUSE-SU-2026:22846-1,HIGH,,rancher/nginx-ingress-controller:v1.14.5-hardened2 (sles 16.0),2.84.4-160000.4.1,false,not_affected,vulnerable_code_not_in_execute_path
rancher/nginx-ingress-controller:v1.14.5-hardened2,rancher/head,libgio-2_0-0,2.84.4-160000.2.1,sles,SUSE-SU-2026:22846-1,HIGH,,rancher/nginx-ingress-controller:v1.14.5-hardened2 (sles 16.0),2.84.4-160000.4.1,false,not_affected,vulnerable_code_not_in_execute_path
rancher/nginx-ingress-controller:v1.14.5-hardened2,rancher/head,libglib-2_0-0,2.84.4-160000.2.1,sles,SUSE-SU-2026:22846-1,HIGH,,rancher/nginx-ingress-controller:v1.14.5-hardened2 (sles 16.0),2.84.4-160000.4.1,false,not_affected,vulnerable_code_not_in_execute_path
rancher/nginx-ingress-controller:v1.14.5-hardened2,rancher/head,libgmodule-2_0-0,2.84.4-160000.2.1,sles,SUSE-SU-2026:22846-1,HIGH,,rancher/nginx-ingress-controller:v1.14.5-hardened2 (sles 16.0),2.84.4-160000.4.1,false,not_affected,vulnerable_code_not_in_execute_path
rancher/nginx-ingress-controller:v1.14.5-hardened2,rancher/head,libgobject-2_0-0,2.84.4-160000.2.1,sles,SUSE-SU-2026:22846-1,HIGH,,rancher/nginx-ingress-controller:v1.14.5-hardened2 (sles 16.0),2.84.4-160000.4.1,false,not_affected,vulnerable_code_not_in_execute_path
rancher/rancher-agent:head,rancher/head,golang.org/x/net,v0.49.0,gobinary,CVE-2026-25680,MEDIUM,https://avd.aquasec.com/nvd/cve-2026-25680,usr/bin/kubectl,0.55.0,false,not_affected,vulnerable_code_not_present
rancher/rancher-agent:head,rancher/head,golang.org/x/net,v0.49.0,gobinary,CVE-2026-25681,HIGH,https://avd.aquasec.com/nvd/cve-2026-25681,usr/bin/kubectl,0.55.0,false,not_affected,vulnerable_code_not_present
rancher/rancher-agent:head,rancher/head,golang.org/x/net,v0.49.0,gobinary,CVE-2026-27136,HIGH,https://avd.aquasec.com/nvd/cve-2026-27136,usr/bin/kubectl,0.55.0,false,not_affected,vulnerable_code_not_present
rancher/rancher-agent:head,rancher/head,stdlib,v1.26.2,gobinary,CVE-2026-27145,HIGH,https://avd.aquasec.com/nvd/cve-2026-27145,usr/bin/kubectl,"1.25.11, 1.26.4",false,not_affected,vulnerable_code_not_in_execute_path
rancher/rancher-agent:head,rancher/head,stdlib,v1.26.2,gobinary,CVE-2026-33811,HIGH,https://avd.aquasec.com/nvd/cve-2026-33811,usr/bin/kubectl,"1.25.10, 1.26.3",false,not_affected,vulnerable_code_not_in_execute_path
rancher/rancher-agent:head,rancher/head,golang.org/x/net,v0.49.0,gobinary,CVE-2026-33814,HIGH,https://avd.aquasec.com/nvd/cve-2026-33814,usr/bin/kubectl,0.53.0,false,affected,
rancher/rancher-agent:head,rancher/head,stdlib,v1.26.2,gobinary,CVE-2026-33814,HIGH,https://avd.aquasec.com/nvd/cve-2026-33814,usr/bin/kubectl,"1.25.10, 1.26.3",false,not_affected,vulnerable_code_not_in_execute_path
rancher/rancher-agent:head,rancher/head,stdlib,v1.26.2,gobinary,CVE-2026-39820,HIGH,https://avd.aquasec.com/nvd/cve-2026-39820,usr/bin/kubectl,"1.25.10, 1.26.3",false,not_affected,vulnerable_code_not_present
rancher/rancher-agent:head,rancher/head,golang.org/x/net,v0.49.0,gobinary,CVE-2026-39821,HIGH,https://avd.aquasec.com/nvd/cve-2026-39821,usr/bin/kubectl,0.55.0,false,affected,
rancher/rancher-agent:head,rancher/head,stdlib,v1.26.2,gobinary,CVE-2026-39822,HIGH,https://avd.aquasec.com/nvd/cve-2026-39822,usr/bin/kubectl,"1.25.12, 1.26.5, 1.27.0-rc.2",false,not_affected,vulnerable_code_not_in_execute_path
rancher/rancher-agent:head,rancher/head,stdlib,v1.26.2,gobinary,CVE-2026-39823,MEDIUM,https://avd.aquasec.com/nvd/cve-2026-39823,usr/bin/kubectl,"1.25.10, 1.26.3",false,not_affected,vulnerable_code_not_present
rancher/rancher-agent:head,rancher/head,stdlib,v1.26.2,gobinary,CVE-2026-39825,MEDIUM,https://avd.aquasec.com/nvd/cve-2026-39825,usr/bin/kubectl,"1.25.10, 1.26.3",false,not_affected,vulnerable_code_not_in_execute_path
rancher/rancher-agent:head,rancher/head,stdlib,v1.26.2,gobinary,CVE-2026-39826,MEDIUM,https://avd.aquasec.com/nvd/cve-2026-39826,usr/bin/kubectl,"1.25.10, 1.26.3",false,not_affected,vulnerable_code_not_present
rancher/rancher-agent:head,rancher/head,stdlib,v1.26.2,gobinary,CVE-2026-39836,HIGH,https://avd.aquasec.com/nvd/cve-2026-39836,usr/bin/kubectl,"1.25.10, 1.26.3",false,not_affected,vulnerable_code_not_in_execute_path
rancher/rancher-agent:head,rancher/head,stdlib,v1.26.2,gobinary,CVE-2026-42499,HIGH,https://avd.aquasec.com/nvd/cve-2026-42499,usr/bin/kubectl,"1.25.10, 1.26.3",false,not_affected,vulnerable_code_not_present
rancher/rancher-agent:head,rancher/head,golang.org/x/net,v0.49.0,gobinary,CVE-2026-42502,MEDIUM,https://avd.aquasec.com/nvd/cve-2026-42502,usr/bin/kubectl,0.55.0,false,not_affected,vulnerable_code_not_present
rancher/rancher-agent:head,rancher/head,stdlib,v1.26.2,gobinary,CVE-2026-42504,HIGH,https://avd.aquasec.com/nvd/cve-2026-42504,usr/bin/kubectl,"1.25.11, 1.26.4",false,not_affected,vulnerable_code_not_in_execute_path
rancher/rancher-agent:head,rancher/head,stdlib,v1.26.2,gobinary,CVE-2026-42505,MEDIUM,https://avd.aquasec.com/nvd/cve-2026-42505,usr/bin/kubectl,"1.25.12, 1.26.5, 1.27.0-rc.2",false,not_affected,vulnerable_code_not_in_execute_path
rancher/rancher-agent:head,rancher/head,golang.org/x/net,v0.49.0,gobinary,CVE-2026-42506,MEDIUM,https://avd.aquasec.com/nvd/cve-2026-42506,usr/bin/kubectl,0.55.0,false,not_affected,vulnerable_code_not_present
rancher/rancher-agent:head,rancher/head,stdlib,v1.26.2,gobinary,CVE-2026-42507,MEDIUM,https://avd.aquasec.com/nvd/cve-2026-42507,usr/bin/kubectl,"1.25.11, 1.26.4",false,not_affected,vulnerable_code_not_in_execute_path
rancher/rancher:head,rancher/head,k8s.io/kubernetes,v1.32.5,gobinary,CVE-2025-13281,MEDIUM,https://avd.aquasec.com/nvd/cve-2025-13281,opt/drivers/management-state/bin/docker-machine-driver-harvester,"1.32.10, 1.33.6, 1.34.2",false,not_affected,vulnerable_code_not_in_execute_path
rancher/rancher:head,rancher/head,kubevirt.io/kubevirt,v1.6.0,gobinary,CVE-2025-14525,MEDIUM,https://avd.aquasec.com/nvd/cve-2025-14525,opt/drivers/management-state/bin/docker-machine-driver-harvester,,false,not_affected,vulnerable_code_not_in_execute_path
rancher/rancher:head,rancher/head,golang.org/x/net,v0.38.0,gobinary,CVE-2025-47911,MEDIUM,https://avd.aquasec.com/nvd/cve-2025-47911,opt/drivers/management-state/bin/docker-machine-driver-harvester,0.45.0,false,not_affected,vulnerable_code_not_in_execute_path
rancher/rancher:head,rancher/head,golang.org/x/net,v0.43.0,gobinary,CVE-2025-47911,MEDIUM,https://avd.aquasec.com/nvd/cve-2025-47911,usr/bin/runc,0.45.0,false,not_affected,vulnerable_code_not_present
rancher/rancher:head,rancher/head,golang.org/x/crypto,v0.40.0,gobinary,CVE-2025-47913,HIGH,https://avd.aquasec.com/nvd/cve-2025-47913,opt/drivers/management-state/bin/docker-machine-driver-harvester,0.43.0,false,not_affected,vulnerable_code_not_present
rancher/rancher:head,rancher/head,golang.org/x/crypto,v0.40.0,gobinary,CVE-2025-47914,MEDIUM,https://avd.aquasec.com/nvd/cve-2025-47914,opt/drivers/management-state/bin/docker-machine-driver-harvester,0.45.0,false,not_affected,vulnerable_code_not_present
rancher/rancher:head,rancher/head,k8s.io/kubernetes,v1.32.5,gobinary,CVE-2025-5187,MEDIUM,https://avd.aquasec.com/nvd/cve-2025-5187,opt/drivers/management-state/bin/docker-machine-driver-harvester,"1.31.12, 1.32.8, 1.33.4",false,not_affected,vulnerable_code_not_in_execute_path
rancher/rancher:head,rancher/head,golang.org/x/crypto,v0.40.0,gobinary,CVE-2025-58181,MEDIUM,https://avd.aquasec.com/nvd/cve-2025-58181,opt/drivers/management-state/bin/docker-machine-driver-harvester,0.45.0,false,not_affected,vulnerable_code_not_in_execute_path
rancher/rancher:head,rancher/head,golang.org/x/net,v0.38.0,gobinary,CVE-2025-58190,MEDIUM,https://avd.aquasec.com/nvd/cve-2025-58190,opt/drivers/management-state/bin/docker-machine-driver-harvester,0.45.0,false,not_affected,vulnerable_code_not_in_execute_path
rancher/rancher:head,rancher/head,golang.org/x/net,v0.43.0,gobinary,CVE-2025-58190,MEDIUM,https://avd.aquasec.com/nvd/cve-2025-58190,usr/bin/runc,0.45.0,false,not_affected,vulnerable_code_not_present
rancher/rancher:head,rancher/head,stdlib,v1.25.5,gobinary,CVE-2025-61726,HIGH,https://avd.aquasec.com/nvd/cve-2025-61726,opt/drivers/management-state/bin/docker-machine-driver-harvester,"1.24.12, 1.25.6",false,not_affected,vulnerable_code_not_in_execute_path
rancher/rancher:head,rancher/head,stdlib,v1.25.5,gobinary,CVE-2025-61728,MEDIUM,https://avd.aquasec.com/nvd/cve-2025-61728,opt/drivers/management-state/bin/docker-machine-driver-harvester,"1.24.12, 1.25.6",false,not_affected,vulnerable_code_not_present
rancher/rancher:head,rancher/head,stdlib,v1.25.5,gobinary,CVE-2025-61730,MEDIUM,https://avd.aquasec.com/nvd/cve-2025-61730,opt/drivers/management-state/bin/docker-machine-driver-harvester,"1.24.12, 1.25.6",false,not_affected,vulnerable_code_not_in_execute_path
rancher/rancher:head,rancher/head,kubevirt.io/kubevirt,v1.6.0,gobinary,CVE-2025-64324,HIGH,https://avd.aquasec.com/nvd/cve-2025-64324,opt/drivers/management-state/bin/docker-machine-driver-harvester,"1.6.1, 1.7.0-rc.0",false,not_affected,vulnerable_code_not_in_execute_path
rancher/rancher:head,rancher/head,kubevirt.io/kubevirt,v1.6.0,gobinary,CVE-2025-64432,MEDIUM,https://avd.aquasec.com/nvd/cve-2025-64432,opt/drivers/management-state/bin/docker-machine-driver-harvester,"1.5.3, 1.6.1, 1.7.0-rc.0",false,not_affected,vulnerable_code_not_in_execute_path
rancher/rancher:head,rancher/head,kubevirt.io/kubevirt,v1.6.0,gobinary,CVE-2025-64433,MEDIUM,https://avd.aquasec.com/nvd/cve-2025-64433,opt/drivers/management-state/bin/docker-machine-driver-harvester,"1.5.3, 1.6.1",false,not_affected,vulnerable_code_not_in_execute_path
rancher/rancher:head,rancher/head,kubevirt.io/kubevirt,v1.6.0,gobinary,CVE-2025-64434,MEDIUM,https://avd.aquasec.com/nvd/cve-2025-64434,opt/drivers/management-state/bin/docker-machine-driver-harvester,"1.5.3, 1.6.1",false,not_affected,vulnerable_code_not_in_execute_path
rancher/rancher:head,rancher/head,kubevirt.io/kubevirt,v1.6.0,gobinary,CVE-2025-64435,MEDIUM,https://avd.aquasec.com/nvd/cve-2025-64435,opt/drivers/management-state/bin/docker-machine-driver-harvester,1.7.0-beta.0,false,not_affected,vulnerable_code_not_in_execute_path
rancher/rancher:head,rancher/head,kubevirt.io/kubevirt,v1.6.0,gobinary,CVE-2025-64436,MEDIUM,https://avd.aquasec.com/nvd/cve-2025-64436,opt/drivers/management-state/bin/docker-machine-driver-harvester,1.7.0,false,not_affected,vulnerable_code_not_in_execute_path
rancher/rancher:head,rancher/head,kubevirt.io/kubevirt,v1.6.0,gobinary,CVE-2025-64437,MEDIUM,https://avd.aquasec.com/nvd/cve-2025-64437,opt/drivers/management-state/bin/docker-machine-driver-harvester,"1.5.3, 1.6.1",false,not_affected,vulnerable_code_not_in_execute_path
rancher/rancher:head,rancher/head,stdlib,v1.25.5,gobinary,CVE-2025-68121,CRITICAL,https://avd.aquasec.com/nvd/cve-2025-68121,opt/drivers/management-state/bin/docker-machine-driver-harvester,"1.24.13, 1.25.7, 1.26.0-rc.3",false,not_affected,vulnerable_code_not_in_execute_path
rancher/rancher:head,rancher/head,github.com/harvester/harvester,v0.0.0-20251016061812-c537e12b7f09,gobinary,CVE-2025-71261,HIGH,https://avd.aquasec.com/nvd/cve-2025-71261,opt/drivers/management-state/bin/docker-machine-driver-harvester,1.8.0,false,not_affected,vulnerable_code_not_in_execute_path
rancher/rancher:head,rancher/head,stdlib,v1.25.5,gobinary,CVE-2026-25679,HIGH,https://avd.aquasec.com/nvd/cve-2026-25679,opt/drivers/management-state/bin/docker-machine-driver-harvester,"1.25.8, 1.26.1",false,not_affected,vulnerable_code_not_in_execute_path
rancher/rancher:head,rancher/head,golang.org/x/net,v0.38.0,gobinary,CVE-2026-25680,MEDIUM,https://avd.aquasec.com/nvd/cve-2026-25680,opt/drivers/management-state/bin/docker-machine-driver-harvester,0.55.0,false,not_affected,vulnerable_code_not_in_execute_path
rancher/rancher:head,rancher/head,golang.org/x/net,v0.43.0,gobinary,CVE-2026-25680,MEDIUM,https://avd.aquasec.com/nvd/cve-2026-25680,usr/bin/runc,0.55.0,false,not_affected,vulnerable_code_not_present
rancher/rancher:head,rancher/head,golang.org/x/net,v0.52.0,gobinary,CVE-2026-25680,MEDIUM,https://avd.aquasec.com/nvd/cve-2026-25680,usr/bin/etcdctl,0.55.0,false,not_affected,vulnerable_code_not_present
rancher/rancher:head,rancher/head,golang.org/x/net,v0.38.0,gobinary,CVE-2026-25681,HIGH,https://avd.aquasec.com/nvd/cve-2026-25681,opt/drivers/management-state/bin/docker-machine-driver-harvester,0.55.0,false,not_affected,vulnerable_code_not_in_execute_path
rancher/rancher:head,rancher/head,golang.org/x/net,v0.43.0,gobinary,CVE-2026-25681,HIGH,https://avd.aquasec.com/nvd/cve-2026-25681,usr/bin/runc,0.55.0,false,not_affected,vulnerable_code_not_present
rancher/rancher:head,rancher/head,golang.org/x/net,v0.52.0,gobinary,CVE-2026-25681,HIGH,https://avd.aquasec.com/nvd/cve-2026-25681,usr/bin/etcdctl,0.55.0,false,not_affected,vulnerable_code_not_present
rancher/rancher:head,rancher/head,golang.org/x/net,v0.38.0,gobinary,CVE-2026-27136,HIGH,https://avd.aquasec.com/nvd/cve-2026-27136,opt/drivers/management-state/bin/docker-machine-driver-harvester,0.55.0,false,not_affected,vulnerable_code_not_in_execute_path
rancher/rancher:head,rancher/head,golang.org/x/net,v0.43.0,gobinary,CVE-2026-27136,HIGH,https://avd.aquasec.com/nvd/cve-2026-27136,usr/bin/runc,0.55.0,false,not_affected,vulnerable_code_not_present
rancher/rancher:head,rancher/head,golang.org/x/net,v0.52.0,gobinary,CVE-2026-27136,HIGH,https://avd.aquasec.com/nvd/cve-2026-27136,usr/bin/etcdctl,0.55.0,false,not_affected,vulnerable_code_not_present
rancher/rancher:head,rancher/head,stdlib,v1.25.5,gobinary,CVE-2026-27142,MEDIUM,https://avd.aquasec.com/nvd/cve-2026-27142,opt/drivers/management-state/bin/docker-machine-driver-harvester,"1.25.8, 1.26.1",false,not_affected,vulnerable_code_not_in_execute_path
rancher/rancher:head,rancher/head,stdlib,v1.25.5,gobinary,CVE-2026-27145,HIGH,https://avd.aquasec.com/nvd/cve-2026-27145,opt/drivers/management-state/bin/docker-machine-driver-harvester,"1.25.11, 1.26.4",false,not_affected,vulnerable_code_not_in_execute_path
rancher/rancher:head,rancher/head,go.opentelemetry.io/otel,v1.36.0,gobinary,CVE-2026-29181,HIGH,https://avd.aquasec.com/nvd/cve-2026-29181,opt/drivers/management-state/bin/docker-machine-driver-harvester,1.41.0,false,not_affected,vulnerable_code_not_present
rancher/rancher:head,rancher/head,stdlib,v1.25.5,gobinary,CVE-2026-32280,HIGH,https://avd.aquasec.com/nvd/cve-2026-32280,opt/drivers/management-state/bin/docker-machine-driver-harvester,"1.25.9, 1.26.2",false,not_affected,vulnerable_code_not_in_execute_path
rancher/rancher:head,rancher/head,stdlib,v1.25.5,gobinary,CVE-2026-32281,HIGH,https://avd.aquasec.com/nvd/cve-2026-32281,opt/drivers/management-state/bin/docker-machine-driver-harvester,"1.25.9, 1.26.2",false,not_affected,vulnerable_code_not_in_execute_path
rancher/rancher:head,rancher/head,stdlib,v1.25.5,gobinary,CVE-2026-32282,MEDIUM,https://avd.aquasec.com/nvd/cve-2026-32282,opt/drivers/management-state/bin/docker-machine-driver-harvester,"1.25.9, 1.26.2",false,not_affected,vulnerable_code_not_in_execute_path
rancher/rancher:head,rancher/head,stdlib,v1.25.5,gobinary,CVE-2026-32283,HIGH,https://avd.aquasec.com/nvd/cve-2026-32283,opt/drivers/management-state/bin/docker-machine-driver-harvester,"1.25.9, 1.26.2",false,not_affected,vulnerable_code_not_in_execute_path
rancher/rancher:head,rancher/head,stdlib,v1.25.5,gobinary,CVE-2026-32288,MEDIUM,https://avd.aquasec.com/nvd/cve-2026-32288,opt/drivers/management-state/bin/docker-machine-driver-harvester,"1.25.9, 1.26.2",false,not_affected,vulnerable_code_not_in_execute_path
rancher/rancher:head,rancher/head,stdlib,v1.25.5,gobinary,CVE-2026-32289,MEDIUM,https://avd.aquasec.com/nvd/cve-2026-32289,opt/drivers/management-state/bin/docker-machine-driver-harvester,"1.25.9, 1.26.2",false,not_affected,vulnerable_code_not_in_execute_path
rancher/rancher:head,rancher/head,stdlib,v1.25.5,gobinary,CVE-2026-33811,HIGH,https://avd.aquasec.com/nvd/cve-2026-33811,opt/drivers/management-state/bin/docker-machine-driver-harvester,"1.25.10, 1.26.3",false,not_affected,vulnerable_code_not_in_execute_path
rancher/rancher:head,rancher/head,golang.org/x/net,v0.38.0,gobinary,CVE-2026-33814,HIGH,https://avd.aquasec.com/nvd/cve-2026-33814,opt/drivers/management-state/bin/docker-machine-driver-harvester,0.53.0,false,not_affected,vulnerable_code_not_in_execute_path
rancher/rancher:head,rancher/head,golang.org/x/net,v0.43.0,gobinary,CVE-2026-33814,HIGH,https://avd.aquasec.com/nvd/cve-2026-33814,usr/bin/runc,0.53.0,false,not_affected,vulnerable_code_not_present
rancher/rancher:head,rancher/head,golang.org/x/net,v0.52.0,gobinary,CVE-2026-33814,HIGH,https://avd.aquasec.com/nvd/cve-2026-33814,usr/bin/etcdctl,0.53.0,false,not_affected,vulnerable_code_not_in_execute_path
rancher/rancher:head,rancher/head,stdlib,v1.25.5,gobinary,CVE-2026-33814,HIGH,https://avd.aquasec.com/nvd/cve-2026-33814,opt/drivers/management-state/bin/docker-machine-driver-harvester,"1.25.10, 1.26.3",false,not_affected,vulnerable_code_not_in_execute_path
rancher/rancher:head,rancher/head,github.com/docker/docker,v25.0.15-0.20260325154711-d2dbc0547253+incompatible,gobinary,CVE-2026-33997,HIGH,https://avd.aquasec.com/nvd/cve-2026-33997,usr/bin/containerd,29.3.1,false,affected,severity_changed_due_to_suse_cvss_score
rancher/rancher:head,rancher/head,github.com/docker/docker,v25.0.15-0.20260325154711-d2dbc0547253+incompatible,gobinary,CVE-2026-33997,HIGH,https://avd.aquasec.com/nvd/cve-2026-33997,usr/bin/k3s,29.3.1,false,affected,severity_changed_due_to_suse_cvss_score
rancher/rancher:head,rancher/head,github.com/docker/docker,v25.0.15-0.20260325154711-d2dbc0547253+incompatible,gobinary,CVE-2026-34040,HIGH,https://avd.aquasec.com/nvd/cve-2026-34040,usr/bin/containerd,29.3.1,false,affected,
rancher/rancher:head,rancher/head,github.com/docker/docker,v25.0.15-0.20260325154711-d2dbc0547253+incompatible,gobinary,CVE-2026-34040,HIGH,https://avd.aquasec.com/nvd/cve-2026-34040,usr/bin/k3s,29.3.1,false,affected,
rancher/rancher:head,rancher/head,stdlib,v1.25.5,gobinary,CVE-2026-39820,HIGH,https://avd.aquasec.com/nvd/cve-2026-39820,opt/drivers/management-state/bin/docker-machine-driver-harvester,"1.25.10, 1.26.3",false,not_affected,vulnerable_code_not_present
rancher/rancher:head,rancher/head,golang.org/x/net,v0.38.0,gobinary,CVE-2026-39821,HIGH,https://avd.aquasec.com/nvd/cve-2026-39821,opt/drivers/management-state/bin/docker-machine-driver-harvester,0.55.0,false,not_affected,vulnerable_code_not_in_execute_path
rancher/rancher:head,rancher/head,golang.org/x/net,v0.43.0,gobinary,CVE-2026-39821,HIGH,https://avd.aquasec.com/nvd/cve-2026-39821,usr/bin/runc,0.55.0,false,not_affected,vulnerable_code_not_present
rancher/rancher:head,rancher/head,golang.org/x/net,v0.52.0,gobinary,CVE-2026-39821,HIGH,https://avd.aquasec.com/nvd/cve-2026-39821,usr/bin/etcdctl,0.55.0,false,not_affected,vulnerable_code_not_in_execute_path
rancher/rancher:head,rancher/head,stdlib,v1.25.10,gobinary,CVE-2026-39822,HIGH,https://avd.aquasec.com/nvd/cve-2026-39822,usr/bin/etcdctl,"1.25.12, 1.26.5, 1.27.0-rc.2",false,not_affected,vulnerable_code_not_in_execute_path
rancher/rancher:head,rancher/head,stdlib,v1.25.5,gobinary,CVE-2026-39822,HIGH,https://avd.aquasec.com/nvd/cve-2026-39822,opt/drivers/management-state/bin/docker-machine-driver-harvester,"1.25.12, 1.26.5, 1.27.0-rc.2",false,not_affected,vulnerable_code_not_in_execute_path
rancher/rancher:head,rancher/head,stdlib,v1.26.4,gobinary,CVE-2026-39822,HIGH,https://avd.aquasec.com/nvd/cve-2026-39822,usr/bin/bandwidth,"1.25.12, 1.26.5, 1.27.0-rc.2",false,affected,
rancher/rancher:head,rancher/head,stdlib,v1.26.4,gobinary,CVE-2026-39822,HIGH,https://avd.aquasec.com/nvd/cve-2026-39822,usr/bin/cni,"1.25.12, 1.26.5, 1.27.0-rc.2",false,affected,
rancher/rancher:head,rancher/head,stdlib,v1.26.4,gobinary,CVE-2026-39822,HIGH,https://avd.aquasec.com/nvd/cve-2026-39822,usr/bin/containerd,"1.25.12, 1.26.5, 1.27.0-rc.2",false,not_affected,vulnerable_code_not_in_execute_path
rancher/rancher:head,rancher/head,stdlib,v1.26.4,gobinary,CVE-2026-39822,HIGH,https://avd.aquasec.com/nvd/cve-2026-39822,usr/bin/containerd-shim-runc-v2,"1.25.12, 1.26.5, 1.27.0-rc.2",false,not_affected,vulnerable_code_not_in_execute_path
rancher/rancher:head,rancher/head,stdlib,v1.26.4,gobinary,CVE-2026-39822,HIGH,https://avd.aquasec.com/nvd/cve-2026-39822,usr/bin/firewall,"1.25.12, 1.26.5, 1.27.0-rc.2",false,affected,
rancher/rancher:head,rancher/head,stdlib,v1.26.4,gobinary,CVE-2026-39822,HIGH,https://avd.aquasec.com/nvd/cve-2026-39822,usr/bin/k3s,"1.25.12, 1.26.5, 1.27.0-rc.2",false,not_affected,vulnerable_code_not_in_execute_path
rancher/rancher:head,rancher/head,stdlib,v1.26.4,gobinary,CVE-2026-39822,HIGH,https://avd.aquasec.com/nvd/cve-2026-39822,usr/bin/rancher-machine,"1.25.12, 1.26.5, 1.27.0-rc.2",false,not_affected,vulnerable_code_not_in_execute_path
rancher/rancher:head,rancher/head,stdlib,v1.26.4,gobinary,CVE-2026-39822,HIGH,https://avd.aquasec.com/nvd/cve-2026-39822,usr/bin/runc,"1.25.12, 1.26.5, 1.27.0-rc.2",false,not_affected,vulnerable_code_not_in_execute_path
rancher/rancher:head,rancher/head,stdlib,v1.25.5,gobinary,CVE-2026-39823,MEDIUM,https://avd.aquasec.com/nvd/cve-2026-39823,opt/drivers/management-state/bin/docker-machine-driver-harvester,"1.25.10, 1.26.3",false,not_affected,vulnerable_code_not_in_execute_path
rancher/rancher:head,rancher/head,stdlib,v1.25.5,gobinary,CVE-2026-39825,MEDIUM,https://avd.aquasec.com/nvd/cve-2026-39825,opt/drivers/management-state/bin/docker-machine-driver-harvester,"1.25.10, 1.26.3",false,not_affected,vulnerable_code_not_present
rancher/rancher:head,rancher/head,stdlib,v1.25.5,gobinary,CVE-2026-39826,MEDIUM,https://avd.aquasec.com/nvd/cve-2026-39826,opt/drivers/management-state/bin/docker-machine-driver-harvester,"1.25.10, 1.26.3",false,not_affected,vulnerable_code_not_in_execute_path
rancher/rancher:head,rancher/head,golang.org/x/crypto,v0.40.0,gobinary,CVE-2026-39827,MEDIUM,https://avd.aquasec.com/nvd/cve-2026-39827,opt/drivers/management-state/bin/docker-machine-driver-harvester,0.52.0,false,not_affected,vulnerable_code_not_in_execute_path
rancher/rancher:head,rancher/head,golang.org/x/crypto,v0.47.0,gobinary,CVE-2026-39827,MEDIUM,https://avd.aquasec.com/nvd/cve-2026-39827,usr/bin/containerd,0.52.0,false,not_affected,vulnerable_code_not_present
rancher/rancher:head,rancher/head,golang.org/x/crypto,v0.47.0,gobinary,CVE-2026-39827,MEDIUM,https://avd.aquasec.com/nvd/cve-2026-39827,usr/bin/k3s,0.52.0,false,not_affected,vulnerable_code_not_present
rancher/rancher:head,rancher/head,golang.org/x/crypto,v0.40.0,gobinary,CVE-2026-39828,HIGH,https://avd.aquasec.com/nvd/cve-2026-39828,opt/drivers/management-state/bin/docker-machine-driver-harvester,0.52.0,false,not_affected,vulnerable_code_not_in_execute_path
rancher/rancher:head,rancher/head,golang.org/x/crypto,v0.47.0,gobinary,CVE-2026-39828,HIGH,https://avd.aquasec.com/nvd/cve-2026-39828,usr/bin/containerd,0.52.0,false,not_affected,vulnerable_code_not_present
rancher/rancher:head,rancher/head,golang.org/x/crypto,v0.47.0,gobinary,CVE-2026-39828,HIGH,https://avd.aquasec.com/nvd/cve-2026-39828,usr/bin/k3s,0.52.0,false,not_affected,vulnerable_code_not_present
rancher/rancher:head,rancher/head,golang.org/x/crypto,v0.40.0,gobinary,CVE-2026-39829,HIGH,https://avd.aquasec.com/nvd/cve-2026-39829,opt/drivers/management-state/bin/docker-machine-driver-harvester,0.52.0,false,not_affected,vulnerable_code_not_in_execute_path
rancher/rancher:head,rancher/head,golang.org/x/crypto,v0.47.0,gobinary,CVE-2026-39829,HIGH,https://avd.aquasec.com/nvd/cve-2026-39829,usr/bin/containerd,0.52.0,false,not_affected,vulnerable_code_not_present
rancher/rancher:head,rancher/head,golang.org/x/crypto,v0.47.0,gobinary,CVE-2026-39829,HIGH,https://avd.aquasec.com/nvd/cve-2026-39829,usr/bin/k3s,0.52.0,false,not_affected,vulnerable_code_not_present
rancher/rancher:head,rancher/head,golang.org/x/crypto,v0.40.0,gobinary,CVE-2026-39830,HIGH,https://avd.aquasec.com/nvd/cve-2026-39830,opt/drivers/management-state/bin/docker-machine-driver-harvester,0.52.0,false,not_affected,vulnerable_code_not_in_execute_path
rancher/rancher:head,rancher/head,golang.org/x/crypto,v0.47.0,gobinary,CVE-2026-39830,HIGH,https://avd.aquasec.com/nvd/cve-2026-39830,usr/bin/containerd,0.52.0,false,not_affected,vulnerable_code_not_present
rancher/rancher:head,rancher/head,golang.org/x/crypto,v0.47.0,gobinary,CVE-2026-39830,HIGH,https://avd.aquasec.com/nvd/cve-2026-39830,usr/bin/k3s,0.52.0,false,not_affected,vulnerable_code_not_present
rancher/rancher:head,rancher/head,golang.org/x/crypto,v0.40.0,gobinary,CVE-2026-39831,HIGH,https://avd.aquasec.com/nvd/cve-2026-39831,opt/drivers/management-state/bin/docker-machine-driver-harvester,0.52.0,false,not_affected,vulnerable_code_not_in_execute_path
rancher/rancher:head,rancher/head,golang.org/x/crypto,v0.47.0,gobinary,CVE-2026-39831,HIGH,https://avd.aquasec.com/nvd/cve-2026-39831,usr/bin/containerd,0.52.0,false,not_affected,vulnerable_code_not_present
rancher/rancher:head,rancher/head,golang.org/x/crypto,v0.47.0,gobinary,CVE-2026-39831,HIGH,https://avd.aquasec.com/nvd/cve-2026-39831,usr/bin/k3s,0.52.0,false,not_affected,vulnerable_code_not_present
rancher/rancher:head,rancher/head,golang.org/x/crypto,v0.40.0,gobinary,CVE-2026-39832,HIGH,https://avd.aquasec.com/nvd/cve-2026-39832,opt/drivers/management-state/bin/docker-machine-driver-harvester,0.52.0,false,not_affected,vulnerable_code_not_present
rancher/rancher:head,rancher/head,golang.org/x/crypto,v0.47.0,gobinary,CVE-2026-39832,HIGH,https://avd.aquasec.com/nvd/cve-2026-39832,usr/bin/containerd,0.52.0,false,not_affected,vulnerable_code_not_present
rancher/rancher:head,rancher/head,golang.org/x/crypto,v0.47.0,gobinary,CVE-2026-39832,HIGH,https://avd.aquasec.com/nvd/cve-2026-39832,usr/bin/k3s,0.52.0,false,not_affected,vulnerable_code_not_present
rancher/rancher:head,rancher/head,golang.org/x/crypto,v0.40.0,gobinary,CVE-2026-39833,MEDIUM,https://avd.aquasec.com/nvd/cve-2026-39833,opt/drivers/management-state/bin/docker-machine-driver-harvester,0.52.0,false,not_affected,vulnerable_code_not_present
rancher/rancher:head,rancher/head,golang.org/x/crypto,v0.47.0,gobinary,CVE-2026-39833,MEDIUM,https://avd.aquasec.com/nvd/cve-2026-39833,usr/bin/containerd,0.52.0,false,not_affected,vulnerable_code_not_present
rancher/rancher:head,rancher/head,golang.org/x/crypto,v0.47.0,gobinary,CVE-2026-39833,MEDIUM,https://avd.aquasec.com/nvd/cve-2026-39833,usr/bin/k3s,0.52.0,false,not_affected,vulnerable_code_not_present
rancher/rancher:head,rancher/head,golang.org/x/crypto,v0.40.0,gobinary,CVE-2026-39834,MEDIUM,https://avd.aquasec.com/nvd/cve-2026-39834,opt/drivers/management-state/bin/docker-machine-driver-harvester,0.52.0,false,not_affected,vulnerable_code_not_in_execute_path
rancher/rancher:head,rancher/head,golang.org/x/crypto,v0.47.0,gobinary,CVE-2026-39834,MEDIUM,https://avd.aquasec.com/nvd/cve-2026-39834,usr/bin/containerd,0.52.0,false,not_affected,vulnerable_code_not_present
rancher/rancher:head,rancher/head,golang.org/x/crypto,v0.47.0,gobinary,CVE-2026-39834,MEDIUM,https://avd.aquasec.com/nvd/cve-2026-39834,usr/bin/k3s,0.52.0,false,not_affected,vulnerable_code_not_present
rancher/rancher:head,rancher/head,golang.org/x/crypto,v0.40.0,gobinary,CVE-2026-39835,HIGH,https://avd.aquasec.com/nvd/cve-2026-39835,opt/drivers/management-state/bin/docker-machine-driver-harvester,0.52.0,false,not_affected,vulnerable_code_not_in_execute_path
rancher/rancher:head,rancher/head,golang.org/x/crypto,v0.47.0,gobinary,CVE-2026-39835,HIGH,https://avd.aquasec.com/nvd/cve-2026-39835,usr/bin/containerd,0.52.0,false,not_affected,vulnerable_code_not_present
rancher/rancher:head,rancher/head,golang.org/x/crypto,v0.47.0,gobinary,CVE-2026-39835,HIGH,https://avd.aquasec.com/nvd/cve-2026-39835,usr/bin/k3s,0.52.0,false,not_affected,vulnerable_code_not_present
rancher/rancher:head,rancher/head,stdlib,v1.25.5,gobinary,CVE-2026-39836,HIGH,https://avd.aquasec.com/nvd/cve-2026-39836,opt/drivers/management-state/bin/docker-machine-driver-harvester,"1.25.10, 1.26.3",false,not_affected,vulnerable_code_not_in_execute_path
rancher/rancher:head,rancher/head,github.com/docker/docker,v25.0.15-0.20260325154711-d2dbc0547253+incompatible,gobinary,CVE-2026-41567,HIGH,https://avd.aquasec.com/nvd/cve-2026-41567,usr/bin/containerd,,false,not_affected,vulnerable_code_not_present
rancher/rancher:head,rancher/head,github.com/docker/docker,v25.0.15-0.20260325154711-d2dbc0547253+incompatible,gobinary,CVE-2026-41567,HIGH,https://avd.aquasec.com/nvd/cve-2026-41567,usr/bin/k3s,,false,not_affected,vulnerable_code_not_present
rancher/rancher:head,rancher/head,github.com/docker/docker,v25.0.15-0.20260325154711-d2dbc0547253+incompatible,gobinary,CVE-2026-42306,HIGH,https://avd.aquasec.com/nvd/cve-2026-42306,usr/bin/containerd,,false,not_affected,vulnerable_code_not_present
rancher/rancher:head,rancher/head,github.com/docker/docker,v25.0.15-0.20260325154711-d2dbc0547253+incompatible,gobinary,CVE-2026-42306,HIGH,https://avd.aquasec.com/nvd/cve-2026-42306,usr/bin/k3s,,false,not_affected,vulnerable_code_not_present
rancher/rancher:head,rancher/head,stdlib,v1.25.5,gobinary,CVE-2026-42499,HIGH,https://avd.aquasec.com/nvd/cve-2026-42499,opt/drivers/management-state/bin/docker-machine-driver-harvester,"1.25.10, 1.26.3",false,not_affected,vulnerable_code_not_present
rancher/rancher:head,rancher/head,golang.org/x/net,v0.38.0,gobinary,CVE-2026-42502,MEDIUM,https://avd.aquasec.com/nvd/cve-2026-42502,opt/drivers/management-state/bin/docker-machine-driver-harvester,0.55.0,false,not_affected,vulnerable_code_not_in_execute_path
rancher/rancher:head,rancher/head,golang.org/x/net,v0.43.0,gobinary,CVE-2026-42502,MEDIUM,https://avd.aquasec.com/nvd/cve-2026-42502,usr/bin/runc,0.55.0,false,not_affected,vulnerable_code_not_present
rancher/rancher:head,rancher/head,golang.org/x/net,v0.52.0,gobinary,CVE-2026-42502,MEDIUM,https://avd.aquasec.com/nvd/cve-2026-42502,usr/bin/etcdctl,0.55.0,false,not_affected,vulnerable_code_not_present
rancher/rancher:head,rancher/head,stdlib,v1.25.10,gobinary,CVE-2026-42504,HIGH,https://avd.aquasec.com/nvd/cve-2026-42504,usr/bin/etcdctl,"1.25.11, 1.26.4",false,not_affected,vulnerable_code_not_in_execute_path
rancher/rancher:head,rancher/head,stdlib,v1.25.5,gobinary,CVE-2026-42504,HIGH,https://avd.aquasec.com/nvd/cve-2026-42504,opt/drivers/management-state/bin/docker-machine-driver-harvester,"1.25.11, 1.26.4",false,not_affected,vulnerable_code_not_in_execute_path
rancher/rancher:head,rancher/head,stdlib,v1.25.5,gobinary,CVE-2026-42505,MEDIUM,https://avd.aquasec.com/nvd/cve-2026-42505,opt/drivers/management-state/bin/docker-machine-driver-harvester,"1.25.12, 1.26.5, 1.27.0-rc.2",false,not_affected,vulnerable_code_not_in_execute_path
rancher/rancher:head,rancher/head,stdlib,v1.26.4,gobinary,CVE-2026-42505,MEDIUM,https://avd.aquasec.com/nvd/cve-2026-42505,usr/bin/containerd,"1.25.12, 1.26.5, 1.27.0-rc.2",false,not_affected,vulnerable_code_cannot_be_controlled_by_adversary
rancher/rancher:head,rancher/head,stdlib,v1.26.4,gobinary,CVE-2026-42505,MEDIUM,https://avd.aquasec.com/nvd/cve-2026-42505,usr/bin/containerd-shim-runc-v2,"1.25.12, 1.26.5, 1.27.0-rc.2",false,not_affected,vulnerable_code_not_in_execute_path
rancher/rancher:head,rancher/head,stdlib,v1.26.4,gobinary,CVE-2026-42505,MEDIUM,https://avd.aquasec.com/nvd/cve-2026-42505,usr/bin/k3s,"1.25.12, 1.26.5, 1.27.0-rc.2",false,not_affected,vulnerable_code_cannot_be_controlled_by_adversary
rancher/rancher:head,rancher/head,stdlib,v1.26.4,gobinary,CVE-2026-42505,MEDIUM,https://avd.aquasec.com/nvd/cve-2026-42505,usr/bin/rancher-machine,"1.25.12, 1.26.5, 1.27.0-rc.2",false,not_affected,vulnerable_code_cannot_be_controlled_by_adversary
rancher/rancher:head,rancher/head,stdlib,v1.26.4,gobinary,CVE-2026-42505,MEDIUM,https://avd.aquasec.com/nvd/cve-2026-42505,usr/bin/runc,"1.25.12, 1.26.5, 1.27.0-rc.2",false,not_affected,vulnerable_code_not_present
rancher/rancher:head,rancher/head,golang.org/x/net,v0.38.0,gobinary,CVE-2026-42506,MEDIUM,https://avd.aquasec.com/nvd/cve-2026-42506,opt/drivers/management-state/bin/docker-machine-driver-harvester,0.55.0,false,not_affected,vulnerable_code_not_in_execute_path
rancher/rancher:head,rancher/head,golang.org/x/net,v0.43.0,gobinary,CVE-2026-42506,MEDIUM,https://avd.aquasec.com/nvd/cve-2026-42506,usr/bin/runc,0.55.0,false,not_affected,vulnerable_code_not_present
rancher/rancher:head,rancher/head,golang.org/x/net,v0.52.0,gobinary,CVE-2026-42506,MEDIUM,https://avd.aquasec.com/nvd/cve-2026-42506,usr/bin/etcdctl,0.55.0,false,not_affected,vulnerable_code_not_present
rancher/rancher:head,rancher/head,stdlib,v1.25.10,gobinary,CVE-2026-42507,MEDIUM,https://avd.aquasec.com/nvd/cve-2026-42507,usr/bin/etcdctl,"1.25.11, 1.26.4",false,not_affected,vulnerable_code_not_in_execute_path
rancher/rancher:head,rancher/head,stdlib,v1.25.5,gobinary,CVE-2026-42507,MEDIUM,https://avd.aquasec.com/nvd/cve-2026-42507,opt/drivers/management-state/bin/docker-machine-driver-harvester,"1.25.11, 1.26.4",false,not_affected,vulnerable_code_not_in_execute_path
rancher/rancher:head,rancher/head,golang.org/x/crypto,v0.40.0,gobinary,CVE-2026-42508,HIGH,https://avd.aquasec.com/nvd/cve-2026-42508,opt/drivers/management-state/bin/docker-machine-driver-harvester,0.52.0,false,not_affected,vulnerable_code_not_present
rancher/rancher:head,rancher/head,golang.org/x/crypto,v0.47.0,gobinary,CVE-2026-42508,HIGH,https://avd.aquasec.com/nvd/cve-2026-42508,usr/bin/containerd,0.52.0,false,not_affected,vulnerable_code_not_present
rancher/rancher:head,rancher/head,golang.org/x/crypto,v0.47.0,gobinary,CVE-2026-42508,HIGH,https://avd.aquasec.com/nvd/cve-2026-42508,usr/bin/k3s,0.52.0,false,not_affected,vulnerable_code_not_present
rancher/rancher:head,rancher/head,golang.org/x/crypto,v0.40.0,gobinary,CVE-2026-46595,HIGH,https://avd.aquasec.com/nvd/cve-2026-46595,opt/drivers/management-state/bin/docker-machine-driver-harvester,0.52.0,false,not_affected,vulnerable_code_not_in_execute_path
rancher/rancher:head,rancher/head,golang.org/x/crypto,v0.47.0,gobinary,CVE-2026-46595,HIGH,https://avd.aquasec.com/nvd/cve-2026-46595,usr/bin/containerd,0.52.0,false,not_affected,vulnerable_code_not_present
rancher/rancher:head,rancher/head,golang.org/x/crypto,v0.47.0,gobinary,CVE-2026-46595,HIGH,https://avd.aquasec.com/nvd/cve-2026-46595,usr/bin/k3s,0.52.0,false,not_affected,vulnerable_code_not_present
rancher/rancher:head,rancher/head,golang.org/x/crypto,v0.40.0,gobinary,CVE-2026-46597,HIGH,https://avd.aquasec.com/nvd/cve-2026-46597,opt/drivers/management-state/bin/docker-machine-driver-harvester,0.52.0,false,not_affected,vulnerable_code_not_in_execute_path
rancher/rancher:head,rancher/head,golang.org/x/crypto,v0.47.0,gobinary,CVE-2026-46597,HIGH,https://avd.aquasec.com/nvd/cve-2026-46597,usr/bin/containerd,0.52.0,false,not_affected,vulnerable_code_not_present
rancher/rancher:head,rancher/head,golang.org/x/crypto,v0.47.0,gobinary,CVE-2026-46597,HIGH,https://avd.aquasec.com/nvd/cve-2026-46597,usr/bin/k3s,0.52.0,false,not_affected,vulnerable_code_not_present
rancher/rancher:head,rancher/head,golang.org/x/crypto,v0.40.0,gobinary,CVE-2026-46598,MEDIUM,https://avd.aquasec.com/nvd/cve-2026-46598,opt/drivers/management-state/bin/docker-machine-driver-harvester,0.52.0,false,not_affected,vulnerable_code_not_present
rancher/rancher:head,rancher/head,golang.org/x/crypto,v0.47.0,gobinary,CVE-2026-46598,MEDIUM,https://avd.aquasec.com/nvd/cve-2026-46598,usr/bin/containerd,0.52.0,false,not_affected,vulnerable_code_not_present
rancher/rancher:head,rancher/head,golang.org/x/crypto,v0.47.0,gobinary,CVE-2026-46598,MEDIUM,https://avd.aquasec.com/nvd/cve-2026-46598,usr/bin/k3s,0.52.0,false,not_affected,vulnerable_code_not_present
rancher/rancher:head,rancher/head,github.com/containerd/containerd/v2,v2.3.2-k3s2,gobinary,CVE-2026-47262,MEDIUM,https://avd.aquasec.com/nvd/cve-2026-47262,usr/bin/containerd-shim-runc-v2,"2.0.10, 2.1.9, 2.2.5, 2.3.2",false,not_affected,vulnerable_code_not_present
rancher/rancher:head,rancher/head,github.com/containerd/containerd/v2,v2.3.2-k3s2,gobinary,CVE-2026-50195,MEDIUM,https://avd.aquasec.com/nvd/cve-2026-50195,usr/bin/containerd-shim-runc-v2,"2.1.9, 2.2.5, 2.3.2",false,not_affected,vulnerable_code_not_present
rancher/rancher:head,rancher/head,github.com/containerd/containerd/v2,v2.3.2-k3s2,gobinary,CVE-2026-53488,HIGH,https://avd.aquasec.com/nvd/cve-2026-53488,usr/bin/containerd-shim-runc-v2,"2.0.10, 2.1.9, 2.2.5, 2.3.2",false,not_affected,vulnerable_code_not_present
rancher/rancher:head,rancher/head,github.com/containerd/containerd/v2,v2.3.2-k3s2,gobinary,CVE-2026-53489,HIGH,https://avd.aquasec.com/nvd/cve-2026-53489,usr/bin/containerd-shim-runc-v2,"2.1.9, 2.2.5, 2.3.2",false,not_affected,vulnerable_code_not_present
rancher/rancher:head,rancher/head,github.com/containerd/containerd/v2,v2.3.2-k3s2,gobinary,CVE-2026-53492,HIGH,https://avd.aquasec.com/nvd/cve-2026-53492,usr/bin/containerd-shim-runc-v2,"2.1.9, 2.2.5, 2.3.2",false,not_affected,vulnerable_code_not_present
rancher/rancher:head,rancher/head,github.com/kube-logging/logging-operator,v0.0.0-20250424202944-7e1f9aad6e21,gobinary,CVE-2026-54680,CRITICAL,https://avd.aquasec.com/nvd/cve-2026-54680,opt/drivers/management-state/bin/docker-machine-driver-harvester,0.0.0-20260608145523-cf437d7f1e05,false,not_affected,vulnerable_code_not_in_execute_path
rancher/rancher:head,rancher/head,golang.org/x/text,v0.27.0,gobinary,CVE-2026-56852,HIGH,https://avd.aquasec.com/nvd/cve-2026-56852,opt/drivers/management-state/bin/docker-machine-driver-harvester,0.39.0,false,not_affected,vulnerable_code_not_in_execute_path
rancher/rancher:head,rancher/head,golang.org/x/text,v0.36.0,gobinary,CVE-2026-56852,HIGH,https://avd.aquasec.com/nvd/cve-2026-56852,usr/bin/etcdctl,0.39.0,false,not_affected,vulnerable_code_not_in_execute_path
rancher/rancher:head,rancher/head,golang.org/x/text,v0.38.0,gobinary,CVE-2026-56852,HIGH,https://avd.aquasec.com/nvd/cve-2026-56852,usr/bin/containerd-shim-runc-v2,0.39.0,false,not_affected,vulnerable_code_not_in_execute_path
rancher/rancher:head,rancher/head,kubevirt.io/kubevirt,v1.6.0,gobinary,CVE-2026-6383,MEDIUM,https://avd.aquasec.com/nvd/cve-2026-6383,opt/drivers/management-state/bin/docker-machine-driver-harvester,,false,not_affected,vulnerable_code_not_in_execute_path
rancher/rancher:head,rancher/head,kubevirt.io/kubevirt,v1.6.0,gobinary,CVE-2026-7374,CRITICAL,https://avd.aquasec.com/nvd/cve-2026-7374,opt/drivers/management-state/bin/docker-machine-driver-harvester,"1.8.3, 1.7.4, 1.6.6",false,not_affected,vulnerable_code_not_in_execute_path
rancher/rancher:head,rancher/head,kubevirt.io/kubevirt,v1.6.0,gobinary,CVE-2026-9804,HIGH,https://avd.aquasec.com/nvd/cve-2026-9804,opt/drivers/management-state/bin/docker-machine-driver-harvester,,false,not_affected,vulnerable_code_not_in_execute_path
rancher/rancher:head,rancher/head,google.golang.org/grpc,v1.79.3,gobinary,GHSA-hrxh-6v49-42gf,HIGH,https://github.com/advisories/GHSA-hrxh-6v49-42gf,usr/bin/containerd,1.82.1,false,affected,
rancher/rancher:head,rancher/head,google.golang.org/grpc,v1.79.3,gobinary,GHSA-hrxh-6v49-42gf,HIGH,https://github.com/advisories/GHSA-hrxh-6v49-42gf,usr/bin/etcdctl,1.82.1,false,affected,
rancher/rancher:head,rancher/head,google.golang.org/grpc,v1.79.3,gobinary,GHSA-hrxh-6v49-42gf,HIGH,https://github.com/advisories/GHSA-hrxh-6v49-42gf,usr/bin/k3s,1.82.1,false,affected,
rancher/rancher:head,rancher/head,google.golang.org/grpc,v1.80.0,gobinary,GHSA-hrxh-6v49-42gf,HIGH,https://github.com/advisories/GHSA-hrxh-6v49-42gf,usr/bin/containerd-shim-runc-v2,1.82.1,false,affected,
rancher/rancher:head,rancher/head,google.golang.org/grpc,v1.80.0,gobinary,GHSA-hrxh-6v49-42gf,HIGH,https://github.com/advisories/GHSA-hrxh-6v49-42gf,usr/bin/rancher-machine,1.82.1,false,affected,
rancher/rancher:head,rancher/head,google.golang.org/grpc,v1.81.1,gobinary,GHSA-hrxh-6v49-42gf,HIGH,https://github.com/advisories/GHSA-hrxh-6v49-42gf,usr/share/rancher/ui-dashboard/assets/wins.exe,1.82.1,false,affected,
rancher/rke2-cloud-provider:v1.36.2-0.20260610225606-10b320a3ba51-build20260709,rancher/head,golang.org/x/crypto,v0.51.0,gobinary,CVE-2026-39827,MEDIUM,https://avd.aquasec.com/nvd/cve-2026-39827,usr/local/bin/rke2-cloud-provider,0.52.0,false,not_affected,vulnerable_code_not_present
rancher/rke2-cloud-provider:v1.36.2-0.20260610225606-10b320a3ba51-build20260709,rancher/head,golang.org/x/crypto,v0.51.0,gobinary,CVE-2026-39828,HIGH,https://avd.aquasec.com/nvd/cve-2026-39828,usr/local/bin/rke2-cloud-provider,0.52.0,false,not_affected,vulnerable_code_not_present
rancher/rke2-cloud-provider:v1.36.2-0.20260610225606-10b320a3ba51-build20260709,rancher/head,golang.org/x/crypto,v0.51.0,gobinary,CVE-2026-39829,HIGH,https://avd.aquasec.com/nvd/cve-2026-39829,usr/local/bin/rke2-cloud-provider,0.52.0,false,not_affected,vulnerable_code_not_present
rancher/rke2-cloud-provider:v1.36.2-0.20260610225606-10b320a3ba51-build20260709,rancher/head,golang.org/x/crypto,v0.51.0,gobinary,CVE-2026-39830,HIGH,https://avd.aquasec.com/nvd/cve-2026-39830,usr/local/bin/rke2-cloud-provider,0.52.0,false,not_affected,vulnerable_code_not_present
rancher/rke2-cloud-provider:v1.36.2-0.20260610225606-10b320a3ba51-build20260709,rancher/head,golang.org/x/crypto,v0.51.0,gobinary,CVE-2026-39831,HIGH,https://avd.aquasec.com/nvd/cve-2026-39831,usr/local/bin/rke2-cloud-provider,0.52.0,false,not_affected,vulnerable_code_not_present
rancher/rke2-cloud-provider:v1.36.2-0.20260610225606-10b320a3ba51-build20260709,rancher/head,golang.org/x/crypto,v0.51.0,gobinary,CVE-2026-39832,HIGH,https://avd.aquasec.com/nvd/cve-2026-39832,usr/local/bin/rke2-cloud-provider,0.52.0,false,not_affected,vulnerable_code_not_present
rancher/rke2-cloud-provider:v1.36.2-0.20260610225606-10b320a3ba51-build20260709,rancher/head,golang.org/x/crypto,v0.51.0,gobinary,CVE-2026-39833,MEDIUM,https://avd.aquasec.com/nvd/cve-2026-39833,usr/local/bin/rke2-cloud-provider,0.52.0,false,not_affected,vulnerable_code_not_present
rancher/rke2-cloud-provider:v1.36.2-0.20260610225606-10b320a3ba51-build20260709,rancher/head,golang.org/x/crypto,v0.51.0,gobinary,CVE-2026-39834,MEDIUM,https://avd.aquasec.com/nvd/cve-2026-39834,usr/local/bin/rke2-cloud-provider,0.52.0,false,not_affected,vulnerable_code_not_present
rancher/rke2-cloud-provider:v1.36.2-0.20260610225606-10b320a3ba51-build20260709,rancher/head,golang.org/x/crypto,v0.51.0,gobinary,CVE-2026-39835,HIGH,https://avd.aquasec.com/nvd/cve-2026-39835,usr/local/bin/rke2-cloud-provider,0.52.0,false,not_affected,vulnerable_code_not_present
rancher/rke2-cloud-provider:v1.36.2-0.20260610225606-10b320a3ba51-build20260709,rancher/head,golang.org/x/crypto,v0.51.0,gobinary,CVE-2026-42508,HIGH,https://avd.aquasec.com/nvd/cve-2026-42508,usr/local/bin/rke2-cloud-provider,0.52.0,false,not_affected,vulnerable_code_not_present
rancher/rke2-cloud-provider:v1.36.2-0.20260610225606-10b320a3ba51-build20260709,rancher/head,golang.org/x/crypto,v0.51.0,gobinary,CVE-2026-46595,HIGH,https://avd.aquasec.com/nvd/cve-2026-46595,usr/local/bin/rke2-cloud-provider,0.52.0,false,not_affected,vulnerable_code_not_present
rancher/rke2-cloud-provider:v1.36.2-0.20260610225606-10b320a3ba51-build20260709,rancher/head,golang.org/x/crypto,v0.51.0,gobinary,CVE-2026-46597,HIGH,https://avd.aquasec.com/nvd/cve-2026-46597,usr/local/bin/rke2-cloud-provider,0.52.0,false,not_affected,vulnerable_code_not_present
rancher/rke2-cloud-provider:v1.36.2-0.20260610225606-10b320a3ba51-build20260709,rancher/head,golang.org/x/crypto,v0.51.0,gobinary,CVE-2026-46598,MEDIUM,https://avd.aquasec.com/nvd/cve-2026-46598,usr/local/bin/rke2-cloud-provider,0.52.0,false,not_affected,vulnerable_code_not_present
rancher/rke2-cloud-provider:v1.36.2-0.20260610225606-10b320a3ba51-build20260709,rancher/head,google.golang.org/grpc,v1.79.3,gobinary,GHSA-hrxh-6v49-42gf,HIGH,https://github.com/advisories/GHSA-hrxh-6v49-42gf,usr/local/bin/rke2-cloud-provider,1.82.1,false,not_affected,vulnerable_code_not_in_execute_path
rancher/rke2-runtime:v1.35.7-rke2r1,rancher/head,github.com/docker/cli,v29.1.5+incompatible,gobinary,CVE-2025-15558,HIGH,https://avd.aquasec.com/nvd/cve-2025-15558,bin/containerd,29.2.0,false,not_affected,vulnerable_code_not_present
rancher/rke2-runtime:v1.35.7-rke2r1,rancher/head,github.com/buger/jsonparser,v1.1.1,gobinary,CVE-2026-32285,HIGH,https://avd.aquasec.com/nvd/cve-2026-32285,bin/crictl,1.1.2,false,not_affected,vulnerable_code_not_in_execute_path
rancher/rke2-runtime:v1.35.7-rke2r1,rancher/head,github.com/docker/docker,v27.1.1+incompatible,gobinary,CVE-2026-33997,MEDIUM,https://avd.aquasec.com/nvd/cve-2026-33997,bin/crictl,29.3.1,false,not_affected,vulnerable_code_not_in_execute_path
rancher/rke2-runtime:v1.35.7-rke2r1,rancher/head,github.com/docker/docker,v27.3.1+incompatible,gobinary,CVE-2026-33997,MEDIUM,https://avd.aquasec.com/nvd/cve-2026-33997,bin/containerd,29.3.1,false,not_affected,vulnerable_code_not_in_execute_path
rancher/rke2-runtime:v1.35.7-rke2r1,rancher/head,github.com/docker/docker,v27.1.1+incompatible,gobinary,CVE-2026-34040,HIGH,https://avd.aquasec.com/nvd/cve-2026-34040,bin/crictl,29.3.1,false,not_affected,vulnerable_code_not_in_execute_path
rancher/rke2-runtime:v1.35.7-rke2r1,rancher/head,github.com/docker/docker,v27.3.1+incompatible,gobinary,CVE-2026-34040,HIGH,https://avd.aquasec.com/nvd/cve-2026-34040,bin/containerd,29.3.1,false,not_affected,vulnerable_code_not_in_execute_path
rancher/rke2-runtime:v1.35.7-rke2r1,rancher/head,github.com/docker/docker,v27.1.1+incompatible,gobinary,CVE-2026-41567,HIGH,https://avd.aquasec.com/nvd/cve-2026-41567,bin/crictl,,false,not_affected,vulnerable_code_not_present
rancher/rke2-runtime:v1.35.7-rke2r1,rancher/head,github.com/docker/docker,v27.3.1+incompatible,gobinary,CVE-2026-41567,HIGH,https://avd.aquasec.com/nvd/cve-2026-41567,bin/containerd,,false,not_affected,vulnerable_code_not_present
rancher/rke2-runtime:v1.35.7-rke2r1,rancher/head,github.com/docker/docker,v27.1.1+incompatible,gobinary,CVE-2026-42306,HIGH,https://avd.aquasec.com/nvd/cve-2026-42306,bin/crictl,,false,not_affected,vulnerable_code_not_present
rancher/rke2-runtime:v1.35.7-rke2r1,rancher/head,github.com/docker/docker,v27.3.1+incompatible,gobinary,CVE-2026-42306,HIGH,https://avd.aquasec.com/nvd/cve-2026-42306,bin/containerd,,false,not_affected,vulnerable_code_not_present
rancher/rke2-runtime:v1.35.7-rke2r1,rancher/head,golang.org/x/text,v0.38.0,gobinary,CVE-2026-56852,HIGH,https://avd.aquasec.com/nvd/cve-2026-56852,bin/containerd,0.39.0,false,not_affected,vulnerable_code_not_in_execute_path
rancher/rke2-runtime:v1.35.7-rke2r1,rancher/head,golang.org/x/text,v0.38.0,gobinary,CVE-2026-56852,HIGH,https://avd.aquasec.com/nvd/cve-2026-56852,bin/containerd-shim-runc-v2,0.39.0,false,not_affected,vulnerable_code_not_in_execute_path
rancher/rke2-runtime:v1.35.7-rke2r1,rancher/head,golang.org/x/text,v0.38.0,gobinary,CVE-2026-56852,HIGH,https://avd.aquasec.com/nvd/cve-2026-56852,bin/ctr,0.39.0,false,not_affected,vulnerable_code_not_in_execute_path
rancher/rke2-runtime:v1.35.7-rke2r1,rancher/head,golang.org/x/text,v0.38.0,gobinary,CVE-2026-56852,HIGH,https://avd.aquasec.com/nvd/cve-2026-56852,bin/kubectl,0.39.0,false,not_affected,vulnerable_code_not_in_execute_path
rancher/rke2-runtime:v1.35.7-rke2r1,rancher/head,golang.org/x/text,v0.38.0,gobinary,CVE-2026-56852,HIGH,https://avd.aquasec.com/nvd/cve-2026-56852,bin/kubelet,0.39.0,false,not_affected,vulnerable_code_not_in_execute_path
rancher/rke2-runtime:v1.36.3-rke2r1,rancher/head,github.com/docker/docker,v27.1.1+incompatible,gobinary,CVE-2026-33997,MEDIUM,https://avd.aquasec.com/nvd/cve-2026-33997,bin/crictl,29.3.1,false,not_affected,vulnerable_code_not_in_execute_path
rancher/rke2-runtime:v1.36.3-rke2r1,rancher/head,github.com/docker/docker,v27.3.1+incompatible,gobinary,CVE-2026-33997,MEDIUM,https://avd.aquasec.com/nvd/cve-2026-33997,bin/containerd,29.3.1,false,not_affected,vulnerable_code_not_in_execute_path
rancher/rke2-runtime:v1.36.3-rke2r1,rancher/head,github.com/docker/docker,v27.1.1+incompatible,gobinary,CVE-2026-34040,HIGH,https://avd.aquasec.com/nvd/cve-2026-34040,bin/crictl,29.3.1,false,not_affected,vulnerable_code_not_in_execute_path
rancher/rke2-runtime:v1.36.3-rke2r1,rancher/head,github.com/docker/docker,v27.3.1+incompatible,gobinary,CVE-2026-34040,HIGH,https://avd.aquasec.com/nvd/cve-2026-34040,bin/containerd,29.3.1,false,not_affected,vulnerable_code_not_in_execute_path
rancher/rke2-runtime:v1.36.3-rke2r1,rancher/head,github.com/docker/docker,v27.1.1+incompatible,gobinary,CVE-2026-41567,HIGH,https://avd.aquasec.com/nvd/cve-2026-41567,bin/crictl,,false,not_affected,vulnerable_code_not_present
rancher/rke2-runtime:v1.36.3-rke2r1,rancher/head,github.com/docker/docker,v27.3.1+incompatible,gobinary,CVE-2026-41567,HIGH,https://avd.aquasec.com/nvd/cve-2026-41567,bin/containerd,,false,not_affected,vulnerable_code_not_present
rancher/rke2-runtime:v1.36.3-rke2r1,rancher/head,github.com/docker/docker,v27.1.1+incompatible,gobinary,CVE-2026-42306,HIGH,https://avd.aquasec.com/nvd/cve-2026-42306,bin/crictl,,false,not_affected,vulnerable_code_not_present
rancher/rke2-runtime:v1.36.3-rke2r1,rancher/head,github.com/docker/docker,v27.3.1+incompatible,gobinary,CVE-2026-42306,HIGH,https://avd.aquasec.com/nvd/cve-2026-42306,bin/containerd,,false,not_affected,vulnerable_code_not_present
rancher/rke2-runtime:v1.36.3-rke2r1,rancher/head,golang.org/x/text,v0.38.0,gobinary,CVE-2026-56852,HIGH,https://avd.aquasec.com/nvd/cve-2026-56852,bin/containerd,0.39.0,false,not_affected,vulnerable_code_not_in_execute_path
rancher/rke2-runtime:v1.36.3-rke2r1,rancher/head,golang.org/x/text,v0.38.0,gobinary,CVE-2026-56852,HIGH,https://avd.aquasec.com/nvd/cve-2026-56852,bin/containerd-shim-runc-v2,0.39.0,false,not_affected,vulnerable_code_not_in_execute_path
rancher/rke2-runtime:v1.36.3-rke2r1,rancher/head,golang.org/x/text,v0.38.0,gobinary,CVE-2026-56852,HIGH,https://avd.aquasec.com/nvd/cve-2026-56852,bin/ctr,0.39.0,false,not_affected,vulnerable_code_not_in_execute_path
rancher/rke2-runtime:v1.36.3-rke2r1,rancher/head,golang.org/x/text,v0.38.0,gobinary,CVE-2026-56852,HIGH,https://avd.aquasec.com/nvd/cve-2026-56852,bin/kubectl,0.39.0,false,not_affected,vulnerable_code_not_in_execute_path
rancher/rke2-runtime:v1.36.3-rke2r1,rancher/head,golang.org/x/text,v0.38.0,gobinary,CVE-2026-56852,HIGH,https://avd.aquasec.com/nvd/cve-2026-56852,bin/kubelet,0.39.0,false,not_affected,vulnerable_code_not_in_execute_path
rancher/rke2-upgrade:v1.35.7-rke2r1,rancher/head,golang.org/x/net,v0.47.0,gobinary,CVE-2026-25680,MEDIUM,https://avd.aquasec.com/nvd/cve-2026-25680,usr/local/bin/kubectl,0.55.0,false,not_affected,vulnerable_code_not_present
rancher/rke2-upgrade:v1.35.7-rke2r1,rancher/head,golang.org/x/net,v0.47.0,gobinary,CVE-2026-25681,HIGH,https://avd.aquasec.com/nvd/cve-2026-25681,usr/local/bin/kubectl,0.55.0,false,not_affected,vulnerable_code_not_present
rancher/rke2-upgrade:v1.35.7-rke2r1,rancher/head,golang.org/x/net,v0.47.0,gobinary,CVE-2026-27136,HIGH,https://avd.aquasec.com/nvd/cve-2026-27136,usr/local/bin/kubectl,0.55.0,false,not_affected,vulnerable_code_not_present
rancher/rke2-upgrade:v1.35.7-rke2r1,rancher/head,google.golang.org/grpc,v1.72.2,gobinary,CVE-2026-33186,HIGH,https://avd.aquasec.com/nvd/cve-2026-33186,opt/rke2,1.79.3,false,affected,severity_changed_due_to_suse_cvss_score
rancher/rke2-upgrade:v1.35.7-rke2r1,rancher/head,golang.org/x/net,v0.47.0,gobinary,CVE-2026-33814,HIGH,https://avd.aquasec.com/nvd/cve-2026-33814,usr/local/bin/kubectl,0.53.0,false,affected,
rancher/rke2-upgrade:v1.35.7-rke2r1,rancher/head,github.com/docker/docker,v25.0.15-0.20260325154711-d2dbc0547253+incompatible,gobinary,CVE-2026-33997,HIGH,https://avd.aquasec.com/nvd/cve-2026-33997,opt/rke2,29.3.1,false,affected,severity_changed_due_to_suse_cvss_score
rancher/rke2-upgrade:v1.35.7-rke2r1,rancher/head,github.com/docker/docker,v25.0.15-0.20260325154711-d2dbc0547253+incompatible,gobinary,CVE-2026-34040,HIGH,https://avd.aquasec.com/nvd/cve-2026-34040,opt/rke2,29.3.1,false,affected,
rancher/rke2-upgrade:v1.35.7-rke2r1,rancher/head,golang.org/x/net,v0.47.0,gobinary,CVE-2026-39821,HIGH,https://avd.aquasec.com/nvd/cve-2026-39821,usr/local/bin/kubectl,0.55.0,false,affected,
rancher/rke2-upgrade:v1.35.7-rke2r1,rancher/head,golang.org/x/crypto,v0.47.0,gobinary,CVE-2026-39827,MEDIUM,https://avd.aquasec.com/nvd/cve-2026-39827,opt/rke2,0.52.0,false,not_affected,vulnerable_code_not_present
rancher/rke2-upgrade:v1.35.7-rke2r1,rancher/head,golang.org/x/crypto,v0.47.0,gobinary,CVE-2026-39828,HIGH,https://avd.aquasec.com/nvd/cve-2026-39828,opt/rke2,0.52.0,false,not_affected,vulnerable_code_not_present
rancher/rke2-upgrade:v1.35.7-rke2r1,rancher/head,golang.org/x/crypto,v0.47.0,gobinary,CVE-2026-39829,HIGH,https://avd.aquasec.com/nvd/cve-2026-39829,opt/rke2,0.52.0,false,not_affected,vulnerable_code_not_present
rancher/rke2-upgrade:v1.35.7-rke2r1,rancher/head,golang.org/x/crypto,v0.47.0,gobinary,CVE-2026-39830,HIGH,https://avd.aquasec.com/nvd/cve-2026-39830,opt/rke2,0.52.0,false,not_affected,vulnerable_code_not_present
rancher/rke2-upgrade:v1.35.7-rke2r1,rancher/head,golang.org/x/crypto,v0.47.0,gobinary,CVE-2026-39831,HIGH,https://avd.aquasec.com/nvd/cve-2026-39831,opt/rke2,0.52.0,false,not_affected,vulnerable_code_not_present
rancher/rke2-upgrade:v1.35.7-rke2r1,rancher/head,golang.org/x/crypto,v0.47.0,gobinary,CVE-2026-39832,HIGH,https://avd.aquasec.com/nvd/cve-2026-39832,opt/rke2,0.52.0,false,not_affected,vulnerable_code_not_present
rancher/rke2-upgrade:v1.35.7-rke2r1,rancher/head,golang.org/x/crypto,v0.47.0,gobinary,CVE-2026-39833,MEDIUM,https://avd.aquasec.com/nvd/cve-2026-39833,opt/rke2,0.52.0,false,not_affected,vulnerable_code_not_present
rancher/rke2-upgrade:v1.35.7-rke2r1,rancher/head,golang.org/x/crypto,v0.47.0,gobinary,CVE-2026-39834,MEDIUM,https://avd.aquasec.com/nvd/cve-2026-39834,opt/rke2,0.52.0,false,not_affected,vulnerable_code_not_present
rancher/rke2-upgrade:v1.35.7-rke2r1,rancher/head,golang.org/x/crypto,v0.47.0,gobinary,CVE-2026-39835,HIGH,https://avd.aquasec.com/nvd/cve-2026-39835,opt/rke2,0.52.0,false,not_affected,vulnerable_code_not_present
rancher/rke2-upgrade:v1.35.7-rke2r1,rancher/head,github.com/docker/docker,v25.0.15-0.20260325154711-d2dbc0547253+incompatible,gobinary,CVE-2026-41567,HIGH,https://avd.aquasec.com/nvd/cve-2026-41567,opt/rke2,,false,not_affected,vulnerable_code_not_present
rancher/rke2-upgrade:v1.35.7-rke2r1,rancher/head,github.com/docker/docker,v25.0.15-0.20260325154711-d2dbc0547253+incompatible,gobinary,CVE-2026-42306,HIGH,https://avd.aquasec.com/nvd/cve-2026-42306,opt/rke2,,false,not_affected,vulnerable_code_not_present
rancher/rke2-upgrade:v1.35.7-rke2r1,rancher/head,golang.org/x/net,v0.47.0,gobinary,CVE-2026-42502,MEDIUM,https://avd.aquasec.com/nvd/cve-2026-42502,usr/local/bin/kubectl,0.55.0,false,not_affected,vulnerable_code_not_present
rancher/rke2-upgrade:v1.35.7-rke2r1,rancher/head,golang.org/x/net,v0.47.0,gobinary,CVE-2026-42506,MEDIUM,https://avd.aquasec.com/nvd/cve-2026-42506,usr/local/bin/kubectl,0.55.0,false,not_affected,vulnerable_code_not_present
rancher/rke2-upgrade:v1.35.7-rke2r1,rancher/head,golang.org/x/crypto,v0.47.0,gobinary,CVE-2026-42508,HIGH,https://avd.aquasec.com/nvd/cve-2026-42508,opt/rke2,0.52.0,false,not_affected,vulnerable_code_not_present
rancher/rke2-upgrade:v1.35.7-rke2r1,rancher/head,golang.org/x/crypto,v0.47.0,gobinary,CVE-2026-46595,HIGH,https://avd.aquasec.com/nvd/cve-2026-46595,opt/rke2,0.52.0,false,not_affected,vulnerable_code_not_present
rancher/rke2-upgrade:v1.35.7-rke2r1,rancher/head,golang.org/x/crypto,v0.47.0,gobinary,CVE-2026-46597,HIGH,https://avd.aquasec.com/nvd/cve-2026-46597,opt/rke2,0.52.0,false,not_affected,vulnerable_code_not_present
rancher/rke2-upgrade:v1.35.7-rke2r1,rancher/head,golang.org/x/crypto,v0.47.0,gobinary,CVE-2026-46598,MEDIUM,https://avd.aquasec.com/nvd/cve-2026-46598,opt/rke2,0.52.0,false,not_affected,vulnerable_code_not_present
rancher/rke2-upgrade:v1.35.7-rke2r1,rancher/head,google.golang.org/grpc,v1.72.2,gobinary,GHSA-hrxh-6v49-42gf,HIGH,https://github.com/advisories/GHSA-hrxh-6v49-42gf,opt/rke2,1.82.1,false,affected,
rancher/rke2-upgrade:v1.36.3-rke2r1,rancher/head,golang.org/x/net,v0.49.0,gobinary,CVE-2026-25680,MEDIUM,https://avd.aquasec.com/nvd/cve-2026-25680,usr/local/bin/kubectl,0.55.0,false,not_affected,vulnerable_code_not_present
rancher/rke2-upgrade:v1.36.3-rke2r1,rancher/head,golang.org/x/net,v0.49.0,gobinary,CVE-2026-25681,HIGH,https://avd.aquasec.com/nvd/cve-2026-25681,usr/local/bin/kubectl,0.55.0,false,not_affected,vulnerable_code_not_present
rancher/rke2-upgrade:v1.36.3-rke2r1,rancher/head,golang.org/x/net,v0.49.0,gobinary,CVE-2026-27136,HIGH,https://avd.aquasec.com/nvd/cve-2026-27136,usr/local/bin/kubectl,0.55.0,false,not_affected,vulnerable_code_not_present
rancher/rke2-upgrade:v1.36.3-rke2r1,rancher/head,golang.org/x/net,v0.49.0,gobinary,CVE-2026-33814,HIGH,https://avd.aquasec.com/nvd/cve-2026-33814,usr/local/bin/kubectl,0.53.0,false,affected,
rancher/rke2-upgrade:v1.36.3-rke2r1,rancher/head,github.com/docker/docker,v25.0.15-0.20260325154711-d2dbc0547253+incompatible,gobinary,CVE-2026-33997,HIGH,https://avd.aquasec.com/nvd/cve-2026-33997,opt/rke2,29.3.1,false,affected,severity_changed_due_to_suse_cvss_score
rancher/rke2-upgrade:v1.36.3-rke2r1,rancher/head,github.com/docker/docker,v25.0.15-0.20260325154711-d2dbc0547253+incompatible,gobinary,CVE-2026-34040,HIGH,https://avd.aquasec.com/nvd/cve-2026-34040,opt/rke2,29.3.1,false,affected,
rancher/rke2-upgrade:v1.36.3-rke2r1,rancher/head,golang.org/x/net,v0.49.0,gobinary,CVE-2026-39821,HIGH,https://avd.aquasec.com/nvd/cve-2026-39821,usr/local/bin/kubectl,0.55.0,false,affected,
rancher/rke2-upgrade:v1.36.3-rke2r1,rancher/head,golang.org/x/crypto,v0.47.0,gobinary,CVE-2026-39827,MEDIUM,https://avd.aquasec.com/nvd/cve-2026-39827,opt/rke2,0.52.0,false,not_affected,vulnerable_code_not_present
rancher/rke2-upgrade:v1.36.3-rke2r1,rancher/head,golang.org/x/crypto,v0.47.0,gobinary,CVE-2026-39828,HIGH,https://avd.aquasec.com/nvd/cve-2026-39828,opt/rke2,0.52.0,false,not_affected,vulnerable_code_not_present
rancher/rke2-upgrade:v1.36.3-rke2r1,rancher/head,golang.org/x/crypto,v0.47.0,gobinary,CVE-2026-39829,HIGH,https://avd.aquasec.com/nvd/cve-2026-39829,opt/rke2,0.52.0,false,not_affected,vulnerable_code_not_present
rancher/rke2-upgrade:v1.36.3-rke2r1,rancher/head,golang.org/x/crypto,v0.47.0,gobinary,CVE-2026-39830,HIGH,https://avd.aquasec.com/nvd/cve-2026-39830,opt/rke2,0.52.0,false,not_affected,vulnerable_code_not_present
rancher/rke2-upgrade:v1.36.3-rke2r1,rancher/head,golang.org/x/crypto,v0.47.0,gobinary,CVE-2026-39831,HIGH,https://avd.aquasec.com/nvd/cve-2026-39831,opt/rke2,0.52.0,false,not_affected,vulnerable_code_not_present
rancher/rke2-upgrade:v1.36.3-rke2r1,rancher/head,golang.org/x/crypto,v0.47.0,gobinary,CVE-2026-39832,HIGH,https://avd.aquasec.com/nvd/cve-2026-39832,opt/rke2,0.52.0,false,not_affected,vulnerable_code_not_present
rancher/rke2-upgrade:v1.36.3-rke2r1,rancher/head,golang.org/x/crypto,v0.47.0,gobinary,CVE-2026-39833,MEDIUM,https://avd.aquasec.com/nvd/cve-2026-39833,opt/rke2,0.52.0,false,not_affected,vulnerable_code_not_present
rancher/rke2-upgrade:v1.36.3-rke2r1,rancher/head,golang.org/x/crypto,v0.47.0,gobinary,CVE-2026-39834,MEDIUM,https://avd.aquasec.com/nvd/cve-2026-39834,opt/rke2,0.52.0,false,not_affected,vulnerable_code_not_present
rancher/rke2-upgrade:v1.36.3-rke2r1,rancher/head,golang.org/x/crypto,v0.47.0,gobinary,CVE-2026-39835,HIGH,https://avd.aquasec.com/nvd/cve-2026-39835,opt/rke2,0.52.0,false,not_affected,vulnerable_code_not_present
rancher/rke2-upgrade:v1.36.3-rke2r1,rancher/head,github.com/docker/docker,v25.0.15-0.20260325154711-d2dbc0547253+incompatible,gobinary,CVE-2026-41567,HIGH,https://avd.aquasec.com/nvd/cve-2026-41567,opt/rke2,,false,not_affected,vulnerable_code_not_present
rancher/rke2-upgrade:v1.36.3-rke2r1,rancher/head,github.com/docker/docker,v25.0.15-0.20260325154711-d2dbc0547253+incompatible,gobinary,CVE-2026-42306,HIGH,https://avd.aquasec.com/nvd/cve-2026-42306,opt/rke2,,false,not_affected,vulnerable_code_not_present
rancher/rke2-upgrade:v1.36.3-rke2r1,rancher/head,golang.org/x/net,v0.49.0,gobinary,CVE-2026-42502,MEDIUM,https://avd.aquasec.com/nvd/cve-2026-42502,usr/local/bin/kubectl,0.55.0,false,not_affected,vulnerable_code_not_present
rancher/rke2-upgrade:v1.36.3-rke2r1,rancher/head,golang.org/x/net,v0.49.0,gobinary,CVE-2026-42506,MEDIUM,https://avd.aquasec.com/nvd/cve-2026-42506,usr/local/bin/kubectl,0.55.0,false,not_affected,vulnerable_code_not_present
rancher/rke2-upgrade:v1.36.3-rke2r1,rancher/head,golang.org/x/crypto,v0.47.0,gobinary,CVE-2026-42508,HIGH,https://avd.aquasec.com/nvd/cve-2026-42508,opt/rke2,0.52.0,false,not_affected,vulnerable_code_not_present
rancher/rke2-upgrade:v1.36.3-rke2r1,rancher/head,golang.org/x/crypto,v0.47.0,gobinary,CVE-2026-46595,HIGH,https://avd.aquasec.com/nvd/cve-2026-46595,opt/rke2,0.52.0,false,not_affected,vulnerable_code_not_present
rancher/rke2-upgrade:v1.36.3-rke2r1,rancher/head,golang.org/x/crypto,v0.47.0,gobinary,CVE-2026-46597,HIGH,https://avd.aquasec.com/nvd/cve-2026-46597,opt/rke2,0.52.0,false,not_affected,vulnerable_code_not_present
rancher/rke2-upgrade:v1.36.3-rke2r1,rancher/head,golang.org/x/crypto,v0.47.0,gobinary,CVE-2026-46598,MEDIUM,https://avd.aquasec.com/nvd/cve-2026-46598,opt/rke2,0.52.0,false,not_affected,vulnerable_code_not_present
rancher/rke2-upgrade:v1.36.3-rke2r1,rancher/head,google.golang.org/grpc,v1.79.3,gobinary,GHSA-hrxh-6v49-42gf,HIGH,https://github.com/advisories/GHSA-hrxh-6v49-42gf,opt/rke2,1.82.1,false,affected,
rancher/shell:v0.8.1,rancher/head,golang.org/x/net,v0.49.0,gobinary,CVE-2026-25680,MEDIUM,https://avd.aquasec.com/nvd/cve-2026-25680,usr/bin/kubectl1.36,0.55.0,false,not_affected,vulnerable_code_not_present
rancher/shell:v0.8.1,rancher/head,golang.org/x/net,v0.49.0,gobinary,CVE-2026-25681,HIGH,https://avd.aquasec.com/nvd/cve-2026-25681,usr/bin/kubectl1.36,0.55.0,false,not_affected,vulnerable_code_not_present
rancher/shell:v0.8.1,rancher/head,golang.org/x/net,v0.49.0,gobinary,CVE-2026-27136,HIGH,https://avd.aquasec.com/nvd/cve-2026-27136,usr/bin/kubectl1.36,0.55.0,false,not_affected,vulnerable_code_not_present
rancher/shell:v0.8.1,rancher/head,golang.org/x/net,v0.49.0,gobinary,CVE-2026-33814,HIGH,https://avd.aquasec.com/nvd/cve-2026-33814,usr/bin/kubectl1.36,0.53.0,false,affected,
rancher/shell:v0.8.1,rancher/head,golang.org/x/net,v0.49.0,gobinary,CVE-2026-39821,HIGH,https://avd.aquasec.com/nvd/cve-2026-39821,usr/bin/kubectl1.36,0.55.0,false,affected,
rancher/shell:v0.8.1,rancher/head,golang.org/x/net,v0.49.0,gobinary,CVE-2026-42502,MEDIUM,https://avd.aquasec.com/nvd/cve-2026-42502,usr/bin/kubectl1.36,0.55.0,false,not_affected,vulnerable_code_not_present
rancher/shell:v0.8.1,rancher/head,golang.org/x/net,v0.49.0,gobinary,CVE-2026-42506,MEDIUM,https://avd.aquasec.com/nvd/cve-2026-42506,usr/bin/kubectl1.36,0.55.0,false,not_affected,vulnerable_code_not_present
rancher/shell:v0.8.1,rancher/head,github.com/containerd/containerd/v2,v2.2.4,gobinary,CVE-2026-47262,MEDIUM,https://avd.aquasec.com/nvd/cve-2026-47262,usr/bin/k9s,"2.0.10, 2.1.9, 2.2.5, 2.3.2",false,not_affected,vulnerable_code_not_present
rancher/shell:v0.8.1,rancher/head,oras.land/oras-go/v2,v2.6.1,gobinary,CVE-2026-50163,HIGH,https://avd.aquasec.com/nvd/cve-2026-50163,usr/bin/helm,2.6.2,false,not_affected,vulnerable_code_not_present
rancher/shell:v0.8.1,rancher/head,oras.land/oras-go/v2,v2.6.1,gobinary,CVE-2026-50163,HIGH,https://avd.aquasec.com/nvd/cve-2026-50163,usr/bin/k9s,2.6.2,false,not_affected,vulnerable_code_not_present
rancher/shell:v0.8.1,rancher/head,github.com/containerd/containerd/v2,v2.2.4,gobinary,CVE-2026-50195,MEDIUM,https://avd.aquasec.com/nvd/cve-2026-50195,usr/bin/k9s,"2.1.9, 2.2.5, 2.3.2",false,not_affected,vulnerable_code_not_present
rancher/shell:v0.8.1,rancher/head,github.com/containerd/containerd,v1.7.32,gobinary,CVE-2026-53488,HIGH,https://avd.aquasec.com/nvd/cve-2026-53488,usr/bin/k9s,1.7.33,false,affected,
rancher/shell:v0.8.1,rancher/head,github.com/containerd/containerd/v2,v2.2.4,gobinary,CVE-2026-53488,HIGH,https://avd.aquasec.com/nvd/cve-2026-53488,usr/bin/k9s,"2.0.10, 2.1.9, 2.2.5, 2.3.2",false,not_affected,vulnerable_code_not_present
rancher/shell:v0.8.1,rancher/head,github.com/containerd/containerd/v2,v2.2.4,gobinary,CVE-2026-53489,HIGH,https://avd.aquasec.com/nvd/cve-2026-53489,usr/bin/k9s,"2.1.9, 2.2.5, 2.3.2",false,not_affected,vulnerable_code_not_present
rancher/shell:v0.8.1,rancher/head,github.com/containerd/containerd/v2,v2.2.4,gobinary,CVE-2026-53492,HIGH,https://avd.aquasec.com/nvd/cve-2026-53492,usr/bin/k9s,"2.1.9, 2.2.5, 2.3.2",false,not_affected,vulnerable_code_not_present
rancher/shell:v0.8.1,rancher/head,github.com/go-git/go-git/v5,v5.19.1,gobinary,CVE-2026-71556,HIGH,https://avd.aquasec.com/nvd/cve-2026-71556,usr/bin/k9s,5.19.2,false,affected,
rancher/shell:v0.8.1,rancher/head,google.golang.org/grpc,v1.79.3,gobinary,GHSA-hrxh-6v49-42gf,HIGH,https://github.com/advisories/GHSA-hrxh-6v49-42gf,usr/bin/k9s,1.82.1,false,affected,
rancher/shell:v0.8.1,rancher/head,libssh-config,0.11.4-160000.1.1,sles,SUSE-SU-2026:22948-1,MEDIUM,,rancher/shell:v0.8.1 (sles 16.0),0.11.5-160000.1.1,false,not_affected,vulnerable_code_not_in_execute_path
rancher/shell:v0.8.1,rancher/head,libssh4,0.11.4-160000.1.1,sles,SUSE-SU-2026:22948-1,MEDIUM,,rancher/shell:v0.8.1 (sles 16.0),0.11.5-160000.1.1,false,not_affected,vulnerable_code_not_in_execute_path
rancher/shell:v0.8.1,rancher/head,libssh-config,0.11.4-160000.1.1,sles,SUSE-SU-2026:22956-1,MEDIUM,,rancher/shell:v0.8.1 (sles 16.0),0.11.5-160000.1.1,false,not_affected,vulnerable_code_not_in_execute_path
rancher/shell:v0.8.1,rancher/head,libssh4,0.11.4-160000.1.1,sles,SUSE-SU-2026:22956-1,MEDIUM,,rancher/shell:v0.8.1 (sles 16.0),0.11.5-160000.1.1,false,not_affected,vulnerable_code_not_in_execute_path
rancher/system-agent:v0.15.0-suc,rancher/head,golang.org/x/net,v0.49.0,gobinary,CVE-2026-25680,MEDIUM,https://avd.aquasec.com/nvd/cve-2026-25680,usr/bin/kubectl,0.55.0,false,not_affected,vulnerable_code_not_present
rancher/system-agent:v0.15.0-suc,rancher/head,golang.org/x/net,v0.49.0,gobinary,CVE-2026-25681,HIGH,https://avd.aquasec.com/nvd/cve-2026-25681,usr/bin/kubectl,0.55.0,false,not_affected,vulnerable_code_not_present
rancher/system-agent:v0.15.0-suc,rancher/head,golang.org/x/net,v0.49.0,gobinary,CVE-2026-27136,HIGH,https://avd.aquasec.com/nvd/cve-2026-27136,usr/bin/kubectl,0.55.0,false,not_affected,vulnerable_code_not_present
rancher/system-agent:v0.15.0-suc,rancher/head,golang.org/x/net,v0.49.0,gobinary,CVE-2026-33814,HIGH,https://avd.aquasec.com/nvd/cve-2026-33814,usr/bin/kubectl,0.53.0,false,affected,
rancher/system-agent:v0.15.0-suc,rancher/head,golang.org/x/net,v0.49.0,gobinary,CVE-2026-39821,HIGH,https://avd.aquasec.com/nvd/cve-2026-39821,usr/bin/kubectl,0.55.0,false,affected,
rancher/system-agent:v0.15.0-suc,rancher/head,stdlib,v1.26.4,gobinary,CVE-2026-39822,HIGH,https://avd.aquasec.com/nvd/cve-2026-39822,usr/bin/kubectl,"1.25.12, 1.26.5, 1.27.0-rc.2",false,not_affected,vulnerable_code_not_in_execute_path
rancher/system-agent:v0.15.0-suc,rancher/head,golang.org/x/crypto,v0.51.0,gobinary,CVE-2026-39827,MEDIUM,https://avd.aquasec.com/nvd/cve-2026-39827,opt/rancher-system-agent-suc/rancher-system-agent,0.52.0,false,not_affected,vulnerable_code_not_present
rancher/system-agent:v0.15.0-suc,rancher/head,golang.org/x/crypto,v0.51.0,gobinary,CVE-2026-39828,HIGH,https://avd.aquasec.com/nvd/cve-2026-39828,opt/rancher-system-agent-suc/rancher-system-agent,0.52.0,false,not_affected,vulnerable_code_not_present
rancher/system-agent:v0.15.0-suc,rancher/head,golang.org/x/crypto,v0.51.0,gobinary,CVE-2026-39829,HIGH,https://avd.aquasec.com/nvd/cve-2026-39829,opt/rancher-system-agent-suc/rancher-system-agent,0.52.0,false,not_affected,vulnerable_code_not_present
rancher/system-agent:v0.15.0-suc,rancher/head,golang.org/x/crypto,v0.51.0,gobinary,CVE-2026-39830,HIGH,https://avd.aquasec.com/nvd/cve-2026-39830,opt/rancher-system-agent-suc/rancher-system-agent,0.52.0,false,not_affected,vulnerable_code_not_present
rancher/system-agent:v0.15.0-suc,rancher/head,golang.org/x/crypto,v0.51.0,gobinary,CVE-2026-39831,HIGH,https://avd.aquasec.com/nvd/cve-2026-39831,opt/rancher-system-agent-suc/rancher-system-agent,0.52.0,false,not_affected,vulnerable_code_not_present
rancher/system-agent:v0.15.0-suc,rancher/head,golang.org/x/crypto,v0.51.0,gobinary,CVE-2026-39832,HIGH,https://avd.aquasec.com/nvd/cve-2026-39832,opt/rancher-system-agent-suc/rancher-system-agent,0.52.0,false,not_affected,vulnerable_code_not_present
rancher/system-agent:v0.15.0-suc,rancher/head,golang.org/x/crypto,v0.51.0,gobinary,CVE-2026-39833,MEDIUM,https://avd.aquasec.com/nvd/cve-2026-39833,opt/rancher-system-agent-suc/rancher-system-agent,0.52.0,false,not_affected,vulnerable_code_not_present
rancher/system-agent:v0.15.0-suc,rancher/head,golang.org/x/crypto,v0.51.0,gobinary,CVE-2026-39834,MEDIUM,https://avd.aquasec.com/nvd/cve-2026-39834,opt/rancher-system-agent-suc/rancher-system-agent,0.52.0,false,not_affected,vulnerable_code_not_present
rancher/system-agent:v0.15.0-suc,rancher/head,golang.org/x/crypto,v0.51.0,gobinary,CVE-2026-39835,HIGH,https://avd.aquasec.com/nvd/cve-2026-39835,opt/rancher-system-agent-suc/rancher-system-agent,0.52.0,false,not_affected,vulnerable_code_not_present
rancher/system-agent:v0.15.0-suc,rancher/head,golang.org/x/net,v0.49.0,gobinary,CVE-2026-42502,MEDIUM,https://avd.aquasec.com/nvd/cve-2026-42502,usr/bin/kubectl,0.55.0,false,not_affected,vulnerable_code_not_present
rancher/system-agent:v0.15.0-suc,rancher/head,stdlib,v1.26.4,gobinary,CVE-2026-42505,MEDIUM,https://avd.aquasec.com/nvd/cve-2026-42505,usr/bin/kubectl,"1.25.12, 1.26.5, 1.27.0-rc.2",false,not_affected,vulnerable_code_cannot_be_controlled_by_adversary
rancher/system-agent:v0.15.0-suc,rancher/head,golang.org/x/net,v0.49.0,gobinary,CVE-2026-42506,MEDIUM,https://avd.aquasec.com/nvd/cve-2026-42506,usr/bin/kubectl,0.55.0,false,not_affected,vulnerable_code_not_present
rancher/system-agent:v0.15.0-suc,rancher/head,golang.org/x/crypto,v0.51.0,gobinary,CVE-2026-42508,HIGH,https://avd.aquasec.com/nvd/cve-2026-42508,opt/rancher-system-agent-suc/rancher-system-agent,0.52.0,false,not_affected,vulnerable_code_not_present
rancher/system-agent:v0.15.0-suc,rancher/head,golang.org/x/crypto,v0.51.0,gobinary,CVE-2026-46595,HIGH,https://avd.aquasec.com/nvd/cve-2026-46595,opt/rancher-system-agent-suc/rancher-system-agent,0.52.0,false,not_affected,vulnerable_code_not_present
rancher/system-agent:v0.15.0-suc,rancher/head,golang.org/x/crypto,v0.51.0,gobinary,CVE-2026-46597,HIGH,https://avd.aquasec.com/nvd/cve-2026-46597,opt/rancher-system-agent-suc/rancher-system-agent,0.52.0,false,not_affected,vulnerable_code_not_present
rancher/system-agent:v0.15.0-suc,rancher/head,golang.org/x/crypto,v0.51.0,gobinary,CVE-2026-46598,MEDIUM,https://avd.aquasec.com/nvd/cve-2026-46598,opt/rancher-system-agent-suc/rancher-system-agent,0.52.0,false,not_affected,vulnerable_code_not_present
rancher/system-agent:v0.15.0-suc,rancher/head,google.golang.org/grpc,v1.80.0,gobinary,GHSA-hrxh-6v49-42gf,HIGH,https://github.com/advisories/GHSA-hrxh-6v49-42gf,opt/rancher-system-agent-suc/rancher-system-agent,1.82.1,false,affected,
rancher/ui-plugin-catalog:4.33.0,rancher/head,gzip,1.10-150200.10.1,sles,SUSE-SU-2026:3269-1,HIGH,,rancher/ui-plugin-catalog:4.33.0 (sles 15.7),1.10-150200.13.1,false,affected,
rancher/ui-plugin-catalog:4.33.0,rancher/head,nginx,1.21.5-150600.10.21.1,sles,SUSE-SU-2026:3329-1,HIGH,,rancher/ui-plugin-catalog:4.33.0 (sles 15.7),1.21.5-150600.10.24.1,false,affected,
rancher/ui-plugin-catalog:4.33.0,rancher/head,libssh-config,0.9.8-150600.11.12.1,sles,SUSE-SU-2026:3330-1,MEDIUM,,rancher/ui-plugin-catalog:4.33.0 (sles 15.7),0.9.8-150600.11.15.1,false,not_affected,vulnerable_code_not_in_execute_path
rancher/ui-plugin-catalog:4.33.0,rancher/head,libssh4,0.9.8-150600.11.12.1,sles,SUSE-SU-2026:3330-1,MEDIUM,,rancher/ui-plugin-catalog:4.33.0 (sles 15.7),0.9.8-150600.11.15.1,false,not_affected,vulnerable_code_not_in_execute_path
rancher/ui-plugin-catalog:4.33.0,rancher/head,libglib-2_0-0,2.78.6-150600.4.35.1,sles,SUSE-SU-2026:3341-1,HIGH,,rancher/ui-plugin-catalog:4.33.0 (sles 15.7),2.78.6-150600.4.38.1,false,affected,
rancher/ui-plugin-catalog:4.33.0,rancher/head,nginx,1.21.5-150600.10.21.1,sles,SUSE-SU-2026:3469-1,HIGH,,rancher/ui-plugin-catalog:4.33.0 (sles 15.7),1.21.5-150600.10.27.1,false,affected,
