image,release,package_name,package_version,type,vulnerability_id,severity,url,target,patched_version,mirrored,status,justification
rancher/aks-operator:v1.16.0-rc.1,rancher/prime/v2.16-head,golang.org/x/crypto,v0.55.0,gobinary,CVE-2026-56855,MEDIUM,https://avd.aquasec.com/nvd/cve-2026-56855,usr/bin/aks-operator,0.56.0,false,not_affected,vulnerable_code_not_present
rancher/aks-operator:v1.16.0-rc.1,rancher/prime/v2.16-head,golang.org/x/crypto,v0.55.0,gobinary,CVE-2026-78662,MEDIUM,https://avd.aquasec.com/nvd/cve-2026-78662,usr/bin/aks-operator,0.56.0,false,not_affected,vulnerable_code_not_present
rancher/appco-kubernetes-cluster-autoscaler:1.35.0-4.1,rancher/prime/v2.16-head,go.opentelemetry.io/otel/sdk,v1.37.0,gobinary,CVE-2026-24051,HIGH,https://avd.aquasec.com/nvd/cve-2026-24051,usr/bin/cluster-autoscaler,1.40.0,false,affected,
rancher/appco-kubernetes-cluster-autoscaler:1.35.0-4.1,rancher/prime/v2.16-head,golang.org/x/net,v0.49.0,gobinary,CVE-2026-25680,HIGH,https://avd.aquasec.com/nvd/cve-2026-25680,usr/bin/cluster-autoscaler,0.55.0,false,affected,severity_changed_due_to_suse_cvss_score
rancher/appco-kubernetes-cluster-autoscaler:1.35.0-4.1,rancher/prime/v2.16-head,go.opentelemetry.io/otel,v1.39.0,gobinary,CVE-2026-29181,HIGH,https://avd.aquasec.com/nvd/cve-2026-29181,usr/bin/cluster-autoscaler,1.41.0,false,affected,
rancher/appco-kubernetes-cluster-autoscaler:1.35.0-4.1,rancher/prime/v2.16-head,google.golang.org/grpc,v1.75.0,gobinary,CVE-2026-33186,HIGH,https://avd.aquasec.com/nvd/cve-2026-33186,usr/bin/cluster-autoscaler,1.79.3,false,affected,severity_changed_due_to_suse_cvss_score
rancher/appco-kubernetes-cluster-autoscaler:1.35.0-4.1,rancher/prime/v2.16-head,stdlib,v1.26.2,gobinary,CVE-2026-33811,HIGH,https://avd.aquasec.com/nvd/cve-2026-33811,usr/bin/cluster-autoscaler,"1.25.10, 1.26.3",false,affected,
rancher/appco-kubernetes-cluster-autoscaler:1.35.0-4.1,rancher/prime/v2.16-head,golang.org/x/net,v0.49.0,gobinary,CVE-2026-33814,HIGH,https://avd.aquasec.com/nvd/cve-2026-33814,usr/bin/cluster-autoscaler,0.53.0,false,affected,
rancher/appco-kubernetes-cluster-autoscaler:1.35.0-4.1,rancher/prime/v2.16-head,stdlib,v1.26.2,gobinary,CVE-2026-33814,HIGH,https://avd.aquasec.com/nvd/cve-2026-33814,usr/bin/cluster-autoscaler,"1.25.10, 1.26.3",false,affected,
rancher/appco-kubernetes-cluster-autoscaler:1.35.0-4.1,rancher/prime/v2.16-head,stdlib,v1.26.2,gobinary,CVE-2026-33818,HIGH,https://avd.aquasec.com/nvd/cve-2026-33818,usr/bin/cluster-autoscaler,"1.25.13, 1.26.6, 1.27.0-rc.3",false,affected,
rancher/appco-kubernetes-cluster-autoscaler:1.35.0-4.1,rancher/prime/v2.16-head,stdlib,v1.26.2,gobinary,CVE-2026-39820,HIGH,https://avd.aquasec.com/nvd/cve-2026-39820,usr/bin/cluster-autoscaler,"1.25.10, 1.26.3",false,affected,
rancher/appco-kubernetes-cluster-autoscaler:1.35.0-4.1,rancher/prime/v2.16-head,golang.org/x/net,v0.49.0,gobinary,CVE-2026-39821,HIGH,https://avd.aquasec.com/nvd/cve-2026-39821,usr/bin/cluster-autoscaler,0.55.0,false,affected,
rancher/appco-kubernetes-cluster-autoscaler:1.35.0-4.1,rancher/prime/v2.16-head,stdlib,v1.26.2,gobinary,CVE-2026-39821,HIGH,https://avd.aquasec.com/nvd/cve-2026-39821,usr/bin/cluster-autoscaler,"1.25.13, 1.26.6, 1.27.0-rc.3",false,affected,
rancher/appco-kubernetes-cluster-autoscaler:1.35.0-4.1,rancher/prime/v2.16-head,stdlib,v1.26.2,gobinary,CVE-2026-39822,HIGH,https://avd.aquasec.com/nvd/cve-2026-39822,usr/bin/cluster-autoscaler,"1.25.12, 1.26.5, 1.27.0-rc.2",false,affected,
rancher/appco-kubernetes-cluster-autoscaler:1.35.0-4.1,rancher/prime/v2.16-head,golang.org/x/crypto,v0.47.0,gobinary,CVE-2026-39828,HIGH,https://avd.aquasec.com/nvd/cve-2026-39828,usr/bin/cluster-autoscaler,0.52.0,false,affected,
rancher/appco-kubernetes-cluster-autoscaler:1.35.0-4.1,rancher/prime/v2.16-head,golang.org/x/crypto,v0.47.0,gobinary,CVE-2026-39829,HIGH,https://avd.aquasec.com/nvd/cve-2026-39829,usr/bin/cluster-autoscaler,0.52.0,false,affected,
rancher/appco-kubernetes-cluster-autoscaler:1.35.0-4.1,rancher/prime/v2.16-head,golang.org/x/crypto,v0.47.0,gobinary,CVE-2026-39831,HIGH,https://avd.aquasec.com/nvd/cve-2026-39831,usr/bin/cluster-autoscaler,0.52.0,false,affected,
rancher/appco-kubernetes-cluster-autoscaler:1.35.0-4.1,rancher/prime/v2.16-head,golang.org/x/crypto,v0.47.0,gobinary,CVE-2026-39832,HIGH,https://avd.aquasec.com/nvd/cve-2026-39832,usr/bin/cluster-autoscaler,0.52.0,false,affected,
rancher/appco-kubernetes-cluster-autoscaler:1.35.0-4.1,rancher/prime/v2.16-head,golang.org/x/crypto,v0.47.0,gobinary,CVE-2026-39833,HIGH,https://avd.aquasec.com/nvd/cve-2026-39833,usr/bin/cluster-autoscaler,0.52.0,false,affected,severity_changed_due_to_suse_cvss_score
rancher/appco-kubernetes-cluster-autoscaler:1.35.0-4.1,rancher/prime/v2.16-head,golang.org/x/crypto,v0.47.0,gobinary,CVE-2026-39834,HIGH,https://avd.aquasec.com/nvd/cve-2026-39834,usr/bin/cluster-autoscaler,0.52.0,false,affected,severity_changed_due_to_suse_cvss_score
rancher/appco-kubernetes-cluster-autoscaler:1.35.0-4.1,rancher/prime/v2.16-head,golang.org/x/crypto,v0.47.0,gobinary,CVE-2026-39835,HIGH,https://avd.aquasec.com/nvd/cve-2026-39835,usr/bin/cluster-autoscaler,0.52.0,false,affected,
rancher/appco-kubernetes-cluster-autoscaler:1.35.0-4.1,rancher/prime/v2.16-head,stdlib,v1.26.2,gobinary,CVE-2026-39836,HIGH,https://avd.aquasec.com/nvd/cve-2026-39836,usr/bin/cluster-autoscaler,"1.25.10, 1.26.3",false,affected,
rancher/appco-kubernetes-cluster-autoscaler:1.35.0-4.1,rancher/prime/v2.16-head,go.opentelemetry.io/otel/sdk,v1.37.0,gobinary,CVE-2026-39883,HIGH,https://avd.aquasec.com/nvd/cve-2026-39883,usr/bin/cluster-autoscaler,1.43.0,false,affected,
rancher/appco-kubernetes-cluster-autoscaler:1.35.0-4.1,rancher/prime/v2.16-head,stdlib,v1.26.2,gobinary,CVE-2026-42499,HIGH,https://avd.aquasec.com/nvd/cve-2026-42499,usr/bin/cluster-autoscaler,"1.25.10, 1.26.3",false,affected,
rancher/appco-kubernetes-cluster-autoscaler:1.35.0-4.1,rancher/prime/v2.16-head,golang.org/x/crypto,v0.47.0,gobinary,CVE-2026-42508,HIGH,https://avd.aquasec.com/nvd/cve-2026-42508,usr/bin/cluster-autoscaler,0.52.0,false,affected,
rancher/appco-kubernetes-cluster-autoscaler:1.35.0-4.1,rancher/prime/v2.16-head,golang.org/x/crypto,v0.47.0,gobinary,CVE-2026-46595,HIGH,https://avd.aquasec.com/nvd/cve-2026-46595,usr/bin/cluster-autoscaler,0.52.0,false,affected,
rancher/appco-kubernetes-cluster-autoscaler:1.35.0-4.1,rancher/prime/v2.16-head,golang.org/x/crypto,v0.47.0,gobinary,CVE-2026-46597,HIGH,https://avd.aquasec.com/nvd/cve-2026-46597,usr/bin/cluster-autoscaler,0.52.0,false,affected,
rancher/appco-kubernetes-cluster-autoscaler:1.35.0-4.1,rancher/prime/v2.16-head,golang.org/x/crypto,v0.47.0,gobinary,CVE-2026-46598,HIGH,https://avd.aquasec.com/nvd/cve-2026-46598,usr/bin/cluster-autoscaler,0.52.0,false,affected,severity_changed_due_to_suse_cvss_score
rancher/appco-kubernetes-cluster-autoscaler:1.35.0-4.1,rancher/prime/v2.16-head,stdlib,v1.26.2,gobinary,CVE-2026-56853,HIGH,https://avd.aquasec.com/nvd/cve-2026-56853,usr/bin/cluster-autoscaler,"1.25.13, 1.26.6, 1.27.0-rc.3",false,affected,
rancher/appco-kubernetes-cluster-autoscaler:1.35.0-4.1,rancher/prime/v2.16-head,golang.org/x/crypto,v0.47.0,gobinary,CVE-2026-56854,HIGH,https://avd.aquasec.com/nvd/cve-2026-56854,usr/bin/cluster-autoscaler,0.55.0,false,affected,
rancher/appco-kubernetes-cluster-autoscaler:1.35.0-4.1,rancher/prime/v2.16-head,golang.org/x/crypto,v0.47.0,gobinary,CVE-2026-56855,HIGH,https://avd.aquasec.com/nvd/cve-2026-56855,usr/bin/cluster-autoscaler,0.56.0,false,affected,severity_changed_due_to_suse_cvss_score
rancher/appco-kubernetes-cluster-autoscaler:1.35.0-4.1,rancher/prime/v2.16-head,stdlib,v1.26.2,gobinary,CVE-2026-56859,HIGH,https://avd.aquasec.com/nvd/cve-2026-56859,usr/bin/cluster-autoscaler,"1.25.13, 1.26.6, 1.27.0-rc.3",false,affected,
rancher/appco-kubernetes-cluster-autoscaler:1.35.0-4.1,rancher/prime/v2.16-head,stdlib,v1.26.2,gobinary,CVE-2026-56862,HIGH,https://avd.aquasec.com/nvd/cve-2026-56862,usr/bin/cluster-autoscaler,"1.25.13, 1.26.6, 1.27.0-rc.3",false,affected,
rancher/appco-kubernetes-cluster-autoscaler:1.35.0-4.1,rancher/prime/v2.16-head,golang.org/x/mod,v0.31.0,gobinary,CVE-2026-56865,HIGH,https://avd.aquasec.com/nvd/cve-2026-56865,usr/bin/cluster-autoscaler,0.40.0,false,affected,
rancher/appco-kubernetes-cluster-autoscaler:1.35.0-4.1,rancher/prime/v2.16-head,golang.org/x/crypto,v0.47.0,gobinary,CVE-2026-78662,HIGH,https://avd.aquasec.com/nvd/cve-2026-78662,usr/bin/cluster-autoscaler,0.56.0,false,affected,severity_changed_due_to_suse_cvss_score
rancher/appco-kubernetes-cluster-autoscaler:1.35.0-4.1,rancher/prime/v2.16-head,google.golang.org/grpc,v1.75.0,gobinary,CVE-2026-84304,HIGH,https://avd.aquasec.com/nvd/cve-2026-84304,usr/bin/cluster-autoscaler,1.83.1,false,affected,
rancher/appco-kubernetes-cluster-autoscaler:1.35.0-4.1,rancher/prime/v2.16-head,google.golang.org/grpc,v1.75.0,gobinary,CVE-2026-84445,HIGH,https://avd.aquasec.com/nvd/cve-2026-84445,usr/bin/cluster-autoscaler,"1.82.2, 1.83.2, 1.84.0-dev.0.20260825144003-d5a41119e0e3, 1.85.0-dev.0.20260825072537-93e31b48545e",false,affected,
rancher/appco-kubernetes-cluster-autoscaler:1.35.0-4.1,rancher/prime/v2.16-head,google.golang.org/grpc,v1.75.0,gobinary,GHSA-hrxh-6v49-42gf,HIGH,https://github.com/advisories/GHSA-hrxh-6v49-42gf,usr/bin/cluster-autoscaler,1.82.1,false,affected,
rancher/appco-kubernetes-cluster-autoscaler:1.35.0-4.1,rancher/prime/v2.16-head,libcap2,2.63-150400.3.3.1,sles,SUSE-SU-2026:1432-1,HIGH,,rancher/appco-kubernetes-cluster-autoscaler:1.35.0-4.1 (sles 15.7),2.63-150400.3.6.1,false,not_affected,vulnerable_code_not_in_execute_path
rancher/appco-kubernetes-cluster-autoscaler:1.35.0-4.1,rancher/prime/v2.16-head,glibc,2.38-150600.14.46.1,sles,SUSE-SU-2026:2231-1,HIGH,,rancher/appco-kubernetes-cluster-autoscaler:1.35.0-4.1 (sles 15.7),2.38-150600.14.49.1,false,not_affected,vulnerable_code_not_in_execute_path
rancher/appco-kubernetes-cluster-autoscaler:1.35.0-4.1,rancher/prime/v2.16-head,libacl1,2.2.52-4.3.1,sles,SUSE-SU-2026:4176-1,HIGH,,rancher/appco-kubernetes-cluster-autoscaler:1.35.0-4.1 (sles 15.7),2.4.0-150000.4.6.1,false,not_affected,vulnerable_code_not_in_execute_path
rancher/appco-kubernetes-cluster-autoscaler:1.35.0-4.1,rancher/prime/v2.16-head,libattr1,2.4.47-2.19,sles,SUSE-SU-2026:4176-1,HIGH,,rancher/appco-kubernetes-cluster-autoscaler:1.35.0-4.1 (sles 15.7),2.6.0-150000.4.3.1,false,not_affected,vulnerable_code_not_in_execute_path
rancher/appco-kubernetes-cluster-autoscaler:1.35.0-4.1,rancher/prime/v2.16-head,libpcre2-8-0,10.42-150600.1.26,sles,SUSE-SU-2026:4241-1,HIGH,,rancher/appco-kubernetes-cluster-autoscaler:1.35.0-4.1 (sles 15.7),10.42-150600.3.3.1,false,not_affected,vulnerable_code_not_in_execute_path
rancher/cluster-api-controller:v1.13.3,rancher/prime/v2.16-head,stdlib,v1.25.9,gobinary,CVE-2026-33811,HIGH,https://avd.aquasec.com/nvd/cve-2026-33811,manager,"1.25.10, 1.26.3",false,affected,
rancher/cluster-api-controller:v1.13.3,rancher/prime/v2.16-head,stdlib,v1.25.9,gobinary,CVE-2026-33814,HIGH,https://avd.aquasec.com/nvd/cve-2026-33814,manager,"1.25.10, 1.26.3",false,not_affected,vulnerable_code_not_in_execute_path
rancher/cluster-api-controller:v1.13.3,rancher/prime/v2.16-head,stdlib,v1.25.9,gobinary,CVE-2026-33818,HIGH,https://avd.aquasec.com/nvd/cve-2026-33818,manager,"1.25.13, 1.26.6, 1.27.0-rc.3",false,affected,
rancher/cluster-api-controller:v1.13.3,rancher/prime/v2.16-head,stdlib,v1.25.9,gobinary,CVE-2026-39820,HIGH,https://avd.aquasec.com/nvd/cve-2026-39820,manager,"1.25.10, 1.26.3",false,not_affected,vulnerable_code_not_in_execute_path
rancher/cluster-api-controller:v1.13.3,rancher/prime/v2.16-head,stdlib,v1.25.9,gobinary,CVE-2026-39821,HIGH,https://avd.aquasec.com/nvd/cve-2026-39821,manager,"1.25.13, 1.26.6, 1.27.0-rc.3",false,affected,
rancher/cluster-api-controller:v1.13.3,rancher/prime/v2.16-head,stdlib,v1.25.9,gobinary,CVE-2026-39822,HIGH,https://avd.aquasec.com/nvd/cve-2026-39822,manager,"1.25.12, 1.26.5, 1.27.0-rc.2",false,not_affected,vulnerable_code_not_in_execute_path
rancher/cluster-api-controller:v1.13.3,rancher/prime/v2.16-head,stdlib,v1.25.9,gobinary,CVE-2026-39825,MEDIUM,https://avd.aquasec.com/nvd/cve-2026-39825,manager,"1.25.10, 1.26.3",false,not_affected,vulnerable_code_not_in_execute_path
rancher/cluster-api-controller:v1.13.3,rancher/prime/v2.16-head,golang.org/x/crypto,v0.51.0,gobinary,CVE-2026-39827,MEDIUM,https://avd.aquasec.com/nvd/cve-2026-39827,manager,0.52.0,false,not_affected,vulnerable_code_not_present
rancher/cluster-api-controller:v1.13.3,rancher/prime/v2.16-head,golang.org/x/crypto,v0.51.0,gobinary,CVE-2026-39828,HIGH,https://avd.aquasec.com/nvd/cve-2026-39828,manager,0.52.0,false,not_affected,vulnerable_code_not_present
rancher/cluster-api-controller:v1.13.3,rancher/prime/v2.16-head,golang.org/x/crypto,v0.51.0,gobinary,CVE-2026-39829,HIGH,https://avd.aquasec.com/nvd/cve-2026-39829,manager,0.52.0,false,not_affected,vulnerable_code_not_present
rancher/cluster-api-controller:v1.13.3,rancher/prime/v2.16-head,golang.org/x/crypto,v0.51.0,gobinary,CVE-2026-39830,HIGH,https://avd.aquasec.com/nvd/cve-2026-39830,manager,0.52.0,false,not_affected,vulnerable_code_not_present
rancher/cluster-api-controller:v1.13.3,rancher/prime/v2.16-head,golang.org/x/crypto,v0.51.0,gobinary,CVE-2026-39831,HIGH,https://avd.aquasec.com/nvd/cve-2026-39831,manager,0.52.0,false,not_affected,vulnerable_code_not_present
rancher/cluster-api-controller:v1.13.3,rancher/prime/v2.16-head,golang.org/x/crypto,v0.51.0,gobinary,CVE-2026-39832,HIGH,https://avd.aquasec.com/nvd/cve-2026-39832,manager,0.52.0,false,not_affected,vulnerable_code_not_present
rancher/cluster-api-controller:v1.13.3,rancher/prime/v2.16-head,golang.org/x/crypto,v0.51.0,gobinary,CVE-2026-39833,MEDIUM,https://avd.aquasec.com/nvd/cve-2026-39833,manager,0.52.0,false,not_affected,vulnerable_code_not_present
rancher/cluster-api-controller:v1.13.3,rancher/prime/v2.16-head,golang.org/x/crypto,v0.51.0,gobinary,CVE-2026-39834,MEDIUM,https://avd.aquasec.com/nvd/cve-2026-39834,manager,0.52.0,false,not_affected,vulnerable_code_not_present
rancher/cluster-api-controller:v1.13.3,rancher/prime/v2.16-head,golang.org/x/crypto,v0.51.0,gobinary,CVE-2026-39835,HIGH,https://avd.aquasec.com/nvd/cve-2026-39835,manager,0.52.0,false,not_affected,vulnerable_code_not_present
rancher/cluster-api-controller:v1.13.3,rancher/prime/v2.16-head,stdlib,v1.25.9,gobinary,CVE-2026-39836,HIGH,https://avd.aquasec.com/nvd/cve-2026-39836,manager,"1.25.10, 1.26.3",false,affected,
rancher/cluster-api-controller:v1.13.3,rancher/prime/v2.16-head,stdlib,v1.25.9,gobinary,CVE-2026-42499,HIGH,https://avd.aquasec.com/nvd/cve-2026-42499,manager,"1.25.10, 1.26.3",false,not_affected,vulnerable_code_not_in_execute_path
rancher/cluster-api-controller:v1.13.3,rancher/prime/v2.16-head,stdlib,v1.25.9,gobinary,CVE-2026-42504,HIGH,https://avd.aquasec.com/nvd/cve-2026-42504,manager,"1.25.11, 1.26.4",false,not_affected,vulnerable_code_not_in_execute_path
rancher/cluster-api-controller:v1.13.3,rancher/prime/v2.16-head,golang.org/x/crypto,v0.51.0,gobinary,CVE-2026-42508,HIGH,https://avd.aquasec.com/nvd/cve-2026-42508,manager,0.52.0,false,not_affected,vulnerable_code_not_present
rancher/cluster-api-controller:v1.13.3,rancher/prime/v2.16-head,golang.org/x/crypto,v0.51.0,gobinary,CVE-2026-46595,HIGH,https://avd.aquasec.com/nvd/cve-2026-46595,manager,0.52.0,false,not_affected,vulnerable_code_not_present
rancher/cluster-api-controller:v1.13.3,rancher/prime/v2.16-head,golang.org/x/crypto,v0.51.0,gobinary,CVE-2026-46597,HIGH,https://avd.aquasec.com/nvd/cve-2026-46597,manager,0.52.0,false,not_affected,vulnerable_code_not_present
rancher/cluster-api-controller:v1.13.3,rancher/prime/v2.16-head,golang.org/x/crypto,v0.51.0,gobinary,CVE-2026-46598,MEDIUM,https://avd.aquasec.com/nvd/cve-2026-46598,manager,0.52.0,false,not_affected,vulnerable_code_not_present
rancher/cluster-api-controller:v1.13.3,rancher/prime/v2.16-head,golang.org/x/net,v0.55.0,gobinary,CVE-2026-46600,HIGH,https://avd.aquasec.com/nvd/cve-2026-46600,manager,0.56.0,false,not_affected,vulnerable_code_not_present
rancher/cluster-api-controller:v1.13.3,rancher/prime/v2.16-head,stdlib,v1.25.9,gobinary,CVE-2026-56853,HIGH,https://avd.aquasec.com/nvd/cve-2026-56853,manager,"1.25.13, 1.26.6, 1.27.0-rc.3",false,affected,
rancher/cluster-api-controller:v1.13.3,rancher/prime/v2.16-head,golang.org/x/crypto,v0.51.0,gobinary,CVE-2026-56854,HIGH,https://avd.aquasec.com/nvd/cve-2026-56854,manager,0.55.0,false,not_affected,vulnerable_code_not_present
rancher/cluster-api-controller:v1.13.3,rancher/prime/v2.16-head,golang.org/x/crypto,v0.51.0,gobinary,CVE-2026-56855,MEDIUM,https://avd.aquasec.com/nvd/cve-2026-56855,manager,0.56.0,false,not_affected,vulnerable_code_not_present
rancher/cluster-api-controller:v1.13.3,rancher/prime/v2.16-head,stdlib,v1.25.9,gobinary,CVE-2026-56859,HIGH,https://avd.aquasec.com/nvd/cve-2026-56859,manager,"1.25.13, 1.26.6, 1.27.0-rc.3",false,affected,
rancher/cluster-api-controller:v1.13.3,rancher/prime/v2.16-head,stdlib,v1.25.9,gobinary,CVE-2026-56862,HIGH,https://avd.aquasec.com/nvd/cve-2026-56862,manager,"1.25.13, 1.26.6, 1.27.0-rc.3",false,affected,
rancher/cluster-api-controller:v1.13.3,rancher/prime/v2.16-head,golang.org/x/crypto,v0.51.0,gobinary,CVE-2026-78662,MEDIUM,https://avd.aquasec.com/nvd/cve-2026-78662,manager,0.56.0,false,not_affected,vulnerable_code_not_present
rancher/cluster-api-controller:v1.13.3,rancher/prime/v2.16-head,google.golang.org/grpc,v1.80.0,gobinary,CVE-2026-84303,MEDIUM,https://avd.aquasec.com/nvd/cve-2026-84303,manager,1.83.1,false,not_affected,vulnerable_code_not_present
rancher/cluster-api-controller:v1.13.3,rancher/prime/v2.16-head,google.golang.org/grpc,v1.80.0,gobinary,CVE-2026-84304,HIGH,https://avd.aquasec.com/nvd/cve-2026-84304,manager,1.83.1,false,affected,
rancher/cluster-api-controller:v1.13.3,rancher/prime/v2.16-head,google.golang.org/grpc,v1.80.0,gobinary,CVE-2026-84445,HIGH,https://avd.aquasec.com/nvd/cve-2026-84445,manager,"1.82.2, 1.83.2, 1.84.0-dev.0.20260825144003-d5a41119e0e3, 1.85.0-dev.0.20260825072537-93e31b48545e",false,not_affected,vulnerable_code_not_in_execute_path
rancher/cluster-api-controller:v1.13.3,rancher/prime/v2.16-head,google.golang.org/grpc,v1.80.0,gobinary,GHSA-hrxh-6v49-42gf,HIGH,https://github.com/advisories/GHSA-hrxh-6v49-42gf,manager,1.82.1,false,affected,
rancher/hardened-csi-snapshotter:v8.6.0-build20260909,rancher/prime/v2.16-head,golang.org/x/crypto,v0.55.0,gobinary,CVE-2026-56855,MEDIUM,https://avd.aquasec.com/nvd/cve-2026-56855,csi-snapshotter,0.56.0,false,not_affected,vulnerable_code_not_present
rancher/hardened-csi-snapshotter:v8.6.0-build20260909,rancher/prime/v2.16-head,golang.org/x/crypto,v0.55.0,gobinary,CVE-2026-78662,MEDIUM,https://avd.aquasec.com/nvd/cve-2026-78662,csi-snapshotter,0.56.0,false,not_affected,vulnerable_code_not_present
rancher/hardened-dns-node-cache:1.26.8-build20260909,rancher/prime/v2.16-head,golang.org/x/crypto,v0.52.0,gobinary,CVE-2026-56854,HIGH,https://avd.aquasec.com/nvd/cve-2026-56854,node-cache,0.55.0,false,not_affected,vulnerable_code_not_present
rancher/hardened-dns-node-cache:1.26.8-build20260909,rancher/prime/v2.16-head,golang.org/x/crypto,v0.52.0,gobinary,CVE-2026-56855,MEDIUM,https://avd.aquasec.com/nvd/cve-2026-56855,node-cache,0.56.0,false,not_affected,vulnerable_code_not_present
rancher/hardened-dns-node-cache:1.26.8-build20260909,rancher/prime/v2.16-head,golang.org/x/mod,v0.37.0,gobinary,CVE-2026-56864,HIGH,https://avd.aquasec.com/nvd/cve-2026-56864,node-cache,0.40.0,false,not_affected,vulnerable_code_not_present
rancher/hardened-dns-node-cache:1.26.8-build20260909,rancher/prime/v2.16-head,golang.org/x/mod,v0.37.0,gobinary,CVE-2026-56865,HIGH,https://avd.aquasec.com/nvd/cve-2026-56865,node-cache,0.40.0,false,not_affected,vulnerable_code_not_present
rancher/hardened-dns-node-cache:1.26.8-build20260909,rancher/prime/v2.16-head,golang.org/x/crypto,v0.52.0,gobinary,CVE-2026-78662,MEDIUM,https://avd.aquasec.com/nvd/cve-2026-78662,node-cache,0.56.0,false,not_affected,vulnerable_code_not_present
rancher/hardened-dns-node-cache:1.26.8-build20260909,rancher/prime/v2.16-head,github.com/coredns/coredns,v1.14.3,gobinary,CVE-2026-82399,HIGH,https://avd.aquasec.com/nvd/cve-2026-82399,node-cache,1.14.7,false,affected,
rancher/hardened-dns-node-cache:1.26.8-build20260909,rancher/prime/v2.16-head,github.com/coredns/coredns,v1.14.3,gobinary,CVE-2026-86003,HIGH,https://avd.aquasec.com/nvd/cve-2026-86003,node-cache,1.14.7,false,affected,
rancher/hardened-dns-node-cache:1.26.8-build20260909,rancher/prime/v2.16-head,libpcre2-8-0,10.42-150600.1.26,sles,SUSE-SU-2026:4241-1,HIGH,,rancher/hardened-dns-node-cache:1.26.8-build20260909 (sles 15.7),10.42-150600.3.3.1,false,not_affected,vulnerable_code_not_in_execute_path
rancher/hardened-kubernetes:v1.35.8-rke2r1-build20260821,rancher/prime/v2.16-head,golang.org/x/crypto,v0.53.0,gobinary,CVE-2026-56854,HIGH,https://avd.aquasec.com/nvd/cve-2026-56854,usr/local/bin/kube-apiserver,0.55.0,false,not_affected,vulnerable_code_not_in_execute_path
rancher/hardened-kubernetes:v1.35.8-rke2r1-build20260821,rancher/prime/v2.16-head,golang.org/x/crypto,v0.53.0,gobinary,CVE-2026-56854,HIGH,https://avd.aquasec.com/nvd/cve-2026-56854,usr/local/bin/kube-controller-manager,0.55.0,false,not_affected,vulnerable_code_not_in_execute_path
rancher/hardened-kubernetes:v1.35.8-rke2r1-build20260821,rancher/prime/v2.16-head,golang.org/x/crypto,v0.53.0,gobinary,CVE-2026-56854,HIGH,https://avd.aquasec.com/nvd/cve-2026-56854,usr/local/bin/kube-proxy,0.55.0,false,not_affected,vulnerable_code_not_in_execute_path
rancher/hardened-kubernetes:v1.35.8-rke2r1-build20260821,rancher/prime/v2.16-head,golang.org/x/crypto,v0.53.0,gobinary,CVE-2026-56854,HIGH,https://avd.aquasec.com/nvd/cve-2026-56854,usr/local/bin/kube-scheduler,0.55.0,false,not_affected,vulnerable_code_not_in_execute_path
rancher/hardened-kubernetes:v1.35.8-rke2r1-build20260821,rancher/prime/v2.16-head,golang.org/x/crypto,v0.53.0,gobinary,CVE-2026-56854,HIGH,https://avd.aquasec.com/nvd/cve-2026-56854,usr/local/bin/kubelet,0.55.0,false,not_affected,vulnerable_code_not_in_execute_path
rancher/hardened-kubernetes:v1.35.8-rke2r1-build20260821,rancher/prime/v2.16-head,golang.org/x/crypto,v0.53.0,gobinary,CVE-2026-56855,MEDIUM,https://avd.aquasec.com/nvd/cve-2026-56855,usr/local/bin/kube-apiserver,0.56.0,false,not_affected,vulnerable_code_not_present
rancher/hardened-kubernetes:v1.35.8-rke2r1-build20260821,rancher/prime/v2.16-head,golang.org/x/crypto,v0.53.0,gobinary,CVE-2026-56855,MEDIUM,https://avd.aquasec.com/nvd/cve-2026-56855,usr/local/bin/kube-controller-manager,0.56.0,false,not_affected,vulnerable_code_not_present
rancher/hardened-kubernetes:v1.35.8-rke2r1-build20260821,rancher/prime/v2.16-head,golang.org/x/crypto,v0.53.0,gobinary,CVE-2026-56855,MEDIUM,https://avd.aquasec.com/nvd/cve-2026-56855,usr/local/bin/kube-proxy,0.56.0,false,not_affected,vulnerable_code_not_present
rancher/hardened-kubernetes:v1.35.8-rke2r1-build20260821,rancher/prime/v2.16-head,golang.org/x/crypto,v0.53.0,gobinary,CVE-2026-56855,MEDIUM,https://avd.aquasec.com/nvd/cve-2026-56855,usr/local/bin/kube-scheduler,0.56.0,false,not_affected,vulnerable_code_not_present
rancher/hardened-kubernetes:v1.35.8-rke2r1-build20260821,rancher/prime/v2.16-head,golang.org/x/crypto,v0.53.0,gobinary,CVE-2026-56855,MEDIUM,https://avd.aquasec.com/nvd/cve-2026-56855,usr/local/bin/kubelet,0.56.0,false,not_affected,vulnerable_code_not_present
rancher/hardened-kubernetes:v1.35.8-rke2r1-build20260821,rancher/prime/v2.16-head,golang.org/x/crypto,v0.53.0,gobinary,CVE-2026-78662,MEDIUM,https://avd.aquasec.com/nvd/cve-2026-78662,usr/local/bin/kube-apiserver,0.56.0,false,not_affected,vulnerable_code_not_present
rancher/hardened-kubernetes:v1.35.8-rke2r1-build20260821,rancher/prime/v2.16-head,golang.org/x/crypto,v0.53.0,gobinary,CVE-2026-78662,MEDIUM,https://avd.aquasec.com/nvd/cve-2026-78662,usr/local/bin/kube-controller-manager,0.56.0,false,not_affected,vulnerable_code_not_present
rancher/hardened-kubernetes:v1.35.8-rke2r1-build20260821,rancher/prime/v2.16-head,golang.org/x/crypto,v0.53.0,gobinary,CVE-2026-78662,MEDIUM,https://avd.aquasec.com/nvd/cve-2026-78662,usr/local/bin/kube-proxy,0.56.0,false,not_affected,vulnerable_code_not_present
rancher/hardened-kubernetes:v1.35.8-rke2r1-build20260821,rancher/prime/v2.16-head,golang.org/x/crypto,v0.53.0,gobinary,CVE-2026-78662,MEDIUM,https://avd.aquasec.com/nvd/cve-2026-78662,usr/local/bin/kube-scheduler,0.56.0,false,not_affected,vulnerable_code_not_present
rancher/hardened-kubernetes:v1.35.8-rke2r1-build20260821,rancher/prime/v2.16-head,golang.org/x/crypto,v0.53.0,gobinary,CVE-2026-78662,MEDIUM,https://avd.aquasec.com/nvd/cve-2026-78662,usr/local/bin/kubelet,0.56.0,false,not_affected,vulnerable_code_not_present
rancher/hardened-kubernetes:v1.35.8-rke2r1-build20260821,rancher/prime/v2.16-head,google.golang.org/grpc,v1.82.1,gobinary,CVE-2026-84303,MEDIUM,https://avd.aquasec.com/nvd/cve-2026-84303,usr/local/bin/kube-apiserver,1.83.1,false,not_affected,vulnerable_code_not_present
rancher/hardened-kubernetes:v1.35.8-rke2r1-build20260821,rancher/prime/v2.16-head,google.golang.org/grpc,v1.82.1,gobinary,CVE-2026-84303,MEDIUM,https://avd.aquasec.com/nvd/cve-2026-84303,usr/local/bin/kube-controller-manager,1.83.1,false,not_affected,vulnerable_code_not_present
rancher/hardened-kubernetes:v1.35.8-rke2r1-build20260821,rancher/prime/v2.16-head,google.golang.org/grpc,v1.82.1,gobinary,CVE-2026-84303,MEDIUM,https://avd.aquasec.com/nvd/cve-2026-84303,usr/local/bin/kube-proxy,1.83.1,false,not_affected,vulnerable_code_not_present
rancher/hardened-kubernetes:v1.35.8-rke2r1-build20260821,rancher/prime/v2.16-head,google.golang.org/grpc,v1.82.1,gobinary,CVE-2026-84303,MEDIUM,https://avd.aquasec.com/nvd/cve-2026-84303,usr/local/bin/kube-scheduler,1.83.1,false,not_affected,vulnerable_code_not_present
rancher/hardened-kubernetes:v1.35.8-rke2r1-build20260821,rancher/prime/v2.16-head,google.golang.org/grpc,v1.82.1,gobinary,CVE-2026-84303,MEDIUM,https://avd.aquasec.com/nvd/cve-2026-84303,usr/local/bin/kubelet,1.83.1,false,not_affected,vulnerable_code_not_present
rancher/hardened-kubernetes:v1.35.8-rke2r1-build20260821,rancher/prime/v2.16-head,google.golang.org/grpc,v1.82.1,gobinary,CVE-2026-84304,HIGH,https://avd.aquasec.com/nvd/cve-2026-84304,usr/local/bin/kube-apiserver,1.83.1,false,affected,
rancher/hardened-kubernetes:v1.35.8-rke2r1-build20260821,rancher/prime/v2.16-head,google.golang.org/grpc,v1.82.1,gobinary,CVE-2026-84304,HIGH,https://avd.aquasec.com/nvd/cve-2026-84304,usr/local/bin/kube-controller-manager,1.83.1,false,affected,
rancher/hardened-kubernetes:v1.35.8-rke2r1-build20260821,rancher/prime/v2.16-head,google.golang.org/grpc,v1.82.1,gobinary,CVE-2026-84304,HIGH,https://avd.aquasec.com/nvd/cve-2026-84304,usr/local/bin/kube-proxy,1.83.1,false,affected,
rancher/hardened-kubernetes:v1.35.8-rke2r1-build20260821,rancher/prime/v2.16-head,google.golang.org/grpc,v1.82.1,gobinary,CVE-2026-84304,HIGH,https://avd.aquasec.com/nvd/cve-2026-84304,usr/local/bin/kube-scheduler,1.83.1,false,affected,
rancher/hardened-kubernetes:v1.35.8-rke2r1-build20260821,rancher/prime/v2.16-head,google.golang.org/grpc,v1.82.1,gobinary,CVE-2026-84304,HIGH,https://avd.aquasec.com/nvd/cve-2026-84304,usr/local/bin/kubelet,1.83.1,false,affected,
rancher/hardened-kubernetes:v1.35.8-rke2r1-build20260821,rancher/prime/v2.16-head,google.golang.org/grpc,v1.82.1,gobinary,CVE-2026-84445,HIGH,https://avd.aquasec.com/nvd/cve-2026-84445,usr/local/bin/kube-apiserver,"1.82.2, 1.83.2, 1.84.0-dev.0.20260825144003-d5a41119e0e3, 1.85.0-dev.0.20260825072537-93e31b48545e",false,affected,
rancher/hardened-kubernetes:v1.35.8-rke2r1-build20260821,rancher/prime/v2.16-head,google.golang.org/grpc,v1.82.1,gobinary,CVE-2026-84445,HIGH,https://avd.aquasec.com/nvd/cve-2026-84445,usr/local/bin/kube-controller-manager,"1.82.2, 1.83.2, 1.84.0-dev.0.20260825144003-d5a41119e0e3, 1.85.0-dev.0.20260825072537-93e31b48545e",false,affected,
rancher/hardened-kubernetes:v1.35.8-rke2r1-build20260821,rancher/prime/v2.16-head,google.golang.org/grpc,v1.82.1,gobinary,CVE-2026-84445,HIGH,https://avd.aquasec.com/nvd/cve-2026-84445,usr/local/bin/kube-proxy,"1.82.2, 1.83.2, 1.84.0-dev.0.20260825144003-d5a41119e0e3, 1.85.0-dev.0.20260825072537-93e31b48545e",false,affected,
rancher/hardened-kubernetes:v1.35.8-rke2r1-build20260821,rancher/prime/v2.16-head,google.golang.org/grpc,v1.82.1,gobinary,CVE-2026-84445,HIGH,https://avd.aquasec.com/nvd/cve-2026-84445,usr/local/bin/kube-scheduler,"1.82.2, 1.83.2, 1.84.0-dev.0.20260825144003-d5a41119e0e3, 1.85.0-dev.0.20260825072537-93e31b48545e",false,affected,
rancher/hardened-kubernetes:v1.35.8-rke2r1-build20260821,rancher/prime/v2.16-head,google.golang.org/grpc,v1.82.1,gobinary,CVE-2026-84445,HIGH,https://avd.aquasec.com/nvd/cve-2026-84445,usr/local/bin/kubelet,"1.82.2, 1.83.2, 1.84.0-dev.0.20260825144003-d5a41119e0e3, 1.85.0-dev.0.20260825072537-93e31b48545e",false,affected,
rancher/hardened-kubernetes:v1.36.4-rke2r1-build20260821,rancher/prime/v2.16-head,golang.org/x/crypto,v0.53.0,gobinary,CVE-2026-56854,HIGH,https://avd.aquasec.com/nvd/cve-2026-56854,usr/local/bin/kube-apiserver,0.55.0,false,not_affected,vulnerable_code_not_in_execute_path
rancher/hardened-kubernetes:v1.36.4-rke2r1-build20260821,rancher/prime/v2.16-head,golang.org/x/crypto,v0.53.0,gobinary,CVE-2026-56854,HIGH,https://avd.aquasec.com/nvd/cve-2026-56854,usr/local/bin/kube-controller-manager,0.55.0,false,not_affected,vulnerable_code_not_in_execute_path
rancher/hardened-kubernetes:v1.36.4-rke2r1-build20260821,rancher/prime/v2.16-head,golang.org/x/crypto,v0.53.0,gobinary,CVE-2026-56854,HIGH,https://avd.aquasec.com/nvd/cve-2026-56854,usr/local/bin/kube-proxy,0.55.0,false,not_affected,vulnerable_code_not_in_execute_path
rancher/hardened-kubernetes:v1.36.4-rke2r1-build20260821,rancher/prime/v2.16-head,golang.org/x/crypto,v0.53.0,gobinary,CVE-2026-56854,HIGH,https://avd.aquasec.com/nvd/cve-2026-56854,usr/local/bin/kube-scheduler,0.55.0,false,not_affected,vulnerable_code_not_in_execute_path
rancher/hardened-kubernetes:v1.36.4-rke2r1-build20260821,rancher/prime/v2.16-head,golang.org/x/crypto,v0.53.0,gobinary,CVE-2026-56854,HIGH,https://avd.aquasec.com/nvd/cve-2026-56854,usr/local/bin/kubelet,0.55.0,false,not_affected,vulnerable_code_not_in_execute_path
rancher/hardened-kubernetes:v1.36.4-rke2r1-build20260821,rancher/prime/v2.16-head,golang.org/x/crypto,v0.53.0,gobinary,CVE-2026-56855,MEDIUM,https://avd.aquasec.com/nvd/cve-2026-56855,usr/local/bin/kube-apiserver,0.56.0,false,not_affected,vulnerable_code_not_present
rancher/hardened-kubernetes:v1.36.4-rke2r1-build20260821,rancher/prime/v2.16-head,golang.org/x/crypto,v0.53.0,gobinary,CVE-2026-56855,MEDIUM,https://avd.aquasec.com/nvd/cve-2026-56855,usr/local/bin/kube-controller-manager,0.56.0,false,not_affected,vulnerable_code_not_present
rancher/hardened-kubernetes:v1.36.4-rke2r1-build20260821,rancher/prime/v2.16-head,golang.org/x/crypto,v0.53.0,gobinary,CVE-2026-56855,MEDIUM,https://avd.aquasec.com/nvd/cve-2026-56855,usr/local/bin/kube-proxy,0.56.0,false,not_affected,vulnerable_code_not_present
rancher/hardened-kubernetes:v1.36.4-rke2r1-build20260821,rancher/prime/v2.16-head,golang.org/x/crypto,v0.53.0,gobinary,CVE-2026-56855,MEDIUM,https://avd.aquasec.com/nvd/cve-2026-56855,usr/local/bin/kube-scheduler,0.56.0,false,not_affected,vulnerable_code_not_present
rancher/hardened-kubernetes:v1.36.4-rke2r1-build20260821,rancher/prime/v2.16-head,golang.org/x/crypto,v0.53.0,gobinary,CVE-2026-56855,MEDIUM,https://avd.aquasec.com/nvd/cve-2026-56855,usr/local/bin/kubelet,0.56.0,false,not_affected,vulnerable_code_not_present
rancher/hardened-kubernetes:v1.36.4-rke2r1-build20260821,rancher/prime/v2.16-head,golang.org/x/crypto,v0.53.0,gobinary,CVE-2026-78662,MEDIUM,https://avd.aquasec.com/nvd/cve-2026-78662,usr/local/bin/kube-apiserver,0.56.0,false,not_affected,vulnerable_code_not_present
rancher/hardened-kubernetes:v1.36.4-rke2r1-build20260821,rancher/prime/v2.16-head,golang.org/x/crypto,v0.53.0,gobinary,CVE-2026-78662,MEDIUM,https://avd.aquasec.com/nvd/cve-2026-78662,usr/local/bin/kube-controller-manager,0.56.0,false,not_affected,vulnerable_code_not_present
rancher/hardened-kubernetes:v1.36.4-rke2r1-build20260821,rancher/prime/v2.16-head,golang.org/x/crypto,v0.53.0,gobinary,CVE-2026-78662,MEDIUM,https://avd.aquasec.com/nvd/cve-2026-78662,usr/local/bin/kube-proxy,0.56.0,false,not_affected,vulnerable_code_not_present
rancher/hardened-kubernetes:v1.36.4-rke2r1-build20260821,rancher/prime/v2.16-head,golang.org/x/crypto,v0.53.0,gobinary,CVE-2026-78662,MEDIUM,https://avd.aquasec.com/nvd/cve-2026-78662,usr/local/bin/kube-scheduler,0.56.0,false,not_affected,vulnerable_code_not_present
rancher/hardened-kubernetes:v1.36.4-rke2r1-build20260821,rancher/prime/v2.16-head,golang.org/x/crypto,v0.53.0,gobinary,CVE-2026-78662,MEDIUM,https://avd.aquasec.com/nvd/cve-2026-78662,usr/local/bin/kubelet,0.56.0,false,not_affected,vulnerable_code_not_present
rancher/hardened-kubernetes:v1.36.4-rke2r1-build20260821,rancher/prime/v2.16-head,google.golang.org/grpc,v1.82.1,gobinary,CVE-2026-84303,MEDIUM,https://avd.aquasec.com/nvd/cve-2026-84303,usr/local/bin/kube-apiserver,1.83.1,false,not_affected,vulnerable_code_not_present
rancher/hardened-kubernetes:v1.36.4-rke2r1-build20260821,rancher/prime/v2.16-head,google.golang.org/grpc,v1.82.1,gobinary,CVE-2026-84303,MEDIUM,https://avd.aquasec.com/nvd/cve-2026-84303,usr/local/bin/kube-controller-manager,1.83.1,false,not_affected,vulnerable_code_not_present
rancher/hardened-kubernetes:v1.36.4-rke2r1-build20260821,rancher/prime/v2.16-head,google.golang.org/grpc,v1.82.1,gobinary,CVE-2026-84303,MEDIUM,https://avd.aquasec.com/nvd/cve-2026-84303,usr/local/bin/kube-proxy,1.83.1,false,not_affected,vulnerable_code_not_present
rancher/hardened-kubernetes:v1.36.4-rke2r1-build20260821,rancher/prime/v2.16-head,google.golang.org/grpc,v1.82.1,gobinary,CVE-2026-84303,MEDIUM,https://avd.aquasec.com/nvd/cve-2026-84303,usr/local/bin/kube-scheduler,1.83.1,false,not_affected,vulnerable_code_not_present
rancher/hardened-kubernetes:v1.36.4-rke2r1-build20260821,rancher/prime/v2.16-head,google.golang.org/grpc,v1.82.1,gobinary,CVE-2026-84303,MEDIUM,https://avd.aquasec.com/nvd/cve-2026-84303,usr/local/bin/kubelet,1.83.1,false,not_affected,vulnerable_code_not_present
rancher/hardened-kubernetes:v1.36.4-rke2r1-build20260821,rancher/prime/v2.16-head,google.golang.org/grpc,v1.82.1,gobinary,CVE-2026-84304,HIGH,https://avd.aquasec.com/nvd/cve-2026-84304,usr/local/bin/kube-apiserver,1.83.1,false,affected,
rancher/hardened-kubernetes:v1.36.4-rke2r1-build20260821,rancher/prime/v2.16-head,google.golang.org/grpc,v1.82.1,gobinary,CVE-2026-84304,HIGH,https://avd.aquasec.com/nvd/cve-2026-84304,usr/local/bin/kube-controller-manager,1.83.1,false,affected,
rancher/hardened-kubernetes:v1.36.4-rke2r1-build20260821,rancher/prime/v2.16-head,google.golang.org/grpc,v1.82.1,gobinary,CVE-2026-84304,HIGH,https://avd.aquasec.com/nvd/cve-2026-84304,usr/local/bin/kube-proxy,1.83.1,false,affected,
rancher/hardened-kubernetes:v1.36.4-rke2r1-build20260821,rancher/prime/v2.16-head,google.golang.org/grpc,v1.82.1,gobinary,CVE-2026-84304,HIGH,https://avd.aquasec.com/nvd/cve-2026-84304,usr/local/bin/kube-scheduler,1.83.1,false,affected,
rancher/hardened-kubernetes:v1.36.4-rke2r1-build20260821,rancher/prime/v2.16-head,google.golang.org/grpc,v1.82.1,gobinary,CVE-2026-84304,HIGH,https://avd.aquasec.com/nvd/cve-2026-84304,usr/local/bin/kubelet,1.83.1,false,affected,
rancher/hardened-kubernetes:v1.36.4-rke2r1-build20260821,rancher/prime/v2.16-head,google.golang.org/grpc,v1.82.1,gobinary,CVE-2026-84445,HIGH,https://avd.aquasec.com/nvd/cve-2026-84445,usr/local/bin/kube-apiserver,"1.82.2, 1.83.2, 1.84.0-dev.0.20260825144003-d5a41119e0e3, 1.85.0-dev.0.20260825072537-93e31b48545e",false,affected,
rancher/hardened-kubernetes:v1.36.4-rke2r1-build20260821,rancher/prime/v2.16-head,google.golang.org/grpc,v1.82.1,gobinary,CVE-2026-84445,HIGH,https://avd.aquasec.com/nvd/cve-2026-84445,usr/local/bin/kube-controller-manager,"1.82.2, 1.83.2, 1.84.0-dev.0.20260825144003-d5a41119e0e3, 1.85.0-dev.0.20260825072537-93e31b48545e",false,affected,
rancher/hardened-kubernetes:v1.36.4-rke2r1-build20260821,rancher/prime/v2.16-head,google.golang.org/grpc,v1.82.1,gobinary,CVE-2026-84445,HIGH,https://avd.aquasec.com/nvd/cve-2026-84445,usr/local/bin/kube-proxy,"1.82.2, 1.83.2, 1.84.0-dev.0.20260825144003-d5a41119e0e3, 1.85.0-dev.0.20260825072537-93e31b48545e",false,affected,
rancher/hardened-kubernetes:v1.36.4-rke2r1-build20260821,rancher/prime/v2.16-head,google.golang.org/grpc,v1.82.1,gobinary,CVE-2026-84445,HIGH,https://avd.aquasec.com/nvd/cve-2026-84445,usr/local/bin/kube-scheduler,"1.82.2, 1.83.2, 1.84.0-dev.0.20260825144003-d5a41119e0e3, 1.85.0-dev.0.20260825072537-93e31b48545e",false,affected,
rancher/hardened-kubernetes:v1.36.4-rke2r1-build20260821,rancher/prime/v2.16-head,google.golang.org/grpc,v1.82.1,gobinary,CVE-2026-84445,HIGH,https://avd.aquasec.com/nvd/cve-2026-84445,usr/local/bin/kubelet,"1.82.2, 1.83.2, 1.84.0-dev.0.20260825144003-d5a41119e0e3, 1.85.0-dev.0.20260825072537-93e31b48545e",false,affected,
rancher/hardened-kubernetes:v1.37.0-rke2r1-build20260909,rancher/prime/v2.16-head,golang.org/x/crypto,v0.55.0,gobinary,CVE-2026-56855,MEDIUM,https://avd.aquasec.com/nvd/cve-2026-56855,usr/local/bin/kube-apiserver,0.56.0,false,not_affected,vulnerable_code_not_present
rancher/hardened-kubernetes:v1.37.0-rke2r1-build20260909,rancher/prime/v2.16-head,golang.org/x/crypto,v0.55.0,gobinary,CVE-2026-56855,MEDIUM,https://avd.aquasec.com/nvd/cve-2026-56855,usr/local/bin/kube-controller-manager,0.56.0,false,not_affected,vulnerable_code_not_present
rancher/hardened-kubernetes:v1.37.0-rke2r1-build20260909,rancher/prime/v2.16-head,golang.org/x/crypto,v0.55.0,gobinary,CVE-2026-56855,MEDIUM,https://avd.aquasec.com/nvd/cve-2026-56855,usr/local/bin/kube-proxy,0.56.0,false,not_affected,vulnerable_code_not_present
rancher/hardened-kubernetes:v1.37.0-rke2r1-build20260909,rancher/prime/v2.16-head,golang.org/x/crypto,v0.55.0,gobinary,CVE-2026-56855,MEDIUM,https://avd.aquasec.com/nvd/cve-2026-56855,usr/local/bin/kube-scheduler,0.56.0,false,not_affected,vulnerable_code_not_present
rancher/hardened-kubernetes:v1.37.0-rke2r1-build20260909,rancher/prime/v2.16-head,golang.org/x/crypto,v0.55.0,gobinary,CVE-2026-56855,MEDIUM,https://avd.aquasec.com/nvd/cve-2026-56855,usr/local/bin/kubelet,0.56.0,false,not_affected,vulnerable_code_not_present
rancher/hardened-kubernetes:v1.37.0-rke2r1-build20260909,rancher/prime/v2.16-head,golang.org/x/crypto,v0.55.0,gobinary,CVE-2026-78662,MEDIUM,https://avd.aquasec.com/nvd/cve-2026-78662,usr/local/bin/kube-apiserver,0.56.0,false,not_affected,vulnerable_code_not_present
rancher/hardened-kubernetes:v1.37.0-rke2r1-build20260909,rancher/prime/v2.16-head,golang.org/x/crypto,v0.55.0,gobinary,CVE-2026-78662,MEDIUM,https://avd.aquasec.com/nvd/cve-2026-78662,usr/local/bin/kube-controller-manager,0.56.0,false,not_affected,vulnerable_code_not_present
rancher/hardened-kubernetes:v1.37.0-rke2r1-build20260909,rancher/prime/v2.16-head,golang.org/x/crypto,v0.55.0,gobinary,CVE-2026-78662,MEDIUM,https://avd.aquasec.com/nvd/cve-2026-78662,usr/local/bin/kube-proxy,0.56.0,false,not_affected,vulnerable_code_not_present
rancher/hardened-kubernetes:v1.37.0-rke2r1-build20260909,rancher/prime/v2.16-head,golang.org/x/crypto,v0.55.0,gobinary,CVE-2026-78662,MEDIUM,https://avd.aquasec.com/nvd/cve-2026-78662,usr/local/bin/kube-scheduler,0.56.0,false,not_affected,vulnerable_code_not_present
rancher/hardened-kubernetes:v1.37.0-rke2r1-build20260909,rancher/prime/v2.16-head,golang.org/x/crypto,v0.55.0,gobinary,CVE-2026-78662,MEDIUM,https://avd.aquasec.com/nvd/cve-2026-78662,usr/local/bin/kubelet,0.56.0,false,not_affected,vulnerable_code_not_present
rancher/hardened-multus-thick:v4.3.1-build20260910,rancher/prime/v2.16-head,libpcre2-8-0,10.42-150600.1.26,sles,SUSE-SU-2026:4241-1,HIGH,,rancher/hardened-multus-thick:v4.3.1-build20260910 (sles 15.7),10.42-150600.3.3.1,false,not_affected,vulnerable_code_not_in_execute_path
rancher/hardened-snapshot-controller:v8.6.0-build20260909,rancher/prime/v2.16-head,golang.org/x/crypto,v0.55.0,gobinary,CVE-2026-56855,MEDIUM,https://avd.aquasec.com/nvd/cve-2026-56855,snapshot-controller,0.56.0,false,not_affected,vulnerable_code_not_present
rancher/hardened-snapshot-controller:v8.6.0-build20260909,rancher/prime/v2.16-head,golang.org/x/crypto,v0.55.0,gobinary,CVE-2026-78662,MEDIUM,https://avd.aquasec.com/nvd/cve-2026-78662,snapshot-controller,0.56.0,false,not_affected,vulnerable_code_not_present
rancher/hardened-whereabouts:v0.9.4-build20260819,rancher/prime/v2.16-head,libpcre2-8-0,10.42-150600.1.26,sles,SUSE-SU-2026:4241-1,HIGH,,rancher/hardened-whereabouts:v0.9.4-build20260819 (sles 15.7),10.42-150600.3.3.1,false,not_affected,vulnerable_code_not_in_execute_path
rancher/harvester-cloud-provider:v0.2.8,rancher/prime/v2.16-head,stdlib,v1.26.5,gobinary,CVE-2026-33818,HIGH,https://avd.aquasec.com/nvd/cve-2026-33818,usr/bin/harvester-cloud-provider,"1.25.13, 1.26.6, 1.27.0-rc.3",false,affected,
rancher/harvester-cloud-provider:v0.2.8,rancher/prime/v2.16-head,stdlib,v1.26.5,gobinary,CVE-2026-39821,HIGH,https://avd.aquasec.com/nvd/cve-2026-39821,usr/bin/harvester-cloud-provider,"1.25.13, 1.26.6, 1.27.0-rc.3",false,affected,
rancher/harvester-cloud-provider:v0.2.8,rancher/prime/v2.16-head,stdlib,v1.26.5,gobinary,CVE-2026-56853,HIGH,https://avd.aquasec.com/nvd/cve-2026-56853,usr/bin/harvester-cloud-provider,"1.25.13, 1.26.6, 1.27.0-rc.3",false,affected,
rancher/harvester-cloud-provider:v0.2.8,rancher/prime/v2.16-head,golang.org/x/crypto,v0.53.0,gobinary,CVE-2026-56854,HIGH,https://avd.aquasec.com/nvd/cve-2026-56854,usr/bin/harvester-cloud-provider,0.55.0,false,not_affected,vulnerable_code_not_in_execute_path
rancher/harvester-cloud-provider:v0.2.8,rancher/prime/v2.16-head,golang.org/x/crypto,v0.53.0,gobinary,CVE-2026-56855,MEDIUM,https://avd.aquasec.com/nvd/cve-2026-56855,usr/bin/harvester-cloud-provider,0.56.0,false,not_affected,vulnerable_code_not_in_execute_path
rancher/harvester-cloud-provider:v0.2.8,rancher/prime/v2.16-head,stdlib,v1.26.5,gobinary,CVE-2026-56859,HIGH,https://avd.aquasec.com/nvd/cve-2026-56859,usr/bin/harvester-cloud-provider,"1.25.13, 1.26.6, 1.27.0-rc.3",false,affected,
rancher/harvester-cloud-provider:v0.2.8,rancher/prime/v2.16-head,stdlib,v1.26.5,gobinary,CVE-2026-56862,HIGH,https://avd.aquasec.com/nvd/cve-2026-56862,usr/bin/harvester-cloud-provider,"1.25.13, 1.26.6, 1.27.0-rc.3",false,affected,
rancher/harvester-cloud-provider:v0.2.8,rancher/prime/v2.16-head,golang.org/x/crypto,v0.53.0,gobinary,CVE-2026-78662,MEDIUM,https://avd.aquasec.com/nvd/cve-2026-78662,usr/bin/harvester-cloud-provider,0.56.0,false,not_affected,vulnerable_code_not_in_execute_path
rancher/harvester-cloud-provider:v0.2.8,rancher/prime/v2.16-head,google.golang.org/grpc,v1.82.1,gobinary,CVE-2026-84303,MEDIUM,https://avd.aquasec.com/nvd/cve-2026-84303,usr/bin/harvester-cloud-provider,1.83.1,false,not_affected,vulnerable_code_not_present
rancher/harvester-cloud-provider:v0.2.8,rancher/prime/v2.16-head,google.golang.org/grpc,v1.82.1,gobinary,CVE-2026-84304,HIGH,https://avd.aquasec.com/nvd/cve-2026-84304,usr/bin/harvester-cloud-provider,1.83.1,false,not_affected,vulnerable_code_not_in_execute_path
rancher/harvester-cloud-provider:v0.2.8,rancher/prime/v2.16-head,google.golang.org/grpc,v1.82.1,gobinary,CVE-2026-84445,HIGH,https://avd.aquasec.com/nvd/cve-2026-84445,usr/bin/harvester-cloud-provider,"1.82.2, 1.83.2, 1.84.0-dev.0.20260825144003-d5a41119e0e3, 1.85.0-dev.0.20260825072537-93e31b48545e",false,not_affected,vulnerable_code_not_in_execute_path
rancher/harvester-cloud-provider:v0.2.8,rancher/prime/v2.16-head,kubevirt.io/kubevirt,v1.7.4,gobinary,CVE-2026-9804,HIGH,https://avd.aquasec.com/nvd/cve-2026-9804,usr/bin/harvester-cloud-provider,,false,affected,
rancher/harvester-csi-driver:v0.2.9,rancher/prime/v2.16-head,k8s.io/kubernetes,v1.34.1,gobinary,CVE-2025-13281,MEDIUM,https://avd.aquasec.com/nvd/cve-2025-13281,usr/bin/harvester-csi-driver,"1.32.10, 1.33.6, 1.34.2",false,not_affected,vulnerable_code_not_in_execute_path
rancher/harvester-csi-driver:v0.2.9,rancher/prime/v2.16-head,kubevirt.io/kubevirt,v1.7.0,gobinary,CVE-2025-14525,MEDIUM,https://avd.aquasec.com/nvd/cve-2025-14525,usr/bin/harvester-csi-driver,,false,not_affected,vulnerable_code_not_in_execute_path
rancher/harvester-csi-driver:v0.2.9,rancher/prime/v2.16-head,golang.org/x/net,v0.49.0,gobinary,CVE-2026-25680,MEDIUM,https://avd.aquasec.com/nvd/cve-2026-25680,usr/bin/harvester-csi-driver,0.55.0,false,not_affected,vulnerable_code_not_in_execute_path
rancher/harvester-csi-driver:v0.2.9,rancher/prime/v2.16-head,golang.org/x/net,v0.49.0,gobinary,CVE-2026-25681,HIGH,https://avd.aquasec.com/nvd/cve-2026-25681,usr/bin/harvester-csi-driver,0.55.0,false,not_affected,vulnerable_code_not_in_execute_path
rancher/harvester-csi-driver:v0.2.9,rancher/prime/v2.16-head,golang.org/x/net,v0.49.0,gobinary,CVE-2026-27136,HIGH,https://avd.aquasec.com/nvd/cve-2026-27136,usr/bin/harvester-csi-driver,0.55.0,false,not_affected,vulnerable_code_not_in_execute_path
rancher/harvester-csi-driver:v0.2.9,rancher/prime/v2.16-head,stdlib,v1.26.3,gobinary,CVE-2026-27145,HIGH,https://avd.aquasec.com/nvd/cve-2026-27145,usr/bin/harvester-csi-driver,"1.25.11, 1.26.4",false,not_affected,vulnerable_code_not_in_execute_path
rancher/harvester-csi-driver:v0.2.9,rancher/prime/v2.16-head,golang.org/x/net,v0.49.0,gobinary,CVE-2026-33814,HIGH,https://avd.aquasec.com/nvd/cve-2026-33814,usr/bin/harvester-csi-driver,0.53.0,false,affected,
rancher/harvester-csi-driver:v0.2.9,rancher/prime/v2.16-head,stdlib,v1.26.3,gobinary,CVE-2026-33818,HIGH,https://avd.aquasec.com/nvd/cve-2026-33818,usr/bin/harvester-csi-driver,"1.25.13, 1.26.6, 1.27.0-rc.3",false,affected,
rancher/harvester-csi-driver:v0.2.9,rancher/prime/v2.16-head,golang.org/x/net,v0.49.0,gobinary,CVE-2026-39821,HIGH,https://avd.aquasec.com/nvd/cve-2026-39821,usr/bin/harvester-csi-driver,0.55.0,false,affected,
rancher/harvester-csi-driver:v0.2.9,rancher/prime/v2.16-head,stdlib,v1.26.3,gobinary,CVE-2026-39821,HIGH,https://avd.aquasec.com/nvd/cve-2026-39821,usr/bin/harvester-csi-driver,"1.25.13, 1.26.6, 1.27.0-rc.3",false,affected,
rancher/harvester-csi-driver:v0.2.9,rancher/prime/v2.16-head,stdlib,v1.26.3,gobinary,CVE-2026-39822,HIGH,https://avd.aquasec.com/nvd/cve-2026-39822,usr/bin/harvester-csi-driver,"1.25.12, 1.26.5, 1.27.0-rc.2",false,not_affected,vulnerable_code_not_in_execute_path
rancher/harvester-csi-driver:v0.2.9,rancher/prime/v2.16-head,golang.org/x/crypto,v0.47.0,gobinary,CVE-2026-39827,MEDIUM,https://avd.aquasec.com/nvd/cve-2026-39827,usr/bin/harvester-csi-driver,0.52.0,false,not_affected,vulnerable_code_not_in_execute_path
rancher/harvester-csi-driver:v0.2.9,rancher/prime/v2.16-head,golang.org/x/crypto,v0.47.0,gobinary,CVE-2026-39828,HIGH,https://avd.aquasec.com/nvd/cve-2026-39828,usr/bin/harvester-csi-driver,0.52.0,false,not_affected,vulnerable_code_not_in_execute_path
rancher/harvester-csi-driver:v0.2.9,rancher/prime/v2.16-head,golang.org/x/crypto,v0.47.0,gobinary,CVE-2026-39829,HIGH,https://avd.aquasec.com/nvd/cve-2026-39829,usr/bin/harvester-csi-driver,0.52.0,false,not_affected,vulnerable_code_not_in_execute_path
rancher/harvester-csi-driver:v0.2.9,rancher/prime/v2.16-head,golang.org/x/crypto,v0.47.0,gobinary,CVE-2026-39830,HIGH,https://avd.aquasec.com/nvd/cve-2026-39830,usr/bin/harvester-csi-driver,0.52.0,false,not_affected,vulnerable_code_not_in_execute_path
rancher/harvester-csi-driver:v0.2.9,rancher/prime/v2.16-head,golang.org/x/crypto,v0.47.0,gobinary,CVE-2026-39831,HIGH,https://avd.aquasec.com/nvd/cve-2026-39831,usr/bin/harvester-csi-driver,0.52.0,false,not_affected,vulnerable_code_not_in_execute_path
rancher/harvester-csi-driver:v0.2.9,rancher/prime/v2.16-head,golang.org/x/crypto,v0.47.0,gobinary,CVE-2026-39832,HIGH,https://avd.aquasec.com/nvd/cve-2026-39832,usr/bin/harvester-csi-driver,0.52.0,false,not_affected,vulnerable_code_not_present
rancher/harvester-csi-driver:v0.2.9,rancher/prime/v2.16-head,golang.org/x/crypto,v0.47.0,gobinary,CVE-2026-39833,MEDIUM,https://avd.aquasec.com/nvd/cve-2026-39833,usr/bin/harvester-csi-driver,0.52.0,false,not_affected,vulnerable_code_not_present
rancher/harvester-csi-driver:v0.2.9,rancher/prime/v2.16-head,golang.org/x/crypto,v0.47.0,gobinary,CVE-2026-39834,MEDIUM,https://avd.aquasec.com/nvd/cve-2026-39834,usr/bin/harvester-csi-driver,0.52.0,false,not_affected,vulnerable_code_not_in_execute_path
rancher/harvester-csi-driver:v0.2.9,rancher/prime/v2.16-head,golang.org/x/crypto,v0.47.0,gobinary,CVE-2026-39835,HIGH,https://avd.aquasec.com/nvd/cve-2026-39835,usr/bin/harvester-csi-driver,0.52.0,false,not_affected,vulnerable_code_not_in_execute_path
rancher/harvester-csi-driver:v0.2.9,rancher/prime/v2.16-head,golang.org/x/net,v0.49.0,gobinary,CVE-2026-42502,MEDIUM,https://avd.aquasec.com/nvd/cve-2026-42502,usr/bin/harvester-csi-driver,0.55.0,false,not_affected,vulnerable_code_not_in_execute_path
rancher/harvester-csi-driver:v0.2.9,rancher/prime/v2.16-head,stdlib,v1.26.3,gobinary,CVE-2026-42504,HIGH,https://avd.aquasec.com/nvd/cve-2026-42504,usr/bin/harvester-csi-driver,"1.25.11, 1.26.4",false,not_affected,vulnerable_code_not_in_execute_path
rancher/harvester-csi-driver:v0.2.9,rancher/prime/v2.16-head,stdlib,v1.26.3,gobinary,CVE-2026-42505,MEDIUM,https://avd.aquasec.com/nvd/cve-2026-42505,usr/bin/harvester-csi-driver,"1.25.12, 1.26.5, 1.27.0-rc.2",false,not_affected,vulnerable_code_not_in_execute_path
rancher/harvester-csi-driver:v0.2.9,rancher/prime/v2.16-head,golang.org/x/net,v0.49.0,gobinary,CVE-2026-42506,MEDIUM,https://avd.aquasec.com/nvd/cve-2026-42506,usr/bin/harvester-csi-driver,0.55.0,false,not_affected,vulnerable_code_not_in_execute_path
rancher/harvester-csi-driver:v0.2.9,rancher/prime/v2.16-head,stdlib,v1.26.3,gobinary,CVE-2026-42507,MEDIUM,https://avd.aquasec.com/nvd/cve-2026-42507,usr/bin/harvester-csi-driver,"1.25.11, 1.26.4",false,not_affected,vulnerable_code_not_in_execute_path
rancher/harvester-csi-driver:v0.2.9,rancher/prime/v2.16-head,golang.org/x/crypto,v0.47.0,gobinary,CVE-2026-42508,HIGH,https://avd.aquasec.com/nvd/cve-2026-42508,usr/bin/harvester-csi-driver,0.52.0,false,not_affected,vulnerable_code_not_present
rancher/harvester-csi-driver:v0.2.9,rancher/prime/v2.16-head,golang.org/x/crypto,v0.47.0,gobinary,CVE-2026-46595,HIGH,https://avd.aquasec.com/nvd/cve-2026-46595,usr/bin/harvester-csi-driver,0.52.0,false,not_affected,vulnerable_code_not_in_execute_path
rancher/harvester-csi-driver:v0.2.9,rancher/prime/v2.16-head,golang.org/x/crypto,v0.47.0,gobinary,CVE-2026-46597,HIGH,https://avd.aquasec.com/nvd/cve-2026-46597,usr/bin/harvester-csi-driver,0.52.0,false,not_affected,vulnerable_code_not_in_execute_path
rancher/harvester-csi-driver:v0.2.9,rancher/prime/v2.16-head,golang.org/x/crypto,v0.47.0,gobinary,CVE-2026-46598,MEDIUM,https://avd.aquasec.com/nvd/cve-2026-46598,usr/bin/harvester-csi-driver,0.52.0,false,not_affected,vulnerable_code_not_present
rancher/harvester-csi-driver:v0.2.9,rancher/prime/v2.16-head,golang.org/x/net,v0.49.0,gobinary,CVE-2026-46600,HIGH,https://avd.aquasec.com/nvd/cve-2026-46600,usr/bin/harvester-csi-driver,0.56.0,false,not_affected,vulnerable_code_not_present
rancher/harvester-csi-driver:v0.2.9,rancher/prime/v2.16-head,stdlib,v1.26.3,gobinary,CVE-2026-46600,HIGH,https://avd.aquasec.com/nvd/cve-2026-46600,usr/bin/harvester-csi-driver,"1.26.6, 1.27.0-rc.3",false,not_affected,vulnerable_code_not_in_execute_path
rancher/harvester-csi-driver:v0.2.9,rancher/prime/v2.16-head,github.com/kube-logging/logging-operator,v0.0.0-20250424202944-7e1f9aad6e21,gobinary,CVE-2026-54680,CRITICAL,https://avd.aquasec.com/nvd/cve-2026-54680,usr/bin/harvester-csi-driver,0.0.0-20260608145523-cf437d7f1e05,false,not_affected,vulnerable_code_not_in_execute_path
rancher/harvester-csi-driver:v0.2.9,rancher/prime/v2.16-head,stdlib,v1.26.3,gobinary,CVE-2026-56853,HIGH,https://avd.aquasec.com/nvd/cve-2026-56853,usr/bin/harvester-csi-driver,"1.25.13, 1.26.6, 1.27.0-rc.3",false,not_affected,vulnerable_code_not_in_execute_path
rancher/harvester-csi-driver:v0.2.9,rancher/prime/v2.16-head,golang.org/x/crypto,v0.47.0,gobinary,CVE-2026-56854,HIGH,https://avd.aquasec.com/nvd/cve-2026-56854,usr/bin/harvester-csi-driver,0.55.0,false,not_affected,vulnerable_code_not_in_execute_path
rancher/harvester-csi-driver:v0.2.9,rancher/prime/v2.16-head,golang.org/x/crypto,v0.47.0,gobinary,CVE-2026-56855,MEDIUM,https://avd.aquasec.com/nvd/cve-2026-56855,usr/bin/harvester-csi-driver,0.56.0,false,not_affected,vulnerable_code_not_in_execute_path
rancher/harvester-csi-driver:v0.2.9,rancher/prime/v2.16-head,stdlib,v1.26.3,gobinary,CVE-2026-56858,HIGH,https://avd.aquasec.com/nvd/cve-2026-56858,usr/bin/harvester-csi-driver,"1.25.13, 1.26.6, 1.27.0-rc.3",false,not_affected,vulnerable_code_not_in_execute_path
rancher/harvester-csi-driver:v0.2.9,rancher/prime/v2.16-head,stdlib,v1.26.3,gobinary,CVE-2026-56859,HIGH,https://avd.aquasec.com/nvd/cve-2026-56859,usr/bin/harvester-csi-driver,"1.25.13, 1.26.6, 1.27.0-rc.3",false,not_affected,vulnerable_code_not_in_execute_path
rancher/harvester-csi-driver:v0.2.9,rancher/prime/v2.16-head,stdlib,v1.26.3,gobinary,CVE-2026-56862,HIGH,https://avd.aquasec.com/nvd/cve-2026-56862,usr/bin/harvester-csi-driver,"1.25.13, 1.26.6, 1.27.0-rc.3",false,affected,
rancher/harvester-csi-driver:v0.2.9,rancher/prime/v2.16-head,golang.org/x/mod,v0.32.0,gobinary,CVE-2026-56864,HIGH,https://avd.aquasec.com/nvd/cve-2026-56864,usr/bin/harvester-csi-driver,0.40.0,false,not_affected,vulnerable_code_not_present
rancher/harvester-csi-driver:v0.2.9,rancher/prime/v2.16-head,golang.org/x/mod,v0.32.0,gobinary,CVE-2026-56865,HIGH,https://avd.aquasec.com/nvd/cve-2026-56865,usr/bin/harvester-csi-driver,0.40.0,false,not_affected,vulnerable_code_not_present
rancher/harvester-csi-driver:v0.2.9,rancher/prime/v2.16-head,kubevirt.io/kubevirt,v1.7.0,gobinary,CVE-2026-6383,MEDIUM,https://avd.aquasec.com/nvd/cve-2026-6383,usr/bin/harvester-csi-driver,,false,not_affected,vulnerable_code_not_in_execute_path
rancher/harvester-csi-driver:v0.2.9,rancher/prime/v2.16-head,kubevirt.io/kubevirt,v1.7.0,gobinary,CVE-2026-7374,CRITICAL,https://avd.aquasec.com/nvd/cve-2026-7374,usr/bin/harvester-csi-driver,"1.8.3, 1.7.4, 1.6.6",false,not_affected,vulnerable_code_not_in_execute_path
rancher/harvester-csi-driver:v0.2.9,rancher/prime/v2.16-head,golang.org/x/crypto,v0.47.0,gobinary,CVE-2026-78662,MEDIUM,https://avd.aquasec.com/nvd/cve-2026-78662,usr/bin/harvester-csi-driver,0.56.0,false,not_affected,vulnerable_code_not_in_execute_path
rancher/harvester-csi-driver:v0.2.9,rancher/prime/v2.16-head,google.golang.org/grpc,v1.79.3,gobinary,CVE-2026-84303,MEDIUM,https://avd.aquasec.com/nvd/cve-2026-84303,usr/bin/harvester-csi-driver,1.83.1,false,not_affected,vulnerable_code_not_present
rancher/harvester-csi-driver:v0.2.9,rancher/prime/v2.16-head,google.golang.org/grpc,v1.79.3,gobinary,CVE-2026-84304,HIGH,https://avd.aquasec.com/nvd/cve-2026-84304,usr/bin/harvester-csi-driver,1.83.1,false,not_affected,vulnerable_code_not_in_execute_path
rancher/harvester-csi-driver:v0.2.9,rancher/prime/v2.16-head,google.golang.org/grpc,v1.79.3,gobinary,CVE-2026-84445,HIGH,https://avd.aquasec.com/nvd/cve-2026-84445,usr/bin/harvester-csi-driver,"1.82.2, 1.83.2, 1.84.0-dev.0.20260825144003-d5a41119e0e3, 1.85.0-dev.0.20260825072537-93e31b48545e",false,not_affected,vulnerable_code_not_in_execute_path
rancher/harvester-csi-driver:v0.2.9,rancher/prime/v2.16-head,kubevirt.io/kubevirt,v1.7.0,gobinary,CVE-2026-9804,HIGH,https://avd.aquasec.com/nvd/cve-2026-9804,usr/bin/harvester-csi-driver,,false,not_affected,vulnerable_code_not_in_execute_path
rancher/harvester-csi-driver:v0.2.9,rancher/prime/v2.16-head,google.golang.org/grpc,v1.79.3,gobinary,GHSA-hrxh-6v49-42gf,HIGH,https://github.com/advisories/GHSA-hrxh-6v49-42gf,usr/bin/harvester-csi-driver,1.82.1,false,not_affected,vulnerable_code_not_in_execute_path
rancher/harvester-csi-driver:v0.2.9,rancher/prime/v2.16-head,libcurl4,8.14.1-160000.5.1,sles,SUSE-SU-2026:22156-1,MEDIUM,,rancher/harvester-csi-driver:v0.2.9 (sles 16.0),8.14.1-160000.6.1,false,not_affected,vulnerable_code_not_in_execute_path
rancher/harvester-csi-driver:v0.2.9,rancher/prime/v2.16-head,libsqlite3-0,3.51.3-160000.1.1,sles,SUSE-SU-2026:22166-1,HIGH,,rancher/harvester-csi-driver:v0.2.9 (sles 16.0),3.53.2-160000.1.1,false,not_affected,vulnerable_code_not_in_execute_path
rancher/harvester-csi-driver:v0.2.9,rancher/prime/v2.16-head,libsolv-tools-base,0.7.36-160000.1.1,sles,SUSE-SU-2026:22172-1,HIGH,,rancher/harvester-csi-driver:v0.2.9 (sles 16.0),0.7.39-160000.1.1,false,not_affected,vulnerable_code_not_in_execute_path
rancher/harvester-csi-driver:v0.2.9,rancher/prime/v2.16-head,libzypp,17.38.5-160000.1.1,sles,SUSE-SU-2026:22172-1,HIGH,,rancher/harvester-csi-driver:v0.2.9 (sles 16.0),17.38.13-160000.1.1,false,not_affected,vulnerable_code_not_in_execute_path
rancher/harvester-csi-driver:v0.2.9,rancher/prime/v2.16-head,zypper,1.14.95-160000.1.1,sles,SUSE-SU-2026:22172-1,HIGH,,rancher/harvester-csi-driver:v0.2.9 (sles 16.0),1.14.98-160000.1.1,false,not_affected,vulnerable_code_not_in_execute_path
rancher/harvester-csi-driver:v0.2.9,rancher/prime/v2.16-head,libncurses6,6.5.20250531-160000.2.2,sles,SUSE-SU-2026:22294-1,MEDIUM,,rancher/harvester-csi-driver:v0.2.9 (sles 16.0),6.5.20250531-160000.3.1,false,not_affected,vulnerable_code_not_in_execute_path
rancher/harvester-csi-driver:v0.2.9,rancher/prime/v2.16-head,ncurses-utils,6.5.20250531-160000.2.2,sles,SUSE-SU-2026:22294-1,MEDIUM,,rancher/harvester-csi-driver:v0.2.9 (sles 16.0),6.5.20250531-160000.3.1,false,not_affected,vulnerable_code_not_in_execute_path
rancher/harvester-csi-driver:v0.2.9,rancher/prime/v2.16-head,terminfo-base,6.5.20250531-160000.2.2,sles,SUSE-SU-2026:22294-1,MEDIUM,,rancher/harvester-csi-driver:v0.2.9 (sles 16.0),6.5.20250531-160000.3.1,false,not_affected,vulnerable_code_not_in_execute_path
rancher/harvester-csi-driver:v0.2.9,rancher/prime/v2.16-head,libopenssl-3-fips-provider,3.5.0-160000.7.1,sles,SUSE-SU-2026:22315-1,HIGH,,rancher/harvester-csi-driver:v0.2.9 (sles 16.0),3.5.0-160000.8.1,false,not_affected,vulnerable_code_not_in_execute_path
rancher/harvester-csi-driver:v0.2.9,rancher/prime/v2.16-head,libopenssl3,3.5.0-160000.7.1,sles,SUSE-SU-2026:22315-1,HIGH,,rancher/harvester-csi-driver:v0.2.9 (sles 16.0),3.5.0-160000.8.1,false,not_affected,vulnerable_code_not_in_execute_path
rancher/harvester-csi-driver:v0.2.9,rancher/prime/v2.16-head,openssl-3,3.5.0-160000.7.1,sles,SUSE-SU-2026:22315-1,HIGH,,rancher/harvester-csi-driver:v0.2.9 (sles 16.0),3.5.0-160000.8.1,false,not_affected,vulnerable_code_not_in_execute_path
rancher/harvester-csi-driver:v0.2.9,rancher/prime/v2.16-head,krb5,1.21.3-160000.2.2,sles,SUSE-SU-2026:22322-1,MEDIUM,,rancher/harvester-csi-driver:v0.2.9 (sles 16.0),1.21.3-160000.3.1,false,not_affected,vulnerable_code_not_in_execute_path
rancher/harvester-csi-driver:v0.2.9,rancher/prime/v2.16-head,libuuid1,2.41.1-160000.3.1,sles,SUSE-SU-2026:22332-1,MEDIUM,,rancher/harvester-csi-driver:v0.2.9 (sles 16.0),2.41.1-160000.4.1,false,not_affected,vulnerable_code_not_in_execute_path
rancher/harvester-csi-driver:v0.2.9,rancher/prime/v2.16-head,tar,1.35-160000.3.1,sles,SUSE-SU-2026:22377-1,HIGH,,rancher/harvester-csi-driver:v0.2.9 (sles 16.0),1.35-160000.4.1,false,not_affected,vulnerable_code_not_in_execute_path
rancher/harvester-csi-driver:v0.2.9,rancher/prime/v2.16-head,curl,8.14.1-160000.5.1,sles,SUSE-SU-2026:22582-1,HIGH,,rancher/harvester-csi-driver:v0.2.9 (sles 16.0),8.14.1-160000.8.1,false,not_affected,vulnerable_code_not_in_execute_path
rancher/harvester-csi-driver:v0.2.9,rancher/prime/v2.16-head,libcurl4,8.14.1-160000.5.1,sles,SUSE-SU-2026:22582-1,HIGH,,rancher/harvester-csi-driver:v0.2.9 (sles 16.0),8.14.1-160000.8.1,false,not_affected,vulnerable_code_not_in_execute_path
rancher/harvester-csi-driver:v0.2.9,rancher/prime/v2.16-head,libnghttp2-14,1.64.0-160000.3.1,sles,SUSE-SU-2026:22630-1,MEDIUM,,rancher/harvester-csi-driver:v0.2.9 (sles 16.0),1.64.0-160000.4.1,false,not_affected,vulnerable_code_not_in_execute_path
rancher/harvester-csi-driver:v0.2.9,rancher/prime/v2.16-head,libxml2-2,2.13.8-160000.4.1,sles,SUSE-SU-2026:22636-1,HIGH,,rancher/harvester-csi-driver:v0.2.9 (sles 16.0),2.13.8-160000.5.1,false,not_affected,vulnerable_code_not_in_execute_path
rancher/harvester-csi-driver:v0.2.9,rancher/prime/v2.16-head,pam,1.7.1-160000.3.1,sles,SUSE-SU-2026:22639-1,MEDIUM,,rancher/harvester-csi-driver:v0.2.9 (sles 16.0),1.7.1-160000.5.1,false,not_affected,vulnerable_code_not_in_execute_path
rancher/harvester-csi-driver:v0.2.9,rancher/prime/v2.16-head,gzip,1.13-160000.2.2,sles,SUSE-SU-2026:22818-1,HIGH,,rancher/harvester-csi-driver:v0.2.9 (sles 16.0),1.13-160000.3.1,false,not_affected,vulnerable_code_not_in_execute_path
rancher/harvester-csi-driver:v0.2.9,rancher/prime/v2.16-head,vim,9.2.0530-160000.1.1,sles,SUSE-SU-2026:22821-1,HIGH,,rancher/harvester-csi-driver:v0.2.9 (sles 16.0),9.2.0780-160000.1.1,false,not_affected,vulnerable_code_not_in_execute_path
rancher/harvester-csi-driver:v0.2.9,rancher/prime/v2.16-head,vim-data-common,9.2.0530-160000.1.1,sles,SUSE-SU-2026:22821-1,HIGH,,rancher/harvester-csi-driver:v0.2.9 (sles 16.0),9.2.0780-160000.1.1,false,not_affected,vulnerable_code_not_in_execute_path
rancher/harvester-csi-driver:v0.2.9,rancher/prime/v2.16-head,xxd,9.2.0530-160000.1.1,sles,SUSE-SU-2026:22821-1,HIGH,,rancher/harvester-csi-driver:v0.2.9 (sles 16.0),9.2.0780-160000.1.1,false,not_affected,vulnerable_code_not_in_execute_path
rancher/harvester-csi-driver:v0.2.9,rancher/prime/v2.16-head,libglib-2_0-0,2.84.4-160000.2.1,sles,SUSE-SU-2026:22846-1,HIGH,,rancher/harvester-csi-driver:v0.2.9 (sles 16.0),2.84.4-160000.4.1,false,not_affected,vulnerable_code_not_in_execute_path
rancher/harvester-csi-driver:v0.2.9,rancher/prime/v2.16-head,perl,5.42.0-160000.2.2,sles,SUSE-SU-2026:22847-1,HIGH,,rancher/harvester-csi-driver:v0.2.9 (sles 16.0),5.42.0-160000.3.1,false,not_affected,vulnerable_code_not_in_execute_path
rancher/harvester-csi-driver:v0.2.9,rancher/prime/v2.16-head,perl-base,5.42.0-160000.2.2,sles,SUSE-SU-2026:22847-1,HIGH,,rancher/harvester-csi-driver:v0.2.9 (sles 16.0),5.42.0-160000.3.1,false,not_affected,vulnerable_code_not_in_execute_path
rancher/harvester-csi-driver:v0.2.9,rancher/prime/v2.16-head,libssh-config,0.11.4-160000.1.1,sles,SUSE-SU-2026:22948-1,MEDIUM,,rancher/harvester-csi-driver:v0.2.9 (sles 16.0),0.11.5-160000.1.1,false,not_affected,vulnerable_code_not_in_execute_path
rancher/harvester-csi-driver:v0.2.9,rancher/prime/v2.16-head,libssh4,0.11.4-160000.1.1,sles,SUSE-SU-2026:22948-1,MEDIUM,,rancher/harvester-csi-driver:v0.2.9 (sles 16.0),0.11.5-160000.1.1,false,not_affected,vulnerable_code_not_in_execute_path
rancher/harvester-csi-driver:v0.2.9,rancher/prime/v2.16-head,libssh-config,0.11.4-160000.1.1,sles,SUSE-SU-2026:22956-1,MEDIUM,,rancher/harvester-csi-driver:v0.2.9 (sles 16.0),0.11.5-160000.1.1,false,not_affected,vulnerable_code_not_in_execute_path
rancher/harvester-csi-driver:v0.2.9,rancher/prime/v2.16-head,libssh4,0.11.4-160000.1.1,sles,SUSE-SU-2026:22956-1,MEDIUM,,rancher/harvester-csi-driver:v0.2.9 (sles 16.0),0.11.5-160000.1.1,false,not_affected,vulnerable_code_not_in_execute_path
rancher/harvester-csi-driver:v0.2.9,rancher/prime/v2.16-head,libpython3_13-1_0,3.13.13-160000.1.1,sles,SUSE-SU-2026:23303-1,HIGH,,rancher/harvester-csi-driver:v0.2.9 (sles 16.0),3.13.14-160000.2.1,false,not_affected,vulnerable_code_not_in_execute_path
rancher/harvester-csi-driver:v0.2.9,rancher/prime/v2.16-head,python313-base,3.13.13-160000.1.1,sles,SUSE-SU-2026:23303-1,HIGH,,rancher/harvester-csi-driver:v0.2.9 (sles 16.0),3.13.14-160000.2.1,false,not_affected,vulnerable_code_not_in_execute_path
rancher/k3s-upgrade:v1.35.8-k3s1,rancher/prime/v2.16-head,jq,1.8.1-r0,alpine,CVE-2026-32316,HIGH,https://avd.aquasec.com/nvd/cve-2026-32316,rancher/k3s-upgrade:v1.35.8-k3s1 (alpine 3.23.5),1.8.2-r0,false,affected,
rancher/k3s-upgrade:v1.35.8-k3s1,rancher/prime/v2.16-head,google.golang.org/grpc,v1.72.2,gobinary,CVE-2026-33186,CRITICAL,https://avd.aquasec.com/nvd/cve-2026-33186,opt/k3s,1.79.3,false,not_affected,vulnerable_code_not_present
rancher/k3s-upgrade:v1.35.8-k3s1,rancher/prime/v2.16-head,jq,1.8.1-r0,alpine,CVE-2026-40164,HIGH,https://avd.aquasec.com/nvd/cve-2026-40164,rancher/k3s-upgrade:v1.35.8-k3s1 (alpine 3.23.5),1.8.2-r0,false,affected,
rancher/k3s-upgrade:v1.35.8-k3s1,rancher/prime/v2.16-head,google.golang.org/grpc,v1.72.2,gobinary,CVE-2026-84303,MEDIUM,https://avd.aquasec.com/nvd/cve-2026-84303,opt/k3s,1.83.1,false,not_affected,vulnerable_code_not_present
rancher/k3s-upgrade:v1.35.8-k3s1,rancher/prime/v2.16-head,google.golang.org/grpc,v1.72.2,gobinary,CVE-2026-84304,HIGH,https://avd.aquasec.com/nvd/cve-2026-84304,opt/k3s,1.83.1,false,affected,
rancher/k3s-upgrade:v1.35.8-k3s1,rancher/prime/v2.16-head,google.golang.org/grpc,v1.72.2,gobinary,CVE-2026-84445,HIGH,https://avd.aquasec.com/nvd/cve-2026-84445,opt/k3s,"1.82.2, 1.83.2, 1.84.0-dev.0.20260825144003-d5a41119e0e3, 1.85.0-dev.0.20260825072537-93e31b48545e",false,affected,
rancher/k3s-upgrade:v1.35.8-k3s1,rancher/prime/v2.16-head,google.golang.org/grpc,v1.72.2,gobinary,GHSA-hrxh-6v49-42gf,HIGH,https://github.com/advisories/GHSA-hrxh-6v49-42gf,opt/k3s,1.82.1,false,affected,
rancher/k3s-upgrade:v1.36.4-k3s1,rancher/prime/v2.16-head,jq,1.8.1-r0,alpine,CVE-2026-32316,HIGH,https://avd.aquasec.com/nvd/cve-2026-32316,rancher/k3s-upgrade:v1.36.4-k3s1 (alpine 3.23.5),1.8.2-r0,false,affected,
rancher/k3s-upgrade:v1.36.4-k3s1,rancher/prime/v2.16-head,jq,1.8.1-r0,alpine,CVE-2026-40164,HIGH,https://avd.aquasec.com/nvd/cve-2026-40164,rancher/k3s-upgrade:v1.36.4-k3s1 (alpine 3.23.5),1.8.2-r0,false,affected,
rancher/k3s-upgrade:v1.36.4-k3s1,rancher/prime/v2.16-head,google.golang.org/grpc,v1.79.3,gobinary,CVE-2026-84303,MEDIUM,https://avd.aquasec.com/nvd/cve-2026-84303,opt/k3s,1.83.1,false,not_affected,vulnerable_code_not_present
rancher/k3s-upgrade:v1.36.4-k3s1,rancher/prime/v2.16-head,google.golang.org/grpc,v1.79.3,gobinary,CVE-2026-84304,HIGH,https://avd.aquasec.com/nvd/cve-2026-84304,opt/k3s,1.83.1,false,affected,
rancher/k3s-upgrade:v1.36.4-k3s1,rancher/prime/v2.16-head,google.golang.org/grpc,v1.79.3,gobinary,CVE-2026-84445,HIGH,https://avd.aquasec.com/nvd/cve-2026-84445,opt/k3s,"1.82.2, 1.83.2, 1.84.0-dev.0.20260825144003-d5a41119e0e3, 1.85.0-dev.0.20260825072537-93e31b48545e",false,affected,
rancher/k3s-upgrade:v1.36.4-k3s1,rancher/prime/v2.16-head,google.golang.org/grpc,v1.79.3,gobinary,GHSA-hrxh-6v49-42gf,HIGH,https://github.com/advisories/GHSA-hrxh-6v49-42gf,opt/k3s,1.82.1,false,affected,
rancher/klipper-helm:v0.13.3-build20260727,rancher/prime/v2.16-head,jq,1.8.1-r0,alpine,CVE-2026-32316,HIGH,https://avd.aquasec.com/nvd/cve-2026-32316,rancher/klipper-helm:v0.13.3-build20260727 (alpine 3.24.1),1.8.2-r0,false,affected,
rancher/klipper-helm:v0.13.3-build20260727,rancher/prime/v2.16-head,stdlib,v1.26.5,gobinary,CVE-2026-33818,HIGH,https://avd.aquasec.com/nvd/cve-2026-33818,home/klipper-helm/.local/share/helm/plugins/helm-mapkubeapis/bin/mapkubeapis,"1.25.13, 1.26.6, 1.27.0-rc.3",false,affected,
rancher/klipper-helm:v0.13.3-build20260727,rancher/prime/v2.16-head,stdlib,v1.26.5,gobinary,CVE-2026-33818,HIGH,https://avd.aquasec.com/nvd/cve-2026-33818,home/klipper-helm/.local/share/helm/plugins/helm-set-status/helm-set-status,"1.25.13, 1.26.6, 1.27.0-rc.3",false,affected,
rancher/klipper-helm:v0.13.3-build20260727,rancher/prime/v2.16-head,stdlib,v1.26.5,gobinary,CVE-2026-33818,HIGH,https://avd.aquasec.com/nvd/cve-2026-33818,usr/bin/helm,"1.25.13, 1.26.6, 1.27.0-rc.3",false,affected,
rancher/klipper-helm:v0.13.3-build20260727,rancher/prime/v2.16-head,stdlib,v1.26.5,gobinary,CVE-2026-39821,HIGH,https://avd.aquasec.com/nvd/cve-2026-39821,home/klipper-helm/.local/share/helm/plugins/helm-mapkubeapis/bin/mapkubeapis,"1.25.13, 1.26.6, 1.27.0-rc.3",false,affected,
rancher/klipper-helm:v0.13.3-build20260727,rancher/prime/v2.16-head,stdlib,v1.26.5,gobinary,CVE-2026-39821,HIGH,https://avd.aquasec.com/nvd/cve-2026-39821,home/klipper-helm/.local/share/helm/plugins/helm-set-status/helm-set-status,"1.25.13, 1.26.6, 1.27.0-rc.3",false,affected,
rancher/klipper-helm:v0.13.3-build20260727,rancher/prime/v2.16-head,stdlib,v1.26.5,gobinary,CVE-2026-39821,HIGH,https://avd.aquasec.com/nvd/cve-2026-39821,usr/bin/helm,"1.25.13, 1.26.6, 1.27.0-rc.3",false,affected,
rancher/klipper-helm:v0.13.3-build20260727,rancher/prime/v2.16-head,golang.org/x/crypto,v0.51.0,gobinary,CVE-2026-39827,MEDIUM,https://avd.aquasec.com/nvd/cve-2026-39827,home/klipper-helm/.local/share/helm/plugins/helm-mapkubeapis/bin/mapkubeapis,0.52.0,false,not_affected,vulnerable_code_not_present
rancher/klipper-helm:v0.13.3-build20260727,rancher/prime/v2.16-head,golang.org/x/crypto,v0.51.0,gobinary,CVE-2026-39828,HIGH,https://avd.aquasec.com/nvd/cve-2026-39828,home/klipper-helm/.local/share/helm/plugins/helm-mapkubeapis/bin/mapkubeapis,0.52.0,false,not_affected,vulnerable_code_not_present
rancher/klipper-helm:v0.13.3-build20260727,rancher/prime/v2.16-head,golang.org/x/crypto,v0.51.0,gobinary,CVE-2026-39828,HIGH,https://avd.aquasec.com/nvd/cve-2026-39828,home/klipper-helm/.local/share/helm/plugins/helm-set-status/helm-set-status,0.52.0,false,not_affected,vulnerable_code_not_present
rancher/klipper-helm:v0.13.3-build20260727,rancher/prime/v2.16-head,golang.org/x/crypto,v0.51.0,gobinary,CVE-2026-39828,HIGH,https://avd.aquasec.com/nvd/cve-2026-39828,usr/bin/helm,0.52.0,false,not_affected,vulnerable_code_not_present
rancher/klipper-helm:v0.13.3-build20260727,rancher/prime/v2.16-head,golang.org/x/crypto,v0.51.0,gobinary,CVE-2026-39829,HIGH,https://avd.aquasec.com/nvd/cve-2026-39829,home/klipper-helm/.local/share/helm/plugins/helm-mapkubeapis/bin/mapkubeapis,0.52.0,false,not_affected,vulnerable_code_not_present
rancher/klipper-helm:v0.13.3-build20260727,rancher/prime/v2.16-head,golang.org/x/crypto,v0.51.0,gobinary,CVE-2026-39829,HIGH,https://avd.aquasec.com/nvd/cve-2026-39829,home/klipper-helm/.local/share/helm/plugins/helm-set-status/helm-set-status,0.52.0,false,not_affected,vulnerable_code_not_present
rancher/klipper-helm:v0.13.3-build20260727,rancher/prime/v2.16-head,golang.org/x/crypto,v0.51.0,gobinary,CVE-2026-39829,HIGH,https://avd.aquasec.com/nvd/cve-2026-39829,usr/bin/helm,0.52.0,false,not_affected,vulnerable_code_not_present
rancher/klipper-helm:v0.13.3-build20260727,rancher/prime/v2.16-head,golang.org/x/crypto,v0.51.0,gobinary,CVE-2026-39830,HIGH,https://avd.aquasec.com/nvd/cve-2026-39830,home/klipper-helm/.local/share/helm/plugins/helm-mapkubeapis/bin/mapkubeapis,0.52.0,false,not_affected,vulnerable_code_not_present
rancher/klipper-helm:v0.13.3-build20260727,rancher/prime/v2.16-head,golang.org/x/crypto,v0.51.0,gobinary,CVE-2026-39830,HIGH,https://avd.aquasec.com/nvd/cve-2026-39830,home/klipper-helm/.local/share/helm/plugins/helm-set-status/helm-set-status,0.52.0,false,not_affected,vulnerable_code_not_present
rancher/klipper-helm:v0.13.3-build20260727,rancher/prime/v2.16-head,golang.org/x/crypto,v0.51.0,gobinary,CVE-2026-39830,HIGH,https://avd.aquasec.com/nvd/cve-2026-39830,usr/bin/helm,0.52.0,false,not_affected,vulnerable_code_not_present
rancher/klipper-helm:v0.13.3-build20260727,rancher/prime/v2.16-head,golang.org/x/crypto,v0.51.0,gobinary,CVE-2026-39831,HIGH,https://avd.aquasec.com/nvd/cve-2026-39831,home/klipper-helm/.local/share/helm/plugins/helm-mapkubeapis/bin/mapkubeapis,0.52.0,false,not_affected,vulnerable_code_not_present
rancher/klipper-helm:v0.13.3-build20260727,rancher/prime/v2.16-head,golang.org/x/crypto,v0.51.0,gobinary,CVE-2026-39831,HIGH,https://avd.aquasec.com/nvd/cve-2026-39831,home/klipper-helm/.local/share/helm/plugins/helm-set-status/helm-set-status,0.52.0,false,not_affected,vulnerable_code_not_present
rancher/klipper-helm:v0.13.3-build20260727,rancher/prime/v2.16-head,golang.org/x/crypto,v0.51.0,gobinary,CVE-2026-39831,HIGH,https://avd.aquasec.com/nvd/cve-2026-39831,usr/bin/helm,0.52.0,false,not_affected,vulnerable_code_not_present
rancher/klipper-helm:v0.13.3-build20260727,rancher/prime/v2.16-head,golang.org/x/crypto,v0.51.0,gobinary,CVE-2026-39832,HIGH,https://avd.aquasec.com/nvd/cve-2026-39832,home/klipper-helm/.local/share/helm/plugins/helm-mapkubeapis/bin/mapkubeapis,0.52.0,false,not_affected,vulnerable_code_not_present
rancher/klipper-helm:v0.13.3-build20260727,rancher/prime/v2.16-head,golang.org/x/crypto,v0.51.0,gobinary,CVE-2026-39832,HIGH,https://avd.aquasec.com/nvd/cve-2026-39832,home/klipper-helm/.local/share/helm/plugins/helm-set-status/helm-set-status,0.52.0,false,not_affected,vulnerable_code_not_present
rancher/klipper-helm:v0.13.3-build20260727,rancher/prime/v2.16-head,golang.org/x/crypto,v0.51.0,gobinary,CVE-2026-39832,HIGH,https://avd.aquasec.com/nvd/cve-2026-39832,usr/bin/helm,0.52.0,false,not_affected,vulnerable_code_not_present
rancher/klipper-helm:v0.13.3-build20260727,rancher/prime/v2.16-head,golang.org/x/crypto,v0.51.0,gobinary,CVE-2026-39833,MEDIUM,https://avd.aquasec.com/nvd/cve-2026-39833,home/klipper-helm/.local/share/helm/plugins/helm-mapkubeapis/bin/mapkubeapis,0.52.0,false,not_affected,vulnerable_code_not_present
rancher/klipper-helm:v0.13.3-build20260727,rancher/prime/v2.16-head,golang.org/x/crypto,v0.51.0,gobinary,CVE-2026-39833,MEDIUM,https://avd.aquasec.com/nvd/cve-2026-39833,home/klipper-helm/.local/share/helm/plugins/helm-set-status/helm-set-status,0.52.0,false,not_affected,vulnerable_code_not_present
rancher/klipper-helm:v0.13.3-build20260727,rancher/prime/v2.16-head,golang.org/x/crypto,v0.51.0,gobinary,CVE-2026-39833,MEDIUM,https://avd.aquasec.com/nvd/cve-2026-39833,usr/bin/helm,0.52.0,false,not_affected,vulnerable_code_not_present
rancher/klipper-helm:v0.13.3-build20260727,rancher/prime/v2.16-head,golang.org/x/crypto,v0.51.0,gobinary,CVE-2026-39834,MEDIUM,https://avd.aquasec.com/nvd/cve-2026-39834,home/klipper-helm/.local/share/helm/plugins/helm-mapkubeapis/bin/mapkubeapis,0.52.0,false,not_affected,vulnerable_code_not_present
rancher/klipper-helm:v0.13.3-build20260727,rancher/prime/v2.16-head,golang.org/x/crypto,v0.51.0,gobinary,CVE-2026-39834,MEDIUM,https://avd.aquasec.com/nvd/cve-2026-39834,home/klipper-helm/.local/share/helm/plugins/helm-set-status/helm-set-status,0.52.0,false,not_affected,vulnerable_code_not_present
rancher/klipper-helm:v0.13.3-build20260727,rancher/prime/v2.16-head,golang.org/x/crypto,v0.51.0,gobinary,CVE-2026-39834,MEDIUM,https://avd.aquasec.com/nvd/cve-2026-39834,usr/bin/helm,0.52.0,false,not_affected,vulnerable_code_not_present
rancher/klipper-helm:v0.13.3-build20260727,rancher/prime/v2.16-head,golang.org/x/crypto,v0.51.0,gobinary,CVE-2026-39835,HIGH,https://avd.aquasec.com/nvd/cve-2026-39835,home/klipper-helm/.local/share/helm/plugins/helm-mapkubeapis/bin/mapkubeapis,0.52.0,false,not_affected,vulnerable_code_not_present
rancher/klipper-helm:v0.13.3-build20260727,rancher/prime/v2.16-head,golang.org/x/crypto,v0.51.0,gobinary,CVE-2026-39835,HIGH,https://avd.aquasec.com/nvd/cve-2026-39835,home/klipper-helm/.local/share/helm/plugins/helm-set-status/helm-set-status,0.52.0,false,not_affected,vulnerable_code_not_present
rancher/klipper-helm:v0.13.3-build20260727,rancher/prime/v2.16-head,golang.org/x/crypto,v0.51.0,gobinary,CVE-2026-39835,HIGH,https://avd.aquasec.com/nvd/cve-2026-39835,usr/bin/helm,0.52.0,false,not_affected,vulnerable_code_not_present
rancher/klipper-helm:v0.13.3-build20260727,rancher/prime/v2.16-head,jq,1.8.1-r0,alpine,CVE-2026-40164,HIGH,https://avd.aquasec.com/nvd/cve-2026-40164,rancher/klipper-helm:v0.13.3-build20260727 (alpine 3.24.1),1.8.2-r0,false,affected,
rancher/klipper-helm:v0.13.3-build20260727,rancher/prime/v2.16-head,golang.org/x/crypto,v0.51.0,gobinary,CVE-2026-42508,HIGH,https://avd.aquasec.com/nvd/cve-2026-42508,home/klipper-helm/.local/share/helm/plugins/helm-mapkubeapis/bin/mapkubeapis,0.52.0,false,not_affected,vulnerable_code_not_present
rancher/klipper-helm:v0.13.3-build20260727,rancher/prime/v2.16-head,golang.org/x/crypto,v0.51.0,gobinary,CVE-2026-42508,HIGH,https://avd.aquasec.com/nvd/cve-2026-42508,home/klipper-helm/.local/share/helm/plugins/helm-set-status/helm-set-status,0.52.0,false,not_affected,vulnerable_code_not_present
rancher/klipper-helm:v0.13.3-build20260727,rancher/prime/v2.16-head,golang.org/x/crypto,v0.51.0,gobinary,CVE-2026-42508,HIGH,https://avd.aquasec.com/nvd/cve-2026-42508,usr/bin/helm,0.52.0,false,not_affected,vulnerable_code_not_present
rancher/klipper-helm:v0.13.3-build20260727,rancher/prime/v2.16-head,golang.org/x/crypto,v0.51.0,gobinary,CVE-2026-46595,HIGH,https://avd.aquasec.com/nvd/cve-2026-46595,home/klipper-helm/.local/share/helm/plugins/helm-mapkubeapis/bin/mapkubeapis,0.52.0,false,not_affected,vulnerable_code_not_present
rancher/klipper-helm:v0.13.3-build20260727,rancher/prime/v2.16-head,golang.org/x/crypto,v0.51.0,gobinary,CVE-2026-46595,HIGH,https://avd.aquasec.com/nvd/cve-2026-46595,home/klipper-helm/.local/share/helm/plugins/helm-set-status/helm-set-status,0.52.0,false,not_affected,vulnerable_code_not_present
rancher/klipper-helm:v0.13.3-build20260727,rancher/prime/v2.16-head,golang.org/x/crypto,v0.51.0,gobinary,CVE-2026-46595,HIGH,https://avd.aquasec.com/nvd/cve-2026-46595,usr/bin/helm,0.52.0,false,not_affected,vulnerable_code_not_present
rancher/klipper-helm:v0.13.3-build20260727,rancher/prime/v2.16-head,golang.org/x/crypto,v0.51.0,gobinary,CVE-2026-46597,HIGH,https://avd.aquasec.com/nvd/cve-2026-46597,home/klipper-helm/.local/share/helm/plugins/helm-mapkubeapis/bin/mapkubeapis,0.52.0,false,not_affected,vulnerable_code_not_present
rancher/klipper-helm:v0.13.3-build20260727,rancher/prime/v2.16-head,golang.org/x/crypto,v0.51.0,gobinary,CVE-2026-46597,HIGH,https://avd.aquasec.com/nvd/cve-2026-46597,home/klipper-helm/.local/share/helm/plugins/helm-set-status/helm-set-status,0.52.0,false,not_affected,vulnerable_code_not_present
rancher/klipper-helm:v0.13.3-build20260727,rancher/prime/v2.16-head,golang.org/x/crypto,v0.51.0,gobinary,CVE-2026-46597,HIGH,https://avd.aquasec.com/nvd/cve-2026-46597,usr/bin/helm,0.52.0,false,not_affected,vulnerable_code_not_present
rancher/klipper-helm:v0.13.3-build20260727,rancher/prime/v2.16-head,golang.org/x/crypto,v0.51.0,gobinary,CVE-2026-46598,MEDIUM,https://avd.aquasec.com/nvd/cve-2026-46598,home/klipper-helm/.local/share/helm/plugins/helm-mapkubeapis/bin/mapkubeapis,0.52.0,false,not_affected,vulnerable_code_not_present
rancher/klipper-helm:v0.13.3-build20260727,rancher/prime/v2.16-head,golang.org/x/crypto,v0.51.0,gobinary,CVE-2026-46598,MEDIUM,https://avd.aquasec.com/nvd/cve-2026-46598,home/klipper-helm/.local/share/helm/plugins/helm-set-status/helm-set-status,0.52.0,false,not_affected,vulnerable_code_not_present
rancher/klipper-helm:v0.13.3-build20260727,rancher/prime/v2.16-head,golang.org/x/crypto,v0.51.0,gobinary,CVE-2026-46598,MEDIUM,https://avd.aquasec.com/nvd/cve-2026-46598,usr/bin/helm,0.52.0,false,not_affected,vulnerable_code_not_present
rancher/klipper-helm:v0.13.3-build20260727,rancher/prime/v2.16-head,golang.org/x/net,v0.55.0,gobinary,CVE-2026-46600,HIGH,https://avd.aquasec.com/nvd/cve-2026-46600,home/klipper-helm/.local/share/helm/plugins/helm-mapkubeapis/bin/mapkubeapis,0.56.0,false,not_affected,vulnerable_code_not_present
rancher/klipper-helm:v0.13.3-build20260727,rancher/prime/v2.16-head,stdlib,v1.26.5,gobinary,CVE-2026-46600,HIGH,https://avd.aquasec.com/nvd/cve-2026-46600,home/klipper-helm/.local/share/helm/plugins/helm-set-status/helm-set-status,"1.26.6, 1.27.0-rc.3",false,not_affected,vulnerable_code_not_in_execute_path
rancher/klipper-helm:v0.13.3-build20260727,rancher/prime/v2.16-head,stdlib,v1.26.5,gobinary,CVE-2026-46600,HIGH,https://avd.aquasec.com/nvd/cve-2026-46600,usr/bin/helm,"1.26.6, 1.27.0-rc.3",false,not_affected,vulnerable_code_not_in_execute_path
rancher/klipper-helm:v0.13.3-build20260727,rancher/prime/v2.16-head,oras.land/oras-go/v2,v2.6.0,gobinary,CVE-2026-50151,HIGH,https://avd.aquasec.com/nvd/cve-2026-50151,home/klipper-helm/.local/share/helm/plugins/helm-mapkubeapis/bin/mapkubeapis,2.6.1,false,not_affected,vulnerable_code_not_in_execute_path
rancher/klipper-helm:v0.13.3-build20260727,rancher/prime/v2.16-head,oras.land/oras-go/v2,v2.6.0,gobinary,CVE-2026-50151,HIGH,https://avd.aquasec.com/nvd/cve-2026-50151,home/klipper-helm/.local/share/helm/plugins/helm-set-status/helm-set-status,2.6.1,false,not_affected,vulnerable_code_not_in_execute_path
rancher/klipper-helm:v0.13.3-build20260727,rancher/prime/v2.16-head,oras.land/oras-go/v2,v2.6.0,gobinary,CVE-2026-50151,HIGH,https://avd.aquasec.com/nvd/cve-2026-50151,usr/bin/helm,2.6.1,false,not_affected,vulnerable_code_not_in_execute_path
rancher/klipper-helm:v0.13.3-build20260727,rancher/prime/v2.16-head,oras.land/oras-go/v2,v2.6.0,gobinary,CVE-2026-50162,MEDIUM,https://avd.aquasec.com/nvd/cve-2026-50162,home/klipper-helm/.local/share/helm/plugins/helm-mapkubeapis/bin/mapkubeapis,2.6.1,false,not_affected,vulnerable_code_not_present
rancher/klipper-helm:v0.13.3-build20260727,rancher/prime/v2.16-head,oras.land/oras-go/v2,v2.6.0,gobinary,CVE-2026-50162,MEDIUM,https://avd.aquasec.com/nvd/cve-2026-50162,home/klipper-helm/.local/share/helm/plugins/helm-set-status/helm-set-status,2.6.1,false,not_affected,vulnerable_code_not_present
rancher/klipper-helm:v0.13.3-build20260727,rancher/prime/v2.16-head,oras.land/oras-go/v2,v2.6.0,gobinary,CVE-2026-50162,MEDIUM,https://avd.aquasec.com/nvd/cve-2026-50162,usr/bin/helm,2.6.1,false,not_affected,vulnerable_code_not_present
rancher/klipper-helm:v0.13.3-build20260727,rancher/prime/v2.16-head,oras.land/oras-go/v2,v2.6.0,gobinary,CVE-2026-50163,HIGH,https://avd.aquasec.com/nvd/cve-2026-50163,home/klipper-helm/.local/share/helm/plugins/helm-mapkubeapis/bin/mapkubeapis,2.6.2,false,not_affected,vulnerable_code_not_present
rancher/klipper-helm:v0.13.3-build20260727,rancher/prime/v2.16-head,oras.land/oras-go/v2,v2.6.0,gobinary,CVE-2026-50163,HIGH,https://avd.aquasec.com/nvd/cve-2026-50163,home/klipper-helm/.local/share/helm/plugins/helm-set-status/helm-set-status,2.6.2,false,not_affected,vulnerable_code_not_present
rancher/klipper-helm:v0.13.3-build20260727,rancher/prime/v2.16-head,oras.land/oras-go/v2,v2.6.0,gobinary,CVE-2026-50163,HIGH,https://avd.aquasec.com/nvd/cve-2026-50163,usr/bin/helm,2.6.2,false,not_affected,vulnerable_code_not_present
rancher/klipper-helm:v0.13.3-build20260727,rancher/prime/v2.16-head,golang.org/x/text,v0.37.0,gobinary,CVE-2026-56852,HIGH,https://avd.aquasec.com/nvd/cve-2026-56852,home/klipper-helm/.local/share/helm/plugins/helm-mapkubeapis/bin/mapkubeapis,0.39.0,false,not_affected,vulnerable_code_not_in_execute_path
rancher/klipper-helm:v0.13.3-build20260727,rancher/prime/v2.16-head,stdlib,v1.26.5,gobinary,CVE-2026-56853,HIGH,https://avd.aquasec.com/nvd/cve-2026-56853,home/klipper-helm/.local/share/helm/plugins/helm-mapkubeapis/bin/mapkubeapis,"1.25.13, 1.26.6, 1.27.0-rc.3",false,not_affected,vulnerable_code_not_in_execute_path
rancher/klipper-helm:v0.13.3-build20260727,rancher/prime/v2.16-head,stdlib,v1.26.5,gobinary,CVE-2026-56853,HIGH,https://avd.aquasec.com/nvd/cve-2026-56853,home/klipper-helm/.local/share/helm/plugins/helm-set-status/helm-set-status,"1.25.13, 1.26.6, 1.27.0-rc.3",false,not_affected,vulnerable_code_not_in_execute_path
rancher/klipper-helm:v0.13.3-build20260727,rancher/prime/v2.16-head,stdlib,v1.26.5,gobinary,CVE-2026-56853,HIGH,https://avd.aquasec.com/nvd/cve-2026-56853,usr/bin/helm,"1.25.13, 1.26.6, 1.27.0-rc.3",false,affected,
rancher/klipper-helm:v0.13.3-build20260727,rancher/prime/v2.16-head,golang.org/x/crypto,v0.51.0,gobinary,CVE-2026-56854,HIGH,https://avd.aquasec.com/nvd/cve-2026-56854,home/klipper-helm/.local/share/helm/plugins/helm-mapkubeapis/bin/mapkubeapis,0.55.0,false,not_affected,vulnerable_code_not_present
rancher/klipper-helm:v0.13.3-build20260727,rancher/prime/v2.16-head,golang.org/x/crypto,v0.51.0,gobinary,CVE-2026-56854,HIGH,https://avd.aquasec.com/nvd/cve-2026-56854,home/klipper-helm/.local/share/helm/plugins/helm-set-status/helm-set-status,0.55.0,false,not_affected,vulnerable_code_not_present
rancher/klipper-helm:v0.13.3-build20260727,rancher/prime/v2.16-head,golang.org/x/crypto,v0.51.0,gobinary,CVE-2026-56854,HIGH,https://avd.aquasec.com/nvd/cve-2026-56854,usr/bin/helm,0.55.0,false,not_affected,vulnerable_code_not_present
rancher/klipper-helm:v0.13.3-build20260727,rancher/prime/v2.16-head,golang.org/x/crypto,v0.51.0,gobinary,CVE-2026-56855,MEDIUM,https://avd.aquasec.com/nvd/cve-2026-56855,home/klipper-helm/.local/share/helm/plugins/helm-mapkubeapis/bin/mapkubeapis,0.56.0,false,not_affected,vulnerable_code_not_present
rancher/klipper-helm:v0.13.3-build20260727,rancher/prime/v2.16-head,golang.org/x/crypto,v0.51.0,gobinary,CVE-2026-56855,MEDIUM,https://avd.aquasec.com/nvd/cve-2026-56855,home/klipper-helm/.local/share/helm/plugins/helm-set-status/helm-set-status,0.56.0,false,not_affected,vulnerable_code_not_present
rancher/klipper-helm:v0.13.3-build20260727,rancher/prime/v2.16-head,golang.org/x/crypto,v0.51.0,gobinary,CVE-2026-56855,MEDIUM,https://avd.aquasec.com/nvd/cve-2026-56855,usr/bin/helm,0.56.0,false,not_affected,vulnerable_code_not_present
rancher/klipper-helm:v0.13.3-build20260727,rancher/prime/v2.16-head,stdlib,v1.26.5,gobinary,CVE-2026-56858,HIGH,https://avd.aquasec.com/nvd/cve-2026-56858,home/klipper-helm/.local/share/helm/plugins/helm-mapkubeapis/bin/mapkubeapis,"1.25.13, 1.26.6, 1.27.0-rc.3",false,not_affected,vulnerable_code_not_in_execute_path
rancher/klipper-helm:v0.13.3-build20260727,rancher/prime/v2.16-head,stdlib,v1.26.5,gobinary,CVE-2026-56858,HIGH,https://avd.aquasec.com/nvd/cve-2026-56858,home/klipper-helm/.local/share/helm/plugins/helm-set-status/helm-set-status,"1.25.13, 1.26.6, 1.27.0-rc.3",false,not_affected,vulnerable_code_not_in_execute_path
rancher/klipper-helm:v0.13.3-build20260727,rancher/prime/v2.16-head,stdlib,v1.26.5,gobinary,CVE-2026-56859,HIGH,https://avd.aquasec.com/nvd/cve-2026-56859,home/klipper-helm/.local/share/helm/plugins/helm-mapkubeapis/bin/mapkubeapis,"1.25.13, 1.26.6, 1.27.0-rc.3",false,affected,
rancher/klipper-helm:v0.13.3-build20260727,rancher/prime/v2.16-head,stdlib,v1.26.5,gobinary,CVE-2026-56859,HIGH,https://avd.aquasec.com/nvd/cve-2026-56859,home/klipper-helm/.local/share/helm/plugins/helm-set-status/helm-set-status,"1.25.13, 1.26.6, 1.27.0-rc.3",false,not_affected,vulnerable_code_not_in_execute_path
rancher/klipper-helm:v0.13.3-build20260727,rancher/prime/v2.16-head,stdlib,v1.26.5,gobinary,CVE-2026-56859,HIGH,https://avd.aquasec.com/nvd/cve-2026-56859,usr/bin/helm,"1.25.13, 1.26.6, 1.27.0-rc.3",false,affected,
rancher/klipper-helm:v0.13.3-build20260727,rancher/prime/v2.16-head,stdlib,v1.26.5,gobinary,CVE-2026-56862,HIGH,https://avd.aquasec.com/nvd/cve-2026-56862,home/klipper-helm/.local/share/helm/plugins/helm-mapkubeapis/bin/mapkubeapis,"1.25.13, 1.26.6, 1.27.0-rc.3",false,affected,
rancher/klipper-helm:v0.13.3-build20260727,rancher/prime/v2.16-head,stdlib,v1.26.5,gobinary,CVE-2026-56862,HIGH,https://avd.aquasec.com/nvd/cve-2026-56862,home/klipper-helm/.local/share/helm/plugins/helm-set-status/helm-set-status,"1.25.13, 1.26.6, 1.27.0-rc.3",false,affected,
rancher/klipper-helm:v0.13.3-build20260727,rancher/prime/v2.16-head,stdlib,v1.26.5,gobinary,CVE-2026-56862,HIGH,https://avd.aquasec.com/nvd/cve-2026-56862,usr/bin/helm,"1.25.13, 1.26.6, 1.27.0-rc.3",false,affected,
rancher/klipper-helm:v0.13.3-build20260727,rancher/prime/v2.16-head,golang.org/x/mod,v0.35.0,gobinary,CVE-2026-56864,HIGH,https://avd.aquasec.com/nvd/cve-2026-56864,home/klipper-helm/.local/share/helm/plugins/helm-mapkubeapis/bin/mapkubeapis,0.40.0,false,not_affected,vulnerable_code_not_present
rancher/klipper-helm:v0.13.3-build20260727,rancher/prime/v2.16-head,golang.org/x/mod,v0.35.0,gobinary,CVE-2026-56865,HIGH,https://avd.aquasec.com/nvd/cve-2026-56865,home/klipper-helm/.local/share/helm/plugins/helm-mapkubeapis/bin/mapkubeapis,0.40.0,false,not_affected,vulnerable_code_not_present
rancher/klipper-helm:v0.13.3-build20260727,rancher/prime/v2.16-head,golang.org/x/crypto,v0.51.0,gobinary,CVE-2026-78662,MEDIUM,https://avd.aquasec.com/nvd/cve-2026-78662,home/klipper-helm/.local/share/helm/plugins/helm-mapkubeapis/bin/mapkubeapis,0.56.0,false,not_affected,vulnerable_code_not_present
rancher/klipper-helm:v0.13.3-build20260727,rancher/prime/v2.16-head,golang.org/x/crypto,v0.51.0,gobinary,CVE-2026-78662,MEDIUM,https://avd.aquasec.com/nvd/cve-2026-78662,home/klipper-helm/.local/share/helm/plugins/helm-set-status/helm-set-status,0.56.0,false,not_affected,vulnerable_code_not_present
rancher/klipper-helm:v0.13.3-build20260727,rancher/prime/v2.16-head,golang.org/x/crypto,v0.51.0,gobinary,CVE-2026-78662,MEDIUM,https://avd.aquasec.com/nvd/cve-2026-78662,usr/bin/helm,0.56.0,false,not_affected,vulnerable_code_not_present
rancher/klipper-helm:v0.13.3-build20260727,rancher/prime/v2.16-head,oras.land/oras-go/v2,v2.6.0,gobinary,CVE-2026-85731,HIGH,https://avd.aquasec.com/nvd/cve-2026-85731,home/klipper-helm/.local/share/helm/plugins/helm-mapkubeapis/bin/mapkubeapis,2.6.2,false,affected,
rancher/klipper-helm:v0.13.3-build20260727,rancher/prime/v2.16-head,oras.land/oras-go/v2,v2.6.0,gobinary,CVE-2026-85731,HIGH,https://avd.aquasec.com/nvd/cve-2026-85731,home/klipper-helm/.local/share/helm/plugins/helm-set-status/helm-set-status,2.6.2,false,affected,
rancher/klipper-helm:v0.13.3-build20260727,rancher/prime/v2.16-head,oras.land/oras-go/v2,v2.6.0,gobinary,CVE-2026-85731,HIGH,https://avd.aquasec.com/nvd/cve-2026-85731,usr/bin/helm,2.6.2,false,affected,
rancher/klipper-helm:v0.13.3-build20260727,rancher/prime/v2.16-head,oras.land/oras-go/v2,v2.6.0,gobinary,GHSA-vh4v-2xq2-g5cg,MEDIUM,https://github.com/advisories/GHSA-vh4v-2xq2-g5cg,home/klipper-helm/.local/share/helm/plugins/helm-mapkubeapis/bin/mapkubeapis,2.6.1,false,not_affected,vulnerable_code_not_in_execute_path
rancher/klipper-helm:v0.13.3-build20260727,rancher/prime/v2.16-head,oras.land/oras-go/v2,v2.6.0,gobinary,GHSA-vh4v-2xq2-g5cg,MEDIUM,https://github.com/advisories/GHSA-vh4v-2xq2-g5cg,home/klipper-helm/.local/share/helm/plugins/helm-set-status/helm-set-status,2.6.1,false,not_affected,vulnerable_code_not_in_execute_path
rancher/klipper-helm:v0.13.3-build20260727,rancher/prime/v2.16-head,oras.land/oras-go/v2,v2.6.0,gobinary,GHSA-vh4v-2xq2-g5cg,MEDIUM,https://github.com/advisories/GHSA-vh4v-2xq2-g5cg,usr/bin/helm,2.6.1,false,not_affected,vulnerable_code_not_in_execute_path
rancher/kube-api-auth:v0.16.0-rc.1,rancher/prime/v2.16-head,libacl1,2.2.52-4.3.1,sles,SUSE-SU-2026:4176-1,HIGH,,rancher/kube-api-auth:v0.16.0-rc.1 (sles 15.7),2.4.0-150000.4.6.1,false,affected,
rancher/kube-api-auth:v0.16.0-rc.1,rancher/prime/v2.16-head,libattr1,2.4.47-2.19,sles,SUSE-SU-2026:4176-1,HIGH,,rancher/kube-api-auth:v0.16.0-rc.1 (sles 15.7),2.6.0-150000.4.3.1,false,affected,
rancher/kube-api-auth:v0.16.0-rc.1,rancher/prime/v2.16-head,libpcre2-8-0,10.42-150600.1.26,sles,SUSE-SU-2026:4241-1,HIGH,,rancher/kube-api-auth:v0.16.0-rc.1 (sles 15.7),10.42-150600.3.3.1,false,affected,
rancher/kube-webhook-certgen:v1.14.5-hardened2,rancher/prime/v2.16-head,golang.org/x/net,v0.52.0,gobinary,CVE-2026-25680,HIGH,https://avd.aquasec.com/nvd/cve-2026-25680,kube-webhook-certgen,0.55.0,false,affected,severity_changed_due_to_suse_cvss_score
rancher/kube-webhook-certgen:v1.14.5-hardened2,rancher/prime/v2.16-head,stdlib,v1.26.2,gobinary,CVE-2026-33811,HIGH,https://avd.aquasec.com/nvd/cve-2026-33811,kube-webhook-certgen,"1.25.10, 1.26.3",false,affected,
rancher/kube-webhook-certgen:v1.14.5-hardened2,rancher/prime/v2.16-head,golang.org/x/net,v0.52.0,gobinary,CVE-2026-33814,HIGH,https://avd.aquasec.com/nvd/cve-2026-33814,kube-webhook-certgen,0.53.0,false,affected,
rancher/kube-webhook-certgen:v1.14.5-hardened2,rancher/prime/v2.16-head,stdlib,v1.26.2,gobinary,CVE-2026-33814,HIGH,https://avd.aquasec.com/nvd/cve-2026-33814,kube-webhook-certgen,"1.25.10, 1.26.3",false,affected,
rancher/kube-webhook-certgen:v1.14.5-hardened2,rancher/prime/v2.16-head,stdlib,v1.26.2,gobinary,CVE-2026-33818,HIGH,https://avd.aquasec.com/nvd/cve-2026-33818,kube-webhook-certgen,"1.25.13, 1.26.6, 1.27.0-rc.3",false,affected,
rancher/kube-webhook-certgen:v1.14.5-hardened2,rancher/prime/v2.16-head,stdlib,v1.26.2,gobinary,CVE-2026-39820,HIGH,https://avd.aquasec.com/nvd/cve-2026-39820,kube-webhook-certgen,"1.25.10, 1.26.3",false,affected,
rancher/kube-webhook-certgen:v1.14.5-hardened2,rancher/prime/v2.16-head,golang.org/x/net,v0.52.0,gobinary,CVE-2026-39821,HIGH,https://avd.aquasec.com/nvd/cve-2026-39821,kube-webhook-certgen,0.55.0,false,affected,
rancher/kube-webhook-certgen:v1.14.5-hardened2,rancher/prime/v2.16-head,stdlib,v1.26.2,gobinary,CVE-2026-39821,HIGH,https://avd.aquasec.com/nvd/cve-2026-39821,kube-webhook-certgen,"1.25.13, 1.26.6, 1.27.0-rc.3",false,affected,
rancher/kube-webhook-certgen:v1.14.5-hardened2,rancher/prime/v2.16-head,stdlib,v1.26.2,gobinary,CVE-2026-39822,HIGH,https://avd.aquasec.com/nvd/cve-2026-39822,kube-webhook-certgen,"1.25.12, 1.26.5, 1.27.0-rc.2",false,affected,
rancher/kube-webhook-certgen:v1.14.5-hardened2,rancher/prime/v2.16-head,stdlib,v1.26.2,gobinary,CVE-2026-39836,HIGH,https://avd.aquasec.com/nvd/cve-2026-39836,kube-webhook-certgen,"1.25.10, 1.26.3",false,affected,
rancher/kube-webhook-certgen:v1.14.5-hardened2,rancher/prime/v2.16-head,stdlib,v1.26.2,gobinary,CVE-2026-42499,HIGH,https://avd.aquasec.com/nvd/cve-2026-42499,kube-webhook-certgen,"1.25.10, 1.26.3",false,affected,
rancher/kube-webhook-certgen:v1.14.5-hardened2,rancher/prime/v2.16-head,stdlib,v1.26.2,gobinary,CVE-2026-56853,HIGH,https://avd.aquasec.com/nvd/cve-2026-56853,kube-webhook-certgen,"1.25.13, 1.26.6, 1.27.0-rc.3",false,affected,
rancher/kube-webhook-certgen:v1.14.5-hardened2,rancher/prime/v2.16-head,stdlib,v1.26.2,gobinary,CVE-2026-56859,HIGH,https://avd.aquasec.com/nvd/cve-2026-56859,kube-webhook-certgen,"1.25.13, 1.26.6, 1.27.0-rc.3",false,affected,
rancher/kube-webhook-certgen:v1.14.5-hardened2,rancher/prime/v2.16-head,stdlib,v1.26.2,gobinary,CVE-2026-56862,HIGH,https://avd.aquasec.com/nvd/cve-2026-56862,kube-webhook-certgen,"1.25.13, 1.26.6, 1.27.0-rc.3",false,affected,
rancher/local-path-provisioner:v0.0.37,rancher/prime/v2.16-head,stdlib,v1.26.5,gobinary,CVE-2026-33818,HIGH,https://avd.aquasec.com/nvd/cve-2026-33818,usr/bin/local-path-provisioner,"1.25.13, 1.26.6, 1.27.0-rc.3",false,affected,
rancher/local-path-provisioner:v0.0.37,rancher/prime/v2.16-head,stdlib,v1.26.5,gobinary,CVE-2026-39821,HIGH,https://avd.aquasec.com/nvd/cve-2026-39821,usr/bin/local-path-provisioner,"1.25.13, 1.26.6, 1.27.0-rc.3",false,affected,
rancher/local-path-provisioner:v0.0.37,rancher/prime/v2.16-head,stdlib,v1.26.5,gobinary,CVE-2026-46600,HIGH,https://avd.aquasec.com/nvd/cve-2026-46600,usr/bin/local-path-provisioner,"1.26.6, 1.27.0-rc.3",false,not_affected,vulnerable_code_not_in_execute_path
rancher/local-path-provisioner:v0.0.37,rancher/prime/v2.16-head,stdlib,v1.26.5,gobinary,CVE-2026-56853,HIGH,https://avd.aquasec.com/nvd/cve-2026-56853,usr/bin/local-path-provisioner,"1.25.13, 1.26.6, 1.27.0-rc.3",false,affected,
rancher/local-path-provisioner:v0.0.37,rancher/prime/v2.16-head,stdlib,v1.26.5,gobinary,CVE-2026-56858,HIGH,https://avd.aquasec.com/nvd/cve-2026-56858,usr/bin/local-path-provisioner,"1.25.13, 1.26.6, 1.27.0-rc.3",false,not_affected,vulnerable_code_not_present
rancher/local-path-provisioner:v0.0.37,rancher/prime/v2.16-head,stdlib,v1.26.5,gobinary,CVE-2026-56859,HIGH,https://avd.aquasec.com/nvd/cve-2026-56859,usr/bin/local-path-provisioner,"1.25.13, 1.26.6, 1.27.0-rc.3",false,not_affected,vulnerable_code_not_in_execute_path
rancher/local-path-provisioner:v0.0.37,rancher/prime/v2.16-head,stdlib,v1.26.5,gobinary,CVE-2026-56862,HIGH,https://avd.aquasec.com/nvd/cve-2026-56862,usr/bin/local-path-provisioner,"1.25.13, 1.26.6, 1.27.0-rc.3",false,affected,
rancher/machine:v0.15.0-rancher146-rc.4,rancher/prime/v2.16-head,libpcre2-8-0,10.42-150600.1.26,sles,SUSE-SU-2026:4241-1,HIGH,,rancher/machine:v0.15.0-rancher146-rc.4 (sles 15.7),10.42-150600.3.3.1,false,affected,
rancher/mirrored-bci-micro:16.0-15.11,rancher/prime/v2.16-head,libncurses6,6.5.20250531-160000.2.2,sles,SUSE-SU-2026:22294-1,MEDIUM,,rancher/mirrored-bci-micro:16.0-15.11 (sles 16.0),6.5.20250531-160000.3.1,true,not_affected,vulnerable_code_not_in_execute_path
rancher/mirrored-bci-micro:16.0-15.11,rancher/prime/v2.16-head,terminfo-base,6.5.20250531-160000.2.2,sles,SUSE-SU-2026:22294-1,MEDIUM,,rancher/mirrored-bci-micro:16.0-15.11 (sles 16.0),6.5.20250531-160000.3.1,true,not_affected,vulnerable_code_not_in_execute_path
rancher/mirrored-calico-apiserver:v3.32.2,rancher/prime/v2.16-head,golang.org/x/crypto,v0.55.0,gobinary,CVE-2026-56855,MEDIUM,https://avd.aquasec.com/nvd/cve-2026-56855,code/apiserver,0.56.0,true,not_affected,vulnerable_code_not_present
rancher/mirrored-calico-apiserver:v3.32.2,rancher/prime/v2.16-head,golang.org/x/crypto,v0.55.0,gobinary,CVE-2026-78662,MEDIUM,https://avd.aquasec.com/nvd/cve-2026-78662,code/apiserver,0.56.0,true,not_affected,vulnerable_code_not_present
rancher/mirrored-calico-apiserver:v3.32.2,rancher/prime/v2.16-head,google.golang.org/grpc,v1.82.1,gobinary,CVE-2026-84303,MEDIUM,https://avd.aquasec.com/nvd/cve-2026-84303,code/apiserver,1.83.1,true,not_affected,vulnerable_code_not_present
rancher/mirrored-calico-apiserver:v3.32.2,rancher/prime/v2.16-head,google.golang.org/grpc,v1.82.1,gobinary,CVE-2026-84304,HIGH,https://avd.aquasec.com/nvd/cve-2026-84304,code/apiserver,1.83.1,true,affected,
rancher/mirrored-calico-apiserver:v3.32.2,rancher/prime/v2.16-head,google.golang.org/grpc,v1.82.1,gobinary,CVE-2026-84445,HIGH,https://avd.aquasec.com/nvd/cve-2026-84445,code/apiserver,"1.82.2, 1.83.2, 1.84.0-dev.0.20260825144003-d5a41119e0e3, 1.85.0-dev.0.20260825072537-93e31b48545e",true,affected,
rancher/mirrored-calico-cni:v3.32.2,rancher/prime/v2.16-head,golang.org/x/crypto,v0.55.0,gobinary,CVE-2026-56855,MEDIUM,https://avd.aquasec.com/nvd/cve-2026-56855,opt/cni/bin/calico,0.56.0,true,not_affected,vulnerable_code_not_present
rancher/mirrored-calico-cni:v3.32.2,rancher/prime/v2.16-head,golang.org/x/crypto,v0.55.0,gobinary,CVE-2026-78662,MEDIUM,https://avd.aquasec.com/nvd/cve-2026-78662,opt/cni/bin/calico,0.56.0,true,not_affected,vulnerable_code_not_present
rancher/mirrored-calico-cni:v3.32.2,rancher/prime/v2.16-head,google.golang.org/grpc,v1.82.1,gobinary,CVE-2026-84303,MEDIUM,https://avd.aquasec.com/nvd/cve-2026-84303,opt/cni/bin/calico,1.83.1,true,not_affected,vulnerable_code_not_present
rancher/mirrored-calico-cni:v3.32.2,rancher/prime/v2.16-head,google.golang.org/grpc,v1.82.1,gobinary,CVE-2026-84304,HIGH,https://avd.aquasec.com/nvd/cve-2026-84304,opt/cni/bin/calico,1.83.1,true,affected,
rancher/mirrored-calico-cni:v3.32.2,rancher/prime/v2.16-head,google.golang.org/grpc,v1.82.1,gobinary,CVE-2026-84445,HIGH,https://avd.aquasec.com/nvd/cve-2026-84445,opt/cni/bin/calico,"1.82.2, 1.83.2, 1.84.0-dev.0.20260825144003-d5a41119e0e3, 1.85.0-dev.0.20260825072537-93e31b48545e",true,affected,
rancher/mirrored-calico-csi:v3.32.2,rancher/prime/v2.16-head,google.golang.org/grpc,v1.82.1,gobinary,CVE-2026-84304,HIGH,https://avd.aquasec.com/nvd/cve-2026-84304,usr/bin/csi-driver,1.83.1,true,affected,
rancher/mirrored-calico-csi:v3.32.2,rancher/prime/v2.16-head,google.golang.org/grpc,v1.82.1,gobinary,CVE-2026-84445,HIGH,https://avd.aquasec.com/nvd/cve-2026-84445,usr/bin/csi-driver,"1.82.2, 1.83.2, 1.84.0-dev.0.20260825144003-d5a41119e0e3, 1.85.0-dev.0.20260825072537-93e31b48545e",true,affected,
rancher/mirrored-calico-ctl:v3.32.2,rancher/prime/v2.16-head,golang.org/x/crypto,v0.55.0,gobinary,CVE-2026-56855,HIGH,https://avd.aquasec.com/nvd/cve-2026-56855,usr/bin/calicoctl,0.56.0,true,affected,severity_changed_due_to_suse_cvss_score
rancher/mirrored-calico-ctl:v3.32.2,rancher/prime/v2.16-head,golang.org/x/crypto,v0.55.0,gobinary,CVE-2026-78662,HIGH,https://avd.aquasec.com/nvd/cve-2026-78662,usr/bin/calicoctl,0.56.0,true,affected,severity_changed_due_to_suse_cvss_score
rancher/mirrored-calico-ctl:v3.32.2,rancher/prime/v2.16-head,google.golang.org/grpc,v1.82.1,gobinary,CVE-2026-84304,HIGH,https://avd.aquasec.com/nvd/cve-2026-84304,usr/bin/calicoctl,1.83.1,true,affected,
rancher/mirrored-calico-ctl:v3.32.2,rancher/prime/v2.16-head,google.golang.org/grpc,v1.82.1,gobinary,CVE-2026-84445,HIGH,https://avd.aquasec.com/nvd/cve-2026-84445,usr/bin/calicoctl,"1.82.2, 1.83.2, 1.84.0-dev.0.20260825144003-d5a41119e0e3, 1.85.0-dev.0.20260825072537-93e31b48545e",true,affected,
rancher/mirrored-calico-envoy-gateway:v3.32.2,rancher/prime/v2.16-head,golang.org/x/crypto,v0.54.0,gobinary,CVE-2026-56854,HIGH,https://avd.aquasec.com/nvd/cve-2026-56854,usr/local/bin/envoy-gateway,0.55.0,true,affected,
rancher/mirrored-calico-envoy-gateway:v3.32.2,rancher/prime/v2.16-head,golang.org/x/crypto,v0.54.0,gobinary,CVE-2026-56855,HIGH,https://avd.aquasec.com/nvd/cve-2026-56855,usr/local/bin/envoy-gateway,0.56.0,true,affected,severity_changed_due_to_suse_cvss_score
rancher/mirrored-calico-envoy-gateway:v3.32.2,rancher/prime/v2.16-head,golang.org/x/crypto,v0.54.0,gobinary,CVE-2026-78662,HIGH,https://avd.aquasec.com/nvd/cve-2026-78662,usr/local/bin/envoy-gateway,0.56.0,true,affected,severity_changed_due_to_suse_cvss_score
rancher/mirrored-calico-envoy-gateway:v3.32.2,rancher/prime/v2.16-head,google.golang.org/grpc,v1.82.1,gobinary,CVE-2026-84304,HIGH,https://avd.aquasec.com/nvd/cve-2026-84304,usr/local/bin/envoy-gateway,1.83.1,true,affected,
rancher/mirrored-calico-envoy-gateway:v3.32.2,rancher/prime/v2.16-head,google.golang.org/grpc,v1.82.1,gobinary,CVE-2026-84445,HIGH,https://avd.aquasec.com/nvd/cve-2026-84445,usr/local/bin/envoy-gateway,"1.82.2, 1.83.2, 1.84.0-dev.0.20260825144003-d5a41119e0e3, 1.85.0-dev.0.20260825072537-93e31b48545e",true,affected,
rancher/mirrored-calico-envoy-ratelimit:v3.32.2,rancher/prime/v2.16-head,google.golang.org/grpc,v1.82.1,gobinary,CVE-2026-84304,HIGH,https://avd.aquasec.com/nvd/cve-2026-84304,bin/ratelimit,1.83.1,true,affected,
rancher/mirrored-calico-envoy-ratelimit:v3.32.2,rancher/prime/v2.16-head,google.golang.org/grpc,v1.82.1,gobinary,CVE-2026-84445,HIGH,https://avd.aquasec.com/nvd/cve-2026-84445,bin/ratelimit,"1.82.2, 1.83.2, 1.84.0-dev.0.20260825144003-d5a41119e0e3, 1.85.0-dev.0.20260825072537-93e31b48545e",true,affected,
rancher/mirrored-calico-goldmane:v3.32.2,rancher/prime/v2.16-head,google.golang.org/grpc,v1.82.1,gobinary,CVE-2026-84303,MEDIUM,https://avd.aquasec.com/nvd/cve-2026-84303,goldmane,1.83.1,true,not_affected,vulnerable_code_not_present
rancher/mirrored-calico-goldmane:v3.32.2,rancher/prime/v2.16-head,google.golang.org/grpc,v1.82.1,gobinary,CVE-2026-84303,MEDIUM,https://avd.aquasec.com/nvd/cve-2026-84303,health,1.83.1,true,not_affected,vulnerable_code_not_present
rancher/mirrored-calico-goldmane:v3.32.2,rancher/prime/v2.16-head,google.golang.org/grpc,v1.82.1,gobinary,CVE-2026-84304,HIGH,https://avd.aquasec.com/nvd/cve-2026-84304,goldmane,1.83.1,true,affected,
rancher/mirrored-calico-goldmane:v3.32.2,rancher/prime/v2.16-head,google.golang.org/grpc,v1.82.1,gobinary,CVE-2026-84304,HIGH,https://avd.aquasec.com/nvd/cve-2026-84304,health,1.83.1,true,affected,
rancher/mirrored-calico-goldmane:v3.32.2,rancher/prime/v2.16-head,google.golang.org/grpc,v1.82.1,gobinary,CVE-2026-84445,HIGH,https://avd.aquasec.com/nvd/cve-2026-84445,goldmane,"1.82.2, 1.83.2, 1.84.0-dev.0.20260825144003-d5a41119e0e3, 1.85.0-dev.0.20260825072537-93e31b48545e",true,affected,
rancher/mirrored-calico-goldmane:v3.32.2,rancher/prime/v2.16-head,google.golang.org/grpc,v1.82.1,gobinary,CVE-2026-84445,HIGH,https://avd.aquasec.com/nvd/cve-2026-84445,health,"1.82.2, 1.83.2, 1.84.0-dev.0.20260825144003-d5a41119e0e3, 1.85.0-dev.0.20260825072537-93e31b48545e",true,affected,
rancher/mirrored-calico-kube-controllers:v3.32.2,rancher/prime/v2.16-head,golang.org/x/crypto,v0.55.0,gobinary,CVE-2026-56855,MEDIUM,https://avd.aquasec.com/nvd/cve-2026-56855,usr/bin/kube-controllers,0.56.0,true,not_affected,vulnerable_code_not_present
rancher/mirrored-calico-kube-controllers:v3.32.2,rancher/prime/v2.16-head,golang.org/x/crypto,v0.55.0,gobinary,CVE-2026-78662,MEDIUM,https://avd.aquasec.com/nvd/cve-2026-78662,usr/bin/kube-controllers,0.56.0,true,not_affected,vulnerable_code_not_present
rancher/mirrored-calico-kube-controllers:v3.32.2,rancher/prime/v2.16-head,google.golang.org/grpc,v1.82.1,gobinary,CVE-2026-84303,MEDIUM,https://avd.aquasec.com/nvd/cve-2026-84303,usr/bin/kube-controllers,1.83.1,true,not_affected,vulnerable_code_not_present
rancher/mirrored-calico-kube-controllers:v3.32.2,rancher/prime/v2.16-head,google.golang.org/grpc,v1.82.1,gobinary,CVE-2026-84304,HIGH,https://avd.aquasec.com/nvd/cve-2026-84304,usr/bin/kube-controllers,1.83.1,true,affected,
rancher/mirrored-calico-kube-controllers:v3.32.2,rancher/prime/v2.16-head,google.golang.org/grpc,v1.82.1,gobinary,CVE-2026-84445,HIGH,https://avd.aquasec.com/nvd/cve-2026-84445,usr/bin/kube-controllers,"1.82.2, 1.83.2, 1.84.0-dev.0.20260825144003-d5a41119e0e3, 1.85.0-dev.0.20260825072537-93e31b48545e",true,affected,
rancher/mirrored-calico-node-driver-registrar:v3.32.2,rancher/prime/v2.16-head,google.golang.org/grpc,v1.82.1,gobinary,CVE-2026-84304,HIGH,https://avd.aquasec.com/nvd/cve-2026-84304,usr/bin/node-driver-registrar,1.83.1,true,affected,
rancher/mirrored-calico-node-driver-registrar:v3.32.2,rancher/prime/v2.16-head,google.golang.org/grpc,v1.82.1,gobinary,CVE-2026-84445,HIGH,https://avd.aquasec.com/nvd/cve-2026-84445,usr/bin/node-driver-registrar,"1.82.2, 1.83.2, 1.84.0-dev.0.20260825144003-d5a41119e0e3, 1.85.0-dev.0.20260825072537-93e31b48545e",true,affected,
rancher/mirrored-calico-node:v3.32.2,rancher/prime/v2.16-head,libpcap,14:1.10.0-4.el9,redhat,CVE-2026-0799,HIGH,https://avd.aquasec.com/nvd/cve-2026-0799,rancher/mirrored-calico-node:v3.32.2 (redhat 9.8),,true,not_affected,vulnerable_code_not_in_execute_path
rancher/mirrored-calico-node:v3.32.2,rancher/prime/v2.16-head,openssl-libs,1:3.5.5-6.el9_8,redhat,CVE-2026-14456,HIGH,https://avd.aquasec.com/nvd/cve-2026-14456,rancher/mirrored-calico-node:v3.32.2 (redhat 9.8),1:3.5.8-1.el9_8,true,not_affected,vulnerable_code_not_in_execute_path
rancher/mirrored-calico-node:v3.32.2,rancher/prime/v2.16-head,util-linux,2.37.4-25.el9,redhat,CVE-2026-53613,HIGH,https://avd.aquasec.com/nvd/cve-2026-53613,rancher/mirrored-calico-node:v3.32.2 (redhat 9.8),,true,not_affected,vulnerable_code_not_in_execute_path
rancher/mirrored-calico-node:v3.32.2,rancher/prime/v2.16-head,util-linux-core,2.37.4-25.el9,redhat,CVE-2026-53613,HIGH,https://avd.aquasec.com/nvd/cve-2026-53613,rancher/mirrored-calico-node:v3.32.2 (redhat 9.8),,true,affected,
rancher/mirrored-calico-node:v3.32.2,rancher/prime/v2.16-head,golang.org/x/crypto,v0.55.0,gobinary,CVE-2026-56855,HIGH,https://avd.aquasec.com/nvd/cve-2026-56855,usr/bin/calico-node,0.56.0,true,affected,severity_changed_due_to_suse_cvss_score
rancher/mirrored-calico-node:v3.32.2,rancher/prime/v2.16-head,golang.org/x/crypto,v0.55.0,gobinary,CVE-2026-78662,HIGH,https://avd.aquasec.com/nvd/cve-2026-78662,usr/bin/calico-node,0.56.0,true,affected,severity_changed_due_to_suse_cvss_score
rancher/mirrored-calico-node:v3.32.2,rancher/prime/v2.16-head,google.golang.org/grpc,v1.82.1,gobinary,CVE-2026-84304,HIGH,https://avd.aquasec.com/nvd/cve-2026-84304,usr/bin/calico-node,1.83.1,true,affected,
rancher/mirrored-calico-node:v3.32.2,rancher/prime/v2.16-head,google.golang.org/grpc,v1.82.1,gobinary,CVE-2026-84445,HIGH,https://avd.aquasec.com/nvd/cve-2026-84445,usr/bin/calico-node,"1.82.2, 1.83.2, 1.84.0-dev.0.20260825144003-d5a41119e0e3, 1.85.0-dev.0.20260825072537-93e31b48545e",true,affected,
rancher/mirrored-calico-node:v3.32.2,rancher/prime/v2.16-head,pcre2,10.40-6.el9,redhat,CVE-2026-86145,HIGH,https://avd.aquasec.com/nvd/cve-2026-86145,rancher/mirrored-calico-node:v3.32.2 (redhat 9.8),,true,not_affected,vulnerable_code_not_in_execute_path
rancher/mirrored-calico-node:v3.32.2,rancher/prime/v2.16-head,pcre2-syntax,10.40-6.el9,redhat,CVE-2026-86145,HIGH,https://avd.aquasec.com/nvd/cve-2026-86145,rancher/mirrored-calico-node:v3.32.2 (redhat 9.8),,true,not_affected,vulnerable_code_not_present
rancher/mirrored-calico-node:v3.32.2,rancher/prime/v2.16-head,pcre2,10.40-6.el9,redhat,CVE-2026-89161,HIGH,https://avd.aquasec.com/nvd/cve-2026-89161,rancher/mirrored-calico-node:v3.32.2 (redhat 9.8),,true,not_affected,vulnerable_code_not_in_execute_path
rancher/mirrored-calico-node:v3.32.2,rancher/prime/v2.16-head,pcre2-syntax,10.40-6.el9,redhat,CVE-2026-89161,HIGH,https://avd.aquasec.com/nvd/cve-2026-89161,rancher/mirrored-calico-node:v3.32.2 (redhat 9.8),,true,not_affected,vulnerable_code_not_present
rancher/mirrored-calico-operator:v1.42.6,rancher/prime/v2.16-head,golang.org/x/crypto,v0.55.0,gobinary,CVE-2026-56855,HIGH,https://avd.aquasec.com/nvd/cve-2026-56855,usr/bin/operator,0.56.0,true,affected,severity_changed_due_to_suse_cvss_score
rancher/mirrored-calico-operator:v1.42.6,rancher/prime/v2.16-head,golang.org/x/crypto,v0.55.0,gobinary,CVE-2026-78662,HIGH,https://avd.aquasec.com/nvd/cve-2026-78662,usr/bin/operator,0.56.0,true,affected,severity_changed_due_to_suse_cvss_score
rancher/mirrored-calico-typha:v3.32.2,rancher/prime/v2.16-head,golang.org/x/crypto,v0.55.0,gobinary,CVE-2026-56855,MEDIUM,https://avd.aquasec.com/nvd/cve-2026-56855,usr/bin/calico-typha,0.56.0,true,not_affected,vulnerable_code_not_present
rancher/mirrored-calico-typha:v3.32.2,rancher/prime/v2.16-head,golang.org/x/crypto,v0.55.0,gobinary,CVE-2026-78662,MEDIUM,https://avd.aquasec.com/nvd/cve-2026-78662,usr/bin/calico-typha,0.56.0,true,not_affected,vulnerable_code_not_present
rancher/mirrored-calico-typha:v3.32.2,rancher/prime/v2.16-head,google.golang.org/grpc,v1.82.1,gobinary,CVE-2026-84303,MEDIUM,https://avd.aquasec.com/nvd/cve-2026-84303,usr/bin/calico-typha,1.83.1,true,not_affected,vulnerable_code_not_present
rancher/mirrored-calico-typha:v3.32.2,rancher/prime/v2.16-head,google.golang.org/grpc,v1.82.1,gobinary,CVE-2026-84304,HIGH,https://avd.aquasec.com/nvd/cve-2026-84304,usr/bin/calico-typha,1.83.1,true,affected,
rancher/mirrored-calico-typha:v3.32.2,rancher/prime/v2.16-head,google.golang.org/grpc,v1.82.1,gobinary,CVE-2026-84445,HIGH,https://avd.aquasec.com/nvd/cve-2026-84445,usr/bin/calico-typha,"1.82.2, 1.83.2, 1.84.0-dev.0.20260825144003-d5a41119e0e3, 1.85.0-dev.0.20260825072537-93e31b48545e",true,affected,
rancher/mirrored-calico-whisker-backend:v3.32.2,rancher/prime/v2.16-head,golang.org/x/crypto,v0.55.0,gobinary,CVE-2026-56855,MEDIUM,https://avd.aquasec.com/nvd/cve-2026-56855,whisker-backend,0.56.0,true,not_affected,vulnerable_code_not_present
rancher/mirrored-calico-whisker-backend:v3.32.2,rancher/prime/v2.16-head,golang.org/x/crypto,v0.55.0,gobinary,CVE-2026-78662,MEDIUM,https://avd.aquasec.com/nvd/cve-2026-78662,whisker-backend,0.56.0,true,not_affected,vulnerable_code_not_present
rancher/mirrored-calico-whisker-backend:v3.32.2,rancher/prime/v2.16-head,google.golang.org/grpc,v1.82.1,gobinary,CVE-2026-84303,MEDIUM,https://avd.aquasec.com/nvd/cve-2026-84303,whisker-backend,1.83.1,true,not_affected,vulnerable_code_not_present
rancher/mirrored-calico-whisker-backend:v3.32.2,rancher/prime/v2.16-head,google.golang.org/grpc,v1.82.1,gobinary,CVE-2026-84304,HIGH,https://avd.aquasec.com/nvd/cve-2026-84304,whisker-backend,1.83.1,true,affected,
rancher/mirrored-calico-whisker-backend:v3.32.2,rancher/prime/v2.16-head,google.golang.org/grpc,v1.82.1,gobinary,CVE-2026-84445,HIGH,https://avd.aquasec.com/nvd/cve-2026-84445,whisker-backend,"1.82.2, 1.83.2, 1.84.0-dev.0.20260825144003-d5a41119e0e3, 1.85.0-dev.0.20260825072537-93e31b48545e",true,affected,
rancher/mirrored-cilium-certgen:v0.4.9,rancher/prime/v2.16-head,stdlib,v1.26.5,gobinary,CVE-2026-33818,HIGH,https://avd.aquasec.com/nvd/cve-2026-33818,usr/bin/cilium-certgen,"1.25.13, 1.26.6, 1.27.0-rc.3",true,affected,
rancher/mirrored-cilium-certgen:v0.4.9,rancher/prime/v2.16-head,stdlib,v1.26.5,gobinary,CVE-2026-39821,HIGH,https://avd.aquasec.com/nvd/cve-2026-39821,usr/bin/cilium-certgen,"1.25.13, 1.26.6, 1.27.0-rc.3",true,affected,
rancher/mirrored-cilium-certgen:v0.4.9,rancher/prime/v2.16-head,golang.org/x/net,v0.55.0,gobinary,CVE-2026-46600,HIGH,https://avd.aquasec.com/nvd/cve-2026-46600,usr/bin/cilium-certgen,0.56.0,true,not_affected,vulnerable_code_not_present
rancher/mirrored-cilium-certgen:v0.4.9,rancher/prime/v2.16-head,stdlib,v1.26.5,gobinary,CVE-2026-56853,HIGH,https://avd.aquasec.com/nvd/cve-2026-56853,usr/bin/cilium-certgen,"1.25.13, 1.26.6, 1.27.0-rc.3",true,affected,
rancher/mirrored-cilium-certgen:v0.4.9,rancher/prime/v2.16-head,golang.org/x/crypto,v0.52.0,gobinary,CVE-2026-56854,HIGH,https://avd.aquasec.com/nvd/cve-2026-56854,usr/bin/cilium-certgen,0.55.0,true,affected,
rancher/mirrored-cilium-certgen:v0.4.9,rancher/prime/v2.16-head,golang.org/x/crypto,v0.52.0,gobinary,CVE-2026-56855,HIGH,https://avd.aquasec.com/nvd/cve-2026-56855,usr/bin/cilium-certgen,0.56.0,true,affected,severity_changed_due_to_suse_cvss_score
rancher/mirrored-cilium-certgen:v0.4.9,rancher/prime/v2.16-head,stdlib,v1.26.5,gobinary,CVE-2026-56859,HIGH,https://avd.aquasec.com/nvd/cve-2026-56859,usr/bin/cilium-certgen,"1.25.13, 1.26.6, 1.27.0-rc.3",true,affected,
rancher/mirrored-cilium-certgen:v0.4.9,rancher/prime/v2.16-head,stdlib,v1.26.5,gobinary,CVE-2026-56862,HIGH,https://avd.aquasec.com/nvd/cve-2026-56862,usr/bin/cilium-certgen,"1.25.13, 1.26.6, 1.27.0-rc.3",true,affected,
rancher/mirrored-cilium-certgen:v0.4.9,rancher/prime/v2.16-head,golang.org/x/crypto,v0.52.0,gobinary,CVE-2026-78662,HIGH,https://avd.aquasec.com/nvd/cve-2026-78662,usr/bin/cilium-certgen,0.56.0,true,affected,severity_changed_due_to_suse_cvss_score
rancher/mirrored-cilium-cilium:v1.20.1,rancher/prime/v2.16-head,stdlib,v1.26.5,gobinary,CVE-2026-33818,HIGH,https://avd.aquasec.com/nvd/cve-2026-33818,cni/loopback,"1.25.13, 1.26.6, 1.27.0-rc.3",true,affected,
rancher/mirrored-cilium-cilium:v1.20.1,rancher/prime/v2.16-head,stdlib,v1.26.5,gobinary,CVE-2026-33818,HIGH,https://avd.aquasec.com/nvd/cve-2026-33818,opt/cni/bin/cilium-cni,"1.25.13, 1.26.6, 1.27.0-rc.3",true,affected,
rancher/mirrored-cilium-cilium:v1.20.1,rancher/prime/v2.16-head,stdlib,v1.26.5,gobinary,CVE-2026-33818,HIGH,https://avd.aquasec.com/nvd/cve-2026-33818,usr/bin/cilium-agent,"1.25.13, 1.26.6, 1.27.0-rc.3",true,affected,
rancher/mirrored-cilium-cilium:v1.20.1,rancher/prime/v2.16-head,stdlib,v1.26.5,gobinary,CVE-2026-33818,HIGH,https://avd.aquasec.com/nvd/cve-2026-33818,usr/bin/cilium-bugtool,"1.25.13, 1.26.6, 1.27.0-rc.3",true,affected,
rancher/mirrored-cilium-cilium:v1.20.1,rancher/prime/v2.16-head,stdlib,v1.26.5,gobinary,CVE-2026-33818,HIGH,https://avd.aquasec.com/nvd/cve-2026-33818,usr/bin/cilium-dbg,"1.25.13, 1.26.6, 1.27.0-rc.3",true,affected,
rancher/mirrored-cilium-cilium:v1.20.1,rancher/prime/v2.16-head,stdlib,v1.26.5,gobinary,CVE-2026-33818,HIGH,https://avd.aquasec.com/nvd/cve-2026-33818,usr/bin/cilium-envoy-bootstrap-locality,"1.25.13, 1.26.6, 1.27.0-rc.3",true,affected,
rancher/mirrored-cilium-cilium:v1.20.1,rancher/prime/v2.16-head,stdlib,v1.26.5,gobinary,CVE-2026-33818,HIGH,https://avd.aquasec.com/nvd/cve-2026-33818,usr/bin/cilium-health,"1.25.13, 1.26.6, 1.27.0-rc.3",true,affected,
rancher/mirrored-cilium-cilium:v1.20.1,rancher/prime/v2.16-head,stdlib,v1.26.5,gobinary,CVE-2026-33818,HIGH,https://avd.aquasec.com/nvd/cve-2026-33818,usr/bin/cilium-health-responder,"1.25.13, 1.26.6, 1.27.0-rc.3",true,affected,
rancher/mirrored-cilium-cilium:v1.20.1,rancher/prime/v2.16-head,stdlib,v1.26.5,gobinary,CVE-2026-33818,HIGH,https://avd.aquasec.com/nvd/cve-2026-33818,usr/bin/cilium-mount,"1.25.13, 1.26.6, 1.27.0-rc.3",true,affected,
rancher/mirrored-cilium-cilium:v1.20.1,rancher/prime/v2.16-head,stdlib,v1.26.5,gobinary,CVE-2026-33818,HIGH,https://avd.aquasec.com/nvd/cve-2026-33818,usr/bin/cilium-sysctlfix,"1.25.13, 1.26.6, 1.27.0-rc.3",true,affected,
rancher/mirrored-cilium-cilium:v1.20.1,rancher/prime/v2.16-head,stdlib,v1.26.5,gobinary,CVE-2026-33818,HIGH,https://avd.aquasec.com/nvd/cve-2026-33818,usr/bin/gops,"1.25.13, 1.26.6, 1.27.0-rc.3",true,affected,
rancher/mirrored-cilium-cilium:v1.20.1,rancher/prime/v2.16-head,stdlib,v1.26.5,gobinary,CVE-2026-33818,HIGH,https://avd.aquasec.com/nvd/cve-2026-33818,usr/bin/hubble,"1.25.13, 1.26.6, 1.27.0-rc.3",true,affected,
rancher/mirrored-cilium-cilium:v1.20.1,rancher/prime/v2.16-head,stdlib,v1.26.5,gobinary,CVE-2026-33818,HIGH,https://avd.aquasec.com/nvd/cve-2026-33818,usr/bin/pebble,"1.25.13, 1.26.6, 1.27.0-rc.3",true,affected,
rancher/mirrored-cilium-cilium:v1.20.1,rancher/prime/v2.16-head,stdlib,v1.26.5,gobinary,CVE-2026-33818,HIGH,https://avd.aquasec.com/nvd/cve-2026-33818,usr/sbin/iptables-wrapper,"1.25.13, 1.26.6, 1.27.0-rc.3",true,affected,
rancher/mirrored-cilium-cilium:v1.20.1,rancher/prime/v2.16-head,stdlib,v1.26.5,gobinary,CVE-2026-39821,HIGH,https://avd.aquasec.com/nvd/cve-2026-39821,cni/loopback,"1.25.13, 1.26.6, 1.27.0-rc.3",true,not_affected,vulnerable_code_not_in_execute_path
rancher/mirrored-cilium-cilium:v1.20.1,rancher/prime/v2.16-head,stdlib,v1.26.5,gobinary,CVE-2026-39821,HIGH,https://avd.aquasec.com/nvd/cve-2026-39821,opt/cni/bin/cilium-cni,"1.25.13, 1.26.6, 1.27.0-rc.3",true,affected,
rancher/mirrored-cilium-cilium:v1.20.1,rancher/prime/v2.16-head,stdlib,v1.26.5,gobinary,CVE-2026-39821,HIGH,https://avd.aquasec.com/nvd/cve-2026-39821,usr/bin/cilium-agent,"1.25.13, 1.26.6, 1.27.0-rc.3",true,affected,
rancher/mirrored-cilium-cilium:v1.20.1,rancher/prime/v2.16-head,stdlib,v1.26.5,gobinary,CVE-2026-39821,HIGH,https://avd.aquasec.com/nvd/cve-2026-39821,usr/bin/cilium-bugtool,"1.25.13, 1.26.6, 1.27.0-rc.3",true,affected,
rancher/mirrored-cilium-cilium:v1.20.1,rancher/prime/v2.16-head,stdlib,v1.26.5,gobinary,CVE-2026-39821,HIGH,https://avd.aquasec.com/nvd/cve-2026-39821,usr/bin/cilium-dbg,"1.25.13, 1.26.6, 1.27.0-rc.3",true,affected,
rancher/mirrored-cilium-cilium:v1.20.1,rancher/prime/v2.16-head,stdlib,v1.26.5,gobinary,CVE-2026-39821,HIGH,https://avd.aquasec.com/nvd/cve-2026-39821,usr/bin/cilium-envoy-bootstrap-locality,"1.25.13, 1.26.6, 1.27.0-rc.3",true,affected,
rancher/mirrored-cilium-cilium:v1.20.1,rancher/prime/v2.16-head,stdlib,v1.26.5,gobinary,CVE-2026-39821,HIGH,https://avd.aquasec.com/nvd/cve-2026-39821,usr/bin/cilium-health,"1.25.13, 1.26.6, 1.27.0-rc.3",true,affected,
rancher/mirrored-cilium-cilium:v1.20.1,rancher/prime/v2.16-head,stdlib,v1.26.5,gobinary,CVE-2026-39821,HIGH,https://avd.aquasec.com/nvd/cve-2026-39821,usr/bin/cilium-health-responder,"1.25.13, 1.26.6, 1.27.0-rc.3",true,affected,
rancher/mirrored-cilium-cilium:v1.20.1,rancher/prime/v2.16-head,stdlib,v1.26.5,gobinary,CVE-2026-39821,HIGH,https://avd.aquasec.com/nvd/cve-2026-39821,usr/bin/cilium-mount,"1.25.13, 1.26.6, 1.27.0-rc.3",true,affected,
rancher/mirrored-cilium-cilium:v1.20.1,rancher/prime/v2.16-head,stdlib,v1.26.5,gobinary,CVE-2026-39821,HIGH,https://avd.aquasec.com/nvd/cve-2026-39821,usr/bin/cilium-sysctlfix,"1.25.13, 1.26.6, 1.27.0-rc.3",true,affected,
rancher/mirrored-cilium-cilium:v1.20.1,rancher/prime/v2.16-head,stdlib,v1.26.5,gobinary,CVE-2026-39821,HIGH,https://avd.aquasec.com/nvd/cve-2026-39821,usr/bin/gops,"1.25.13, 1.26.6, 1.27.0-rc.3",true,affected,
rancher/mirrored-cilium-cilium:v1.20.1,rancher/prime/v2.16-head,stdlib,v1.26.5,gobinary,CVE-2026-39821,HIGH,https://avd.aquasec.com/nvd/cve-2026-39821,usr/bin/hubble,"1.25.13, 1.26.6, 1.27.0-rc.3",true,affected,
rancher/mirrored-cilium-cilium:v1.20.1,rancher/prime/v2.16-head,stdlib,v1.26.5,gobinary,CVE-2026-39821,HIGH,https://avd.aquasec.com/nvd/cve-2026-39821,usr/bin/pebble,"1.25.13, 1.26.6, 1.27.0-rc.3",true,affected,
rancher/mirrored-cilium-cilium:v1.20.1,rancher/prime/v2.16-head,stdlib,v1.26.5,gobinary,CVE-2026-39821,HIGH,https://avd.aquasec.com/nvd/cve-2026-39821,usr/sbin/iptables-wrapper,"1.25.13, 1.26.6, 1.27.0-rc.3",true,affected,
rancher/mirrored-cilium-cilium:v1.20.1,rancher/prime/v2.16-head,stdlib,v1.26.5,gobinary,CVE-2026-46600,HIGH,https://avd.aquasec.com/nvd/cve-2026-46600,cni/loopback,"1.26.6, 1.27.0-rc.3",true,not_affected,vulnerable_code_not_in_execute_path
rancher/mirrored-cilium-cilium:v1.20.1,rancher/prime/v2.16-head,stdlib,v1.26.5,gobinary,CVE-2026-46600,HIGH,https://avd.aquasec.com/nvd/cve-2026-46600,opt/cni/bin/cilium-cni,"1.26.6, 1.27.0-rc.3",true,not_affected,vulnerable_code_not_in_execute_path
rancher/mirrored-cilium-cilium:v1.20.1,rancher/prime/v2.16-head,stdlib,v1.26.5,gobinary,CVE-2026-46600,HIGH,https://avd.aquasec.com/nvd/cve-2026-46600,usr/bin/cilium-agent,"1.26.6, 1.27.0-rc.3",true,not_affected,vulnerable_code_not_in_execute_path
rancher/mirrored-cilium-cilium:v1.20.1,rancher/prime/v2.16-head,stdlib,v1.26.5,gobinary,CVE-2026-46600,HIGH,https://avd.aquasec.com/nvd/cve-2026-46600,usr/bin/cilium-bugtool,"1.26.6, 1.27.0-rc.3",true,not_affected,vulnerable_code_not_in_execute_path
rancher/mirrored-cilium-cilium:v1.20.1,rancher/prime/v2.16-head,stdlib,v1.26.5,gobinary,CVE-2026-46600,HIGH,https://avd.aquasec.com/nvd/cve-2026-46600,usr/bin/cilium-dbg,"1.26.6, 1.27.0-rc.3",true,not_affected,vulnerable_code_not_in_execute_path
rancher/mirrored-cilium-cilium:v1.20.1,rancher/prime/v2.16-head,stdlib,v1.26.5,gobinary,CVE-2026-46600,HIGH,https://avd.aquasec.com/nvd/cve-2026-46600,usr/bin/cilium-envoy-bootstrap-locality,"1.26.6, 1.27.0-rc.3",true,not_affected,vulnerable_code_not_in_execute_path
rancher/mirrored-cilium-cilium:v1.20.1,rancher/prime/v2.16-head,stdlib,v1.26.5,gobinary,CVE-2026-46600,HIGH,https://avd.aquasec.com/nvd/cve-2026-46600,usr/bin/cilium-health,"1.26.6, 1.27.0-rc.3",true,not_affected,vulnerable_code_not_in_execute_path
rancher/mirrored-cilium-cilium:v1.20.1,rancher/prime/v2.16-head,stdlib,v1.26.5,gobinary,CVE-2026-46600,HIGH,https://avd.aquasec.com/nvd/cve-2026-46600,usr/bin/cilium-health-responder,"1.26.6, 1.27.0-rc.3",true,not_affected,vulnerable_code_not_in_execute_path
rancher/mirrored-cilium-cilium:v1.20.1,rancher/prime/v2.16-head,stdlib,v1.26.5,gobinary,CVE-2026-46600,HIGH,https://avd.aquasec.com/nvd/cve-2026-46600,usr/bin/cilium-mount,"1.26.6, 1.27.0-rc.3",true,not_affected,vulnerable_code_not_in_execute_path
rancher/mirrored-cilium-cilium:v1.20.1,rancher/prime/v2.16-head,stdlib,v1.26.5,gobinary,CVE-2026-46600,HIGH,https://avd.aquasec.com/nvd/cve-2026-46600,usr/bin/cilium-sysctlfix,"1.26.6, 1.27.0-rc.3",true,not_affected,vulnerable_code_not_in_execute_path
rancher/mirrored-cilium-cilium:v1.20.1,rancher/prime/v2.16-head,stdlib,v1.26.5,gobinary,CVE-2026-46600,HIGH,https://avd.aquasec.com/nvd/cve-2026-46600,usr/bin/hubble,"1.26.6, 1.27.0-rc.3",true,not_affected,vulnerable_code_not_in_execute_path
rancher/mirrored-cilium-cilium:v1.20.1,rancher/prime/v2.16-head,github.com/osrg/gobgp/v4,v4.6.1-0.20260630022313-d6dee8360046,gobinary,CVE-2026-49838,MEDIUM,https://avd.aquasec.com/nvd/cve-2026-49838,usr/bin/cilium-agent,4.7.0,true,not_affected,vulnerable_code_not_in_execute_path
rancher/mirrored-cilium-cilium:v1.20.1,rancher/prime/v2.16-head,github.com/osrg/gobgp/v4,v4.6.1-0.20260630022313-d6dee8360046,gobinary,CVE-2026-49838,MEDIUM,https://avd.aquasec.com/nvd/cve-2026-49838,usr/bin/cilium-dbg,4.7.0,true,not_affected,vulnerable_code_not_in_execute_path
rancher/mirrored-cilium-cilium:v1.20.1,rancher/prime/v2.16-head,stdlib,v1.26.5,gobinary,CVE-2026-56853,HIGH,https://avd.aquasec.com/nvd/cve-2026-56853,cni/loopback,"1.25.13, 1.26.6, 1.27.0-rc.3",true,affected,
rancher/mirrored-cilium-cilium:v1.20.1,rancher/prime/v2.16-head,stdlib,v1.26.5,gobinary,CVE-2026-56853,HIGH,https://avd.aquasec.com/nvd/cve-2026-56853,opt/cni/bin/cilium-cni,"1.25.13, 1.26.6, 1.27.0-rc.3",true,affected,
rancher/mirrored-cilium-cilium:v1.20.1,rancher/prime/v2.16-head,stdlib,v1.26.5,gobinary,CVE-2026-56853,HIGH,https://avd.aquasec.com/nvd/cve-2026-56853,usr/bin/cilium-agent,"1.25.13, 1.26.6, 1.27.0-rc.3",true,affected,
rancher/mirrored-cilium-cilium:v1.20.1,rancher/prime/v2.16-head,stdlib,v1.26.5,gobinary,CVE-2026-56853,HIGH,https://avd.aquasec.com/nvd/cve-2026-56853,usr/bin/cilium-bugtool,"1.25.13, 1.26.6, 1.27.0-rc.3",true,affected,
rancher/mirrored-cilium-cilium:v1.20.1,rancher/prime/v2.16-head,stdlib,v1.26.5,gobinary,CVE-2026-56853,HIGH,https://avd.aquasec.com/nvd/cve-2026-56853,usr/bin/cilium-dbg,"1.25.13, 1.26.6, 1.27.0-rc.3",true,affected,
rancher/mirrored-cilium-cilium:v1.20.1,rancher/prime/v2.16-head,stdlib,v1.26.5,gobinary,CVE-2026-56853,HIGH,https://avd.aquasec.com/nvd/cve-2026-56853,usr/bin/cilium-envoy-bootstrap-locality,"1.25.13, 1.26.6, 1.27.0-rc.3",true,affected,
rancher/mirrored-cilium-cilium:v1.20.1,rancher/prime/v2.16-head,stdlib,v1.26.5,gobinary,CVE-2026-56853,HIGH,https://avd.aquasec.com/nvd/cve-2026-56853,usr/bin/cilium-health,"1.25.13, 1.26.6, 1.27.0-rc.3",true,affected,
rancher/mirrored-cilium-cilium:v1.20.1,rancher/prime/v2.16-head,stdlib,v1.26.5,gobinary,CVE-2026-56853,HIGH,https://avd.aquasec.com/nvd/cve-2026-56853,usr/bin/cilium-health-responder,"1.25.13, 1.26.6, 1.27.0-rc.3",true,affected,
rancher/mirrored-cilium-cilium:v1.20.1,rancher/prime/v2.16-head,stdlib,v1.26.5,gobinary,CVE-2026-56853,HIGH,https://avd.aquasec.com/nvd/cve-2026-56853,usr/bin/cilium-mount,"1.25.13, 1.26.6, 1.27.0-rc.3",true,affected,
rancher/mirrored-cilium-cilium:v1.20.1,rancher/prime/v2.16-head,stdlib,v1.26.5,gobinary,CVE-2026-56853,HIGH,https://avd.aquasec.com/nvd/cve-2026-56853,usr/bin/cilium-sysctlfix,"1.25.13, 1.26.6, 1.27.0-rc.3",true,affected,
rancher/mirrored-cilium-cilium:v1.20.1,rancher/prime/v2.16-head,stdlib,v1.26.5,gobinary,CVE-2026-56853,HIGH,https://avd.aquasec.com/nvd/cve-2026-56853,usr/bin/gops,"1.25.13, 1.26.6, 1.27.0-rc.3",true,affected,
rancher/mirrored-cilium-cilium:v1.20.1,rancher/prime/v2.16-head,stdlib,v1.26.5,gobinary,CVE-2026-56853,HIGH,https://avd.aquasec.com/nvd/cve-2026-56853,usr/bin/hubble,"1.25.13, 1.26.6, 1.27.0-rc.3",true,affected,
rancher/mirrored-cilium-cilium:v1.20.1,rancher/prime/v2.16-head,stdlib,v1.26.5,gobinary,CVE-2026-56853,HIGH,https://avd.aquasec.com/nvd/cve-2026-56853,usr/bin/pebble,"1.25.13, 1.26.6, 1.27.0-rc.3",true,affected,
rancher/mirrored-cilium-cilium:v1.20.1,rancher/prime/v2.16-head,stdlib,v1.26.5,gobinary,CVE-2026-56853,HIGH,https://avd.aquasec.com/nvd/cve-2026-56853,usr/sbin/iptables-wrapper,"1.25.13, 1.26.6, 1.27.0-rc.3",true,affected,
rancher/mirrored-cilium-cilium:v1.20.1,rancher/prime/v2.16-head,golang.org/x/crypto,v0.53.0,gobinary,CVE-2026-56854,HIGH,https://avd.aquasec.com/nvd/cve-2026-56854,usr/bin/cilium-agent,0.55.0,true,not_affected,vulnerable_code_not_in_execute_path
rancher/mirrored-cilium-cilium:v1.20.1,rancher/prime/v2.16-head,golang.org/x/crypto,v0.53.0,gobinary,CVE-2026-56854,HIGH,https://avd.aquasec.com/nvd/cve-2026-56854,usr/bin/cilium-dbg,0.55.0,true,not_affected,vulnerable_code_not_in_execute_path
rancher/mirrored-cilium-cilium:v1.20.1,rancher/prime/v2.16-head,golang.org/x/crypto,v0.53.0,gobinary,CVE-2026-56855,HIGH,https://avd.aquasec.com/nvd/cve-2026-56855,usr/bin/cilium-agent,0.56.0,true,affected,severity_changed_due_to_suse_cvss_score
rancher/mirrored-cilium-cilium:v1.20.1,rancher/prime/v2.16-head,golang.org/x/crypto,v0.53.0,gobinary,CVE-2026-56855,HIGH,https://avd.aquasec.com/nvd/cve-2026-56855,usr/bin/cilium-dbg,0.56.0,true,affected,severity_changed_due_to_suse_cvss_score
rancher/mirrored-cilium-cilium:v1.20.1,rancher/prime/v2.16-head,stdlib,v1.26.5,gobinary,CVE-2026-56859,HIGH,https://avd.aquasec.com/nvd/cve-2026-56859,cni/loopback,"1.25.13, 1.26.6, 1.27.0-rc.3",true,not_affected,vulnerable_code_not_present
rancher/mirrored-cilium-cilium:v1.20.1,rancher/prime/v2.16-head,stdlib,v1.26.5,gobinary,CVE-2026-56859,HIGH,https://avd.aquasec.com/nvd/cve-2026-56859,opt/cni/bin/cilium-cni,"1.25.13, 1.26.6, 1.27.0-rc.3",true,affected,
rancher/mirrored-cilium-cilium:v1.20.1,rancher/prime/v2.16-head,stdlib,v1.26.5,gobinary,CVE-2026-56859,HIGH,https://avd.aquasec.com/nvd/cve-2026-56859,usr/bin/cilium-agent,"1.25.13, 1.26.6, 1.27.0-rc.3",true,affected,
rancher/mirrored-cilium-cilium:v1.20.1,rancher/prime/v2.16-head,stdlib,v1.26.5,gobinary,CVE-2026-56859,HIGH,https://avd.aquasec.com/nvd/cve-2026-56859,usr/bin/cilium-bugtool,"1.25.13, 1.26.6, 1.27.0-rc.3",true,affected,
rancher/mirrored-cilium-cilium:v1.20.1,rancher/prime/v2.16-head,stdlib,v1.26.5,gobinary,CVE-2026-56859,HIGH,https://avd.aquasec.com/nvd/cve-2026-56859,usr/bin/cilium-dbg,"1.25.13, 1.26.6, 1.27.0-rc.3",true,affected,
rancher/mirrored-cilium-cilium:v1.20.1,rancher/prime/v2.16-head,stdlib,v1.26.5,gobinary,CVE-2026-56859,HIGH,https://avd.aquasec.com/nvd/cve-2026-56859,usr/bin/cilium-envoy-bootstrap-locality,"1.25.13, 1.26.6, 1.27.0-rc.3",true,affected,
rancher/mirrored-cilium-cilium:v1.20.1,rancher/prime/v2.16-head,stdlib,v1.26.5,gobinary,CVE-2026-56859,HIGH,https://avd.aquasec.com/nvd/cve-2026-56859,usr/bin/cilium-health,"1.25.13, 1.26.6, 1.27.0-rc.3",true,affected,
rancher/mirrored-cilium-cilium:v1.20.1,rancher/prime/v2.16-head,stdlib,v1.26.5,gobinary,CVE-2026-56859,HIGH,https://avd.aquasec.com/nvd/cve-2026-56859,usr/bin/cilium-health-responder,"1.25.13, 1.26.6, 1.27.0-rc.3",true,affected,
rancher/mirrored-cilium-cilium:v1.20.1,rancher/prime/v2.16-head,stdlib,v1.26.5,gobinary,CVE-2026-56859,HIGH,https://avd.aquasec.com/nvd/cve-2026-56859,usr/bin/cilium-mount,"1.25.13, 1.26.6, 1.27.0-rc.3",true,affected,
rancher/mirrored-cilium-cilium:v1.20.1,rancher/prime/v2.16-head,stdlib,v1.26.5,gobinary,CVE-2026-56859,HIGH,https://avd.aquasec.com/nvd/cve-2026-56859,usr/bin/cilium-sysctlfix,"1.25.13, 1.26.6, 1.27.0-rc.3",true,affected,
rancher/mirrored-cilium-cilium:v1.20.1,rancher/prime/v2.16-head,stdlib,v1.26.5,gobinary,CVE-2026-56859,HIGH,https://avd.aquasec.com/nvd/cve-2026-56859,usr/bin/gops,"1.25.13, 1.26.6, 1.27.0-rc.3",true,affected,
rancher/mirrored-cilium-cilium:v1.20.1,rancher/prime/v2.16-head,stdlib,v1.26.5,gobinary,CVE-2026-56859,HIGH,https://avd.aquasec.com/nvd/cve-2026-56859,usr/bin/hubble,"1.25.13, 1.26.6, 1.27.0-rc.3",true,affected,
rancher/mirrored-cilium-cilium:v1.20.1,rancher/prime/v2.16-head,stdlib,v1.26.5,gobinary,CVE-2026-56859,HIGH,https://avd.aquasec.com/nvd/cve-2026-56859,usr/bin/pebble,"1.25.13, 1.26.6, 1.27.0-rc.3",true,affected,
rancher/mirrored-cilium-cilium:v1.20.1,rancher/prime/v2.16-head,stdlib,v1.26.5,gobinary,CVE-2026-56859,HIGH,https://avd.aquasec.com/nvd/cve-2026-56859,usr/sbin/iptables-wrapper,"1.25.13, 1.26.6, 1.27.0-rc.3",true,affected,
rancher/mirrored-cilium-cilium:v1.20.1,rancher/prime/v2.16-head,stdlib,v1.26.5,gobinary,CVE-2026-56860,HIGH,https://avd.aquasec.com/nvd/cve-2026-56860,cni/loopback,"1.25.13, 1.26.6, 1.27.0-rc.3",true,not_affected,vulnerable_code_not_in_execute_path
rancher/mirrored-cilium-cilium:v1.20.1,rancher/prime/v2.16-head,stdlib,v1.26.5,gobinary,CVE-2026-56862,HIGH,https://avd.aquasec.com/nvd/cve-2026-56862,cni/loopback,"1.25.13, 1.26.6, 1.27.0-rc.3",true,affected,
rancher/mirrored-cilium-cilium:v1.20.1,rancher/prime/v2.16-head,stdlib,v1.26.5,gobinary,CVE-2026-56862,HIGH,https://avd.aquasec.com/nvd/cve-2026-56862,opt/cni/bin/cilium-cni,"1.25.13, 1.26.6, 1.27.0-rc.3",true,affected,
rancher/mirrored-cilium-cilium:v1.20.1,rancher/prime/v2.16-head,stdlib,v1.26.5,gobinary,CVE-2026-56862,HIGH,https://avd.aquasec.com/nvd/cve-2026-56862,usr/bin/cilium-agent,"1.25.13, 1.26.6, 1.27.0-rc.3",true,affected,
rancher/mirrored-cilium-cilium:v1.20.1,rancher/prime/v2.16-head,stdlib,v1.26.5,gobinary,CVE-2026-56862,HIGH,https://avd.aquasec.com/nvd/cve-2026-56862,usr/bin/cilium-bugtool,"1.25.13, 1.26.6, 1.27.0-rc.3",true,affected,
rancher/mirrored-cilium-cilium:v1.20.1,rancher/prime/v2.16-head,stdlib,v1.26.5,gobinary,CVE-2026-56862,HIGH,https://avd.aquasec.com/nvd/cve-2026-56862,usr/bin/cilium-dbg,"1.25.13, 1.26.6, 1.27.0-rc.3",true,affected,
rancher/mirrored-cilium-cilium:v1.20.1,rancher/prime/v2.16-head,stdlib,v1.26.5,gobinary,CVE-2026-56862,HIGH,https://avd.aquasec.com/nvd/cve-2026-56862,usr/bin/cilium-envoy-bootstrap-locality,"1.25.13, 1.26.6, 1.27.0-rc.3",true,affected,
rancher/mirrored-cilium-cilium:v1.20.1,rancher/prime/v2.16-head,stdlib,v1.26.5,gobinary,CVE-2026-56862,HIGH,https://avd.aquasec.com/nvd/cve-2026-56862,usr/bin/cilium-health,"1.25.13, 1.26.6, 1.27.0-rc.3",true,affected,
rancher/mirrored-cilium-cilium:v1.20.1,rancher/prime/v2.16-head,stdlib,v1.26.5,gobinary,CVE-2026-56862,HIGH,https://avd.aquasec.com/nvd/cve-2026-56862,usr/bin/cilium-health-responder,"1.25.13, 1.26.6, 1.27.0-rc.3",true,affected,
rancher/mirrored-cilium-cilium:v1.20.1,rancher/prime/v2.16-head,stdlib,v1.26.5,gobinary,CVE-2026-56862,HIGH,https://avd.aquasec.com/nvd/cve-2026-56862,usr/bin/cilium-mount,"1.25.13, 1.26.6, 1.27.0-rc.3",true,affected,
rancher/mirrored-cilium-cilium:v1.20.1,rancher/prime/v2.16-head,stdlib,v1.26.5,gobinary,CVE-2026-56862,HIGH,https://avd.aquasec.com/nvd/cve-2026-56862,usr/bin/cilium-sysctlfix,"1.25.13, 1.26.6, 1.27.0-rc.3",true,affected,
rancher/mirrored-cilium-cilium:v1.20.1,rancher/prime/v2.16-head,stdlib,v1.26.5,gobinary,CVE-2026-56862,HIGH,https://avd.aquasec.com/nvd/cve-2026-56862,usr/bin/gops,"1.25.13, 1.26.6, 1.27.0-rc.3",true,affected,
rancher/mirrored-cilium-cilium:v1.20.1,rancher/prime/v2.16-head,stdlib,v1.26.5,gobinary,CVE-2026-56862,HIGH,https://avd.aquasec.com/nvd/cve-2026-56862,usr/bin/hubble,"1.25.13, 1.26.6, 1.27.0-rc.3",true,affected,
rancher/mirrored-cilium-cilium:v1.20.1,rancher/prime/v2.16-head,stdlib,v1.26.5,gobinary,CVE-2026-56862,HIGH,https://avd.aquasec.com/nvd/cve-2026-56862,usr/bin/pebble,"1.25.13, 1.26.6, 1.27.0-rc.3",true,affected,
rancher/mirrored-cilium-cilium:v1.20.1,rancher/prime/v2.16-head,stdlib,v1.26.5,gobinary,CVE-2026-56862,HIGH,https://avd.aquasec.com/nvd/cve-2026-56862,usr/sbin/iptables-wrapper,"1.25.13, 1.26.6, 1.27.0-rc.3",true,affected,
rancher/mirrored-cilium-cilium:v1.20.1,rancher/prime/v2.16-head,golang.org/x/crypto,v0.53.0,gobinary,CVE-2026-78662,HIGH,https://avd.aquasec.com/nvd/cve-2026-78662,usr/bin/cilium-agent,0.56.0,true,affected,severity_changed_due_to_suse_cvss_score
rancher/mirrored-cilium-cilium:v1.20.1,rancher/prime/v2.16-head,golang.org/x/crypto,v0.53.0,gobinary,CVE-2026-78662,HIGH,https://avd.aquasec.com/nvd/cve-2026-78662,usr/bin/cilium-dbg,0.56.0,true,affected,severity_changed_due_to_suse_cvss_score
rancher/mirrored-cilium-cilium:v1.20.1,rancher/prime/v2.16-head,google.golang.org/grpc,v1.82.1,gobinary,CVE-2026-84303,MEDIUM,https://avd.aquasec.com/nvd/cve-2026-84303,usr/bin/cilium-agent,1.83.1,true,not_affected,vulnerable_code_not_present
rancher/mirrored-cilium-cilium:v1.20.1,rancher/prime/v2.16-head,google.golang.org/grpc,v1.82.1,gobinary,CVE-2026-84303,MEDIUM,https://avd.aquasec.com/nvd/cve-2026-84303,usr/bin/cilium-dbg,1.83.1,true,not_affected,vulnerable_code_not_present
rancher/mirrored-cilium-cilium:v1.20.1,rancher/prime/v2.16-head,google.golang.org/grpc,v1.82.1,gobinary,CVE-2026-84303,MEDIUM,https://avd.aquasec.com/nvd/cve-2026-84303,usr/bin/hubble,1.83.1,true,not_affected,vulnerable_code_not_present
rancher/mirrored-cilium-cilium:v1.20.1,rancher/prime/v2.16-head,google.golang.org/grpc,v1.82.1,gobinary,CVE-2026-84304,HIGH,https://avd.aquasec.com/nvd/cve-2026-84304,usr/bin/cilium-agent,1.83.1,true,affected,
rancher/mirrored-cilium-cilium:v1.20.1,rancher/prime/v2.16-head,google.golang.org/grpc,v1.82.1,gobinary,CVE-2026-84304,HIGH,https://avd.aquasec.com/nvd/cve-2026-84304,usr/bin/cilium-dbg,1.83.1,true,affected,
rancher/mirrored-cilium-cilium:v1.20.1,rancher/prime/v2.16-head,google.golang.org/grpc,v1.82.1,gobinary,CVE-2026-84304,HIGH,https://avd.aquasec.com/nvd/cve-2026-84304,usr/bin/hubble,1.83.1,true,affected,
rancher/mirrored-cilium-cilium:v1.20.1,rancher/prime/v2.16-head,google.golang.org/grpc,v1.82.1,gobinary,CVE-2026-84445,HIGH,https://avd.aquasec.com/nvd/cve-2026-84445,usr/bin/cilium-agent,"1.82.2, 1.83.2, 1.84.0-dev.0.20260825144003-d5a41119e0e3, 1.85.0-dev.0.20260825072537-93e31b48545e",true,affected,
rancher/mirrored-cilium-cilium:v1.20.1,rancher/prime/v2.16-head,google.golang.org/grpc,v1.82.1,gobinary,CVE-2026-84445,HIGH,https://avd.aquasec.com/nvd/cve-2026-84445,usr/bin/cilium-dbg,"1.82.2, 1.83.2, 1.84.0-dev.0.20260825144003-d5a41119e0e3, 1.85.0-dev.0.20260825072537-93e31b48545e",true,affected,
rancher/mirrored-cilium-cilium:v1.20.1,rancher/prime/v2.16-head,google.golang.org/grpc,v1.82.1,gobinary,CVE-2026-84445,HIGH,https://avd.aquasec.com/nvd/cve-2026-84445,usr/bin/hubble,"1.82.2, 1.83.2, 1.84.0-dev.0.20260825144003-d5a41119e0e3, 1.85.0-dev.0.20260825072537-93e31b48545e",true,affected,
rancher/mirrored-cilium-clustermesh-apiserver:v1.20.1,rancher/prime/v2.16-head,stdlib,v1.26.5,gobinary,CVE-2026-33818,HIGH,https://avd.aquasec.com/nvd/cve-2026-33818,usr/bin/clustermesh-apiserver,"1.25.13, 1.26.6, 1.27.0-rc.3",true,affected,
rancher/mirrored-cilium-clustermesh-apiserver:v1.20.1,rancher/prime/v2.16-head,stdlib,v1.26.5,gobinary,CVE-2026-33818,HIGH,https://avd.aquasec.com/nvd/cve-2026-33818,usr/bin/etcd,"1.25.13, 1.26.6, 1.27.0-rc.3",true,affected,
rancher/mirrored-cilium-clustermesh-apiserver:v1.20.1,rancher/prime/v2.16-head,stdlib,v1.26.5,gobinary,CVE-2026-33818,HIGH,https://avd.aquasec.com/nvd/cve-2026-33818,usr/bin/gops,"1.25.13, 1.26.6, 1.27.0-rc.3",true,affected,
rancher/mirrored-cilium-clustermesh-apiserver:v1.20.1,rancher/prime/v2.16-head,stdlib,v1.26.5,gobinary,CVE-2026-39821,HIGH,https://avd.aquasec.com/nvd/cve-2026-39821,usr/bin/clustermesh-apiserver,"1.25.13, 1.26.6, 1.27.0-rc.3",true,affected,
rancher/mirrored-cilium-clustermesh-apiserver:v1.20.1,rancher/prime/v2.16-head,stdlib,v1.26.5,gobinary,CVE-2026-39821,HIGH,https://avd.aquasec.com/nvd/cve-2026-39821,usr/bin/etcd,"1.25.13, 1.26.6, 1.27.0-rc.3",true,affected,
rancher/mirrored-cilium-clustermesh-apiserver:v1.20.1,rancher/prime/v2.16-head,stdlib,v1.26.5,gobinary,CVE-2026-39821,HIGH,https://avd.aquasec.com/nvd/cve-2026-39821,usr/bin/gops,"1.25.13, 1.26.6, 1.27.0-rc.3",true,affected,
rancher/mirrored-cilium-clustermesh-apiserver:v1.20.1,rancher/prime/v2.16-head,golang.org/x/net,v0.55.0,gobinary,CVE-2026-46600,HIGH,https://avd.aquasec.com/nvd/cve-2026-46600,usr/bin/etcd,0.56.0,true,not_affected,vulnerable_code_not_present
rancher/mirrored-cilium-clustermesh-apiserver:v1.20.1,rancher/prime/v2.16-head,stdlib,v1.26.5,gobinary,CVE-2026-46600,HIGH,https://avd.aquasec.com/nvd/cve-2026-46600,usr/bin/clustermesh-apiserver,"1.26.6, 1.27.0-rc.3",true,not_affected,vulnerable_code_not_in_execute_path
rancher/mirrored-cilium-clustermesh-apiserver:v1.20.1,rancher/prime/v2.16-head,stdlib,v1.26.5,gobinary,CVE-2026-46600,HIGH,https://avd.aquasec.com/nvd/cve-2026-46600,usr/bin/etcd,"1.26.6, 1.27.0-rc.3",true,not_affected,vulnerable_code_not_in_execute_path
rancher/mirrored-cilium-clustermesh-apiserver:v1.20.1,rancher/prime/v2.16-head,golang.org/x/text,v0.37.0,gobinary,CVE-2026-56852,HIGH,https://avd.aquasec.com/nvd/cve-2026-56852,usr/bin/etcd,0.39.0,true,not_affected,vulnerable_code_not_in_execute_path
rancher/mirrored-cilium-clustermesh-apiserver:v1.20.1,rancher/prime/v2.16-head,stdlib,v1.26.5,gobinary,CVE-2026-56853,HIGH,https://avd.aquasec.com/nvd/cve-2026-56853,usr/bin/clustermesh-apiserver,"1.25.13, 1.26.6, 1.27.0-rc.3",true,affected,
rancher/mirrored-cilium-clustermesh-apiserver:v1.20.1,rancher/prime/v2.16-head,stdlib,v1.26.5,gobinary,CVE-2026-56853,HIGH,https://avd.aquasec.com/nvd/cve-2026-56853,usr/bin/etcd,"1.25.13, 1.26.6, 1.27.0-rc.3",true,affected,
rancher/mirrored-cilium-clustermesh-apiserver:v1.20.1,rancher/prime/v2.16-head,stdlib,v1.26.5,gobinary,CVE-2026-56853,HIGH,https://avd.aquasec.com/nvd/cve-2026-56853,usr/bin/gops,"1.25.13, 1.26.6, 1.27.0-rc.3",true,affected,
rancher/mirrored-cilium-clustermesh-apiserver:v1.20.1,rancher/prime/v2.16-head,golang.org/x/crypto,v0.52.0,gobinary,CVE-2026-56854,HIGH,https://avd.aquasec.com/nvd/cve-2026-56854,usr/bin/etcd,0.55.0,true,not_affected,vulnerable_code_not_present
rancher/mirrored-cilium-clustermesh-apiserver:v1.20.1,rancher/prime/v2.16-head,golang.org/x/crypto,v0.52.0,gobinary,CVE-2026-56855,MEDIUM,https://avd.aquasec.com/nvd/cve-2026-56855,usr/bin/etcd,0.56.0,true,not_affected,vulnerable_code_not_present
rancher/mirrored-cilium-clustermesh-apiserver:v1.20.1,rancher/prime/v2.16-head,stdlib,v1.26.5,gobinary,CVE-2026-56859,HIGH,https://avd.aquasec.com/nvd/cve-2026-56859,usr/bin/clustermesh-apiserver,"1.25.13, 1.26.6, 1.27.0-rc.3",true,affected,
rancher/mirrored-cilium-clustermesh-apiserver:v1.20.1,rancher/prime/v2.16-head,stdlib,v1.26.5,gobinary,CVE-2026-56859,HIGH,https://avd.aquasec.com/nvd/cve-2026-56859,usr/bin/etcd,"1.25.13, 1.26.6, 1.27.0-rc.3",true,not_affected,vulnerable_code_not_present
rancher/mirrored-cilium-clustermesh-apiserver:v1.20.1,rancher/prime/v2.16-head,stdlib,v1.26.5,gobinary,CVE-2026-56859,HIGH,https://avd.aquasec.com/nvd/cve-2026-56859,usr/bin/gops,"1.25.13, 1.26.6, 1.27.0-rc.3",true,affected,
rancher/mirrored-cilium-clustermesh-apiserver:v1.20.1,rancher/prime/v2.16-head,stdlib,v1.26.5,gobinary,CVE-2026-56862,HIGH,https://avd.aquasec.com/nvd/cve-2026-56862,usr/bin/clustermesh-apiserver,"1.25.13, 1.26.6, 1.27.0-rc.3",true,affected,
rancher/mirrored-cilium-clustermesh-apiserver:v1.20.1,rancher/prime/v2.16-head,stdlib,v1.26.5,gobinary,CVE-2026-56862,HIGH,https://avd.aquasec.com/nvd/cve-2026-56862,usr/bin/etcd,"1.25.13, 1.26.6, 1.27.0-rc.3",true,affected,
rancher/mirrored-cilium-clustermesh-apiserver:v1.20.1,rancher/prime/v2.16-head,stdlib,v1.26.5,gobinary,CVE-2026-56862,HIGH,https://avd.aquasec.com/nvd/cve-2026-56862,usr/bin/gops,"1.25.13, 1.26.6, 1.27.0-rc.3",true,affected,
rancher/mirrored-cilium-clustermesh-apiserver:v1.20.1,rancher/prime/v2.16-head,golang.org/x/crypto,v0.52.0,gobinary,CVE-2026-78662,MEDIUM,https://avd.aquasec.com/nvd/cve-2026-78662,usr/bin/etcd,0.56.0,true,not_affected,vulnerable_code_not_present
rancher/mirrored-cilium-clustermesh-apiserver:v1.20.1,rancher/prime/v2.16-head,google.golang.org/grpc,v1.82.1,gobinary,CVE-2026-84303,MEDIUM,https://avd.aquasec.com/nvd/cve-2026-84303,usr/bin/clustermesh-apiserver,1.83.1,true,not_affected,vulnerable_code_not_present
rancher/mirrored-cilium-clustermesh-apiserver:v1.20.1,rancher/prime/v2.16-head,google.golang.org/grpc,v1.82.1,gobinary,CVE-2026-84303,MEDIUM,https://avd.aquasec.com/nvd/cve-2026-84303,usr/bin/etcd,1.83.1,true,not_affected,vulnerable_code_not_present
rancher/mirrored-cilium-clustermesh-apiserver:v1.20.1,rancher/prime/v2.16-head,google.golang.org/grpc,v1.82.1,gobinary,CVE-2026-84304,HIGH,https://avd.aquasec.com/nvd/cve-2026-84304,usr/bin/clustermesh-apiserver,1.83.1,true,affected,
rancher/mirrored-cilium-clustermesh-apiserver:v1.20.1,rancher/prime/v2.16-head,google.golang.org/grpc,v1.82.1,gobinary,CVE-2026-84304,HIGH,https://avd.aquasec.com/nvd/cve-2026-84304,usr/bin/etcd,1.83.1,true,affected,
rancher/mirrored-cilium-clustermesh-apiserver:v1.20.1,rancher/prime/v2.16-head,google.golang.org/grpc,v1.82.1,gobinary,CVE-2026-84445,HIGH,https://avd.aquasec.com/nvd/cve-2026-84445,usr/bin/clustermesh-apiserver,"1.82.2, 1.83.2, 1.84.0-dev.0.20260825144003-d5a41119e0e3, 1.85.0-dev.0.20260825072537-93e31b48545e",true,affected,
rancher/mirrored-cilium-clustermesh-apiserver:v1.20.1,rancher/prime/v2.16-head,google.golang.org/grpc,v1.82.1,gobinary,CVE-2026-84445,HIGH,https://avd.aquasec.com/nvd/cve-2026-84445,usr/bin/etcd,"1.82.2, 1.83.2, 1.84.0-dev.0.20260825144003-d5a41119e0e3, 1.85.0-dev.0.20260825072537-93e31b48545e",true,affected,
rancher/mirrored-cilium-hubble-relay:v1.20.1,rancher/prime/v2.16-head,stdlib,v1.26.5,gobinary,CVE-2026-33818,HIGH,https://avd.aquasec.com/nvd/cve-2026-33818,usr/bin/gops,"1.25.13, 1.26.6, 1.27.0-rc.3",true,affected,
rancher/mirrored-cilium-hubble-relay:v1.20.1,rancher/prime/v2.16-head,stdlib,v1.26.5,gobinary,CVE-2026-33818,HIGH,https://avd.aquasec.com/nvd/cve-2026-33818,usr/bin/hubble-relay,"1.25.13, 1.26.6, 1.27.0-rc.3",true,affected,
rancher/mirrored-cilium-hubble-relay:v1.20.1,rancher/prime/v2.16-head,stdlib,v1.26.5,gobinary,CVE-2026-39821,HIGH,https://avd.aquasec.com/nvd/cve-2026-39821,usr/bin/gops,"1.25.13, 1.26.6, 1.27.0-rc.3",true,affected,
rancher/mirrored-cilium-hubble-relay:v1.20.1,rancher/prime/v2.16-head,stdlib,v1.26.5,gobinary,CVE-2026-39821,HIGH,https://avd.aquasec.com/nvd/cve-2026-39821,usr/bin/hubble-relay,"1.25.13, 1.26.6, 1.27.0-rc.3",true,affected,
rancher/mirrored-cilium-hubble-relay:v1.20.1,rancher/prime/v2.16-head,stdlib,v1.26.5,gobinary,CVE-2026-46600,HIGH,https://avd.aquasec.com/nvd/cve-2026-46600,usr/bin/hubble-relay,"1.26.6, 1.27.0-rc.3",true,not_affected,vulnerable_code_not_in_execute_path
rancher/mirrored-cilium-hubble-relay:v1.20.1,rancher/prime/v2.16-head,stdlib,v1.26.5,gobinary,CVE-2026-56853,HIGH,https://avd.aquasec.com/nvd/cve-2026-56853,usr/bin/gops,"1.25.13, 1.26.6, 1.27.0-rc.3",true,affected,
rancher/mirrored-cilium-hubble-relay:v1.20.1,rancher/prime/v2.16-head,stdlib,v1.26.5,gobinary,CVE-2026-56853,HIGH,https://avd.aquasec.com/nvd/cve-2026-56853,usr/bin/hubble-relay,"1.25.13, 1.26.6, 1.27.0-rc.3",true,affected,
rancher/mirrored-cilium-hubble-relay:v1.20.1,rancher/prime/v2.16-head,stdlib,v1.26.5,gobinary,CVE-2026-56859,HIGH,https://avd.aquasec.com/nvd/cve-2026-56859,usr/bin/gops,"1.25.13, 1.26.6, 1.27.0-rc.3",true,affected,
rancher/mirrored-cilium-hubble-relay:v1.20.1,rancher/prime/v2.16-head,stdlib,v1.26.5,gobinary,CVE-2026-56859,HIGH,https://avd.aquasec.com/nvd/cve-2026-56859,usr/bin/hubble-relay,"1.25.13, 1.26.6, 1.27.0-rc.3",true,affected,
rancher/mirrored-cilium-hubble-relay:v1.20.1,rancher/prime/v2.16-head,stdlib,v1.26.5,gobinary,CVE-2026-56862,HIGH,https://avd.aquasec.com/nvd/cve-2026-56862,usr/bin/gops,"1.25.13, 1.26.6, 1.27.0-rc.3",true,affected,
rancher/mirrored-cilium-hubble-relay:v1.20.1,rancher/prime/v2.16-head,stdlib,v1.26.5,gobinary,CVE-2026-56862,HIGH,https://avd.aquasec.com/nvd/cve-2026-56862,usr/bin/hubble-relay,"1.25.13, 1.26.6, 1.27.0-rc.3",true,affected,
rancher/mirrored-cilium-hubble-relay:v1.20.1,rancher/prime/v2.16-head,google.golang.org/grpc,v1.82.1,gobinary,CVE-2026-84303,MEDIUM,https://avd.aquasec.com/nvd/cve-2026-84303,usr/bin/hubble-relay,1.83.1,true,not_affected,vulnerable_code_not_present
rancher/mirrored-cilium-hubble-relay:v1.20.1,rancher/prime/v2.16-head,google.golang.org/grpc,v1.82.1,gobinary,CVE-2026-84304,HIGH,https://avd.aquasec.com/nvd/cve-2026-84304,usr/bin/hubble-relay,1.83.1,true,affected,
rancher/mirrored-cilium-hubble-relay:v1.20.1,rancher/prime/v2.16-head,google.golang.org/grpc,v1.82.1,gobinary,CVE-2026-84445,HIGH,https://avd.aquasec.com/nvd/cve-2026-84445,usr/bin/hubble-relay,"1.82.2, 1.83.2, 1.84.0-dev.0.20260825144003-d5a41119e0e3, 1.85.0-dev.0.20260825072537-93e31b48545e",true,affected,
rancher/mirrored-cilium-hubble-ui-backend:v0.13.5,rancher/prime/v2.16-head,golang.org/x/net,v0.53.0,gobinary,CVE-2026-25680,MEDIUM,https://avd.aquasec.com/nvd/cve-2026-25680,usr/bin/backend,0.55.0,true,not_affected,vulnerable_code_not_present
rancher/mirrored-cilium-hubble-ui-backend:v0.13.5,rancher/prime/v2.16-head,golang.org/x/net,v0.53.0,gobinary,CVE-2026-25681,HIGH,https://avd.aquasec.com/nvd/cve-2026-25681,usr/bin/backend,0.55.0,true,not_affected,vulnerable_code_not_present
rancher/mirrored-cilium-hubble-ui-backend:v0.13.5,rancher/prime/v2.16-head,golang.org/x/net,v0.53.0,gobinary,CVE-2026-27136,HIGH,https://avd.aquasec.com/nvd/cve-2026-27136,usr/bin/backend,0.55.0,true,not_affected,vulnerable_code_not_present
rancher/mirrored-cilium-hubble-ui-backend:v0.13.5,rancher/prime/v2.16-head,stdlib,v1.26.2,gobinary,CVE-2026-27145,HIGH,https://avd.aquasec.com/nvd/cve-2026-27145,usr/bin/backend,"1.25.11, 1.26.4",true,not_affected,vulnerable_code_not_in_execute_path
rancher/mirrored-cilium-hubble-ui-backend:v0.13.5,rancher/prime/v2.16-head,stdlib,v1.26.2,gobinary,CVE-2026-33811,HIGH,https://avd.aquasec.com/nvd/cve-2026-33811,usr/bin/backend,"1.25.10, 1.26.3",true,not_affected,vulnerable_code_not_in_execute_path
rancher/mirrored-cilium-hubble-ui-backend:v0.13.5,rancher/prime/v2.16-head,stdlib,v1.26.2,gobinary,CVE-2026-33814,HIGH,https://avd.aquasec.com/nvd/cve-2026-33814,usr/bin/backend,"1.25.10, 1.26.3",true,not_affected,vulnerable_code_not_in_execute_path
rancher/mirrored-cilium-hubble-ui-backend:v0.13.5,rancher/prime/v2.16-head,stdlib,v1.26.2,gobinary,CVE-2026-33818,HIGH,https://avd.aquasec.com/nvd/cve-2026-33818,usr/bin/backend,"1.25.13, 1.26.6, 1.27.0-rc.3",true,affected,
rancher/mirrored-cilium-hubble-ui-backend:v0.13.5,rancher/prime/v2.16-head,stdlib,v1.26.2,gobinary,CVE-2026-39820,HIGH,https://avd.aquasec.com/nvd/cve-2026-39820,usr/bin/backend,"1.25.10, 1.26.3",true,not_affected,vulnerable_code_not_present
rancher/mirrored-cilium-hubble-ui-backend:v0.13.5,rancher/prime/v2.16-head,golang.org/x/net,v0.53.0,gobinary,CVE-2026-39821,HIGH,https://avd.aquasec.com/nvd/cve-2026-39821,usr/bin/backend,0.55.0,true,affected,
rancher/mirrored-cilium-hubble-ui-backend:v0.13.5,rancher/prime/v2.16-head,stdlib,v1.26.2,gobinary,CVE-2026-39821,HIGH,https://avd.aquasec.com/nvd/cve-2026-39821,usr/bin/backend,"1.25.13, 1.26.6, 1.27.0-rc.3",true,affected,
rancher/mirrored-cilium-hubble-ui-backend:v0.13.5,rancher/prime/v2.16-head,stdlib,v1.26.2,gobinary,CVE-2026-39822,HIGH,https://avd.aquasec.com/nvd/cve-2026-39822,usr/bin/backend,"1.25.12, 1.26.5, 1.27.0-rc.2",true,not_affected,vulnerable_code_not_in_execute_path
rancher/mirrored-cilium-hubble-ui-backend:v0.13.5,rancher/prime/v2.16-head,stdlib,v1.26.2,gobinary,CVE-2026-39823,MEDIUM,https://avd.aquasec.com/nvd/cve-2026-39823,usr/bin/backend,"1.25.10, 1.26.3",true,not_affected,vulnerable_code_not_present
rancher/mirrored-cilium-hubble-ui-backend:v0.13.5,rancher/prime/v2.16-head,stdlib,v1.26.2,gobinary,CVE-2026-39825,MEDIUM,https://avd.aquasec.com/nvd/cve-2026-39825,usr/bin/backend,"1.25.10, 1.26.3",true,not_affected,vulnerable_code_not_in_execute_path
rancher/mirrored-cilium-hubble-ui-backend:v0.13.5,rancher/prime/v2.16-head,stdlib,v1.26.2,gobinary,CVE-2026-39826,MEDIUM,https://avd.aquasec.com/nvd/cve-2026-39826,usr/bin/backend,"1.25.10, 1.26.3",true,not_affected,vulnerable_code_not_in_execute_path
rancher/mirrored-cilium-hubble-ui-backend:v0.13.5,rancher/prime/v2.16-head,stdlib,v1.26.2,gobinary,CVE-2026-39836,HIGH,https://avd.aquasec.com/nvd/cve-2026-39836,usr/bin/backend,"1.25.10, 1.26.3",true,not_affected,vulnerable_code_not_in_execute_path
rancher/mirrored-cilium-hubble-ui-backend:v0.13.5,rancher/prime/v2.16-head,github.com/cilium/cilium,v1.19.2,gobinary,CVE-2026-41520,HIGH,https://avd.aquasec.com/nvd/cve-2026-41520,usr/bin/backend,"1.17.15, 1.18.9, 1.19.3",true,affected,
rancher/mirrored-cilium-hubble-ui-backend:v0.13.5,rancher/prime/v2.16-head,stdlib,v1.26.2,gobinary,CVE-2026-42499,HIGH,https://avd.aquasec.com/nvd/cve-2026-42499,usr/bin/backend,"1.25.10, 1.26.3",true,not_affected,vulnerable_code_not_present
rancher/mirrored-cilium-hubble-ui-backend:v0.13.5,rancher/prime/v2.16-head,golang.org/x/net,v0.53.0,gobinary,CVE-2026-42502,MEDIUM,https://avd.aquasec.com/nvd/cve-2026-42502,usr/bin/backend,0.55.0,true,not_affected,vulnerable_code_not_present
rancher/mirrored-cilium-hubble-ui-backend:v0.13.5,rancher/prime/v2.16-head,stdlib,v1.26.2,gobinary,CVE-2026-42504,HIGH,https://avd.aquasec.com/nvd/cve-2026-42504,usr/bin/backend,"1.25.11, 1.26.4",true,not_affected,vulnerable_code_not_in_execute_path
rancher/mirrored-cilium-hubble-ui-backend:v0.13.5,rancher/prime/v2.16-head,stdlib,v1.26.2,gobinary,CVE-2026-42505,MEDIUM,https://avd.aquasec.com/nvd/cve-2026-42505,usr/bin/backend,"1.25.12, 1.26.5, 1.27.0-rc.2",true,not_affected,vulnerable_code_not_in_execute_path
rancher/mirrored-cilium-hubble-ui-backend:v0.13.5,rancher/prime/v2.16-head,golang.org/x/net,v0.53.0,gobinary,CVE-2026-42506,MEDIUM,https://avd.aquasec.com/nvd/cve-2026-42506,usr/bin/backend,0.55.0,true,not_affected,vulnerable_code_not_present
rancher/mirrored-cilium-hubble-ui-backend:v0.13.5,rancher/prime/v2.16-head,stdlib,v1.26.2,gobinary,CVE-2026-42507,MEDIUM,https://avd.aquasec.com/nvd/cve-2026-42507,usr/bin/backend,"1.25.11, 1.26.4",true,not_affected,vulnerable_code_not_in_execute_path
rancher/mirrored-cilium-hubble-ui-backend:v0.13.5,rancher/prime/v2.16-head,golang.org/x/net,v0.53.0,gobinary,CVE-2026-46600,HIGH,https://avd.aquasec.com/nvd/cve-2026-46600,usr/bin/backend,0.56.0,true,not_affected,vulnerable_code_not_present
rancher/mirrored-cilium-hubble-ui-backend:v0.13.5,rancher/prime/v2.16-head,stdlib,v1.26.2,gobinary,CVE-2026-56853,HIGH,https://avd.aquasec.com/nvd/cve-2026-56853,usr/bin/backend,"1.25.13, 1.26.6, 1.27.0-rc.3",true,affected,
rancher/mirrored-cilium-hubble-ui-backend:v0.13.5,rancher/prime/v2.16-head,stdlib,v1.26.2,gobinary,CVE-2026-56859,HIGH,https://avd.aquasec.com/nvd/cve-2026-56859,usr/bin/backend,"1.25.13, 1.26.6, 1.27.0-rc.3",true,affected,
rancher/mirrored-cilium-hubble-ui-backend:v0.13.5,rancher/prime/v2.16-head,stdlib,v1.26.2,gobinary,CVE-2026-56862,HIGH,https://avd.aquasec.com/nvd/cve-2026-56862,usr/bin/backend,"1.25.13, 1.26.6, 1.27.0-rc.3",true,affected,
rancher/mirrored-cilium-hubble-ui-backend:v0.13.5,rancher/prime/v2.16-head,google.golang.org/grpc,v1.80.0,gobinary,CVE-2026-84304,HIGH,https://avd.aquasec.com/nvd/cve-2026-84304,usr/bin/backend,1.83.1,true,affected,
rancher/mirrored-cilium-hubble-ui-backend:v0.13.5,rancher/prime/v2.16-head,google.golang.org/grpc,v1.80.0,gobinary,CVE-2026-84445,HIGH,https://avd.aquasec.com/nvd/cve-2026-84445,usr/bin/backend,"1.82.2, 1.83.2, 1.84.0-dev.0.20260825144003-d5a41119e0e3, 1.85.0-dev.0.20260825072537-93e31b48545e",true,affected,
rancher/mirrored-cilium-hubble-ui-backend:v0.13.5,rancher/prime/v2.16-head,google.golang.org/grpc,v1.80.0,gobinary,GHSA-hrxh-6v49-42gf,HIGH,https://github.com/advisories/GHSA-hrxh-6v49-42gf,usr/bin/backend,1.82.1,true,affected,
rancher/mirrored-cilium-hubble-ui:v0.13.5,rancher/prime/v2.16-head,libcrypto3,3.5.6-r0,alpine,CVE-2026-14456,HIGH,https://avd.aquasec.com/nvd/cve-2026-14456,rancher/mirrored-cilium-hubble-ui:v0.13.5 (alpine 3.23.3),3.5.8-r0,true,affected,
rancher/mirrored-cilium-hubble-ui:v0.13.5,rancher/prime/v2.16-head,libssl3,3.5.6-r0,alpine,CVE-2026-14456,HIGH,https://avd.aquasec.com/nvd/cve-2026-14456,rancher/mirrored-cilium-hubble-ui:v0.13.5 (alpine 3.23.3),3.5.8-r0,true,affected,
rancher/mirrored-cilium-hubble-ui:v0.13.5,rancher/prime/v2.16-head,libcrypto3,3.5.6-r0,alpine,CVE-2026-45447,HIGH,https://avd.aquasec.com/nvd/cve-2026-45447,rancher/mirrored-cilium-hubble-ui:v0.13.5 (alpine 3.23.3),3.5.7-r0,true,affected,
rancher/mirrored-cilium-hubble-ui:v0.13.5,rancher/prime/v2.16-head,libssl3,3.5.6-r0,alpine,CVE-2026-45447,HIGH,https://avd.aquasec.com/nvd/cve-2026-45447,rancher/mirrored-cilium-hubble-ui:v0.13.5 (alpine 3.23.3),3.5.7-r0,true,affected,
rancher/mirrored-cilium-operator-aws:v1.20.1,rancher/prime/v2.16-head,stdlib,v1.26.5,gobinary,CVE-2026-33818,HIGH,https://avd.aquasec.com/nvd/cve-2026-33818,usr/bin/cilium-operator-aws,"1.25.13, 1.26.6, 1.27.0-rc.3",true,affected,
rancher/mirrored-cilium-operator-aws:v1.20.1,rancher/prime/v2.16-head,stdlib,v1.26.5,gobinary,CVE-2026-33818,HIGH,https://avd.aquasec.com/nvd/cve-2026-33818,usr/bin/gops,"1.25.13, 1.26.6, 1.27.0-rc.3",true,affected,
rancher/mirrored-cilium-operator-aws:v1.20.1,rancher/prime/v2.16-head,stdlib,v1.26.5,gobinary,CVE-2026-39821,HIGH,https://avd.aquasec.com/nvd/cve-2026-39821,usr/bin/cilium-operator-aws,"1.25.13, 1.26.6, 1.27.0-rc.3",true,affected,
rancher/mirrored-cilium-operator-aws:v1.20.1,rancher/prime/v2.16-head,stdlib,v1.26.5,gobinary,CVE-2026-39821,HIGH,https://avd.aquasec.com/nvd/cve-2026-39821,usr/bin/gops,"1.25.13, 1.26.6, 1.27.0-rc.3",true,affected,
rancher/mirrored-cilium-operator-aws:v1.20.1,rancher/prime/v2.16-head,stdlib,v1.26.5,gobinary,CVE-2026-46600,HIGH,https://avd.aquasec.com/nvd/cve-2026-46600,usr/bin/cilium-operator-aws,"1.26.6, 1.27.0-rc.3",true,not_affected,vulnerable_code_not_in_execute_path
rancher/mirrored-cilium-operator-aws:v1.20.1,rancher/prime/v2.16-head,github.com/osrg/gobgp/v4,v4.6.1-0.20260630022313-d6dee8360046,gobinary,CVE-2026-49838,MEDIUM,https://avd.aquasec.com/nvd/cve-2026-49838,usr/bin/cilium-operator-aws,4.7.0,true,not_affected,vulnerable_code_not_in_execute_path
rancher/mirrored-cilium-operator-aws:v1.20.1,rancher/prime/v2.16-head,stdlib,v1.26.5,gobinary,CVE-2026-56853,HIGH,https://avd.aquasec.com/nvd/cve-2026-56853,usr/bin/cilium-operator-aws,"1.25.13, 1.26.6, 1.27.0-rc.3",true,affected,
rancher/mirrored-cilium-operator-aws:v1.20.1,rancher/prime/v2.16-head,stdlib,v1.26.5,gobinary,CVE-2026-56853,HIGH,https://avd.aquasec.com/nvd/cve-2026-56853,usr/bin/gops,"1.25.13, 1.26.6, 1.27.0-rc.3",true,affected,
rancher/mirrored-cilium-operator-aws:v1.20.1,rancher/prime/v2.16-head,golang.org/x/crypto,v0.53.0,gobinary,CVE-2026-56854,HIGH,https://avd.aquasec.com/nvd/cve-2026-56854,usr/bin/cilium-operator-aws,0.55.0,true,not_affected,vulnerable_code_not_in_execute_path
rancher/mirrored-cilium-operator-aws:v1.20.1,rancher/prime/v2.16-head,golang.org/x/crypto,v0.53.0,gobinary,CVE-2026-56855,HIGH,https://avd.aquasec.com/nvd/cve-2026-56855,usr/bin/cilium-operator-aws,0.56.0,true,affected,severity_changed_due_to_suse_cvss_score
rancher/mirrored-cilium-operator-aws:v1.20.1,rancher/prime/v2.16-head,stdlib,v1.26.5,gobinary,CVE-2026-56859,HIGH,https://avd.aquasec.com/nvd/cve-2026-56859,usr/bin/cilium-operator-aws,"1.25.13, 1.26.6, 1.27.0-rc.3",true,affected,
rancher/mirrored-cilium-operator-aws:v1.20.1,rancher/prime/v2.16-head,stdlib,v1.26.5,gobinary,CVE-2026-56859,HIGH,https://avd.aquasec.com/nvd/cve-2026-56859,usr/bin/gops,"1.25.13, 1.26.6, 1.27.0-rc.3",true,affected,
rancher/mirrored-cilium-operator-aws:v1.20.1,rancher/prime/v2.16-head,stdlib,v1.26.5,gobinary,CVE-2026-56862,HIGH,https://avd.aquasec.com/nvd/cve-2026-56862,usr/bin/cilium-operator-aws,"1.25.13, 1.26.6, 1.27.0-rc.3",true,affected,
rancher/mirrored-cilium-operator-aws:v1.20.1,rancher/prime/v2.16-head,stdlib,v1.26.5,gobinary,CVE-2026-56862,HIGH,https://avd.aquasec.com/nvd/cve-2026-56862,usr/bin/gops,"1.25.13, 1.26.6, 1.27.0-rc.3",true,affected,
rancher/mirrored-cilium-operator-aws:v1.20.1,rancher/prime/v2.16-head,golang.org/x/crypto,v0.53.0,gobinary,CVE-2026-78662,HIGH,https://avd.aquasec.com/nvd/cve-2026-78662,usr/bin/cilium-operator-aws,0.56.0,true,affected,severity_changed_due_to_suse_cvss_score
rancher/mirrored-cilium-operator-aws:v1.20.1,rancher/prime/v2.16-head,google.golang.org/grpc,v1.82.1,gobinary,CVE-2026-84303,MEDIUM,https://avd.aquasec.com/nvd/cve-2026-84303,usr/bin/cilium-operator-aws,1.83.1,true,not_affected,vulnerable_code_not_present
rancher/mirrored-cilium-operator-aws:v1.20.1,rancher/prime/v2.16-head,google.golang.org/grpc,v1.82.1,gobinary,CVE-2026-84304,HIGH,https://avd.aquasec.com/nvd/cve-2026-84304,usr/bin/cilium-operator-aws,1.83.1,true,affected,
rancher/mirrored-cilium-operator-aws:v1.20.1,rancher/prime/v2.16-head,google.golang.org/grpc,v1.82.1,gobinary,CVE-2026-84445,HIGH,https://avd.aquasec.com/nvd/cve-2026-84445,usr/bin/cilium-operator-aws,"1.82.2, 1.83.2, 1.84.0-dev.0.20260825144003-d5a41119e0e3, 1.85.0-dev.0.20260825072537-93e31b48545e",true,affected,
rancher/mirrored-cilium-operator-azure:v1.20.1,rancher/prime/v2.16-head,stdlib,v1.26.5,gobinary,CVE-2026-33818,HIGH,https://avd.aquasec.com/nvd/cve-2026-33818,usr/bin/cilium-operator-azure,"1.25.13, 1.26.6, 1.27.0-rc.3",true,affected,
rancher/mirrored-cilium-operator-azure:v1.20.1,rancher/prime/v2.16-head,stdlib,v1.26.5,gobinary,CVE-2026-33818,HIGH,https://avd.aquasec.com/nvd/cve-2026-33818,usr/bin/gops,"1.25.13, 1.26.6, 1.27.0-rc.3",true,affected,
rancher/mirrored-cilium-operator-azure:v1.20.1,rancher/prime/v2.16-head,stdlib,v1.26.5,gobinary,CVE-2026-39821,HIGH,https://avd.aquasec.com/nvd/cve-2026-39821,usr/bin/cilium-operator-azure,"1.25.13, 1.26.6, 1.27.0-rc.3",true,affected,
rancher/mirrored-cilium-operator-azure:v1.20.1,rancher/prime/v2.16-head,stdlib,v1.26.5,gobinary,CVE-2026-39821,HIGH,https://avd.aquasec.com/nvd/cve-2026-39821,usr/bin/gops,"1.25.13, 1.26.6, 1.27.0-rc.3",true,affected,
rancher/mirrored-cilium-operator-azure:v1.20.1,rancher/prime/v2.16-head,stdlib,v1.26.5,gobinary,CVE-2026-46600,HIGH,https://avd.aquasec.com/nvd/cve-2026-46600,usr/bin/cilium-operator-azure,"1.26.6, 1.27.0-rc.3",true,not_affected,vulnerable_code_not_in_execute_path
rancher/mirrored-cilium-operator-azure:v1.20.1,rancher/prime/v2.16-head,github.com/osrg/gobgp/v4,v4.6.1-0.20260630022313-d6dee8360046,gobinary,CVE-2026-49838,MEDIUM,https://avd.aquasec.com/nvd/cve-2026-49838,usr/bin/cilium-operator-azure,4.7.0,true,not_affected,vulnerable_code_not_in_execute_path
rancher/mirrored-cilium-operator-azure:v1.20.1,rancher/prime/v2.16-head,stdlib,v1.26.5,gobinary,CVE-2026-56853,HIGH,https://avd.aquasec.com/nvd/cve-2026-56853,usr/bin/cilium-operator-azure,"1.25.13, 1.26.6, 1.27.0-rc.3",true,affected,
rancher/mirrored-cilium-operator-azure:v1.20.1,rancher/prime/v2.16-head,stdlib,v1.26.5,gobinary,CVE-2026-56853,HIGH,https://avd.aquasec.com/nvd/cve-2026-56853,usr/bin/gops,"1.25.13, 1.26.6, 1.27.0-rc.3",true,affected,
rancher/mirrored-cilium-operator-azure:v1.20.1,rancher/prime/v2.16-head,golang.org/x/crypto,v0.53.0,gobinary,CVE-2026-56854,HIGH,https://avd.aquasec.com/nvd/cve-2026-56854,usr/bin/cilium-operator-azure,0.55.0,true,not_affected,vulnerable_code_not_in_execute_path
rancher/mirrored-cilium-operator-azure:v1.20.1,rancher/prime/v2.16-head,golang.org/x/crypto,v0.53.0,gobinary,CVE-2026-56855,HIGH,https://avd.aquasec.com/nvd/cve-2026-56855,usr/bin/cilium-operator-azure,0.56.0,true,affected,severity_changed_due_to_suse_cvss_score
rancher/mirrored-cilium-operator-azure:v1.20.1,rancher/prime/v2.16-head,stdlib,v1.26.5,gobinary,CVE-2026-56859,HIGH,https://avd.aquasec.com/nvd/cve-2026-56859,usr/bin/cilium-operator-azure,"1.25.13, 1.26.6, 1.27.0-rc.3",true,affected,
rancher/mirrored-cilium-operator-azure:v1.20.1,rancher/prime/v2.16-head,stdlib,v1.26.5,gobinary,CVE-2026-56859,HIGH,https://avd.aquasec.com/nvd/cve-2026-56859,usr/bin/gops,"1.25.13, 1.26.6, 1.27.0-rc.3",true,affected,
rancher/mirrored-cilium-operator-azure:v1.20.1,rancher/prime/v2.16-head,stdlib,v1.26.5,gobinary,CVE-2026-56862,HIGH,https://avd.aquasec.com/nvd/cve-2026-56862,usr/bin/cilium-operator-azure,"1.25.13, 1.26.6, 1.27.0-rc.3",true,affected,
rancher/mirrored-cilium-operator-azure:v1.20.1,rancher/prime/v2.16-head,stdlib,v1.26.5,gobinary,CVE-2026-56862,HIGH,https://avd.aquasec.com/nvd/cve-2026-56862,usr/bin/gops,"1.25.13, 1.26.6, 1.27.0-rc.3",true,affected,
rancher/mirrored-cilium-operator-azure:v1.20.1,rancher/prime/v2.16-head,golang.org/x/crypto,v0.53.0,gobinary,CVE-2026-78662,HIGH,https://avd.aquasec.com/nvd/cve-2026-78662,usr/bin/cilium-operator-azure,0.56.0,true,affected,severity_changed_due_to_suse_cvss_score
rancher/mirrored-cilium-operator-azure:v1.20.1,rancher/prime/v2.16-head,google.golang.org/grpc,v1.82.1,gobinary,CVE-2026-84303,MEDIUM,https://avd.aquasec.com/nvd/cve-2026-84303,usr/bin/cilium-operator-azure,1.83.1,true,not_affected,vulnerable_code_not_present
rancher/mirrored-cilium-operator-azure:v1.20.1,rancher/prime/v2.16-head,google.golang.org/grpc,v1.82.1,gobinary,CVE-2026-84304,HIGH,https://avd.aquasec.com/nvd/cve-2026-84304,usr/bin/cilium-operator-azure,1.83.1,true,affected,
rancher/mirrored-cilium-operator-azure:v1.20.1,rancher/prime/v2.16-head,google.golang.org/grpc,v1.82.1,gobinary,CVE-2026-84445,HIGH,https://avd.aquasec.com/nvd/cve-2026-84445,usr/bin/cilium-operator-azure,"1.82.2, 1.83.2, 1.84.0-dev.0.20260825144003-d5a41119e0e3, 1.85.0-dev.0.20260825072537-93e31b48545e",true,affected,
rancher/mirrored-cilium-operator-generic:v1.20.1,rancher/prime/v2.16-head,stdlib,v1.26.5,gobinary,CVE-2026-33818,HIGH,https://avd.aquasec.com/nvd/cve-2026-33818,usr/bin/cilium-operator-generic,"1.25.13, 1.26.6, 1.27.0-rc.3",true,affected,
rancher/mirrored-cilium-operator-generic:v1.20.1,rancher/prime/v2.16-head,stdlib,v1.26.5,gobinary,CVE-2026-33818,HIGH,https://avd.aquasec.com/nvd/cve-2026-33818,usr/bin/gops,"1.25.13, 1.26.6, 1.27.0-rc.3",true,affected,
rancher/mirrored-cilium-operator-generic:v1.20.1,rancher/prime/v2.16-head,stdlib,v1.26.5,gobinary,CVE-2026-39821,HIGH,https://avd.aquasec.com/nvd/cve-2026-39821,usr/bin/cilium-operator-generic,"1.25.13, 1.26.6, 1.27.0-rc.3",true,affected,
rancher/mirrored-cilium-operator-generic:v1.20.1,rancher/prime/v2.16-head,stdlib,v1.26.5,gobinary,CVE-2026-39821,HIGH,https://avd.aquasec.com/nvd/cve-2026-39821,usr/bin/gops,"1.25.13, 1.26.6, 1.27.0-rc.3",true,affected,
rancher/mirrored-cilium-operator-generic:v1.20.1,rancher/prime/v2.16-head,stdlib,v1.26.5,gobinary,CVE-2026-46600,HIGH,https://avd.aquasec.com/nvd/cve-2026-46600,usr/bin/cilium-operator-generic,"1.26.6, 1.27.0-rc.3",true,not_affected,vulnerable_code_not_in_execute_path
rancher/mirrored-cilium-operator-generic:v1.20.1,rancher/prime/v2.16-head,github.com/osrg/gobgp/v4,v4.6.1-0.20260630022313-d6dee8360046,gobinary,CVE-2026-49838,MEDIUM,https://avd.aquasec.com/nvd/cve-2026-49838,usr/bin/cilium-operator-generic,4.7.0,true,not_affected,vulnerable_code_not_in_execute_path
rancher/mirrored-cilium-operator-generic:v1.20.1,rancher/prime/v2.16-head,stdlib,v1.26.5,gobinary,CVE-2026-56853,HIGH,https://avd.aquasec.com/nvd/cve-2026-56853,usr/bin/cilium-operator-generic,"1.25.13, 1.26.6, 1.27.0-rc.3",true,affected,
rancher/mirrored-cilium-operator-generic:v1.20.1,rancher/prime/v2.16-head,stdlib,v1.26.5,gobinary,CVE-2026-56853,HIGH,https://avd.aquasec.com/nvd/cve-2026-56853,usr/bin/gops,"1.25.13, 1.26.6, 1.27.0-rc.3",true,affected,
rancher/mirrored-cilium-operator-generic:v1.20.1,rancher/prime/v2.16-head,golang.org/x/crypto,v0.53.0,gobinary,CVE-2026-56854,HIGH,https://avd.aquasec.com/nvd/cve-2026-56854,usr/bin/cilium-operator-generic,0.55.0,true,not_affected,vulnerable_code_not_in_execute_path
rancher/mirrored-cilium-operator-generic:v1.20.1,rancher/prime/v2.16-head,golang.org/x/crypto,v0.53.0,gobinary,CVE-2026-56855,HIGH,https://avd.aquasec.com/nvd/cve-2026-56855,usr/bin/cilium-operator-generic,0.56.0,true,affected,severity_changed_due_to_suse_cvss_score
rancher/mirrored-cilium-operator-generic:v1.20.1,rancher/prime/v2.16-head,stdlib,v1.26.5,gobinary,CVE-2026-56859,HIGH,https://avd.aquasec.com/nvd/cve-2026-56859,usr/bin/cilium-operator-generic,"1.25.13, 1.26.6, 1.27.0-rc.3",true,affected,
rancher/mirrored-cilium-operator-generic:v1.20.1,rancher/prime/v2.16-head,stdlib,v1.26.5,gobinary,CVE-2026-56859,HIGH,https://avd.aquasec.com/nvd/cve-2026-56859,usr/bin/gops,"1.25.13, 1.26.6, 1.27.0-rc.3",true,affected,
rancher/mirrored-cilium-operator-generic:v1.20.1,rancher/prime/v2.16-head,stdlib,v1.26.5,gobinary,CVE-2026-56862,HIGH,https://avd.aquasec.com/nvd/cve-2026-56862,usr/bin/cilium-operator-generic,"1.25.13, 1.26.6, 1.27.0-rc.3",true,affected,
rancher/mirrored-cilium-operator-generic:v1.20.1,rancher/prime/v2.16-head,stdlib,v1.26.5,gobinary,CVE-2026-56862,HIGH,https://avd.aquasec.com/nvd/cve-2026-56862,usr/bin/gops,"1.25.13, 1.26.6, 1.27.0-rc.3",true,affected,
rancher/mirrored-cilium-operator-generic:v1.20.1,rancher/prime/v2.16-head,golang.org/x/crypto,v0.53.0,gobinary,CVE-2026-78662,HIGH,https://avd.aquasec.com/nvd/cve-2026-78662,usr/bin/cilium-operator-generic,0.56.0,true,affected,severity_changed_due_to_suse_cvss_score
rancher/mirrored-cilium-operator-generic:v1.20.1,rancher/prime/v2.16-head,google.golang.org/grpc,v1.82.1,gobinary,CVE-2026-84303,MEDIUM,https://avd.aquasec.com/nvd/cve-2026-84303,usr/bin/cilium-operator-generic,1.83.1,true,not_affected,vulnerable_code_not_present
rancher/mirrored-cilium-operator-generic:v1.20.1,rancher/prime/v2.16-head,google.golang.org/grpc,v1.82.1,gobinary,CVE-2026-84304,HIGH,https://avd.aquasec.com/nvd/cve-2026-84304,usr/bin/cilium-operator-generic,1.83.1,true,affected,
rancher/mirrored-cilium-operator-generic:v1.20.1,rancher/prime/v2.16-head,google.golang.org/grpc,v1.82.1,gobinary,CVE-2026-84445,HIGH,https://avd.aquasec.com/nvd/cve-2026-84445,usr/bin/cilium-operator-generic,"1.82.2, 1.83.2, 1.84.0-dev.0.20260825144003-d5a41119e0e3, 1.85.0-dev.0.20260825072537-93e31b48545e",true,affected,
rancher/mirrored-cloud-provider-vsphere-csi-release-driver:v3.7.3,rancher/prime/v2.16-head,libxml2,2.15.3-1.ph5,photon,CVE-2026-11979,HIGH,https://avd.aquasec.com/nvd/cve-2026-11979,rancher/mirrored-cloud-provider-vsphere-csi-release-driver:v3.7.3 (photon 5.0),2.15.3-2.ph5,true,not_affected,vulnerable_code_not_in_execute_path
rancher/mirrored-cloud-provider-vsphere-csi-release-driver:v3.7.3,rancher/prime/v2.16-head,curl,8.21.0-3.ph5,photon,CVE-2026-13608,HIGH,https://avd.aquasec.com/nvd/cve-2026-13608,rancher/mirrored-cloud-provider-vsphere-csi-release-driver:v3.7.3 (photon 5.0),8.22.0-1.ph5,true,affected,
rancher/mirrored-cloud-provider-vsphere-csi-release-driver:v3.7.3,rancher/prime/v2.16-head,curl-libs,8.21.0-3.ph5,photon,CVE-2026-13608,HIGH,https://avd.aquasec.com/nvd/cve-2026-13608,rancher/mirrored-cloud-provider-vsphere-csi-release-driver:v3.7.3 (photon 5.0),8.22.0-1.ph5,true,affected,
rancher/mirrored-cloud-provider-vsphere-csi-release-driver:v3.7.3,rancher/prime/v2.16-head,openssl,3.5.7-2.ph5,photon,CVE-2026-14456,HIGH,https://avd.aquasec.com/nvd/cve-2026-14456,rancher/mirrored-cloud-provider-vsphere-csi-release-driver:v3.7.3 (photon 5.0),3.5.7-5.ph5,true,not_affected,vulnerable_code_not_in_execute_path
rancher/mirrored-cloud-provider-vsphere-csi-release-driver:v3.7.3,rancher/prime/v2.16-head,openssl-libs,3.5.7-2.ph5,photon,CVE-2026-14456,HIGH,https://avd.aquasec.com/nvd/cve-2026-14456,rancher/mirrored-cloud-provider-vsphere-csi-release-driver:v3.7.3 (photon 5.0),3.5.7-5.ph5,true,not_affected,vulnerable_code_not_in_execute_path
rancher/mirrored-cloud-provider-vsphere-csi-release-driver:v3.7.3,rancher/prime/v2.16-head,openssl,3.5.7-2.ph5,photon,CVE-2026-14457,HIGH,https://avd.aquasec.com/nvd/cve-2026-14457,rancher/mirrored-cloud-provider-vsphere-csi-release-driver:v3.7.3 (photon 5.0),3.5.8-0.1.ph5,true,not_affected,vulnerable_code_not_in_execute_path
rancher/mirrored-cloud-provider-vsphere-csi-release-driver:v3.7.3,rancher/prime/v2.16-head,openssl-libs,3.5.7-2.ph5,photon,CVE-2026-14457,HIGH,https://avd.aquasec.com/nvd/cve-2026-14457,rancher/mirrored-cloud-provider-vsphere-csi-release-driver:v3.7.3 (photon 5.0),3.5.8-0.1.ph5,true,not_affected,vulnerable_code_not_in_execute_path
rancher/mirrored-cloud-provider-vsphere-csi-release-driver:v3.7.3,rancher/prime/v2.16-head,python3,3.14.5-5.ph5,photon,CVE-2026-15308,HIGH,https://avd.aquasec.com/nvd/cve-2026-15308,rancher/mirrored-cloud-provider-vsphere-csi-release-driver:v3.7.3 (photon 5.0),3.14.7-1.ph5,true,not_affected,vulnerable_code_not_in_execute_path
rancher/mirrored-cloud-provider-vsphere-csi-release-driver:v3.7.3,rancher/prime/v2.16-head,python3-libs,3.14.5-5.ph5,photon,CVE-2026-15308,HIGH,https://avd.aquasec.com/nvd/cve-2026-15308,rancher/mirrored-cloud-provider-vsphere-csi-release-driver:v3.7.3 (photon 5.0),3.14.7-1.ph5,true,not_affected,vulnerable_code_not_in_execute_path
rancher/mirrored-cloud-provider-vsphere-csi-release-driver:v3.7.3,rancher/prime/v2.16-head,nss-libs,3.78-12.ph5,photon,CVE-2026-16389,CRITICAL,https://avd.aquasec.com/nvd/cve-2026-16389,rancher/mirrored-cloud-provider-vsphere-csi-release-driver:v3.7.3 (photon 5.0),3.78-13.ph5,true,not_affected,vulnerable_code_not_in_execute_path
rancher/mirrored-cloud-provider-vsphere-csi-release-driver:v3.7.3,rancher/prime/v2.16-head,openssl,3.5.7-2.ph5,photon,CVE-2026-18798,HIGH,https://avd.aquasec.com/nvd/cve-2026-18798,rancher/mirrored-cloud-provider-vsphere-csi-release-driver:v3.7.3 (photon 5.0),3.5.8-0.1.ph5,true,not_affected,vulnerable_code_not_in_execute_path
rancher/mirrored-cloud-provider-vsphere-csi-release-driver:v3.7.3,rancher/prime/v2.16-head,openssl-libs,3.5.7-2.ph5,photon,CVE-2026-18798,HIGH,https://avd.aquasec.com/nvd/cve-2026-18798,rancher/mirrored-cloud-provider-vsphere-csi-release-driver:v3.7.3 (photon 5.0),3.5.8-0.1.ph5,true,not_affected,vulnerable_code_not_in_execute_path
rancher/mirrored-cloud-provider-vsphere-csi-release-driver:v3.7.3,rancher/prime/v2.16-head,curl,8.21.0-3.ph5,photon,CVE-2026-18924,CRITICAL,https://avd.aquasec.com/nvd/cve-2026-18924,rancher/mirrored-cloud-provider-vsphere-csi-release-driver:v3.7.3 (photon 5.0),8.22.0-1.ph5,true,affected,
rancher/mirrored-cloud-provider-vsphere-csi-release-driver:v3.7.3,rancher/prime/v2.16-head,curl-libs,8.21.0-3.ph5,photon,CVE-2026-18924,CRITICAL,https://avd.aquasec.com/nvd/cve-2026-18924,rancher/mirrored-cloud-provider-vsphere-csi-release-driver:v3.7.3 (photon 5.0),8.22.0-1.ph5,true,affected,
rancher/mirrored-cloud-provider-vsphere-csi-release-driver:v3.7.3,rancher/prime/v2.16-head,curl,8.21.0-3.ph5,photon,CVE-2026-19931,CRITICAL,https://avd.aquasec.com/nvd/cve-2026-19931,rancher/mirrored-cloud-provider-vsphere-csi-release-driver:v3.7.3 (photon 5.0),8.22.0-1.ph5,true,affected,
rancher/mirrored-cloud-provider-vsphere-csi-release-driver:v3.7.3,rancher/prime/v2.16-head,curl-libs,8.21.0-3.ph5,photon,CVE-2026-19931,CRITICAL,https://avd.aquasec.com/nvd/cve-2026-19931,rancher/mirrored-cloud-provider-vsphere-csi-release-driver:v3.7.3 (photon 5.0),8.22.0-1.ph5,true,affected,
rancher/mirrored-cloud-provider-vsphere-csi-release-driver:v3.7.3,rancher/prime/v2.16-head,stdlib,v1.26.5,gobinary,CVE-2026-33818,HIGH,https://avd.aquasec.com/nvd/cve-2026-33818,usr/bin/vsphere-csi,"1.25.13, 1.26.6, 1.27.0-rc.3",true,affected,
rancher/mirrored-cloud-provider-vsphere-csi-release-driver:v3.7.3,rancher/prime/v2.16-head,stdlib,v1.26.5,gobinary,CVE-2026-39821,HIGH,https://avd.aquasec.com/nvd/cve-2026-39821,usr/bin/vsphere-csi,"1.25.13, 1.26.6, 1.27.0-rc.3",true,affected,
rancher/mirrored-cloud-provider-vsphere-csi-release-driver:v3.7.3,rancher/prime/v2.16-head,krb5,1.20.2-14.ph5,photon,CVE-2026-40355,HIGH,https://avd.aquasec.com/nvd/cve-2026-40355,rancher/mirrored-cloud-provider-vsphere-csi-release-driver:v3.7.3 (photon 5.0),1.20.2-15.ph5,true,not_affected,vulnerable_code_not_in_execute_path
rancher/mirrored-cloud-provider-vsphere-csi-release-driver:v3.7.3,rancher/prime/v2.16-head,rpm-libs,6.0.1-4.ph5,photon,CVE-2026-44604,HIGH,https://avd.aquasec.com/nvd/cve-2026-44604,rancher/mirrored-cloud-provider-vsphere-csi-release-driver:v3.7.3 (photon 5.0),6.0.1-5.ph5,true,not_affected,vulnerable_code_not_in_execute_path
rancher/mirrored-cloud-provider-vsphere-csi-release-driver:v3.7.3,rancher/prime/v2.16-head,golang.org/x/net,v0.55.0,gobinary,CVE-2026-46600,HIGH,https://avd.aquasec.com/nvd/cve-2026-46600,usr/bin/vsphere-csi,0.56.0,true,not_affected,vulnerable_code_not_present
rancher/mirrored-cloud-provider-vsphere-csi-release-driver:v3.7.3,rancher/prime/v2.16-head,libacl,2.3.1-7.ph5,photon,CVE-2026-54369,HIGH,https://avd.aquasec.com/nvd/cve-2026-54369,rancher/mirrored-cloud-provider-vsphere-csi-release-driver:v3.7.3 (photon 5.0),2.4.0-1.ph5,true,not_affected,vulnerable_code_not_in_execute_path
rancher/mirrored-cloud-provider-vsphere-csi-release-driver:v3.7.3,rancher/prime/v2.16-head,openssl,3.5.7-2.ph5,photon,CVE-2026-54874,HIGH,https://avd.aquasec.com/nvd/cve-2026-54874,rancher/mirrored-cloud-provider-vsphere-csi-release-driver:v3.7.3 (photon 5.0),3.5.8-0.1.ph5,true,not_affected,vulnerable_code_not_in_execute_path
rancher/mirrored-cloud-provider-vsphere-csi-release-driver:v3.7.3,rancher/prime/v2.16-head,openssl-libs,3.5.7-2.ph5,photon,CVE-2026-54874,HIGH,https://avd.aquasec.com/nvd/cve-2026-54874,rancher/mirrored-cloud-provider-vsphere-csi-release-driver:v3.7.3 (photon 5.0),3.5.8-0.1.ph5,true,not_affected,vulnerable_code_not_in_execute_path
rancher/mirrored-cloud-provider-vsphere-csi-release-driver:v3.7.3,rancher/prime/v2.16-head,golang.org/x/text,v0.38.0,gobinary,CVE-2026-56852,HIGH,https://avd.aquasec.com/nvd/cve-2026-56852,usr/bin/vsphere-csi,0.39.0,true,not_affected,vulnerable_code_not_in_execute_path
rancher/mirrored-cloud-provider-vsphere-csi-release-driver:v3.7.3,rancher/prime/v2.16-head,stdlib,v1.26.5,gobinary,CVE-2026-56853,HIGH,https://avd.aquasec.com/nvd/cve-2026-56853,usr/bin/vsphere-csi,"1.25.13, 1.26.6, 1.27.0-rc.3",true,affected,
rancher/mirrored-cloud-provider-vsphere-csi-release-driver:v3.7.3,rancher/prime/v2.16-head,stdlib,v1.26.5,gobinary,CVE-2026-56859,HIGH,https://avd.aquasec.com/nvd/cve-2026-56859,usr/bin/vsphere-csi,"1.25.13, 1.26.6, 1.27.0-rc.3",true,affected,
rancher/mirrored-cloud-provider-vsphere-csi-release-driver:v3.7.3,rancher/prime/v2.16-head,stdlib,v1.26.5,gobinary,CVE-2026-56862,HIGH,https://avd.aquasec.com/nvd/cve-2026-56862,usr/bin/vsphere-csi,"1.25.13, 1.26.6, 1.27.0-rc.3",true,affected,
rancher/mirrored-cloud-provider-vsphere-csi-release-driver:v3.7.3,rancher/prime/v2.16-head,glib,2.88.0-5.ph5,photon,CVE-2026-58010,HIGH,https://avd.aquasec.com/nvd/cve-2026-58010,rancher/mirrored-cloud-provider-vsphere-csi-release-driver:v3.7.3 (photon 5.0),2.89.2-2.ph5,true,not_affected,vulnerable_code_not_in_execute_path
rancher/mirrored-cloud-provider-vsphere-csi-release-driver:v3.7.3,rancher/prime/v2.16-head,glib,2.88.0-5.ph5,photon,CVE-2026-58011,HIGH,https://avd.aquasec.com/nvd/cve-2026-58011,rancher/mirrored-cloud-provider-vsphere-csi-release-driver:v3.7.3 (photon 5.0),2.89.2-2.ph5,true,not_affected,vulnerable_code_not_in_execute_path
rancher/mirrored-cloud-provider-vsphere-csi-release-driver:v3.7.3,rancher/prime/v2.16-head,glib,2.88.0-5.ph5,photon,CVE-2026-58012,HIGH,https://avd.aquasec.com/nvd/cve-2026-58012,rancher/mirrored-cloud-provider-vsphere-csi-release-driver:v3.7.3 (photon 5.0),2.89.2-2.ph5,true,not_affected,vulnerable_code_not_in_execute_path
rancher/mirrored-cloud-provider-vsphere-csi-release-driver:v3.7.3,rancher/prime/v2.16-head,glib,2.88.0-5.ph5,photon,CVE-2026-58013,HIGH,https://avd.aquasec.com/nvd/cve-2026-58013,rancher/mirrored-cloud-provider-vsphere-csi-release-driver:v3.7.3 (photon 5.0),2.89.2-2.ph5,true,not_affected,vulnerable_code_not_in_execute_path
rancher/mirrored-cloud-provider-vsphere-csi-release-driver:v3.7.3,rancher/prime/v2.16-head,glib,2.88.0-5.ph5,photon,CVE-2026-58014,HIGH,https://avd.aquasec.com/nvd/cve-2026-58014,rancher/mirrored-cloud-provider-vsphere-csi-release-driver:v3.7.3 (photon 5.0),2.89.2-2.ph5,true,affected,
rancher/mirrored-cloud-provider-vsphere-csi-release-driver:v3.7.3,rancher/prime/v2.16-head,glib,2.88.0-5.ph5,photon,CVE-2026-58015,HIGH,https://avd.aquasec.com/nvd/cve-2026-58015,rancher/mirrored-cloud-provider-vsphere-csi-release-driver:v3.7.3 (photon 5.0),2.89.2-2.ph5,true,not_affected,vulnerable_code_not_in_execute_path
rancher/mirrored-cloud-provider-vsphere-csi-release-driver:v3.7.3,rancher/prime/v2.16-head,glib,2.88.0-5.ph5,photon,CVE-2026-58016,CRITICAL,https://avd.aquasec.com/nvd/cve-2026-58016,rancher/mirrored-cloud-provider-vsphere-csi-release-driver:v3.7.3 (photon 5.0),2.89.2-2.ph5,true,not_affected,vulnerable_code_not_in_execute_path
rancher/mirrored-cloud-provider-vsphere-csi-release-driver:v3.7.3,rancher/prime/v2.16-head,openssl,3.5.7-2.ph5,photon,CVE-2026-63072,HIGH,https://avd.aquasec.com/nvd/cve-2026-63072,rancher/mirrored-cloud-provider-vsphere-csi-release-driver:v3.7.3 (photon 5.0),3.5.8-0.1.ph5,true,not_affected,vulnerable_code_not_in_execute_path
rancher/mirrored-cloud-provider-vsphere-csi-release-driver:v3.7.3,rancher/prime/v2.16-head,openssl-libs,3.5.7-2.ph5,photon,CVE-2026-63072,HIGH,https://avd.aquasec.com/nvd/cve-2026-63072,rancher/mirrored-cloud-provider-vsphere-csi-release-driver:v3.7.3 (photon 5.0),3.5.8-0.1.ph5,true,not_affected,vulnerable_code_not_in_execute_path
rancher/mirrored-cloud-provider-vsphere-csi-release-driver:v3.7.3,rancher/prime/v2.16-head,openssl,3.5.7-2.ph5,photon,CVE-2026-63073,CRITICAL,https://avd.aquasec.com/nvd/cve-2026-63073,rancher/mirrored-cloud-provider-vsphere-csi-release-driver:v3.7.3 (photon 5.0),3.5.8-0.1.ph5,true,not_affected,vulnerable_code_not_in_execute_path
rancher/mirrored-cloud-provider-vsphere-csi-release-driver:v3.7.3,rancher/prime/v2.16-head,openssl-libs,3.5.7-2.ph5,photon,CVE-2026-63073,CRITICAL,https://avd.aquasec.com/nvd/cve-2026-63073,rancher/mirrored-cloud-provider-vsphere-csi-release-driver:v3.7.3 (photon 5.0),3.5.8-0.1.ph5,true,not_affected,vulnerable_code_not_in_execute_path
rancher/mirrored-cloud-provider-vsphere-csi-release-driver:v3.7.3,rancher/prime/v2.16-head,openssl,3.5.7-2.ph5,photon,CVE-2026-63075,HIGH,https://avd.aquasec.com/nvd/cve-2026-63075,rancher/mirrored-cloud-provider-vsphere-csi-release-driver:v3.7.3 (photon 5.0),3.5.8-0.1.ph5,true,not_affected,vulnerable_code_not_in_execute_path
rancher/mirrored-cloud-provider-vsphere-csi-release-driver:v3.7.3,rancher/prime/v2.16-head,openssl-libs,3.5.7-2.ph5,photon,CVE-2026-63075,HIGH,https://avd.aquasec.com/nvd/cve-2026-63075,rancher/mirrored-cloud-provider-vsphere-csi-release-driver:v3.7.3 (photon 5.0),3.5.8-0.1.ph5,true,not_affected,vulnerable_code_not_in_execute_path
rancher/mirrored-cloud-provider-vsphere-csi-release-driver:v3.7.3,rancher/prime/v2.16-head,openssl,3.5.7-2.ph5,photon,CVE-2026-63076,HIGH,https://avd.aquasec.com/nvd/cve-2026-63076,rancher/mirrored-cloud-provider-vsphere-csi-release-driver:v3.7.3 (photon 5.0),3.5.8-0.1.ph5,true,not_affected,vulnerable_code_not_in_execute_path
rancher/mirrored-cloud-provider-vsphere-csi-release-driver:v3.7.3,rancher/prime/v2.16-head,openssl-libs,3.5.7-2.ph5,photon,CVE-2026-63076,HIGH,https://avd.aquasec.com/nvd/cve-2026-63076,rancher/mirrored-cloud-provider-vsphere-csi-release-driver:v3.7.3 (photon 5.0),3.5.8-0.1.ph5,true,not_affected,vulnerable_code_not_in_execute_path
rancher/mirrored-cloud-provider-vsphere-csi-release-driver:v3.7.3,rancher/prime/v2.16-head,libssh2,1.11.1-5.ph5,photon,CVE-2026-66033,HIGH,https://avd.aquasec.com/nvd/cve-2026-66033,rancher/mirrored-cloud-provider-vsphere-csi-release-driver:v3.7.3 (photon 5.0),1.11.1-6.ph5,true,not_affected,vulnerable_code_not_in_execute_path
rancher/mirrored-cloud-provider-vsphere-csi-release-driver:v3.7.3,rancher/prime/v2.16-head,logger,2.41.5-1.ph5,photon,CVE-2026-76642,HIGH,https://avd.aquasec.com/nvd/cve-2026-76642,rancher/mirrored-cloud-provider-vsphere-csi-release-driver:v3.7.3 (photon 5.0),2.42.3-1.ph5,true,not_affected,vulnerable_code_not_in_execute_path
rancher/mirrored-cloud-provider-vsphere-csi-release-driver:v3.7.3,rancher/prime/v2.16-head,logger-bin,2.41.5-1.ph5,photon,CVE-2026-76642,HIGH,https://avd.aquasec.com/nvd/cve-2026-76642,rancher/mirrored-cloud-provider-vsphere-csi-release-driver:v3.7.3 (photon 5.0),2.42.3-1.ph5,true,not_affected,vulnerable_code_not_in_execute_path
rancher/mirrored-cloud-provider-vsphere-csi-release-driver:v3.7.3,rancher/prime/v2.16-head,util-linux,2.41.5-1.ph5,photon,CVE-2026-76642,HIGH,https://avd.aquasec.com/nvd/cve-2026-76642,rancher/mirrored-cloud-provider-vsphere-csi-release-driver:v3.7.3 (photon 5.0),2.42.3-1.ph5,true,not_affected,vulnerable_code_not_in_execute_path
rancher/mirrored-cloud-provider-vsphere-csi-release-driver:v3.7.3,rancher/prime/v2.16-head,util-linux-libs,2.41.5-1.ph5,photon,CVE-2026-76642,HIGH,https://avd.aquasec.com/nvd/cve-2026-76642,rancher/mirrored-cloud-provider-vsphere-csi-release-driver:v3.7.3 (photon 5.0),2.42.3-1.ph5,true,not_affected,vulnerable_code_not_in_execute_path
rancher/mirrored-cloud-provider-vsphere-csi-release-driver:v3.7.3,rancher/prime/v2.16-head,curl,8.21.0-3.ph5,photon,CVE-2026-80229,HIGH,https://avd.aquasec.com/nvd/cve-2026-80229,rancher/mirrored-cloud-provider-vsphere-csi-release-driver:v3.7.3 (photon 5.0),8.22.0-1.ph5,true,affected,
rancher/mirrored-cloud-provider-vsphere-csi-release-driver:v3.7.3,rancher/prime/v2.16-head,curl-libs,8.21.0-3.ph5,photon,CVE-2026-80229,HIGH,https://avd.aquasec.com/nvd/cve-2026-80229,rancher/mirrored-cloud-provider-vsphere-csi-release-driver:v3.7.3 (photon 5.0),8.22.0-1.ph5,true,affected,
rancher/mirrored-cloud-provider-vsphere-csi-release-driver:v3.7.3,rancher/prime/v2.16-head,curl,8.21.0-3.ph5,photon,CVE-2026-80230,HIGH,https://avd.aquasec.com/nvd/cve-2026-80230,rancher/mirrored-cloud-provider-vsphere-csi-release-driver:v3.7.3 (photon 5.0),8.22.0-1.ph5,true,affected,
rancher/mirrored-cloud-provider-vsphere-csi-release-driver:v3.7.3,rancher/prime/v2.16-head,curl-libs,8.21.0-3.ph5,photon,CVE-2026-80230,HIGH,https://avd.aquasec.com/nvd/cve-2026-80230,rancher/mirrored-cloud-provider-vsphere-csi-release-driver:v3.7.3 (photon 5.0),8.22.0-1.ph5,true,affected,
rancher/mirrored-cloud-provider-vsphere-csi-release-driver:v3.7.3,rancher/prime/v2.16-head,curl,8.21.0-3.ph5,photon,CVE-2026-80231,HIGH,https://avd.aquasec.com/nvd/cve-2026-80231,rancher/mirrored-cloud-provider-vsphere-csi-release-driver:v3.7.3 (photon 5.0),8.22.0-1.ph5,true,affected,
rancher/mirrored-cloud-provider-vsphere-csi-release-driver:v3.7.3,rancher/prime/v2.16-head,curl-libs,8.21.0-3.ph5,photon,CVE-2026-80231,HIGH,https://avd.aquasec.com/nvd/cve-2026-80231,rancher/mirrored-cloud-provider-vsphere-csi-release-driver:v3.7.3 (photon 5.0),8.22.0-1.ph5,true,affected,
rancher/mirrored-cloud-provider-vsphere-csi-release-driver:v3.7.3,rancher/prime/v2.16-head,curl,8.21.0-3.ph5,photon,CVE-2026-80255,HIGH,https://avd.aquasec.com/nvd/cve-2026-80255,rancher/mirrored-cloud-provider-vsphere-csi-release-driver:v3.7.3 (photon 5.0),8.22.0-1.ph5,true,affected,
rancher/mirrored-cloud-provider-vsphere-csi-release-driver:v3.7.3,rancher/prime/v2.16-head,curl-libs,8.21.0-3.ph5,photon,CVE-2026-80255,HIGH,https://avd.aquasec.com/nvd/cve-2026-80255,rancher/mirrored-cloud-provider-vsphere-csi-release-driver:v3.7.3 (photon 5.0),8.22.0-1.ph5,true,affected,
rancher/mirrored-cloud-provider-vsphere-csi-release-driver:v3.7.3,rancher/prime/v2.16-head,curl,8.21.0-3.ph5,photon,CVE-2026-82208,HIGH,https://avd.aquasec.com/nvd/cve-2026-82208,rancher/mirrored-cloud-provider-vsphere-csi-release-driver:v3.7.3 (photon 5.0),8.22.0-1.ph5,true,affected,
rancher/mirrored-cloud-provider-vsphere-csi-release-driver:v3.7.3,rancher/prime/v2.16-head,curl-libs,8.21.0-3.ph5,photon,CVE-2026-82208,HIGH,https://avd.aquasec.com/nvd/cve-2026-82208,rancher/mirrored-cloud-provider-vsphere-csi-release-driver:v3.7.3 (photon 5.0),8.22.0-1.ph5,true,affected,
rancher/mirrored-cloud-provider-vsphere-csi-release-driver:v3.7.3,rancher/prime/v2.16-head,curl,8.21.0-3.ph5,photon,CVE-2026-82209,HIGH,https://avd.aquasec.com/nvd/cve-2026-82209,rancher/mirrored-cloud-provider-vsphere-csi-release-driver:v3.7.3 (photon 5.0),8.22.0-1.ph5,true,affected,
rancher/mirrored-cloud-provider-vsphere-csi-release-driver:v3.7.3,rancher/prime/v2.16-head,curl-libs,8.21.0-3.ph5,photon,CVE-2026-82209,HIGH,https://avd.aquasec.com/nvd/cve-2026-82209,rancher/mirrored-cloud-provider-vsphere-csi-release-driver:v3.7.3 (photon 5.0),8.22.0-1.ph5,true,affected,
rancher/mirrored-cloud-provider-vsphere-csi-release-driver:v3.7.3,rancher/prime/v2.16-head,google.golang.org/grpc,v1.81.1,gobinary,CVE-2026-84304,HIGH,https://avd.aquasec.com/nvd/cve-2026-84304,usr/bin/vsphere-csi,1.83.1,true,affected,
rancher/mirrored-cloud-provider-vsphere-csi-release-driver:v3.7.3,rancher/prime/v2.16-head,google.golang.org/grpc,v1.81.1,gobinary,CVE-2026-84445,HIGH,https://avd.aquasec.com/nvd/cve-2026-84445,usr/bin/vsphere-csi,"1.82.2, 1.83.2, 1.84.0-dev.0.20260825144003-d5a41119e0e3, 1.85.0-dev.0.20260825072537-93e31b48545e",true,affected,
rancher/mirrored-cloud-provider-vsphere-csi-release-driver:v3.7.3,rancher/prime/v2.16-head,libxml2,2.15.3-1.ph5,photon,CVE-2026-86138,HIGH,https://avd.aquasec.com/nvd/cve-2026-86138,rancher/mirrored-cloud-provider-vsphere-csi-release-driver:v3.7.3 (photon 5.0),2.15.4-1.ph5,true,not_affected,vulnerable_code_not_in_execute_path
rancher/mirrored-cloud-provider-vsphere-csi-release-driver:v3.7.3,rancher/prime/v2.16-head,libxml2,2.15.3-1.ph5,photon,CVE-2026-86139,HIGH,https://avd.aquasec.com/nvd/cve-2026-86139,rancher/mirrored-cloud-provider-vsphere-csi-release-driver:v3.7.3 (photon 5.0),2.15.4-1.ph5,true,not_affected,vulnerable_code_not_in_execute_path
rancher/mirrored-cloud-provider-vsphere-csi-release-driver:v3.7.3,rancher/prime/v2.16-head,libxml2,2.15.3-1.ph5,photon,CVE-2026-86140,HIGH,https://avd.aquasec.com/nvd/cve-2026-86140,rancher/mirrored-cloud-provider-vsphere-csi-release-driver:v3.7.3 (photon 5.0),2.15.4-1.ph5,true,not_affected,vulnerable_code_not_in_execute_path
rancher/mirrored-cloud-provider-vsphere-csi-release-driver:v3.7.3,rancher/prime/v2.16-head,libxml2,2.15.3-1.ph5,photon,CVE-2026-86142,HIGH,https://avd.aquasec.com/nvd/cve-2026-86142,rancher/mirrored-cloud-provider-vsphere-csi-release-driver:v3.7.3 (photon 5.0),2.15.4-1.ph5,true,not_affected,vulnerable_code_not_in_execute_path
rancher/mirrored-cloud-provider-vsphere-csi-release-driver:v3.7.3,rancher/prime/v2.16-head,libxml2,2.15.3-1.ph5,photon,CVE-2026-86143,HIGH,https://avd.aquasec.com/nvd/cve-2026-86143,rancher/mirrored-cloud-provider-vsphere-csi-release-driver:v3.7.3 (photon 5.0),2.15.4-1.ph5,true,not_affected,vulnerable_code_not_in_execute_path
rancher/mirrored-cloud-provider-vsphere-csi-release-driver:v3.7.3,rancher/prime/v2.16-head,libxml2,2.15.3-1.ph5,photon,CVE-2026-86144,HIGH,https://avd.aquasec.com/nvd/cve-2026-86144,rancher/mirrored-cloud-provider-vsphere-csi-release-driver:v3.7.3 (photon 5.0),2.15.4-1.ph5,true,not_affected,vulnerable_code_not_in_execute_path
rancher/mirrored-cloud-provider-vsphere-csi-release-driver:v3.7.3,rancher/prime/v2.16-head,google.golang.org/grpc,v1.81.1,gobinary,GHSA-hrxh-6v49-42gf,HIGH,https://github.com/advisories/GHSA-hrxh-6v49-42gf,usr/bin/vsphere-csi,1.82.1,true,affected,
rancher/mirrored-cloud-provider-vsphere-csi-release-syncer:v3.7.3,rancher/prime/v2.16-head,curl,8.21.0-3.ph5,photon,CVE-2026-13608,HIGH,https://avd.aquasec.com/nvd/cve-2026-13608,rancher/mirrored-cloud-provider-vsphere-csi-release-syncer:v3.7.3 (photon 5.0),8.22.0-1.ph5,true,affected,
rancher/mirrored-cloud-provider-vsphere-csi-release-syncer:v3.7.3,rancher/prime/v2.16-head,curl-libs,8.21.0-3.ph5,photon,CVE-2026-13608,HIGH,https://avd.aquasec.com/nvd/cve-2026-13608,rancher/mirrored-cloud-provider-vsphere-csi-release-syncer:v3.7.3 (photon 5.0),8.22.0-1.ph5,true,affected,
rancher/mirrored-cloud-provider-vsphere-csi-release-syncer:v3.7.3,rancher/prime/v2.16-head,openssl-libs,3.5.7-2.ph5,photon,CVE-2026-14456,HIGH,https://avd.aquasec.com/nvd/cve-2026-14456,rancher/mirrored-cloud-provider-vsphere-csi-release-syncer:v3.7.3 (photon 5.0),3.5.7-5.ph5,true,affected,
rancher/mirrored-cloud-provider-vsphere-csi-release-syncer:v3.7.3,rancher/prime/v2.16-head,openssl-libs,3.5.7-2.ph5,photon,CVE-2026-14457,HIGH,https://avd.aquasec.com/nvd/cve-2026-14457,rancher/mirrored-cloud-provider-vsphere-csi-release-syncer:v3.7.3 (photon 5.0),3.5.8-0.1.ph5,true,affected,
rancher/mirrored-cloud-provider-vsphere-csi-release-syncer:v3.7.3,rancher/prime/v2.16-head,nss-libs,3.78-12.ph5,photon,CVE-2026-16389,CRITICAL,https://avd.aquasec.com/nvd/cve-2026-16389,rancher/mirrored-cloud-provider-vsphere-csi-release-syncer:v3.7.3 (photon 5.0),3.78-13.ph5,true,not_affected,vulnerable_code_not_in_execute_path
rancher/mirrored-cloud-provider-vsphere-csi-release-syncer:v3.7.3,rancher/prime/v2.16-head,openssl-libs,3.5.7-2.ph5,photon,CVE-2026-18798,HIGH,https://avd.aquasec.com/nvd/cve-2026-18798,rancher/mirrored-cloud-provider-vsphere-csi-release-syncer:v3.7.3 (photon 5.0),3.5.8-0.1.ph5,true,affected,
rancher/mirrored-cloud-provider-vsphere-csi-release-syncer:v3.7.3,rancher/prime/v2.16-head,curl,8.21.0-3.ph5,photon,CVE-2026-18924,CRITICAL,https://avd.aquasec.com/nvd/cve-2026-18924,rancher/mirrored-cloud-provider-vsphere-csi-release-syncer:v3.7.3 (photon 5.0),8.22.0-1.ph5,true,affected,
rancher/mirrored-cloud-provider-vsphere-csi-release-syncer:v3.7.3,rancher/prime/v2.16-head,curl-libs,8.21.0-3.ph5,photon,CVE-2026-18924,CRITICAL,https://avd.aquasec.com/nvd/cve-2026-18924,rancher/mirrored-cloud-provider-vsphere-csi-release-syncer:v3.7.3 (photon 5.0),8.22.0-1.ph5,true,affected,
rancher/mirrored-cloud-provider-vsphere-csi-release-syncer:v3.7.3,rancher/prime/v2.16-head,curl,8.21.0-3.ph5,photon,CVE-2026-19931,CRITICAL,https://avd.aquasec.com/nvd/cve-2026-19931,rancher/mirrored-cloud-provider-vsphere-csi-release-syncer:v3.7.3 (photon 5.0),8.22.0-1.ph5,true,affected,
rancher/mirrored-cloud-provider-vsphere-csi-release-syncer:v3.7.3,rancher/prime/v2.16-head,curl-libs,8.21.0-3.ph5,photon,CVE-2026-19931,CRITICAL,https://avd.aquasec.com/nvd/cve-2026-19931,rancher/mirrored-cloud-provider-vsphere-csi-release-syncer:v3.7.3 (photon 5.0),8.22.0-1.ph5,true,affected,
rancher/mirrored-cloud-provider-vsphere-csi-release-syncer:v3.7.3,rancher/prime/v2.16-head,stdlib,v1.26.5,gobinary,CVE-2026-33818,HIGH,https://avd.aquasec.com/nvd/cve-2026-33818,usr/bin/vsphere-syncer,"1.25.13, 1.26.6, 1.27.0-rc.3",true,affected,
rancher/mirrored-cloud-provider-vsphere-csi-release-syncer:v3.7.3,rancher/prime/v2.16-head,stdlib,v1.26.5,gobinary,CVE-2026-39821,HIGH,https://avd.aquasec.com/nvd/cve-2026-39821,usr/bin/vsphere-syncer,"1.25.13, 1.26.6, 1.27.0-rc.3",true,affected,
rancher/mirrored-cloud-provider-vsphere-csi-release-syncer:v3.7.3,rancher/prime/v2.16-head,krb5,1.20.2-14.ph5,photon,CVE-2026-40355,HIGH,https://avd.aquasec.com/nvd/cve-2026-40355,rancher/mirrored-cloud-provider-vsphere-csi-release-syncer:v3.7.3 (photon 5.0),1.20.2-15.ph5,true,not_affected,vulnerable_code_not_in_execute_path
rancher/mirrored-cloud-provider-vsphere-csi-release-syncer:v3.7.3,rancher/prime/v2.16-head,rpm-libs,6.0.1-4.ph5,photon,CVE-2026-44604,HIGH,https://avd.aquasec.com/nvd/cve-2026-44604,rancher/mirrored-cloud-provider-vsphere-csi-release-syncer:v3.7.3 (photon 5.0),6.0.1-5.ph5,true,not_affected,vulnerable_code_not_in_execute_path
rancher/mirrored-cloud-provider-vsphere-csi-release-syncer:v3.7.3,rancher/prime/v2.16-head,golang.org/x/net,v0.55.0,gobinary,CVE-2026-46600,HIGH,https://avd.aquasec.com/nvd/cve-2026-46600,usr/bin/vsphere-syncer,0.56.0,true,not_affected,vulnerable_code_not_present
rancher/mirrored-cloud-provider-vsphere-csi-release-syncer:v3.7.3,rancher/prime/v2.16-head,openssl-libs,3.5.7-2.ph5,photon,CVE-2026-54874,HIGH,https://avd.aquasec.com/nvd/cve-2026-54874,rancher/mirrored-cloud-provider-vsphere-csi-release-syncer:v3.7.3 (photon 5.0),3.5.8-0.1.ph5,true,affected,
rancher/mirrored-cloud-provider-vsphere-csi-release-syncer:v3.7.3,rancher/prime/v2.16-head,golang.org/x/text,v0.38.0,gobinary,CVE-2026-56852,HIGH,https://avd.aquasec.com/nvd/cve-2026-56852,usr/bin/vsphere-syncer,0.39.0,true,not_affected,vulnerable_code_not_in_execute_path
rancher/mirrored-cloud-provider-vsphere-csi-release-syncer:v3.7.3,rancher/prime/v2.16-head,stdlib,v1.26.5,gobinary,CVE-2026-56853,HIGH,https://avd.aquasec.com/nvd/cve-2026-56853,usr/bin/vsphere-syncer,"1.25.13, 1.26.6, 1.27.0-rc.3",true,affected,
rancher/mirrored-cloud-provider-vsphere-csi-release-syncer:v3.7.3,rancher/prime/v2.16-head,stdlib,v1.26.5,gobinary,CVE-2026-56859,HIGH,https://avd.aquasec.com/nvd/cve-2026-56859,usr/bin/vsphere-syncer,"1.25.13, 1.26.6, 1.27.0-rc.3",true,affected,
rancher/mirrored-cloud-provider-vsphere-csi-release-syncer:v3.7.3,rancher/prime/v2.16-head,stdlib,v1.26.5,gobinary,CVE-2026-56862,HIGH,https://avd.aquasec.com/nvd/cve-2026-56862,usr/bin/vsphere-syncer,"1.25.13, 1.26.6, 1.27.0-rc.3",true,affected,
rancher/mirrored-cloud-provider-vsphere-csi-release-syncer:v3.7.3,rancher/prime/v2.16-head,openssl-libs,3.5.7-2.ph5,photon,CVE-2026-63072,HIGH,https://avd.aquasec.com/nvd/cve-2026-63072,rancher/mirrored-cloud-provider-vsphere-csi-release-syncer:v3.7.3 (photon 5.0),3.5.8-0.1.ph5,true,affected,
rancher/mirrored-cloud-provider-vsphere-csi-release-syncer:v3.7.3,rancher/prime/v2.16-head,openssl-libs,3.5.7-2.ph5,photon,CVE-2026-63073,CRITICAL,https://avd.aquasec.com/nvd/cve-2026-63073,rancher/mirrored-cloud-provider-vsphere-csi-release-syncer:v3.7.3 (photon 5.0),3.5.8-0.1.ph5,true,not_affected,vulnerable_code_not_in_execute_path
rancher/mirrored-cloud-provider-vsphere-csi-release-syncer:v3.7.3,rancher/prime/v2.16-head,openssl-libs,3.5.7-2.ph5,photon,CVE-2026-63075,HIGH,https://avd.aquasec.com/nvd/cve-2026-63075,rancher/mirrored-cloud-provider-vsphere-csi-release-syncer:v3.7.3 (photon 5.0),3.5.8-0.1.ph5,true,affected,
rancher/mirrored-cloud-provider-vsphere-csi-release-syncer:v3.7.3,rancher/prime/v2.16-head,openssl-libs,3.5.7-2.ph5,photon,CVE-2026-63076,HIGH,https://avd.aquasec.com/nvd/cve-2026-63076,rancher/mirrored-cloud-provider-vsphere-csi-release-syncer:v3.7.3 (photon 5.0),3.5.8-0.1.ph5,true,affected,
rancher/mirrored-cloud-provider-vsphere-csi-release-syncer:v3.7.3,rancher/prime/v2.16-head,libssh2,1.11.1-5.ph5,photon,CVE-2026-66033,HIGH,https://avd.aquasec.com/nvd/cve-2026-66033,rancher/mirrored-cloud-provider-vsphere-csi-release-syncer:v3.7.3 (photon 5.0),1.11.1-6.ph5,true,not_affected,vulnerable_code_not_in_execute_path
rancher/mirrored-cloud-provider-vsphere-csi-release-syncer:v3.7.3,rancher/prime/v2.16-head,curl,8.21.0-3.ph5,photon,CVE-2026-80229,HIGH,https://avd.aquasec.com/nvd/cve-2026-80229,rancher/mirrored-cloud-provider-vsphere-csi-release-syncer:v3.7.3 (photon 5.0),8.22.0-1.ph5,true,affected,
rancher/mirrored-cloud-provider-vsphere-csi-release-syncer:v3.7.3,rancher/prime/v2.16-head,curl-libs,8.21.0-3.ph5,photon,CVE-2026-80229,HIGH,https://avd.aquasec.com/nvd/cve-2026-80229,rancher/mirrored-cloud-provider-vsphere-csi-release-syncer:v3.7.3 (photon 5.0),8.22.0-1.ph5,true,affected,
rancher/mirrored-cloud-provider-vsphere-csi-release-syncer:v3.7.3,rancher/prime/v2.16-head,curl,8.21.0-3.ph5,photon,CVE-2026-80230,HIGH,https://avd.aquasec.com/nvd/cve-2026-80230,rancher/mirrored-cloud-provider-vsphere-csi-release-syncer:v3.7.3 (photon 5.0),8.22.0-1.ph5,true,affected,
rancher/mirrored-cloud-provider-vsphere-csi-release-syncer:v3.7.3,rancher/prime/v2.16-head,curl-libs,8.21.0-3.ph5,photon,CVE-2026-80230,HIGH,https://avd.aquasec.com/nvd/cve-2026-80230,rancher/mirrored-cloud-provider-vsphere-csi-release-syncer:v3.7.3 (photon 5.0),8.22.0-1.ph5,true,affected,
rancher/mirrored-cloud-provider-vsphere-csi-release-syncer:v3.7.3,rancher/prime/v2.16-head,curl,8.21.0-3.ph5,photon,CVE-2026-80231,HIGH,https://avd.aquasec.com/nvd/cve-2026-80231,rancher/mirrored-cloud-provider-vsphere-csi-release-syncer:v3.7.3 (photon 5.0),8.22.0-1.ph5,true,affected,
rancher/mirrored-cloud-provider-vsphere-csi-release-syncer:v3.7.3,rancher/prime/v2.16-head,curl-libs,8.21.0-3.ph5,photon,CVE-2026-80231,HIGH,https://avd.aquasec.com/nvd/cve-2026-80231,rancher/mirrored-cloud-provider-vsphere-csi-release-syncer:v3.7.3 (photon 5.0),8.22.0-1.ph5,true,affected,
rancher/mirrored-cloud-provider-vsphere-csi-release-syncer:v3.7.3,rancher/prime/v2.16-head,curl,8.21.0-3.ph5,photon,CVE-2026-80255,HIGH,https://avd.aquasec.com/nvd/cve-2026-80255,rancher/mirrored-cloud-provider-vsphere-csi-release-syncer:v3.7.3 (photon 5.0),8.22.0-1.ph5,true,affected,
rancher/mirrored-cloud-provider-vsphere-csi-release-syncer:v3.7.3,rancher/prime/v2.16-head,curl-libs,8.21.0-3.ph5,photon,CVE-2026-80255,HIGH,https://avd.aquasec.com/nvd/cve-2026-80255,rancher/mirrored-cloud-provider-vsphere-csi-release-syncer:v3.7.3 (photon 5.0),8.22.0-1.ph5,true,affected,
rancher/mirrored-cloud-provider-vsphere-csi-release-syncer:v3.7.3,rancher/prime/v2.16-head,curl,8.21.0-3.ph5,photon,CVE-2026-82208,HIGH,https://avd.aquasec.com/nvd/cve-2026-82208,rancher/mirrored-cloud-provider-vsphere-csi-release-syncer:v3.7.3 (photon 5.0),8.22.0-1.ph5,true,affected,
rancher/mirrored-cloud-provider-vsphere-csi-release-syncer:v3.7.3,rancher/prime/v2.16-head,curl-libs,8.21.0-3.ph5,photon,CVE-2026-82208,HIGH,https://avd.aquasec.com/nvd/cve-2026-82208,rancher/mirrored-cloud-provider-vsphere-csi-release-syncer:v3.7.3 (photon 5.0),8.22.0-1.ph5,true,affected,
rancher/mirrored-cloud-provider-vsphere-csi-release-syncer:v3.7.3,rancher/prime/v2.16-head,curl,8.21.0-3.ph5,photon,CVE-2026-82209,HIGH,https://avd.aquasec.com/nvd/cve-2026-82209,rancher/mirrored-cloud-provider-vsphere-csi-release-syncer:v3.7.3 (photon 5.0),8.22.0-1.ph5,true,affected,
rancher/mirrored-cloud-provider-vsphere-csi-release-syncer:v3.7.3,rancher/prime/v2.16-head,curl-libs,8.21.0-3.ph5,photon,CVE-2026-82209,HIGH,https://avd.aquasec.com/nvd/cve-2026-82209,rancher/mirrored-cloud-provider-vsphere-csi-release-syncer:v3.7.3 (photon 5.0),8.22.0-1.ph5,true,affected,
rancher/mirrored-cloud-provider-vsphere-csi-release-syncer:v3.7.3,rancher/prime/v2.16-head,google.golang.org/grpc,v1.81.1,gobinary,CVE-2026-84304,HIGH,https://avd.aquasec.com/nvd/cve-2026-84304,usr/bin/vsphere-syncer,1.83.1,true,affected,
rancher/mirrored-cloud-provider-vsphere-csi-release-syncer:v3.7.3,rancher/prime/v2.16-head,google.golang.org/grpc,v1.81.1,gobinary,CVE-2026-84445,HIGH,https://avd.aquasec.com/nvd/cve-2026-84445,usr/bin/vsphere-syncer,"1.82.2, 1.83.2, 1.84.0-dev.0.20260825144003-d5a41119e0e3, 1.85.0-dev.0.20260825072537-93e31b48545e",true,affected,
rancher/mirrored-cloud-provider-vsphere-csi-release-syncer:v3.7.3,rancher/prime/v2.16-head,google.golang.org/grpc,v1.81.1,gobinary,GHSA-hrxh-6v49-42gf,HIGH,https://github.com/advisories/GHSA-hrxh-6v49-42gf,usr/bin/vsphere-syncer,1.82.1,true,affected,
rancher/mirrored-cloud-provider-vsphere:v1.37.0,rancher/prime/v2.16-head,golang.org/x/crypto,v0.55.0,gobinary,CVE-2026-56855,MEDIUM,https://avd.aquasec.com/nvd/cve-2026-56855,bin/vsphere-cloud-controller-manager,0.56.0,true,not_affected,vulnerable_code_not_present
rancher/mirrored-cloud-provider-vsphere:v1.37.0,rancher/prime/v2.16-head,golang.org/x/crypto,v0.55.0,gobinary,CVE-2026-78662,MEDIUM,https://avd.aquasec.com/nvd/cve-2026-78662,bin/vsphere-cloud-controller-manager,0.56.0,true,not_affected,vulnerable_code_not_present
rancher/mirrored-cloud-provider-vsphere:v1.37.0,rancher/prime/v2.16-head,google.golang.org/grpc,v1.82.1,gobinary,CVE-2026-84304,HIGH,https://avd.aquasec.com/nvd/cve-2026-84304,bin/vsphere-cloud-controller-manager,1.83.1,true,affected,
rancher/mirrored-cloud-provider-vsphere:v1.37.0,rancher/prime/v2.16-head,google.golang.org/grpc,v1.82.1,gobinary,CVE-2026-84445,HIGH,https://avd.aquasec.com/nvd/cve-2026-84445,bin/vsphere-cloud-controller-manager,"1.82.2, 1.83.2, 1.84.0-dev.0.20260825144003-d5a41119e0e3, 1.85.0-dev.0.20260825072537-93e31b48545e",true,affected,
rancher/mirrored-coredns-coredns:1.14.7,rancher/prime/v2.16-head,github.com/coredns/coredns,v0.0.0-20260819003913-427fc80ed9ca,gobinary,CVE-2023-28452,HIGH,https://avd.aquasec.com/nvd/cve-2023-28452,coredns,1.11.0,true,affected,
rancher/mirrored-coredns-coredns:1.14.7,rancher/prime/v2.16-head,github.com/coredns/coredns,v0.0.0-20260819003913-427fc80ed9ca,gobinary,CVE-2025-68151,HIGH,https://avd.aquasec.com/nvd/cve-2025-68151,coredns,1.14.0,true,affected,severity_changed_due_to_suse_cvss_score
rancher/mirrored-coredns-coredns:1.14.7,rancher/prime/v2.16-head,github.com/coredns/coredns,v0.0.0-20260819003913-427fc80ed9ca,gobinary,CVE-2026-26017,HIGH,https://avd.aquasec.com/nvd/cve-2026-26017,coredns,1.14.2,true,affected,
rancher/mirrored-coredns-coredns:1.14.7,rancher/prime/v2.16-head,github.com/coredns/coredns,v0.0.0-20260819003913-427fc80ed9ca,gobinary,CVE-2026-26018,HIGH,https://avd.aquasec.com/nvd/cve-2026-26018,coredns,1.14.2,true,affected,
rancher/mirrored-coredns-coredns:1.14.7,rancher/prime/v2.16-head,github.com/coredns/coredns,v0.0.0-20260819003913-427fc80ed9ca,gobinary,CVE-2026-32934,HIGH,https://avd.aquasec.com/nvd/cve-2026-32934,coredns,1.14.3,true,affected,
rancher/mirrored-coredns-coredns:1.14.7,rancher/prime/v2.16-head,github.com/coredns/coredns,v0.0.0-20260819003913-427fc80ed9ca,gobinary,CVE-2026-32936,HIGH,https://avd.aquasec.com/nvd/cve-2026-32936,coredns,1.14.3,true,affected,
rancher/mirrored-coredns-coredns:1.14.7,rancher/prime/v2.16-head,github.com/coredns/coredns,v0.0.0-20260819003913-427fc80ed9ca,gobinary,CVE-2026-33190,HIGH,https://avd.aquasec.com/nvd/cve-2026-33190,coredns,1.14.3,true,affected,
rancher/mirrored-coredns-coredns:1.14.7,rancher/prime/v2.16-head,github.com/coredns/coredns,v0.0.0-20260819003913-427fc80ed9ca,gobinary,CVE-2026-33489,HIGH,https://avd.aquasec.com/nvd/cve-2026-33489,coredns,1.14.3,true,affected,
rancher/mirrored-coredns-coredns:1.14.7,rancher/prime/v2.16-head,github.com/coredns/coredns,v0.0.0-20260819003913-427fc80ed9ca,gobinary,CVE-2026-35579,HIGH,https://avd.aquasec.com/nvd/cve-2026-35579,coredns,1.14.3,true,affected,
rancher/mirrored-coredns-coredns:1.14.7,rancher/prime/v2.16-head,golang.org/x/crypto,v0.54.0,gobinary,CVE-2026-56854,HIGH,https://avd.aquasec.com/nvd/cve-2026-56854,coredns,0.55.0,true,not_affected,vulnerable_code_not_present
rancher/mirrored-coredns-coredns:1.14.7,rancher/prime/v2.16-head,golang.org/x/crypto,v0.54.0,gobinary,CVE-2026-56855,MEDIUM,https://avd.aquasec.com/nvd/cve-2026-56855,coredns,0.56.0,true,not_affected,vulnerable_code_not_present
rancher/mirrored-coredns-coredns:1.14.7,rancher/prime/v2.16-head,golang.org/x/mod,v0.37.0,gobinary,CVE-2026-56864,HIGH,https://avd.aquasec.com/nvd/cve-2026-56864,coredns,0.40.0,true,not_affected,vulnerable_code_not_present
rancher/mirrored-coredns-coredns:1.14.7,rancher/prime/v2.16-head,golang.org/x/mod,v0.37.0,gobinary,CVE-2026-56865,HIGH,https://avd.aquasec.com/nvd/cve-2026-56865,coredns,0.40.0,true,not_affected,vulnerable_code_not_present
rancher/mirrored-coredns-coredns:1.14.7,rancher/prime/v2.16-head,golang.org/x/crypto,v0.54.0,gobinary,CVE-2026-78662,MEDIUM,https://avd.aquasec.com/nvd/cve-2026-78662,coredns,0.56.0,true,not_affected,vulnerable_code_not_present
rancher/mirrored-coredns-coredns:1.14.7,rancher/prime/v2.16-head,github.com/coredns/coredns,v0.0.0-20260819003913-427fc80ed9ca,gobinary,CVE-2026-82399,HIGH,https://avd.aquasec.com/nvd/cve-2026-82399,coredns,1.14.7,true,affected,
rancher/mirrored-coredns-coredns:1.14.7,rancher/prime/v2.16-head,google.golang.org/grpc,v1.83.0,gobinary,CVE-2026-84303,MEDIUM,https://avd.aquasec.com/nvd/cve-2026-84303,coredns,1.83.1,true,not_affected,vulnerable_code_not_present
rancher/mirrored-coredns-coredns:1.14.7,rancher/prime/v2.16-head,google.golang.org/grpc,v1.83.0,gobinary,CVE-2026-84304,HIGH,https://avd.aquasec.com/nvd/cve-2026-84304,coredns,1.83.1,true,affected,
rancher/mirrored-coredns-coredns:1.14.7,rancher/prime/v2.16-head,google.golang.org/grpc,v1.83.0,gobinary,CVE-2026-84445,HIGH,https://avd.aquasec.com/nvd/cve-2026-84445,coredns,"1.82.2, 1.83.2, 1.84.0-dev.0.20260825144003-d5a41119e0e3, 1.85.0-dev.0.20260825072537-93e31b48545e",true,affected,
rancher/mirrored-coredns-coredns:1.14.7,rancher/prime/v2.16-head,github.com/coredns/coredns,v0.0.0-20260819003913-427fc80ed9ca,gobinary,CVE-2026-86003,HIGH,https://avd.aquasec.com/nvd/cve-2026-86003,coredns,1.14.7,true,affected,
rancher/mirrored-kube-vip-kube-vip-iptables:v1.2.3,rancher/prime/v2.16-head,libcrypto3,3.5.7-r0,alpine,CVE-2026-14456,HIGH,https://avd.aquasec.com/nvd/cve-2026-14456,rancher/mirrored-kube-vip-kube-vip-iptables:v1.2.3 (alpine 3.24.1),3.5.8-r0,true,affected,
rancher/mirrored-kube-vip-kube-vip-iptables:v1.2.3,rancher/prime/v2.16-head,libssl3,3.5.7-r0,alpine,CVE-2026-14456,HIGH,https://avd.aquasec.com/nvd/cve-2026-14456,rancher/mirrored-kube-vip-kube-vip-iptables:v1.2.3 (alpine 3.24.1),3.5.8-r0,true,affected,
rancher/mirrored-kube-vip-kube-vip-iptables:v1.2.3,rancher/prime/v2.16-head,stdlib,v1.26.5,gobinary,CVE-2026-33818,HIGH,https://avd.aquasec.com/nvd/cve-2026-33818,kube-vip,"1.25.13, 1.26.6, 1.27.0-rc.3",true,affected,
rancher/mirrored-kube-vip-kube-vip-iptables:v1.2.3,rancher/prime/v2.16-head,stdlib,v1.26.5,gobinary,CVE-2026-39821,HIGH,https://avd.aquasec.com/nvd/cve-2026-39821,kube-vip,"1.25.13, 1.26.6, 1.27.0-rc.3",true,affected,
rancher/mirrored-kube-vip-kube-vip-iptables:v1.2.3,rancher/prime/v2.16-head,stdlib,v1.26.5,gobinary,CVE-2026-46600,HIGH,https://avd.aquasec.com/nvd/cve-2026-46600,kube-vip,"1.26.6, 1.27.0-rc.3",true,not_affected,vulnerable_code_not_in_execute_path
rancher/mirrored-kube-vip-kube-vip-iptables:v1.2.3,rancher/prime/v2.16-head,stdlib,v1.26.5,gobinary,CVE-2026-56853,HIGH,https://avd.aquasec.com/nvd/cve-2026-56853,kube-vip,"1.25.13, 1.26.6, 1.27.0-rc.3",true,affected,
rancher/mirrored-kube-vip-kube-vip-iptables:v1.2.3,rancher/prime/v2.16-head,golang.org/x/crypto,v0.54.0,gobinary,CVE-2026-56854,HIGH,https://avd.aquasec.com/nvd/cve-2026-56854,kube-vip,0.55.0,true,not_affected,vulnerable_code_not_present
rancher/mirrored-kube-vip-kube-vip-iptables:v1.2.3,rancher/prime/v2.16-head,golang.org/x/crypto,v0.54.0,gobinary,CVE-2026-56855,MEDIUM,https://avd.aquasec.com/nvd/cve-2026-56855,kube-vip,0.56.0,true,not_affected,vulnerable_code_not_present
rancher/mirrored-kube-vip-kube-vip-iptables:v1.2.3,rancher/prime/v2.16-head,stdlib,v1.26.5,gobinary,CVE-2026-56859,HIGH,https://avd.aquasec.com/nvd/cve-2026-56859,kube-vip,"1.25.13, 1.26.6, 1.27.0-rc.3",true,affected,
rancher/mirrored-kube-vip-kube-vip-iptables:v1.2.3,rancher/prime/v2.16-head,stdlib,v1.26.5,gobinary,CVE-2026-56862,HIGH,https://avd.aquasec.com/nvd/cve-2026-56862,kube-vip,"1.25.13, 1.26.6, 1.27.0-rc.3",true,affected,
rancher/mirrored-kube-vip-kube-vip-iptables:v1.2.3,rancher/prime/v2.16-head,golang.org/x/crypto,v0.54.0,gobinary,CVE-2026-78662,MEDIUM,https://avd.aquasec.com/nvd/cve-2026-78662,kube-vip,0.56.0,true,not_affected,vulnerable_code_not_present
rancher/mirrored-kube-vip-kube-vip-iptables:v1.2.3,rancher/prime/v2.16-head,google.golang.org/grpc,v1.83.0,gobinary,CVE-2026-84303,MEDIUM,https://avd.aquasec.com/nvd/cve-2026-84303,kube-vip,1.83.1,true,not_affected,vulnerable_code_not_present
rancher/mirrored-kube-vip-kube-vip-iptables:v1.2.3,rancher/prime/v2.16-head,google.golang.org/grpc,v1.83.0,gobinary,CVE-2026-84304,HIGH,https://avd.aquasec.com/nvd/cve-2026-84304,kube-vip,1.83.1,true,affected,
rancher/mirrored-kube-vip-kube-vip-iptables:v1.2.3,rancher/prime/v2.16-head,google.golang.org/grpc,v1.83.0,gobinary,CVE-2026-84445,HIGH,https://avd.aquasec.com/nvd/cve-2026-84445,kube-vip,"1.82.2, 1.83.2, 1.84.0-dev.0.20260825144003-d5a41119e0e3, 1.85.0-dev.0.20260825072537-93e31b48545e",true,affected,
rancher/mirrored-library-traefik:3.7.13,rancher/prime/v2.16-head,libcrypto3,3.5.7-r0,alpine,CVE-2026-14456,HIGH,https://avd.aquasec.com/nvd/cve-2026-14456,rancher/mirrored-library-traefik:3.7.13 (alpine 3.24.1),3.5.8-r0,true,affected,
rancher/mirrored-library-traefik:3.7.13,rancher/prime/v2.16-head,libssl3,3.5.7-r0,alpine,CVE-2026-14456,HIGH,https://avd.aquasec.com/nvd/cve-2026-14456,rancher/mirrored-library-traefik:3.7.13 (alpine 3.24.1),3.5.8-r0,true,affected,
rancher/mirrored-longhornio-csi-attacher:v4.11.0-20260428,rancher/prime/v2.16-head,golang.org/x/net,v0.48.0,gobinary,CVE-2026-25680,MEDIUM,https://avd.aquasec.com/nvd/cve-2026-25680,csi-attacher,0.55.0,true,not_affected,vulnerable_code_not_present
rancher/mirrored-longhornio-csi-attacher:v4.11.0-20260428,rancher/prime/v2.16-head,golang.org/x/net,v0.48.0,gobinary,CVE-2026-25681,HIGH,https://avd.aquasec.com/nvd/cve-2026-25681,csi-attacher,0.55.0,true,not_affected,vulnerable_code_not_present
rancher/mirrored-longhornio-csi-attacher:v4.11.0-20260428,rancher/prime/v2.16-head,golang.org/x/net,v0.48.0,gobinary,CVE-2026-27136,HIGH,https://avd.aquasec.com/nvd/cve-2026-27136,csi-attacher,0.55.0,true,not_affected,vulnerable_code_not_present
rancher/mirrored-longhornio-csi-attacher:v4.11.0-20260428,rancher/prime/v2.16-head,stdlib,v1.25.9,gobinary,CVE-2026-33811,HIGH,https://avd.aquasec.com/nvd/cve-2026-33811,csi-attacher,"1.25.10, 1.26.3",true,not_affected,vulnerable_code_not_present
rancher/mirrored-longhornio-csi-attacher:v4.11.0-20260428,rancher/prime/v2.16-head,golang.org/x/net,v0.48.0,gobinary,CVE-2026-33814,HIGH,https://avd.aquasec.com/nvd/cve-2026-33814,csi-attacher,0.53.0,true,affected,
rancher/mirrored-longhornio-csi-attacher:v4.11.0-20260428,rancher/prime/v2.16-head,stdlib,v1.25.9,gobinary,CVE-2026-33814,HIGH,https://avd.aquasec.com/nvd/cve-2026-33814,csi-attacher,"1.25.10, 1.26.3",true,affected,
rancher/mirrored-longhornio-csi-attacher:v4.11.0-20260428,rancher/prime/v2.16-head,stdlib,v1.25.9,gobinary,CVE-2026-33818,HIGH,https://avd.aquasec.com/nvd/cve-2026-33818,csi-attacher,"1.25.13, 1.26.6, 1.27.0-rc.3",true,affected,
rancher/mirrored-longhornio-csi-attacher:v4.11.0-20260428,rancher/prime/v2.16-head,stdlib,v1.25.9,gobinary,CVE-2026-39820,HIGH,https://avd.aquasec.com/nvd/cve-2026-39820,csi-attacher,"1.25.10, 1.26.3",true,not_affected,vulnerable_code_not_in_execute_path
rancher/mirrored-longhornio-csi-attacher:v4.11.0-20260428,rancher/prime/v2.16-head,golang.org/x/net,v0.48.0,gobinary,CVE-2026-39821,HIGH,https://avd.aquasec.com/nvd/cve-2026-39821,csi-attacher,0.55.0,true,affected,
rancher/mirrored-longhornio-csi-attacher:v4.11.0-20260428,rancher/prime/v2.16-head,stdlib,v1.25.9,gobinary,CVE-2026-39821,HIGH,https://avd.aquasec.com/nvd/cve-2026-39821,csi-attacher,"1.25.13, 1.26.6, 1.27.0-rc.3",true,affected,
rancher/mirrored-longhornio-csi-attacher:v4.11.0-20260428,rancher/prime/v2.16-head,stdlib,v1.25.9,gobinary,CVE-2026-39822,HIGH,https://avd.aquasec.com/nvd/cve-2026-39822,csi-attacher,"1.25.12, 1.26.5, 1.27.0-rc.2",true,not_affected,vulnerable_code_not_in_execute_path
rancher/mirrored-longhornio-csi-attacher:v4.11.0-20260428,rancher/prime/v2.16-head,stdlib,v1.25.9,gobinary,CVE-2026-39823,MEDIUM,https://avd.aquasec.com/nvd/cve-2026-39823,csi-attacher,"1.25.10, 1.26.3",true,not_affected,vulnerable_code_not_in_execute_path
rancher/mirrored-longhornio-csi-attacher:v4.11.0-20260428,rancher/prime/v2.16-head,stdlib,v1.25.9,gobinary,CVE-2026-39825,MEDIUM,https://avd.aquasec.com/nvd/cve-2026-39825,csi-attacher,"1.25.10, 1.26.3",true,not_affected,vulnerable_code_not_in_execute_path
rancher/mirrored-longhornio-csi-attacher:v4.11.0-20260428,rancher/prime/v2.16-head,stdlib,v1.25.9,gobinary,CVE-2026-39826,MEDIUM,https://avd.aquasec.com/nvd/cve-2026-39826,csi-attacher,"1.25.10, 1.26.3",true,not_affected,vulnerable_code_not_in_execute_path
rancher/mirrored-longhornio-csi-attacher:v4.11.0-20260428,rancher/prime/v2.16-head,golang.org/x/crypto,v0.46.0,gobinary,CVE-2026-39827,MEDIUM,https://avd.aquasec.com/nvd/cve-2026-39827,csi-attacher,0.52.0,true,not_affected,vulnerable_code_not_present
rancher/mirrored-longhornio-csi-attacher:v4.11.0-20260428,rancher/prime/v2.16-head,golang.org/x/crypto,v0.46.0,gobinary,CVE-2026-39828,HIGH,https://avd.aquasec.com/nvd/cve-2026-39828,csi-attacher,0.52.0,true,not_affected,vulnerable_code_not_present
rancher/mirrored-longhornio-csi-attacher:v4.11.0-20260428,rancher/prime/v2.16-head,golang.org/x/crypto,v0.46.0,gobinary,CVE-2026-39829,HIGH,https://avd.aquasec.com/nvd/cve-2026-39829,csi-attacher,0.52.0,true,not_affected,vulnerable_code_not_present
rancher/mirrored-longhornio-csi-attacher:v4.11.0-20260428,rancher/prime/v2.16-head,golang.org/x/crypto,v0.46.0,gobinary,CVE-2026-39830,HIGH,https://avd.aquasec.com/nvd/cve-2026-39830,csi-attacher,0.52.0,true,not_affected,vulnerable_code_not_present
rancher/mirrored-longhornio-csi-attacher:v4.11.0-20260428,rancher/prime/v2.16-head,golang.org/x/crypto,v0.46.0,gobinary,CVE-2026-39831,HIGH,https://avd.aquasec.com/nvd/cve-2026-39831,csi-attacher,0.52.0,true,not_affected,vulnerable_code_not_present
rancher/mirrored-longhornio-csi-attacher:v4.11.0-20260428,rancher/prime/v2.16-head,golang.org/x/crypto,v0.46.0,gobinary,CVE-2026-39832,HIGH,https://avd.aquasec.com/nvd/cve-2026-39832,csi-attacher,0.52.0,true,not_affected,vulnerable_code_not_present
rancher/mirrored-longhornio-csi-attacher:v4.11.0-20260428,rancher/prime/v2.16-head,golang.org/x/crypto,v0.46.0,gobinary,CVE-2026-39833,MEDIUM,https://avd.aquasec.com/nvd/cve-2026-39833,csi-attacher,0.52.0,true,not_affected,vulnerable_code_not_present
rancher/mirrored-longhornio-csi-attacher:v4.11.0-20260428,rancher/prime/v2.16-head,golang.org/x/crypto,v0.46.0,gobinary,CVE-2026-39834,MEDIUM,https://avd.aquasec.com/nvd/cve-2026-39834,csi-attacher,0.52.0,true,not_affected,vulnerable_code_not_present
rancher/mirrored-longhornio-csi-attacher:v4.11.0-20260428,rancher/prime/v2.16-head,golang.org/x/crypto,v0.46.0,gobinary,CVE-2026-39835,HIGH,https://avd.aquasec.com/nvd/cve-2026-39835,csi-attacher,0.52.0,true,not_affected,vulnerable_code_not_present
rancher/mirrored-longhornio-csi-attacher:v4.11.0-20260428,rancher/prime/v2.16-head,stdlib,v1.25.9,gobinary,CVE-2026-39836,HIGH,https://avd.aquasec.com/nvd/cve-2026-39836,csi-attacher,"1.25.10, 1.26.3",true,not_affected,vulnerable_code_not_in_execute_path
rancher/mirrored-longhornio-csi-attacher:v4.11.0-20260428,rancher/prime/v2.16-head,stdlib,v1.25.9,gobinary,CVE-2026-42499,HIGH,https://avd.aquasec.com/nvd/cve-2026-42499,csi-attacher,"1.25.10, 1.26.3",true,affected,
rancher/mirrored-longhornio-csi-attacher:v4.11.0-20260428,rancher/prime/v2.16-head,golang.org/x/net,v0.48.0,gobinary,CVE-2026-42502,MEDIUM,https://avd.aquasec.com/nvd/cve-2026-42502,csi-attacher,0.55.0,true,not_affected,vulnerable_code_not_present
rancher/mirrored-longhornio-csi-attacher:v4.11.0-20260428,rancher/prime/v2.16-head,stdlib,v1.25.9,gobinary,CVE-2026-42504,HIGH,https://avd.aquasec.com/nvd/cve-2026-42504,csi-attacher,"1.25.11, 1.26.4",true,not_affected,vulnerable_code_not_in_execute_path
rancher/mirrored-longhornio-csi-attacher:v4.11.0-20260428,rancher/prime/v2.16-head,golang.org/x/net,v0.48.0,gobinary,CVE-2026-42506,MEDIUM,https://avd.aquasec.com/nvd/cve-2026-42506,csi-attacher,0.55.0,true,not_affected,vulnerable_code_not_present
rancher/mirrored-longhornio-csi-attacher:v4.11.0-20260428,rancher/prime/v2.16-head,stdlib,v1.25.9,gobinary,CVE-2026-42507,MEDIUM,https://avd.aquasec.com/nvd/cve-2026-42507,csi-attacher,"1.25.11, 1.26.4",true,not_affected,vulnerable_code_not_in_execute_path
rancher/mirrored-longhornio-csi-attacher:v4.11.0-20260428,rancher/prime/v2.16-head,golang.org/x/crypto,v0.46.0,gobinary,CVE-2026-42508,HIGH,https://avd.aquasec.com/nvd/cve-2026-42508,csi-attacher,0.52.0,true,not_affected,vulnerable_code_not_present
rancher/mirrored-longhornio-csi-attacher:v4.11.0-20260428,rancher/prime/v2.16-head,golang.org/x/crypto,v0.46.0,gobinary,CVE-2026-46595,HIGH,https://avd.aquasec.com/nvd/cve-2026-46595,csi-attacher,0.52.0,true,not_affected,vulnerable_code_not_present
rancher/mirrored-longhornio-csi-attacher:v4.11.0-20260428,rancher/prime/v2.16-head,golang.org/x/crypto,v0.46.0,gobinary,CVE-2026-46597,HIGH,https://avd.aquasec.com/nvd/cve-2026-46597,csi-attacher,0.52.0,true,not_affected,vulnerable_code_not_present
rancher/mirrored-longhornio-csi-attacher:v4.11.0-20260428,rancher/prime/v2.16-head,golang.org/x/crypto,v0.46.0,gobinary,CVE-2026-46598,MEDIUM,https://avd.aquasec.com/nvd/cve-2026-46598,csi-attacher,0.52.0,true,not_affected,vulnerable_code_not_present
rancher/mirrored-longhornio-csi-attacher:v4.11.0-20260428,rancher/prime/v2.16-head,golang.org/x/net,v0.48.0,gobinary,CVE-2026-46600,HIGH,https://avd.aquasec.com/nvd/cve-2026-46600,csi-attacher,0.56.0,true,not_affected,vulnerable_code_not_present
rancher/mirrored-longhornio-csi-attacher:v4.11.0-20260428,rancher/prime/v2.16-head,stdlib,v1.25.9,gobinary,CVE-2026-56853,HIGH,https://avd.aquasec.com/nvd/cve-2026-56853,csi-attacher,"1.25.13, 1.26.6, 1.27.0-rc.3",true,affected,
rancher/mirrored-longhornio-csi-attacher:v4.11.0-20260428,rancher/prime/v2.16-head,golang.org/x/crypto,v0.46.0,gobinary,CVE-2026-56854,HIGH,https://avd.aquasec.com/nvd/cve-2026-56854,csi-attacher,0.55.0,true,not_affected,vulnerable_code_not_present
rancher/mirrored-longhornio-csi-attacher:v4.11.0-20260428,rancher/prime/v2.16-head,golang.org/x/crypto,v0.46.0,gobinary,CVE-2026-56855,MEDIUM,https://avd.aquasec.com/nvd/cve-2026-56855,csi-attacher,0.56.0,true,not_affected,vulnerable_code_not_present
rancher/mirrored-longhornio-csi-attacher:v4.11.0-20260428,rancher/prime/v2.16-head,stdlib,v1.25.9,gobinary,CVE-2026-56859,HIGH,https://avd.aquasec.com/nvd/cve-2026-56859,csi-attacher,"1.25.13, 1.26.6, 1.27.0-rc.3",true,affected,
rancher/mirrored-longhornio-csi-attacher:v4.11.0-20260428,rancher/prime/v2.16-head,stdlib,v1.25.9,gobinary,CVE-2026-56862,HIGH,https://avd.aquasec.com/nvd/cve-2026-56862,csi-attacher,"1.25.13, 1.26.6, 1.27.0-rc.3",true,affected,
rancher/mirrored-longhornio-csi-attacher:v4.11.0-20260428,rancher/prime/v2.16-head,golang.org/x/crypto,v0.46.0,gobinary,CVE-2026-78662,MEDIUM,https://avd.aquasec.com/nvd/cve-2026-78662,csi-attacher,0.56.0,true,not_affected,vulnerable_code_not_present
rancher/mirrored-longhornio-csi-attacher:v4.11.0-20260428,rancher/prime/v2.16-head,google.golang.org/grpc,v1.79.3,gobinary,CVE-2026-84303,MEDIUM,https://avd.aquasec.com/nvd/cve-2026-84303,csi-attacher,1.83.1,true,not_affected,vulnerable_code_not_present
rancher/mirrored-longhornio-csi-attacher:v4.11.0-20260428,rancher/prime/v2.16-head,google.golang.org/grpc,v1.79.3,gobinary,CVE-2026-84304,HIGH,https://avd.aquasec.com/nvd/cve-2026-84304,csi-attacher,1.83.1,true,affected,
rancher/mirrored-longhornio-csi-attacher:v4.11.0-20260428,rancher/prime/v2.16-head,google.golang.org/grpc,v1.79.3,gobinary,CVE-2026-84445,HIGH,https://avd.aquasec.com/nvd/cve-2026-84445,csi-attacher,"1.82.2, 1.83.2, 1.84.0-dev.0.20260825144003-d5a41119e0e3, 1.85.0-dev.0.20260825072537-93e31b48545e",true,not_affected,vulnerable_code_not_in_execute_path
rancher/mirrored-longhornio-csi-attacher:v4.11.0-20260428,rancher/prime/v2.16-head,google.golang.org/grpc,v1.79.3,gobinary,GHSA-hrxh-6v49-42gf,HIGH,https://github.com/advisories/GHSA-hrxh-6v49-42gf,csi-attacher,1.82.1,true,affected,
rancher/mirrored-longhornio-csi-node-driver-registrar:v2.16.0-20260428,rancher/prime/v2.16-head,golang.org/x/net,v0.49.0,gobinary,CVE-2026-25680,MEDIUM,https://avd.aquasec.com/nvd/cve-2026-25680,csi-node-driver-registrar,0.55.0,true,not_affected,vulnerable_code_not_present
rancher/mirrored-longhornio-csi-node-driver-registrar:v2.16.0-20260428,rancher/prime/v2.16-head,golang.org/x/net,v0.49.0,gobinary,CVE-2026-25681,HIGH,https://avd.aquasec.com/nvd/cve-2026-25681,csi-node-driver-registrar,0.55.0,true,not_affected,vulnerable_code_not_present
rancher/mirrored-longhornio-csi-node-driver-registrar:v2.16.0-20260428,rancher/prime/v2.16-head,golang.org/x/net,v0.49.0,gobinary,CVE-2026-27136,HIGH,https://avd.aquasec.com/nvd/cve-2026-27136,csi-node-driver-registrar,0.55.0,true,not_affected,vulnerable_code_not_present
rancher/mirrored-longhornio-csi-node-driver-registrar:v2.16.0-20260428,rancher/prime/v2.16-head,go.opentelemetry.io/otel,v1.40.0,gobinary,CVE-2026-29181,HIGH,https://avd.aquasec.com/nvd/cve-2026-29181,csi-node-driver-registrar,1.41.0,true,affected,
rancher/mirrored-longhornio-csi-node-driver-registrar:v2.16.0-20260428,rancher/prime/v2.16-head,stdlib,v1.25.9,gobinary,CVE-2026-33811,HIGH,https://avd.aquasec.com/nvd/cve-2026-33811,csi-node-driver-registrar,"1.25.10, 1.26.3",true,not_affected,vulnerable_code_not_present
rancher/mirrored-longhornio-csi-node-driver-registrar:v2.16.0-20260428,rancher/prime/v2.16-head,golang.org/x/net,v0.49.0,gobinary,CVE-2026-33814,HIGH,https://avd.aquasec.com/nvd/cve-2026-33814,csi-node-driver-registrar,0.53.0,true,not_affected,vulnerable_code_not_in_execute_path
rancher/mirrored-longhornio-csi-node-driver-registrar:v2.16.0-20260428,rancher/prime/v2.16-head,stdlib,v1.25.9,gobinary,CVE-2026-33814,HIGH,https://avd.aquasec.com/nvd/cve-2026-33814,csi-node-driver-registrar,"1.25.10, 1.26.3",true,affected,
rancher/mirrored-longhornio-csi-node-driver-registrar:v2.16.0-20260428,rancher/prime/v2.16-head,stdlib,v1.25.9,gobinary,CVE-2026-33818,HIGH,https://avd.aquasec.com/nvd/cve-2026-33818,csi-node-driver-registrar,"1.25.13, 1.26.6, 1.27.0-rc.3",true,affected,
rancher/mirrored-longhornio-csi-node-driver-registrar:v2.16.0-20260428,rancher/prime/v2.16-head,stdlib,v1.25.9,gobinary,CVE-2026-39820,HIGH,https://avd.aquasec.com/nvd/cve-2026-39820,csi-node-driver-registrar,"1.25.10, 1.26.3",true,not_affected,vulnerable_code_not_present
rancher/mirrored-longhornio-csi-node-driver-registrar:v2.16.0-20260428,rancher/prime/v2.16-head,golang.org/x/net,v0.49.0,gobinary,CVE-2026-39821,HIGH,https://avd.aquasec.com/nvd/cve-2026-39821,csi-node-driver-registrar,0.55.0,true,not_affected,vulnerable_code_not_in_execute_path
rancher/mirrored-longhornio-csi-node-driver-registrar:v2.16.0-20260428,rancher/prime/v2.16-head,stdlib,v1.25.9,gobinary,CVE-2026-39821,HIGH,https://avd.aquasec.com/nvd/cve-2026-39821,csi-node-driver-registrar,"1.25.13, 1.26.6, 1.27.0-rc.3",true,affected,
rancher/mirrored-longhornio-csi-node-driver-registrar:v2.16.0-20260428,rancher/prime/v2.16-head,stdlib,v1.25.9,gobinary,CVE-2026-39822,HIGH,https://avd.aquasec.com/nvd/cve-2026-39822,csi-node-driver-registrar,"1.25.12, 1.26.5, 1.27.0-rc.2",true,not_affected,vulnerable_code_not_in_execute_path
rancher/mirrored-longhornio-csi-node-driver-registrar:v2.16.0-20260428,rancher/prime/v2.16-head,stdlib,v1.25.9,gobinary,CVE-2026-39823,MEDIUM,https://avd.aquasec.com/nvd/cve-2026-39823,csi-node-driver-registrar,"1.25.10, 1.26.3",true,not_affected,vulnerable_code_not_present
rancher/mirrored-longhornio-csi-node-driver-registrar:v2.16.0-20260428,rancher/prime/v2.16-head,stdlib,v1.25.9,gobinary,CVE-2026-39825,MEDIUM,https://avd.aquasec.com/nvd/cve-2026-39825,csi-node-driver-registrar,"1.25.10, 1.26.3",true,not_affected,vulnerable_code_not_in_execute_path
rancher/mirrored-longhornio-csi-node-driver-registrar:v2.16.0-20260428,rancher/prime/v2.16-head,stdlib,v1.25.9,gobinary,CVE-2026-39826,MEDIUM,https://avd.aquasec.com/nvd/cve-2026-39826,csi-node-driver-registrar,"1.25.10, 1.26.3",true,not_affected,vulnerable_code_not_in_execute_path
rancher/mirrored-longhornio-csi-node-driver-registrar:v2.16.0-20260428,rancher/prime/v2.16-head,stdlib,v1.25.9,gobinary,CVE-2026-39836,HIGH,https://avd.aquasec.com/nvd/cve-2026-39836,csi-node-driver-registrar,"1.25.10, 1.26.3",true,affected,
rancher/mirrored-longhornio-csi-node-driver-registrar:v2.16.0-20260428,rancher/prime/v2.16-head,stdlib,v1.25.9,gobinary,CVE-2026-42499,HIGH,https://avd.aquasec.com/nvd/cve-2026-42499,csi-node-driver-registrar,"1.25.10, 1.26.3",true,not_affected,vulnerable_code_not_present
rancher/mirrored-longhornio-csi-node-driver-registrar:v2.16.0-20260428,rancher/prime/v2.16-head,golang.org/x/net,v0.49.0,gobinary,CVE-2026-42502,MEDIUM,https://avd.aquasec.com/nvd/cve-2026-42502,csi-node-driver-registrar,0.55.0,true,not_affected,vulnerable_code_not_present
rancher/mirrored-longhornio-csi-node-driver-registrar:v2.16.0-20260428,rancher/prime/v2.16-head,stdlib,v1.25.9,gobinary,CVE-2026-42504,HIGH,https://avd.aquasec.com/nvd/cve-2026-42504,csi-node-driver-registrar,"1.25.11, 1.26.4",true,not_affected,vulnerable_code_not_in_execute_path
rancher/mirrored-longhornio-csi-node-driver-registrar:v2.16.0-20260428,rancher/prime/v2.16-head,golang.org/x/net,v0.49.0,gobinary,CVE-2026-42506,MEDIUM,https://avd.aquasec.com/nvd/cve-2026-42506,csi-node-driver-registrar,0.55.0,true,not_affected,vulnerable_code_not_present
rancher/mirrored-longhornio-csi-node-driver-registrar:v2.16.0-20260428,rancher/prime/v2.16-head,stdlib,v1.25.9,gobinary,CVE-2026-42507,MEDIUM,https://avd.aquasec.com/nvd/cve-2026-42507,csi-node-driver-registrar,"1.25.11, 1.26.4",true,not_affected,vulnerable_code_not_in_execute_path
rancher/mirrored-longhornio-csi-node-driver-registrar:v2.16.0-20260428,rancher/prime/v2.16-head,golang.org/x/net,v0.49.0,gobinary,CVE-2026-46600,HIGH,https://avd.aquasec.com/nvd/cve-2026-46600,csi-node-driver-registrar,0.56.0,true,not_affected,vulnerable_code_not_present
rancher/mirrored-longhornio-csi-node-driver-registrar:v2.16.0-20260428,rancher/prime/v2.16-head,golang.org/x/text,v0.33.0,gobinary,CVE-2026-56852,HIGH,https://avd.aquasec.com/nvd/cve-2026-56852,csi-node-driver-registrar,0.39.0,true,not_affected,vulnerable_code_not_in_execute_path
rancher/mirrored-longhornio-csi-node-driver-registrar:v2.16.0-20260428,rancher/prime/v2.16-head,stdlib,v1.25.9,gobinary,CVE-2026-56853,HIGH,https://avd.aquasec.com/nvd/cve-2026-56853,csi-node-driver-registrar,"1.25.13, 1.26.6, 1.27.0-rc.3",true,affected,
rancher/mirrored-longhornio-csi-node-driver-registrar:v2.16.0-20260428,rancher/prime/v2.16-head,stdlib,v1.25.9,gobinary,CVE-2026-56859,HIGH,https://avd.aquasec.com/nvd/cve-2026-56859,csi-node-driver-registrar,"1.25.13, 1.26.6, 1.27.0-rc.3",true,not_affected,vulnerable_code_not_present
rancher/mirrored-longhornio-csi-node-driver-registrar:v2.16.0-20260428,rancher/prime/v2.16-head,stdlib,v1.25.9,gobinary,CVE-2026-56862,HIGH,https://avd.aquasec.com/nvd/cve-2026-56862,csi-node-driver-registrar,"1.25.13, 1.26.6, 1.27.0-rc.3",true,affected,
rancher/mirrored-longhornio-csi-node-driver-registrar:v2.16.0-20260428,rancher/prime/v2.16-head,google.golang.org/grpc,v1.79.3,gobinary,CVE-2026-84303,MEDIUM,https://avd.aquasec.com/nvd/cve-2026-84303,csi-node-driver-registrar,1.83.1,true,not_affected,vulnerable_code_not_present
rancher/mirrored-longhornio-csi-node-driver-registrar:v2.16.0-20260428,rancher/prime/v2.16-head,google.golang.org/grpc,v1.79.3,gobinary,CVE-2026-84304,HIGH,https://avd.aquasec.com/nvd/cve-2026-84304,csi-node-driver-registrar,1.83.1,true,affected,
rancher/mirrored-longhornio-csi-node-driver-registrar:v2.16.0-20260428,rancher/prime/v2.16-head,google.golang.org/grpc,v1.79.3,gobinary,CVE-2026-84445,HIGH,https://avd.aquasec.com/nvd/cve-2026-84445,csi-node-driver-registrar,"1.82.2, 1.83.2, 1.84.0-dev.0.20260825144003-d5a41119e0e3, 1.85.0-dev.0.20260825072537-93e31b48545e",true,not_affected,vulnerable_code_not_in_execute_path
rancher/mirrored-longhornio-csi-node-driver-registrar:v2.16.0-20260428,rancher/prime/v2.16-head,google.golang.org/grpc,v1.79.3,gobinary,GHSA-hrxh-6v49-42gf,HIGH,https://github.com/advisories/GHSA-hrxh-6v49-42gf,csi-node-driver-registrar,1.82.1,true,affected,
rancher/mirrored-longhornio-csi-provisioner:v5.3.0-20260428,rancher/prime/v2.16-head,golang.org/x/net,v0.48.0,gobinary,CVE-2026-25680,MEDIUM,https://avd.aquasec.com/nvd/cve-2026-25680,csi-provisioner,0.55.0,true,not_affected,vulnerable_code_not_in_execute_path
rancher/mirrored-longhornio-csi-provisioner:v5.3.0-20260428,rancher/prime/v2.16-head,golang.org/x/net,v0.48.0,gobinary,CVE-2026-25681,HIGH,https://avd.aquasec.com/nvd/cve-2026-25681,csi-provisioner,0.55.0,true,not_affected,vulnerable_code_not_in_execute_path
rancher/mirrored-longhornio-csi-provisioner:v5.3.0-20260428,rancher/prime/v2.16-head,golang.org/x/net,v0.48.0,gobinary,CVE-2026-27136,HIGH,https://avd.aquasec.com/nvd/cve-2026-27136,csi-provisioner,0.55.0,true,not_affected,vulnerable_code_not_in_execute_path
rancher/mirrored-longhornio-csi-provisioner:v5.3.0-20260428,rancher/prime/v2.16-head,go.opentelemetry.io/otel,v1.39.0,gobinary,CVE-2026-29181,HIGH,https://avd.aquasec.com/nvd/cve-2026-29181,csi-provisioner,1.41.0,true,affected,
rancher/mirrored-longhornio-csi-provisioner:v5.3.0-20260428,rancher/prime/v2.16-head,stdlib,v1.25.9,gobinary,CVE-2026-33811,HIGH,https://avd.aquasec.com/nvd/cve-2026-33811,csi-provisioner,"1.25.10, 1.26.3",true,not_affected,vulnerable_code_not_in_execute_path
rancher/mirrored-longhornio-csi-provisioner:v5.3.0-20260428,rancher/prime/v2.16-head,golang.org/x/net,v0.48.0,gobinary,CVE-2026-33814,HIGH,https://avd.aquasec.com/nvd/cve-2026-33814,csi-provisioner,0.53.0,true,affected,
rancher/mirrored-longhornio-csi-provisioner:v5.3.0-20260428,rancher/prime/v2.16-head,stdlib,v1.25.9,gobinary,CVE-2026-33814,HIGH,https://avd.aquasec.com/nvd/cve-2026-33814,csi-provisioner,"1.25.10, 1.26.3",true,affected,
rancher/mirrored-longhornio-csi-provisioner:v5.3.0-20260428,rancher/prime/v2.16-head,stdlib,v1.25.9,gobinary,CVE-2026-33818,HIGH,https://avd.aquasec.com/nvd/cve-2026-33818,csi-provisioner,"1.25.13, 1.26.6, 1.27.0-rc.3",true,affected,
rancher/mirrored-longhornio-csi-provisioner:v5.3.0-20260428,rancher/prime/v2.16-head,stdlib,v1.25.9,gobinary,CVE-2026-39820,HIGH,https://avd.aquasec.com/nvd/cve-2026-39820,csi-provisioner,"1.25.10, 1.26.3",true,not_affected,vulnerable_code_not_present
rancher/mirrored-longhornio-csi-provisioner:v5.3.0-20260428,rancher/prime/v2.16-head,golang.org/x/net,v0.48.0,gobinary,CVE-2026-39821,HIGH,https://avd.aquasec.com/nvd/cve-2026-39821,csi-provisioner,0.55.0,true,affected,
rancher/mirrored-longhornio-csi-provisioner:v5.3.0-20260428,rancher/prime/v2.16-head,stdlib,v1.25.9,gobinary,CVE-2026-39821,HIGH,https://avd.aquasec.com/nvd/cve-2026-39821,csi-provisioner,"1.25.13, 1.26.6, 1.27.0-rc.3",true,affected,
rancher/mirrored-longhornio-csi-provisioner:v5.3.0-20260428,rancher/prime/v2.16-head,stdlib,v1.25.9,gobinary,CVE-2026-39822,HIGH,https://avd.aquasec.com/nvd/cve-2026-39822,csi-provisioner,"1.25.12, 1.26.5, 1.27.0-rc.2",true,not_affected,vulnerable_code_not_in_execute_path
rancher/mirrored-longhornio-csi-provisioner:v5.3.0-20260428,rancher/prime/v2.16-head,stdlib,v1.25.9,gobinary,CVE-2026-39823,MEDIUM,https://avd.aquasec.com/nvd/cve-2026-39823,csi-provisioner,"1.25.10, 1.26.3",true,not_affected,vulnerable_code_not_in_execute_path
rancher/mirrored-longhornio-csi-provisioner:v5.3.0-20260428,rancher/prime/v2.16-head,stdlib,v1.25.9,gobinary,CVE-2026-39825,MEDIUM,https://avd.aquasec.com/nvd/cve-2026-39825,csi-provisioner,"1.25.10, 1.26.3",true,not_affected,vulnerable_code_not_in_execute_path
rancher/mirrored-longhornio-csi-provisioner:v5.3.0-20260428,rancher/prime/v2.16-head,stdlib,v1.25.9,gobinary,CVE-2026-39836,HIGH,https://avd.aquasec.com/nvd/cve-2026-39836,csi-provisioner,"1.25.10, 1.26.3",true,not_affected,vulnerable_code_not_in_execute_path
rancher/mirrored-longhornio-csi-provisioner:v5.3.0-20260428,rancher/prime/v2.16-head,stdlib,v1.25.9,gobinary,CVE-2026-42499,HIGH,https://avd.aquasec.com/nvd/cve-2026-42499,csi-provisioner,"1.25.10, 1.26.3",true,not_affected,vulnerable_code_not_present
rancher/mirrored-longhornio-csi-provisioner:v5.3.0-20260428,rancher/prime/v2.16-head,golang.org/x/net,v0.48.0,gobinary,CVE-2026-42502,MEDIUM,https://avd.aquasec.com/nvd/cve-2026-42502,csi-provisioner,0.55.0,true,not_affected,vulnerable_code_not_in_execute_path
rancher/mirrored-longhornio-csi-provisioner:v5.3.0-20260428,rancher/prime/v2.16-head,golang.org/x/net,v0.48.0,gobinary,CVE-2026-42506,MEDIUM,https://avd.aquasec.com/nvd/cve-2026-42506,csi-provisioner,0.55.0,true,not_affected,vulnerable_code_not_in_execute_path
rancher/mirrored-longhornio-csi-provisioner:v5.3.0-20260428,rancher/prime/v2.16-head,stdlib,v1.25.9,gobinary,CVE-2026-42507,MEDIUM,https://avd.aquasec.com/nvd/cve-2026-42507,csi-provisioner,"1.25.11, 1.26.4",true,not_affected,vulnerable_code_not_in_execute_path
rancher/mirrored-longhornio-csi-provisioner:v5.3.0-20260428,rancher/prime/v2.16-head,golang.org/x/net,v0.48.0,gobinary,CVE-2026-46600,HIGH,https://avd.aquasec.com/nvd/cve-2026-46600,csi-provisioner,0.56.0,true,not_affected,vulnerable_code_not_present
rancher/mirrored-longhornio-csi-provisioner:v5.3.0-20260428,rancher/prime/v2.16-head,golang.org/x/text,v0.32.0,gobinary,CVE-2026-56852,HIGH,https://avd.aquasec.com/nvd/cve-2026-56852,csi-provisioner,0.39.0,true,not_affected,vulnerable_code_not_in_execute_path
rancher/mirrored-longhornio-csi-provisioner:v5.3.0-20260428,rancher/prime/v2.16-head,stdlib,v1.25.9,gobinary,CVE-2026-56853,HIGH,https://avd.aquasec.com/nvd/cve-2026-56853,csi-provisioner,"1.25.13, 1.26.6, 1.27.0-rc.3",true,affected,
rancher/mirrored-longhornio-csi-provisioner:v5.3.0-20260428,rancher/prime/v2.16-head,stdlib,v1.25.9,gobinary,CVE-2026-56859,HIGH,https://avd.aquasec.com/nvd/cve-2026-56859,csi-provisioner,"1.25.13, 1.26.6, 1.27.0-rc.3",true,affected,
rancher/mirrored-longhornio-csi-provisioner:v5.3.0-20260428,rancher/prime/v2.16-head,stdlib,v1.25.9,gobinary,CVE-2026-56862,HIGH,https://avd.aquasec.com/nvd/cve-2026-56862,csi-provisioner,"1.25.13, 1.26.6, 1.27.0-rc.3",true,affected,
rancher/mirrored-longhornio-csi-provisioner:v5.3.0-20260428,rancher/prime/v2.16-head,google.golang.org/grpc,v1.79.3,gobinary,CVE-2026-84303,MEDIUM,https://avd.aquasec.com/nvd/cve-2026-84303,csi-provisioner,1.83.1,true,not_affected,vulnerable_code_not_present
rancher/mirrored-longhornio-csi-provisioner:v5.3.0-20260428,rancher/prime/v2.16-head,google.golang.org/grpc,v1.79.3,gobinary,CVE-2026-84304,HIGH,https://avd.aquasec.com/nvd/cve-2026-84304,csi-provisioner,1.83.1,true,affected,
rancher/mirrored-longhornio-csi-provisioner:v5.3.0-20260428,rancher/prime/v2.16-head,google.golang.org/grpc,v1.79.3,gobinary,CVE-2026-84445,HIGH,https://avd.aquasec.com/nvd/cve-2026-84445,csi-provisioner,"1.82.2, 1.83.2, 1.84.0-dev.0.20260825144003-d5a41119e0e3, 1.85.0-dev.0.20260825072537-93e31b48545e",true,not_affected,vulnerable_code_not_in_execute_path
rancher/mirrored-longhornio-csi-provisioner:v5.3.0-20260428,rancher/prime/v2.16-head,google.golang.org/grpc,v1.79.3,gobinary,GHSA-hrxh-6v49-42gf,HIGH,https://github.com/advisories/GHSA-hrxh-6v49-42gf,csi-provisioner,1.82.1,true,affected,
rancher/mirrored-longhornio-csi-resizer:v2.1.0-20260428,rancher/prime/v2.16-head,golang.org/x/net,v0.48.0,gobinary,CVE-2026-25680,MEDIUM,https://avd.aquasec.com/nvd/cve-2026-25680,csi-resizer,0.55.0,true,not_affected,vulnerable_code_not_present
rancher/mirrored-longhornio-csi-resizer:v2.1.0-20260428,rancher/prime/v2.16-head,golang.org/x/net,v0.48.0,gobinary,CVE-2026-25681,HIGH,https://avd.aquasec.com/nvd/cve-2026-25681,csi-resizer,0.55.0,true,not_affected,vulnerable_code_not_present
rancher/mirrored-longhornio-csi-resizer:v2.1.0-20260428,rancher/prime/v2.16-head,golang.org/x/net,v0.48.0,gobinary,CVE-2026-27136,HIGH,https://avd.aquasec.com/nvd/cve-2026-27136,csi-resizer,0.55.0,true,not_affected,vulnerable_code_not_present
rancher/mirrored-longhornio-csi-resizer:v2.1.0-20260428,rancher/prime/v2.16-head,stdlib,v1.25.9,gobinary,CVE-2026-33811,HIGH,https://avd.aquasec.com/nvd/cve-2026-33811,csi-resizer,"1.25.10, 1.26.3",true,not_affected,vulnerable_code_not_in_execute_path
rancher/mirrored-longhornio-csi-resizer:v2.1.0-20260428,rancher/prime/v2.16-head,golang.org/x/net,v0.48.0,gobinary,CVE-2026-33814,HIGH,https://avd.aquasec.com/nvd/cve-2026-33814,csi-resizer,0.53.0,true,affected,
rancher/mirrored-longhornio-csi-resizer:v2.1.0-20260428,rancher/prime/v2.16-head,stdlib,v1.25.9,gobinary,CVE-2026-33814,HIGH,https://avd.aquasec.com/nvd/cve-2026-33814,csi-resizer,"1.25.10, 1.26.3",true,affected,
rancher/mirrored-longhornio-csi-resizer:v2.1.0-20260428,rancher/prime/v2.16-head,stdlib,v1.25.9,gobinary,CVE-2026-33818,HIGH,https://avd.aquasec.com/nvd/cve-2026-33818,csi-resizer,"1.25.13, 1.26.6, 1.27.0-rc.3",true,affected,
rancher/mirrored-longhornio-csi-resizer:v2.1.0-20260428,rancher/prime/v2.16-head,stdlib,v1.25.9,gobinary,CVE-2026-39820,HIGH,https://avd.aquasec.com/nvd/cve-2026-39820,csi-resizer,"1.25.10, 1.26.3",true,not_affected,vulnerable_code_not_in_execute_path
rancher/mirrored-longhornio-csi-resizer:v2.1.0-20260428,rancher/prime/v2.16-head,golang.org/x/net,v0.48.0,gobinary,CVE-2026-39821,HIGH,https://avd.aquasec.com/nvd/cve-2026-39821,csi-resizer,0.55.0,true,affected,
rancher/mirrored-longhornio-csi-resizer:v2.1.0-20260428,rancher/prime/v2.16-head,stdlib,v1.25.9,gobinary,CVE-2026-39821,HIGH,https://avd.aquasec.com/nvd/cve-2026-39821,csi-resizer,"1.25.13, 1.26.6, 1.27.0-rc.3",true,affected,
rancher/mirrored-longhornio-csi-resizer:v2.1.0-20260428,rancher/prime/v2.16-head,stdlib,v1.25.9,gobinary,CVE-2026-39822,HIGH,https://avd.aquasec.com/nvd/cve-2026-39822,csi-resizer,"1.25.12, 1.26.5, 1.27.0-rc.2",true,not_affected,vulnerable_code_not_in_execute_path
rancher/mirrored-longhornio-csi-resizer:v2.1.0-20260428,rancher/prime/v2.16-head,stdlib,v1.25.9,gobinary,CVE-2026-39823,MEDIUM,https://avd.aquasec.com/nvd/cve-2026-39823,csi-resizer,"1.25.10, 1.26.3",true,not_affected,vulnerable_code_not_in_execute_path
rancher/mirrored-longhornio-csi-resizer:v2.1.0-20260428,rancher/prime/v2.16-head,stdlib,v1.25.9,gobinary,CVE-2026-39825,MEDIUM,https://avd.aquasec.com/nvd/cve-2026-39825,csi-resizer,"1.25.10, 1.26.3",true,not_affected,vulnerable_code_not_in_execute_path
rancher/mirrored-longhornio-csi-resizer:v2.1.0-20260428,rancher/prime/v2.16-head,golang.org/x/crypto,v0.46.0,gobinary,CVE-2026-39827,MEDIUM,https://avd.aquasec.com/nvd/cve-2026-39827,csi-resizer,0.52.0,true,not_affected,vulnerable_code_not_present
rancher/mirrored-longhornio-csi-resizer:v2.1.0-20260428,rancher/prime/v2.16-head,golang.org/x/crypto,v0.46.0,gobinary,CVE-2026-39828,HIGH,https://avd.aquasec.com/nvd/cve-2026-39828,csi-resizer,0.52.0,true,not_affected,vulnerable_code_not_present
rancher/mirrored-longhornio-csi-resizer:v2.1.0-20260428,rancher/prime/v2.16-head,golang.org/x/crypto,v0.46.0,gobinary,CVE-2026-39829,HIGH,https://avd.aquasec.com/nvd/cve-2026-39829,csi-resizer,0.52.0,true,not_affected,vulnerable_code_not_present
rancher/mirrored-longhornio-csi-resizer:v2.1.0-20260428,rancher/prime/v2.16-head,golang.org/x/crypto,v0.46.0,gobinary,CVE-2026-39830,HIGH,https://avd.aquasec.com/nvd/cve-2026-39830,csi-resizer,0.52.0,true,not_affected,vulnerable_code_not_present
rancher/mirrored-longhornio-csi-resizer:v2.1.0-20260428,rancher/prime/v2.16-head,golang.org/x/crypto,v0.46.0,gobinary,CVE-2026-39831,HIGH,https://avd.aquasec.com/nvd/cve-2026-39831,csi-resizer,0.52.0,true,not_affected,vulnerable_code_not_present
rancher/mirrored-longhornio-csi-resizer:v2.1.0-20260428,rancher/prime/v2.16-head,golang.org/x/crypto,v0.46.0,gobinary,CVE-2026-39832,HIGH,https://avd.aquasec.com/nvd/cve-2026-39832,csi-resizer,0.52.0,true,not_affected,vulnerable_code_not_present
rancher/mirrored-longhornio-csi-resizer:v2.1.0-20260428,rancher/prime/v2.16-head,golang.org/x/crypto,v0.46.0,gobinary,CVE-2026-39833,MEDIUM,https://avd.aquasec.com/nvd/cve-2026-39833,csi-resizer,0.52.0,true,not_affected,vulnerable_code_not_present
rancher/mirrored-longhornio-csi-resizer:v2.1.0-20260428,rancher/prime/v2.16-head,golang.org/x/crypto,v0.46.0,gobinary,CVE-2026-39834,MEDIUM,https://avd.aquasec.com/nvd/cve-2026-39834,csi-resizer,0.52.0,true,not_affected,vulnerable_code_not_present
rancher/mirrored-longhornio-csi-resizer:v2.1.0-20260428,rancher/prime/v2.16-head,golang.org/x/crypto,v0.46.0,gobinary,CVE-2026-39835,HIGH,https://avd.aquasec.com/nvd/cve-2026-39835,csi-resizer,0.52.0,true,not_affected,vulnerable_code_not_present
rancher/mirrored-longhornio-csi-resizer:v2.1.0-20260428,rancher/prime/v2.16-head,stdlib,v1.25.9,gobinary,CVE-2026-39836,HIGH,https://avd.aquasec.com/nvd/cve-2026-39836,csi-resizer,"1.25.10, 1.26.3",true,not_affected,vulnerable_code_not_in_execute_path
rancher/mirrored-longhornio-csi-resizer:v2.1.0-20260428,rancher/prime/v2.16-head,stdlib,v1.25.9,gobinary,CVE-2026-42499,HIGH,https://avd.aquasec.com/nvd/cve-2026-42499,csi-resizer,"1.25.10, 1.26.3",true,affected,
rancher/mirrored-longhornio-csi-resizer:v2.1.0-20260428,rancher/prime/v2.16-head,golang.org/x/net,v0.48.0,gobinary,CVE-2026-42502,MEDIUM,https://avd.aquasec.com/nvd/cve-2026-42502,csi-resizer,0.55.0,true,not_affected,vulnerable_code_not_present
rancher/mirrored-longhornio-csi-resizer:v2.1.0-20260428,rancher/prime/v2.16-head,golang.org/x/net,v0.48.0,gobinary,CVE-2026-42506,MEDIUM,https://avd.aquasec.com/nvd/cve-2026-42506,csi-resizer,0.55.0,true,not_affected,vulnerable_code_not_present
rancher/mirrored-longhornio-csi-resizer:v2.1.0-20260428,rancher/prime/v2.16-head,stdlib,v1.25.9,gobinary,CVE-2026-42507,MEDIUM,https://avd.aquasec.com/nvd/cve-2026-42507,csi-resizer,"1.25.11, 1.26.4",true,not_affected,vulnerable_code_not_in_execute_path
rancher/mirrored-longhornio-csi-resizer:v2.1.0-20260428,rancher/prime/v2.16-head,golang.org/x/crypto,v0.46.0,gobinary,CVE-2026-42508,HIGH,https://avd.aquasec.com/nvd/cve-2026-42508,csi-resizer,0.52.0,true,not_affected,vulnerable_code_not_present
rancher/mirrored-longhornio-csi-resizer:v2.1.0-20260428,rancher/prime/v2.16-head,golang.org/x/crypto,v0.46.0,gobinary,CVE-2026-46595,HIGH,https://avd.aquasec.com/nvd/cve-2026-46595,csi-resizer,0.52.0,true,not_affected,vulnerable_code_not_present
rancher/mirrored-longhornio-csi-resizer:v2.1.0-20260428,rancher/prime/v2.16-head,golang.org/x/crypto,v0.46.0,gobinary,CVE-2026-46597,HIGH,https://avd.aquasec.com/nvd/cve-2026-46597,csi-resizer,0.52.0,true,not_affected,vulnerable_code_not_present
rancher/mirrored-longhornio-csi-resizer:v2.1.0-20260428,rancher/prime/v2.16-head,golang.org/x/crypto,v0.46.0,gobinary,CVE-2026-46598,MEDIUM,https://avd.aquasec.com/nvd/cve-2026-46598,csi-resizer,0.52.0,true,not_affected,vulnerable_code_not_present
rancher/mirrored-longhornio-csi-resizer:v2.1.0-20260428,rancher/prime/v2.16-head,golang.org/x/net,v0.48.0,gobinary,CVE-2026-46600,HIGH,https://avd.aquasec.com/nvd/cve-2026-46600,csi-resizer,0.56.0,true,not_affected,vulnerable_code_not_present
rancher/mirrored-longhornio-csi-resizer:v2.1.0-20260428,rancher/prime/v2.16-head,stdlib,v1.25.9,gobinary,CVE-2026-56853,HIGH,https://avd.aquasec.com/nvd/cve-2026-56853,csi-resizer,"1.25.13, 1.26.6, 1.27.0-rc.3",true,affected,
rancher/mirrored-longhornio-csi-resizer:v2.1.0-20260428,rancher/prime/v2.16-head,golang.org/x/crypto,v0.46.0,gobinary,CVE-2026-56854,HIGH,https://avd.aquasec.com/nvd/cve-2026-56854,csi-resizer,0.55.0,true,not_affected,vulnerable_code_not_present
rancher/mirrored-longhornio-csi-resizer:v2.1.0-20260428,rancher/prime/v2.16-head,golang.org/x/crypto,v0.46.0,gobinary,CVE-2026-56855,MEDIUM,https://avd.aquasec.com/nvd/cve-2026-56855,csi-resizer,0.56.0,true,not_affected,vulnerable_code_not_present
rancher/mirrored-longhornio-csi-resizer:v2.1.0-20260428,rancher/prime/v2.16-head,stdlib,v1.25.9,gobinary,CVE-2026-56859,HIGH,https://avd.aquasec.com/nvd/cve-2026-56859,csi-resizer,"1.25.13, 1.26.6, 1.27.0-rc.3",true,affected,
rancher/mirrored-longhornio-csi-resizer:v2.1.0-20260428,rancher/prime/v2.16-head,stdlib,v1.25.9,gobinary,CVE-2026-56862,HIGH,https://avd.aquasec.com/nvd/cve-2026-56862,csi-resizer,"1.25.13, 1.26.6, 1.27.0-rc.3",true,affected,
rancher/mirrored-longhornio-csi-resizer:v2.1.0-20260428,rancher/prime/v2.16-head,golang.org/x/crypto,v0.46.0,gobinary,CVE-2026-78662,MEDIUM,https://avd.aquasec.com/nvd/cve-2026-78662,csi-resizer,0.56.0,true,not_affected,vulnerable_code_not_present
rancher/mirrored-longhornio-csi-resizer:v2.1.0-20260428,rancher/prime/v2.16-head,google.golang.org/grpc,v1.79.3,gobinary,CVE-2026-84303,MEDIUM,https://avd.aquasec.com/nvd/cve-2026-84303,csi-resizer,1.83.1,true,not_affected,vulnerable_code_not_present
rancher/mirrored-longhornio-csi-resizer:v2.1.0-20260428,rancher/prime/v2.16-head,google.golang.org/grpc,v1.79.3,gobinary,CVE-2026-84304,HIGH,https://avd.aquasec.com/nvd/cve-2026-84304,csi-resizer,1.83.1,true,affected,
rancher/mirrored-longhornio-csi-resizer:v2.1.0-20260428,rancher/prime/v2.16-head,google.golang.org/grpc,v1.79.3,gobinary,CVE-2026-84445,HIGH,https://avd.aquasec.com/nvd/cve-2026-84445,csi-resizer,"1.82.2, 1.83.2, 1.84.0-dev.0.20260825144003-d5a41119e0e3, 1.85.0-dev.0.20260825072537-93e31b48545e",true,not_affected,vulnerable_code_not_in_execute_path
rancher/mirrored-longhornio-csi-resizer:v2.1.0-20260428,rancher/prime/v2.16-head,google.golang.org/grpc,v1.79.3,gobinary,GHSA-hrxh-6v49-42gf,HIGH,https://github.com/advisories/GHSA-hrxh-6v49-42gf,csi-resizer,1.82.1,true,affected,
rancher/mirrored-longhornio-csi-snapshotter:v8.5.0-20260428,rancher/prime/v2.16-head,golang.org/x/net,v0.49.0,gobinary,CVE-2026-25680,MEDIUM,https://avd.aquasec.com/nvd/cve-2026-25680,csi-snapshotter,0.55.0,true,not_affected,vulnerable_code_not_present
rancher/mirrored-longhornio-csi-snapshotter:v8.5.0-20260428,rancher/prime/v2.16-head,golang.org/x/net,v0.49.0,gobinary,CVE-2026-25681,HIGH,https://avd.aquasec.com/nvd/cve-2026-25681,csi-snapshotter,0.55.0,true,not_affected,vulnerable_code_not_present
rancher/mirrored-longhornio-csi-snapshotter:v8.5.0-20260428,rancher/prime/v2.16-head,golang.org/x/net,v0.49.0,gobinary,CVE-2026-27136,HIGH,https://avd.aquasec.com/nvd/cve-2026-27136,csi-snapshotter,0.55.0,true,not_affected,vulnerable_code_not_present
rancher/mirrored-longhornio-csi-snapshotter:v8.5.0-20260428,rancher/prime/v2.16-head,stdlib,v1.25.9,gobinary,CVE-2026-33811,HIGH,https://avd.aquasec.com/nvd/cve-2026-33811,csi-snapshotter,"1.25.10, 1.26.3",true,not_affected,vulnerable_code_not_in_execute_path
rancher/mirrored-longhornio-csi-snapshotter:v8.5.0-20260428,rancher/prime/v2.16-head,golang.org/x/net,v0.49.0,gobinary,CVE-2026-33814,HIGH,https://avd.aquasec.com/nvd/cve-2026-33814,csi-snapshotter,0.53.0,true,affected,
rancher/mirrored-longhornio-csi-snapshotter:v8.5.0-20260428,rancher/prime/v2.16-head,stdlib,v1.25.9,gobinary,CVE-2026-33814,HIGH,https://avd.aquasec.com/nvd/cve-2026-33814,csi-snapshotter,"1.25.10, 1.26.3",true,not_affected,vulnerable_code_not_in_execute_path
rancher/mirrored-longhornio-csi-snapshotter:v8.5.0-20260428,rancher/prime/v2.16-head,stdlib,v1.25.9,gobinary,CVE-2026-33818,HIGH,https://avd.aquasec.com/nvd/cve-2026-33818,csi-snapshotter,"1.25.13, 1.26.6, 1.27.0-rc.3",true,affected,
rancher/mirrored-longhornio-csi-snapshotter:v8.5.0-20260428,rancher/prime/v2.16-head,stdlib,v1.25.9,gobinary,CVE-2026-39820,HIGH,https://avd.aquasec.com/nvd/cve-2026-39820,csi-snapshotter,"1.25.10, 1.26.3",true,affected,
rancher/mirrored-longhornio-csi-snapshotter:v8.5.0-20260428,rancher/prime/v2.16-head,golang.org/x/net,v0.49.0,gobinary,CVE-2026-39821,HIGH,https://avd.aquasec.com/nvd/cve-2026-39821,csi-snapshotter,0.55.0,true,affected,
rancher/mirrored-longhornio-csi-snapshotter:v8.5.0-20260428,rancher/prime/v2.16-head,stdlib,v1.25.9,gobinary,CVE-2026-39821,HIGH,https://avd.aquasec.com/nvd/cve-2026-39821,csi-snapshotter,"1.25.13, 1.26.6, 1.27.0-rc.3",true,affected,
rancher/mirrored-longhornio-csi-snapshotter:v8.5.0-20260428,rancher/prime/v2.16-head,stdlib,v1.25.9,gobinary,CVE-2026-39822,HIGH,https://avd.aquasec.com/nvd/cve-2026-39822,csi-snapshotter,"1.25.12, 1.26.5, 1.27.0-rc.2",true,not_affected,vulnerable_code_not_in_execute_path
rancher/mirrored-longhornio-csi-snapshotter:v8.5.0-20260428,rancher/prime/v2.16-head,stdlib,v1.25.9,gobinary,CVE-2026-39825,MEDIUM,https://avd.aquasec.com/nvd/cve-2026-39825,csi-snapshotter,"1.25.10, 1.26.3",true,not_affected,vulnerable_code_not_in_execute_path
rancher/mirrored-longhornio-csi-snapshotter:v8.5.0-20260428,rancher/prime/v2.16-head,stdlib,v1.25.9,gobinary,CVE-2026-39826,MEDIUM,https://avd.aquasec.com/nvd/cve-2026-39826,csi-snapshotter,"1.25.10, 1.26.3",true,not_affected,vulnerable_code_not_in_execute_path
rancher/mirrored-longhornio-csi-snapshotter:v8.5.0-20260428,rancher/prime/v2.16-head,golang.org/x/crypto,v0.47.0,gobinary,CVE-2026-39827,MEDIUM,https://avd.aquasec.com/nvd/cve-2026-39827,csi-snapshotter,0.52.0,true,not_affected,vulnerable_code_not_present
rancher/mirrored-longhornio-csi-snapshotter:v8.5.0-20260428,rancher/prime/v2.16-head,golang.org/x/crypto,v0.47.0,gobinary,CVE-2026-39828,HIGH,https://avd.aquasec.com/nvd/cve-2026-39828,csi-snapshotter,0.52.0,true,not_affected,vulnerable_code_not_present
rancher/mirrored-longhornio-csi-snapshotter:v8.5.0-20260428,rancher/prime/v2.16-head,golang.org/x/crypto,v0.47.0,gobinary,CVE-2026-39829,HIGH,https://avd.aquasec.com/nvd/cve-2026-39829,csi-snapshotter,0.52.0,true,not_affected,vulnerable_code_not_present
rancher/mirrored-longhornio-csi-snapshotter:v8.5.0-20260428,rancher/prime/v2.16-head,golang.org/x/crypto,v0.47.0,gobinary,CVE-2026-39830,HIGH,https://avd.aquasec.com/nvd/cve-2026-39830,csi-snapshotter,0.52.0,true,not_affected,vulnerable_code_not_present
rancher/mirrored-longhornio-csi-snapshotter:v8.5.0-20260428,rancher/prime/v2.16-head,golang.org/x/crypto,v0.47.0,gobinary,CVE-2026-39831,HIGH,https://avd.aquasec.com/nvd/cve-2026-39831,csi-snapshotter,0.52.0,true,not_affected,vulnerable_code_not_present
rancher/mirrored-longhornio-csi-snapshotter:v8.5.0-20260428,rancher/prime/v2.16-head,golang.org/x/crypto,v0.47.0,gobinary,CVE-2026-39832,HIGH,https://avd.aquasec.com/nvd/cve-2026-39832,csi-snapshotter,0.52.0,true,not_affected,vulnerable_code_not_present
rancher/mirrored-longhornio-csi-snapshotter:v8.5.0-20260428,rancher/prime/v2.16-head,golang.org/x/crypto,v0.47.0,gobinary,CVE-2026-39833,MEDIUM,https://avd.aquasec.com/nvd/cve-2026-39833,csi-snapshotter,0.52.0,true,not_affected,vulnerable_code_not_present
rancher/mirrored-longhornio-csi-snapshotter:v8.5.0-20260428,rancher/prime/v2.16-head,golang.org/x/crypto,v0.47.0,gobinary,CVE-2026-39834,MEDIUM,https://avd.aquasec.com/nvd/cve-2026-39834,csi-snapshotter,0.52.0,true,not_affected,vulnerable_code_not_present
rancher/mirrored-longhornio-csi-snapshotter:v8.5.0-20260428,rancher/prime/v2.16-head,golang.org/x/crypto,v0.47.0,gobinary,CVE-2026-39835,HIGH,https://avd.aquasec.com/nvd/cve-2026-39835,csi-snapshotter,0.52.0,true,not_affected,vulnerable_code_not_present
rancher/mirrored-longhornio-csi-snapshotter:v8.5.0-20260428,rancher/prime/v2.16-head,stdlib,v1.25.9,gobinary,CVE-2026-39836,HIGH,https://avd.aquasec.com/nvd/cve-2026-39836,csi-snapshotter,"1.25.10, 1.26.3",true,not_affected,vulnerable_code_not_in_execute_path
rancher/mirrored-longhornio-csi-snapshotter:v8.5.0-20260428,rancher/prime/v2.16-head,stdlib,v1.25.9,gobinary,CVE-2026-42499,HIGH,https://avd.aquasec.com/nvd/cve-2026-42499,csi-snapshotter,"1.25.10, 1.26.3",true,affected,
rancher/mirrored-longhornio-csi-snapshotter:v8.5.0-20260428,rancher/prime/v2.16-head,golang.org/x/net,v0.49.0,gobinary,CVE-2026-42502,MEDIUM,https://avd.aquasec.com/nvd/cve-2026-42502,csi-snapshotter,0.55.0,true,not_affected,vulnerable_code_not_present
rancher/mirrored-longhornio-csi-snapshotter:v8.5.0-20260428,rancher/prime/v2.16-head,golang.org/x/net,v0.49.0,gobinary,CVE-2026-42506,MEDIUM,https://avd.aquasec.com/nvd/cve-2026-42506,csi-snapshotter,0.55.0,true,not_affected,vulnerable_code_not_present
rancher/mirrored-longhornio-csi-snapshotter:v8.5.0-20260428,rancher/prime/v2.16-head,golang.org/x/crypto,v0.47.0,gobinary,CVE-2026-42508,HIGH,https://avd.aquasec.com/nvd/cve-2026-42508,csi-snapshotter,0.52.0,true,not_affected,vulnerable_code_not_present
rancher/mirrored-longhornio-csi-snapshotter:v8.5.0-20260428,rancher/prime/v2.16-head,golang.org/x/crypto,v0.47.0,gobinary,CVE-2026-46595,HIGH,https://avd.aquasec.com/nvd/cve-2026-46595,csi-snapshotter,0.52.0,true,not_affected,vulnerable_code_not_present
rancher/mirrored-longhornio-csi-snapshotter:v8.5.0-20260428,rancher/prime/v2.16-head,golang.org/x/crypto,v0.47.0,gobinary,CVE-2026-46597,HIGH,https://avd.aquasec.com/nvd/cve-2026-46597,csi-snapshotter,0.52.0,true,not_affected,vulnerable_code_not_present
rancher/mirrored-longhornio-csi-snapshotter:v8.5.0-20260428,rancher/prime/v2.16-head,golang.org/x/crypto,v0.47.0,gobinary,CVE-2026-46598,MEDIUM,https://avd.aquasec.com/nvd/cve-2026-46598,csi-snapshotter,0.52.0,true,not_affected,vulnerable_code_not_present
rancher/mirrored-longhornio-csi-snapshotter:v8.5.0-20260428,rancher/prime/v2.16-head,golang.org/x/net,v0.49.0,gobinary,CVE-2026-46600,HIGH,https://avd.aquasec.com/nvd/cve-2026-46600,csi-snapshotter,0.56.0,true,not_affected,vulnerable_code_not_present
rancher/mirrored-longhornio-csi-snapshotter:v8.5.0-20260428,rancher/prime/v2.16-head,stdlib,v1.25.9,gobinary,CVE-2026-56853,HIGH,https://avd.aquasec.com/nvd/cve-2026-56853,csi-snapshotter,"1.25.13, 1.26.6, 1.27.0-rc.3",true,affected,
rancher/mirrored-longhornio-csi-snapshotter:v8.5.0-20260428,rancher/prime/v2.16-head,golang.org/x/crypto,v0.47.0,gobinary,CVE-2026-56854,HIGH,https://avd.aquasec.com/nvd/cve-2026-56854,csi-snapshotter,0.55.0,true,not_affected,vulnerable_code_not_present
rancher/mirrored-longhornio-csi-snapshotter:v8.5.0-20260428,rancher/prime/v2.16-head,golang.org/x/crypto,v0.47.0,gobinary,CVE-2026-56855,MEDIUM,https://avd.aquasec.com/nvd/cve-2026-56855,csi-snapshotter,0.56.0,true,not_affected,vulnerable_code_not_present
rancher/mirrored-longhornio-csi-snapshotter:v8.5.0-20260428,rancher/prime/v2.16-head,stdlib,v1.25.9,gobinary,CVE-2026-56859,HIGH,https://avd.aquasec.com/nvd/cve-2026-56859,csi-snapshotter,"1.25.13, 1.26.6, 1.27.0-rc.3",true,affected,
rancher/mirrored-longhornio-csi-snapshotter:v8.5.0-20260428,rancher/prime/v2.16-head,stdlib,v1.25.9,gobinary,CVE-2026-56862,HIGH,https://avd.aquasec.com/nvd/cve-2026-56862,csi-snapshotter,"1.25.13, 1.26.6, 1.27.0-rc.3",true,affected,
rancher/mirrored-longhornio-csi-snapshotter:v8.5.0-20260428,rancher/prime/v2.16-head,golang.org/x/crypto,v0.47.0,gobinary,CVE-2026-78662,MEDIUM,https://avd.aquasec.com/nvd/cve-2026-78662,csi-snapshotter,0.56.0,true,not_affected,vulnerable_code_not_present
rancher/mirrored-longhornio-csi-snapshotter:v8.5.0-20260428,rancher/prime/v2.16-head,google.golang.org/grpc,v1.79.3,gobinary,CVE-2026-84303,MEDIUM,https://avd.aquasec.com/nvd/cve-2026-84303,csi-snapshotter,1.83.1,true,not_affected,vulnerable_code_not_present
rancher/mirrored-longhornio-csi-snapshotter:v8.5.0-20260428,rancher/prime/v2.16-head,google.golang.org/grpc,v1.79.3,gobinary,CVE-2026-84304,HIGH,https://avd.aquasec.com/nvd/cve-2026-84304,csi-snapshotter,1.83.1,true,affected,
rancher/mirrored-longhornio-csi-snapshotter:v8.5.0-20260428,rancher/prime/v2.16-head,google.golang.org/grpc,v1.79.3,gobinary,CVE-2026-84445,HIGH,https://avd.aquasec.com/nvd/cve-2026-84445,csi-snapshotter,"1.82.2, 1.83.2, 1.84.0-dev.0.20260825144003-d5a41119e0e3, 1.85.0-dev.0.20260825072537-93e31b48545e",true,not_affected,vulnerable_code_not_in_execute_path
rancher/mirrored-longhornio-csi-snapshotter:v8.5.0-20260428,rancher/prime/v2.16-head,google.golang.org/grpc,v1.79.3,gobinary,GHSA-hrxh-6v49-42gf,HIGH,https://github.com/advisories/GHSA-hrxh-6v49-42gf,csi-snapshotter,1.82.1,true,affected,
rancher/mirrored-metrics-server:v0.9.0,rancher/prime/v2.16-head,stdlib,v1.26.4,gobinary,CVE-2026-33818,HIGH,https://avd.aquasec.com/nvd/cve-2026-33818,metrics-server,"1.25.13, 1.26.6, 1.27.0-rc.3",true,affected,
rancher/mirrored-metrics-server:v0.9.0,rancher/prime/v2.16-head,stdlib,v1.26.4,gobinary,CVE-2026-39821,HIGH,https://avd.aquasec.com/nvd/cve-2026-39821,metrics-server,"1.25.13, 1.26.6, 1.27.0-rc.3",true,affected,
rancher/mirrored-metrics-server:v0.9.0,rancher/prime/v2.16-head,stdlib,v1.26.4,gobinary,CVE-2026-39822,HIGH,https://avd.aquasec.com/nvd/cve-2026-39822,metrics-server,"1.25.12, 1.26.5, 1.27.0-rc.2",true,not_affected,vulnerable_code_not_in_execute_path
rancher/mirrored-metrics-server:v0.9.0,rancher/prime/v2.16-head,stdlib,v1.26.4,gobinary,CVE-2026-42505,MEDIUM,https://avd.aquasec.com/nvd/cve-2026-42505,metrics-server,"1.25.12, 1.26.5, 1.27.0-rc.2",true,not_affected,vulnerable_code_cannot_be_controlled_by_adversary
rancher/mirrored-metrics-server:v0.9.0,rancher/prime/v2.16-head,stdlib,v1.26.4,gobinary,CVE-2026-56853,HIGH,https://avd.aquasec.com/nvd/cve-2026-56853,metrics-server,"1.25.13, 1.26.6, 1.27.0-rc.3",true,affected,
rancher/mirrored-metrics-server:v0.9.0,rancher/prime/v2.16-head,golang.org/x/crypto,v0.53.0,gobinary,CVE-2026-56854,HIGH,https://avd.aquasec.com/nvd/cve-2026-56854,metrics-server,0.55.0,true,affected,
rancher/mirrored-metrics-server:v0.9.0,rancher/prime/v2.16-head,golang.org/x/crypto,v0.53.0,gobinary,CVE-2026-56855,HIGH,https://avd.aquasec.com/nvd/cve-2026-56855,metrics-server,0.56.0,true,affected,severity_changed_due_to_suse_cvss_score
rancher/mirrored-metrics-server:v0.9.0,rancher/prime/v2.16-head,stdlib,v1.26.4,gobinary,CVE-2026-56859,HIGH,https://avd.aquasec.com/nvd/cve-2026-56859,metrics-server,"1.25.13, 1.26.6, 1.27.0-rc.3",true,affected,
rancher/mirrored-metrics-server:v0.9.0,rancher/prime/v2.16-head,stdlib,v1.26.4,gobinary,CVE-2026-56862,HIGH,https://avd.aquasec.com/nvd/cve-2026-56862,metrics-server,"1.25.13, 1.26.6, 1.27.0-rc.3",true,affected,
rancher/mirrored-metrics-server:v0.9.0,rancher/prime/v2.16-head,golang.org/x/crypto,v0.53.0,gobinary,CVE-2026-78662,HIGH,https://avd.aquasec.com/nvd/cve-2026-78662,metrics-server,0.56.0,true,affected,severity_changed_due_to_suse_cvss_score
rancher/mirrored-metrics-server:v0.9.0,rancher/prime/v2.16-head,google.golang.org/grpc,v1.81.1,gobinary,CVE-2026-84304,HIGH,https://avd.aquasec.com/nvd/cve-2026-84304,metrics-server,1.83.1,true,affected,
rancher/mirrored-metrics-server:v0.9.0,rancher/prime/v2.16-head,google.golang.org/grpc,v1.81.1,gobinary,CVE-2026-84445,HIGH,https://avd.aquasec.com/nvd/cve-2026-84445,metrics-server,"1.82.2, 1.83.2, 1.84.0-dev.0.20260825144003-d5a41119e0e3, 1.85.0-dev.0.20260825072537-93e31b48545e",true,affected,
rancher/mirrored-metrics-server:v0.9.0,rancher/prime/v2.16-head,google.golang.org/grpc,v1.81.1,gobinary,GHSA-hrxh-6v49-42gf,HIGH,https://github.com/advisories/GHSA-hrxh-6v49-42gf,metrics-server,1.82.1,true,affected,
rancher/mirrored-sig-storage-csi-attacher:v4.9.0,rancher/prime/v2.16-head,stdlib,v1.24.2,gobinary,CVE-2025-22873,MEDIUM,https://avd.aquasec.com/nvd/cve-2025-22873,csi-attacher,"1.23.9, 1.24.3",true,not_affected,vulnerable_code_not_in_execute_path
rancher/mirrored-sig-storage-csi-attacher:v4.9.0,rancher/prime/v2.16-head,stdlib,v1.24.2,gobinary,CVE-2025-22874,HIGH,https://avd.aquasec.com/nvd/cve-2025-22874,csi-attacher,1.24.4,true,affected,
rancher/mirrored-sig-storage-csi-attacher:v4.9.0,rancher/prime/v2.16-head,stdlib,v1.24.2,gobinary,CVE-2025-47907,MEDIUM,https://avd.aquasec.com/nvd/cve-2025-47907,csi-attacher,"1.23.12, 1.24.6",true,not_affected,vulnerable_code_not_in_execute_path
rancher/mirrored-sig-storage-csi-attacher:v4.9.0,rancher/prime/v2.16-head,golang.org/x/net,v0.40.0,gobinary,CVE-2025-47911,MEDIUM,https://avd.aquasec.com/nvd/cve-2025-47911,csi-attacher,0.45.0,true,not_affected,vulnerable_code_not_present
rancher/mirrored-sig-storage-csi-attacher:v4.9.0,rancher/prime/v2.16-head,stdlib,v1.24.2,gobinary,CVE-2025-47912,HIGH,https://avd.aquasec.com/nvd/cve-2025-47912,csi-attacher,"1.24.8, 1.25.2",true,affected,severity_changed_due_to_suse_cvss_score
rancher/mirrored-sig-storage-csi-attacher:v4.9.0,rancher/prime/v2.16-head,stdlib,v1.24.2,gobinary,CVE-2025-58183,MEDIUM,https://avd.aquasec.com/nvd/cve-2025-58183,csi-attacher,"1.24.8, 1.25.2",true,not_affected,vulnerable_code_not_present
rancher/mirrored-sig-storage-csi-attacher:v4.9.0,rancher/prime/v2.16-head,stdlib,v1.24.2,gobinary,CVE-2025-58188,HIGH,https://avd.aquasec.com/nvd/cve-2025-58188,csi-attacher,"1.24.8, 1.25.2",true,affected,severity_changed_due_to_suse_cvss_score
rancher/mirrored-sig-storage-csi-attacher:v4.9.0,rancher/prime/v2.16-head,golang.org/x/net,v0.40.0,gobinary,CVE-2025-58190,MEDIUM,https://avd.aquasec.com/nvd/cve-2025-58190,csi-attacher,0.45.0,true,not_affected,vulnerable_code_not_present
rancher/mirrored-sig-storage-csi-attacher:v4.9.0,rancher/prime/v2.16-head,stdlib,v1.24.2,gobinary,CVE-2025-61725,MEDIUM,https://avd.aquasec.com/nvd/cve-2025-61725,csi-attacher,"1.24.8, 1.25.2",true,not_affected,vulnerable_code_not_present
rancher/mirrored-sig-storage-csi-attacher:v4.9.0,rancher/prime/v2.16-head,stdlib,v1.24.2,gobinary,CVE-2025-61727,HIGH,https://avd.aquasec.com/nvd/cve-2025-61727,csi-attacher,"1.24.11, 1.25.5",true,affected,severity_changed_due_to_suse_cvss_score
rancher/mirrored-sig-storage-csi-attacher:v4.9.0,rancher/prime/v2.16-head,stdlib,v1.24.2,gobinary,CVE-2025-61728,MEDIUM,https://avd.aquasec.com/nvd/cve-2025-61728,csi-attacher,"1.24.12, 1.25.6",true,not_affected,vulnerable_code_not_present
rancher/mirrored-sig-storage-csi-attacher:v4.9.0,rancher/prime/v2.16-head,stdlib,v1.24.2,gobinary,CVE-2025-61729,HIGH,https://avd.aquasec.com/nvd/cve-2025-61729,csi-attacher,"1.24.11, 1.25.5",true,affected,
rancher/mirrored-sig-storage-csi-attacher:v4.9.0,rancher/prime/v2.16-head,stdlib,v1.24.2,gobinary,CVE-2025-68121,HIGH,https://avd.aquasec.com/nvd/cve-2025-68121,csi-attacher,"1.24.13, 1.25.7, 1.26.0-rc.3",true,affected,severity_changed_due_to_suse_cvss_score
rancher/mirrored-sig-storage-csi-attacher:v4.9.0,rancher/prime/v2.16-head,golang.org/x/net,v0.40.0,gobinary,CVE-2026-25680,MEDIUM,https://avd.aquasec.com/nvd/cve-2026-25680,csi-attacher,0.55.0,true,not_affected,vulnerable_code_not_present
rancher/mirrored-sig-storage-csi-attacher:v4.9.0,rancher/prime/v2.16-head,golang.org/x/net,v0.40.0,gobinary,CVE-2026-25681,HIGH,https://avd.aquasec.com/nvd/cve-2026-25681,csi-attacher,0.55.0,true,not_affected,vulnerable_code_not_present
rancher/mirrored-sig-storage-csi-attacher:v4.9.0,rancher/prime/v2.16-head,golang.org/x/net,v0.40.0,gobinary,CVE-2026-27136,HIGH,https://avd.aquasec.com/nvd/cve-2026-27136,csi-attacher,0.55.0,true,not_affected,vulnerable_code_not_present
rancher/mirrored-sig-storage-csi-attacher:v4.9.0,rancher/prime/v2.16-head,stdlib,v1.24.2,gobinary,CVE-2026-32280,HIGH,https://avd.aquasec.com/nvd/cve-2026-32280,csi-attacher,"1.25.9, 1.26.2",true,affected,
rancher/mirrored-sig-storage-csi-attacher:v4.9.0,rancher/prime/v2.16-head,stdlib,v1.24.2,gobinary,CVE-2026-32282,MEDIUM,https://avd.aquasec.com/nvd/cve-2026-32282,csi-attacher,"1.25.9, 1.26.2",true,not_affected,vulnerable_code_not_in_execute_path
rancher/mirrored-sig-storage-csi-attacher:v4.9.0,rancher/prime/v2.16-head,stdlib,v1.24.2,gobinary,CVE-2026-32288,MEDIUM,https://avd.aquasec.com/nvd/cve-2026-32288,csi-attacher,"1.25.9, 1.26.2",true,not_affected,vulnerable_code_not_present
rancher/mirrored-sig-storage-csi-attacher:v4.9.0,rancher/prime/v2.16-head,google.golang.org/grpc,v1.72.1,gobinary,CVE-2026-33186,HIGH,https://avd.aquasec.com/nvd/cve-2026-33186,csi-attacher,1.79.3,true,affected,severity_changed_due_to_suse_cvss_score
rancher/mirrored-sig-storage-csi-attacher:v4.9.0,rancher/prime/v2.16-head,stdlib,v1.24.2,gobinary,CVE-2026-33811,HIGH,https://avd.aquasec.com/nvd/cve-2026-33811,csi-attacher,"1.25.10, 1.26.3",true,affected,
rancher/mirrored-sig-storage-csi-attacher:v4.9.0,rancher/prime/v2.16-head,golang.org/x/net,v0.40.0,gobinary,CVE-2026-33814,HIGH,https://avd.aquasec.com/nvd/cve-2026-33814,csi-attacher,0.53.0,true,affected,
rancher/mirrored-sig-storage-csi-attacher:v4.9.0,rancher/prime/v2.16-head,stdlib,v1.24.2,gobinary,CVE-2026-33814,HIGH,https://avd.aquasec.com/nvd/cve-2026-33814,csi-attacher,"1.25.10, 1.26.3",true,affected,
rancher/mirrored-sig-storage-csi-attacher:v4.9.0,rancher/prime/v2.16-head,stdlib,v1.24.2,gobinary,CVE-2026-33818,HIGH,https://avd.aquasec.com/nvd/cve-2026-33818,csi-attacher,"1.25.13, 1.26.6, 1.27.0-rc.3",true,affected,
rancher/mirrored-sig-storage-csi-attacher:v4.9.0,rancher/prime/v2.16-head,stdlib,v1.24.2,gobinary,CVE-2026-39820,HIGH,https://avd.aquasec.com/nvd/cve-2026-39820,csi-attacher,"1.25.10, 1.26.3",true,not_affected,vulnerable_code_not_present
rancher/mirrored-sig-storage-csi-attacher:v4.9.0,rancher/prime/v2.16-head,golang.org/x/net,v0.40.0,gobinary,CVE-2026-39821,HIGH,https://avd.aquasec.com/nvd/cve-2026-39821,csi-attacher,0.55.0,true,affected,
rancher/mirrored-sig-storage-csi-attacher:v4.9.0,rancher/prime/v2.16-head,stdlib,v1.24.2,gobinary,CVE-2026-39821,HIGH,https://avd.aquasec.com/nvd/cve-2026-39821,csi-attacher,"1.25.13, 1.26.6, 1.27.0-rc.3",true,affected,
rancher/mirrored-sig-storage-csi-attacher:v4.9.0,rancher/prime/v2.16-head,stdlib,v1.24.2,gobinary,CVE-2026-39822,HIGH,https://avd.aquasec.com/nvd/cve-2026-39822,csi-attacher,"1.25.12, 1.26.5, 1.27.0-rc.2",true,not_affected,vulnerable_code_not_in_execute_path
rancher/mirrored-sig-storage-csi-attacher:v4.9.0,rancher/prime/v2.16-head,stdlib,v1.24.2,gobinary,CVE-2026-39825,MEDIUM,https://avd.aquasec.com/nvd/cve-2026-39825,csi-attacher,"1.25.10, 1.26.3",true,not_affected,vulnerable_code_not_in_execute_path
rancher/mirrored-sig-storage-csi-attacher:v4.9.0,rancher/prime/v2.16-head,stdlib,v1.24.2,gobinary,CVE-2026-39836,HIGH,https://avd.aquasec.com/nvd/cve-2026-39836,csi-attacher,"1.25.10, 1.26.3",true,affected,
rancher/mirrored-sig-storage-csi-attacher:v4.9.0,rancher/prime/v2.16-head,stdlib,v1.24.2,gobinary,CVE-2026-42499,HIGH,https://avd.aquasec.com/nvd/cve-2026-42499,csi-attacher,"1.25.10, 1.26.3",true,not_affected,vulnerable_code_not_present
rancher/mirrored-sig-storage-csi-attacher:v4.9.0,rancher/prime/v2.16-head,golang.org/x/net,v0.40.0,gobinary,CVE-2026-42502,MEDIUM,https://avd.aquasec.com/nvd/cve-2026-42502,csi-attacher,0.55.0,true,not_affected,vulnerable_code_not_present
rancher/mirrored-sig-storage-csi-attacher:v4.9.0,rancher/prime/v2.16-head,golang.org/x/net,v0.40.0,gobinary,CVE-2026-42506,MEDIUM,https://avd.aquasec.com/nvd/cve-2026-42506,csi-attacher,0.55.0,true,not_affected,vulnerable_code_not_present
rancher/mirrored-sig-storage-csi-attacher:v4.9.0,rancher/prime/v2.16-head,golang.org/x/net,v0.40.0,gobinary,CVE-2026-46600,HIGH,https://avd.aquasec.com/nvd/cve-2026-46600,csi-attacher,0.56.0,true,not_affected,vulnerable_code_not_present
rancher/mirrored-sig-storage-csi-attacher:v4.9.0,rancher/prime/v2.16-head,golang.org/x/text,v0.25.0,gobinary,CVE-2026-56852,HIGH,https://avd.aquasec.com/nvd/cve-2026-56852,csi-attacher,0.39.0,true,not_affected,vulnerable_code_not_in_execute_path
rancher/mirrored-sig-storage-csi-attacher:v4.9.0,rancher/prime/v2.16-head,stdlib,v1.24.2,gobinary,CVE-2026-56853,HIGH,https://avd.aquasec.com/nvd/cve-2026-56853,csi-attacher,"1.25.13, 1.26.6, 1.27.0-rc.3",true,affected,
rancher/mirrored-sig-storage-csi-attacher:v4.9.0,rancher/prime/v2.16-head,stdlib,v1.24.2,gobinary,CVE-2026-56859,HIGH,https://avd.aquasec.com/nvd/cve-2026-56859,csi-attacher,"1.25.13, 1.26.6, 1.27.0-rc.3",true,affected,
rancher/mirrored-sig-storage-csi-attacher:v4.9.0,rancher/prime/v2.16-head,stdlib,v1.24.2,gobinary,CVE-2026-56862,HIGH,https://avd.aquasec.com/nvd/cve-2026-56862,csi-attacher,"1.25.13, 1.26.6, 1.27.0-rc.3",true,affected,
rancher/mirrored-sig-storage-csi-attacher:v4.9.0,rancher/prime/v2.16-head,google.golang.org/grpc,v1.72.1,gobinary,CVE-2026-84303,MEDIUM,https://avd.aquasec.com/nvd/cve-2026-84303,csi-attacher,1.83.1,true,not_affected,vulnerable_code_not_present
rancher/mirrored-sig-storage-csi-attacher:v4.9.0,rancher/prime/v2.16-head,google.golang.org/grpc,v1.72.1,gobinary,CVE-2026-84304,HIGH,https://avd.aquasec.com/nvd/cve-2026-84304,csi-attacher,1.83.1,true,affected,
rancher/mirrored-sig-storage-csi-attacher:v4.9.0,rancher/prime/v2.16-head,google.golang.org/grpc,v1.72.1,gobinary,CVE-2026-84445,HIGH,https://avd.aquasec.com/nvd/cve-2026-84445,csi-attacher,"1.82.2, 1.83.2, 1.84.0-dev.0.20260825144003-d5a41119e0e3, 1.85.0-dev.0.20260825072537-93e31b48545e",true,affected,
rancher/mirrored-sig-storage-csi-attacher:v4.9.0,rancher/prime/v2.16-head,google.golang.org/grpc,v1.72.1,gobinary,GHSA-hrxh-6v49-42gf,HIGH,https://github.com/advisories/GHSA-hrxh-6v49-42gf,csi-attacher,1.82.1,true,affected,
rancher/mirrored-sig-storage-csi-node-driver-registrar:v2.13.0,rancher/prime/v2.16-head,stdlib,v1.23.1,gobinary,CVE-2024-45336,MEDIUM,https://avd.aquasec.com/nvd/cve-2024-45336,csi-node-driver-registrar,"1.22.11, 1.23.5, 1.24.0-rc.2",true,not_affected,vulnerable_code_not_in_execute_path
rancher/mirrored-sig-storage-csi-node-driver-registrar:v2.13.0,rancher/prime/v2.16-head,golang.org/x/net,v0.32.0,gobinary,CVE-2024-45338,HIGH,https://avd.aquasec.com/nvd/cve-2024-45338,csi-node-driver-registrar,0.33.0,true,not_affected,vulnerable_code_not_present
rancher/mirrored-sig-storage-csi-node-driver-registrar:v2.13.0,rancher/prime/v2.16-head,golang.org/x/net,v0.32.0,gobinary,CVE-2025-22870,MEDIUM,https://avd.aquasec.com/nvd/cve-2025-22870,csi-node-driver-registrar,0.36.0,true,not_affected,vulnerable_code_not_present
rancher/mirrored-sig-storage-csi-node-driver-registrar:v2.13.0,rancher/prime/v2.16-head,golang.org/x/net,v0.32.0,gobinary,CVE-2025-22872,MEDIUM,https://avd.aquasec.com/nvd/cve-2025-22872,csi-node-driver-registrar,0.38.0,true,not_affected,vulnerable_code_not_present
rancher/mirrored-sig-storage-csi-node-driver-registrar:v2.13.0,rancher/prime/v2.16-head,stdlib,v1.23.1,gobinary,CVE-2025-22873,MEDIUM,https://avd.aquasec.com/nvd/cve-2025-22873,csi-node-driver-registrar,"1.23.9, 1.24.3",true,not_affected,vulnerable_code_not_in_execute_path
rancher/mirrored-sig-storage-csi-node-driver-registrar:v2.13.0,rancher/prime/v2.16-head,stdlib,v1.23.1,gobinary,CVE-2025-4673,MEDIUM,https://avd.aquasec.com/nvd/cve-2025-4673,csi-node-driver-registrar,"1.23.10, 1.24.4",true,not_affected,vulnerable_code_not_in_execute_path
rancher/mirrored-sig-storage-csi-node-driver-registrar:v2.13.0,rancher/prime/v2.16-head,stdlib,v1.23.1,gobinary,CVE-2025-47906,MEDIUM,https://avd.aquasec.com/nvd/cve-2025-47906,csi-node-driver-registrar,"1.23.12, 1.24.6",true,not_affected,vulnerable_code_not_present
rancher/mirrored-sig-storage-csi-node-driver-registrar:v2.13.0,rancher/prime/v2.16-head,stdlib,v1.23.1,gobinary,CVE-2025-47907,MEDIUM,https://avd.aquasec.com/nvd/cve-2025-47907,csi-node-driver-registrar,"1.23.12, 1.24.6",true,not_affected,vulnerable_code_not_in_execute_path
rancher/mirrored-sig-storage-csi-node-driver-registrar:v2.13.0,rancher/prime/v2.16-head,golang.org/x/net,v0.32.0,gobinary,CVE-2025-47911,MEDIUM,https://avd.aquasec.com/nvd/cve-2025-47911,csi-node-driver-registrar,0.45.0,true,not_affected,vulnerable_code_not_present
rancher/mirrored-sig-storage-csi-node-driver-registrar:v2.13.0,rancher/prime/v2.16-head,stdlib,v1.23.1,gobinary,CVE-2025-47912,HIGH,https://avd.aquasec.com/nvd/cve-2025-47912,csi-node-driver-registrar,"1.24.8, 1.25.2",true,affected,severity_changed_due_to_suse_cvss_score
rancher/mirrored-sig-storage-csi-node-driver-registrar:v2.13.0,rancher/prime/v2.16-head,stdlib,v1.23.1,gobinary,CVE-2025-58183,MEDIUM,https://avd.aquasec.com/nvd/cve-2025-58183,csi-node-driver-registrar,"1.24.8, 1.25.2",true,not_affected,vulnerable_code_not_present
rancher/mirrored-sig-storage-csi-node-driver-registrar:v2.13.0,rancher/prime/v2.16-head,stdlib,v1.23.1,gobinary,CVE-2025-58188,HIGH,https://avd.aquasec.com/nvd/cve-2025-58188,csi-node-driver-registrar,"1.24.8, 1.25.2",true,affected,severity_changed_due_to_suse_cvss_score
rancher/mirrored-sig-storage-csi-node-driver-registrar:v2.13.0,rancher/prime/v2.16-head,golang.org/x/net,v0.32.0,gobinary,CVE-2025-58190,MEDIUM,https://avd.aquasec.com/nvd/cve-2025-58190,csi-node-driver-registrar,0.45.0,true,not_affected,vulnerable_code_not_present
rancher/mirrored-sig-storage-csi-node-driver-registrar:v2.13.0,rancher/prime/v2.16-head,stdlib,v1.23.1,gobinary,CVE-2025-61725,MEDIUM,https://avd.aquasec.com/nvd/cve-2025-61725,csi-node-driver-registrar,"1.24.8, 1.25.2",true,not_affected,vulnerable_code_not_present
rancher/mirrored-sig-storage-csi-node-driver-registrar:v2.13.0,rancher/prime/v2.16-head,stdlib,v1.23.1,gobinary,CVE-2025-61727,HIGH,https://avd.aquasec.com/nvd/cve-2025-61727,csi-node-driver-registrar,"1.24.11, 1.25.5",true,affected,severity_changed_due_to_suse_cvss_score
rancher/mirrored-sig-storage-csi-node-driver-registrar:v2.13.0,rancher/prime/v2.16-head,stdlib,v1.23.1,gobinary,CVE-2025-61728,MEDIUM,https://avd.aquasec.com/nvd/cve-2025-61728,csi-node-driver-registrar,"1.24.12, 1.25.6",true,not_affected,vulnerable_code_not_present
rancher/mirrored-sig-storage-csi-node-driver-registrar:v2.13.0,rancher/prime/v2.16-head,stdlib,v1.23.1,gobinary,CVE-2025-61729,HIGH,https://avd.aquasec.com/nvd/cve-2025-61729,csi-node-driver-registrar,"1.24.11, 1.25.5",true,affected,
rancher/mirrored-sig-storage-csi-node-driver-registrar:v2.13.0,rancher/prime/v2.16-head,stdlib,v1.23.1,gobinary,CVE-2025-68121,HIGH,https://avd.aquasec.com/nvd/cve-2025-68121,csi-node-driver-registrar,"1.24.13, 1.25.7, 1.26.0-rc.3",true,affected,severity_changed_due_to_suse_cvss_score
rancher/mirrored-sig-storage-csi-node-driver-registrar:v2.13.0,rancher/prime/v2.16-head,golang.org/x/net,v0.32.0,gobinary,CVE-2026-25680,MEDIUM,https://avd.aquasec.com/nvd/cve-2026-25680,csi-node-driver-registrar,0.55.0,true,not_affected,vulnerable_code_not_present
rancher/mirrored-sig-storage-csi-node-driver-registrar:v2.13.0,rancher/prime/v2.16-head,golang.org/x/net,v0.32.0,gobinary,CVE-2026-25681,HIGH,https://avd.aquasec.com/nvd/cve-2026-25681,csi-node-driver-registrar,0.55.0,true,not_affected,vulnerable_code_not_present
rancher/mirrored-sig-storage-csi-node-driver-registrar:v2.13.0,rancher/prime/v2.16-head,golang.org/x/net,v0.32.0,gobinary,CVE-2026-27136,HIGH,https://avd.aquasec.com/nvd/cve-2026-27136,csi-node-driver-registrar,0.55.0,true,not_affected,vulnerable_code_not_present
rancher/mirrored-sig-storage-csi-node-driver-registrar:v2.13.0,rancher/prime/v2.16-head,stdlib,v1.23.1,gobinary,CVE-2026-32280,HIGH,https://avd.aquasec.com/nvd/cve-2026-32280,csi-node-driver-registrar,"1.25.9, 1.26.2",true,affected,
rancher/mirrored-sig-storage-csi-node-driver-registrar:v2.13.0,rancher/prime/v2.16-head,stdlib,v1.23.1,gobinary,CVE-2026-32282,MEDIUM,https://avd.aquasec.com/nvd/cve-2026-32282,csi-node-driver-registrar,"1.25.9, 1.26.2",true,not_affected,vulnerable_code_not_in_execute_path
rancher/mirrored-sig-storage-csi-node-driver-registrar:v2.13.0,rancher/prime/v2.16-head,stdlib,v1.23.1,gobinary,CVE-2026-32288,MEDIUM,https://avd.aquasec.com/nvd/cve-2026-32288,csi-node-driver-registrar,"1.25.9, 1.26.2",true,not_affected,vulnerable_code_not_present
rancher/mirrored-sig-storage-csi-node-driver-registrar:v2.13.0,rancher/prime/v2.16-head,google.golang.org/grpc,v1.69.0,gobinary,CVE-2026-33186,HIGH,https://avd.aquasec.com/nvd/cve-2026-33186,csi-node-driver-registrar,1.79.3,true,affected,severity_changed_due_to_suse_cvss_score
rancher/mirrored-sig-storage-csi-node-driver-registrar:v2.13.0,rancher/prime/v2.16-head,stdlib,v1.23.1,gobinary,CVE-2026-33811,HIGH,https://avd.aquasec.com/nvd/cve-2026-33811,csi-node-driver-registrar,"1.25.10, 1.26.3",true,affected,
rancher/mirrored-sig-storage-csi-node-driver-registrar:v2.13.0,rancher/prime/v2.16-head,golang.org/x/net,v0.32.0,gobinary,CVE-2026-33814,HIGH,https://avd.aquasec.com/nvd/cve-2026-33814,csi-node-driver-registrar,0.53.0,true,affected,
rancher/mirrored-sig-storage-csi-node-driver-registrar:v2.13.0,rancher/prime/v2.16-head,stdlib,v1.23.1,gobinary,CVE-2026-33814,HIGH,https://avd.aquasec.com/nvd/cve-2026-33814,csi-node-driver-registrar,"1.25.10, 1.26.3",true,affected,
rancher/mirrored-sig-storage-csi-node-driver-registrar:v2.13.0,rancher/prime/v2.16-head,stdlib,v1.23.1,gobinary,CVE-2026-33818,HIGH,https://avd.aquasec.com/nvd/cve-2026-33818,csi-node-driver-registrar,"1.25.13, 1.26.6, 1.27.0-rc.3",true,affected,
rancher/mirrored-sig-storage-csi-node-driver-registrar:v2.13.0,rancher/prime/v2.16-head,stdlib,v1.23.1,gobinary,CVE-2026-39820,HIGH,https://avd.aquasec.com/nvd/cve-2026-39820,csi-node-driver-registrar,"1.25.10, 1.26.3",true,not_affected,vulnerable_code_not_present
rancher/mirrored-sig-storage-csi-node-driver-registrar:v2.13.0,rancher/prime/v2.16-head,golang.org/x/net,v0.32.0,gobinary,CVE-2026-39821,HIGH,https://avd.aquasec.com/nvd/cve-2026-39821,csi-node-driver-registrar,0.55.0,true,not_affected,vulnerable_code_not_in_execute_path
rancher/mirrored-sig-storage-csi-node-driver-registrar:v2.13.0,rancher/prime/v2.16-head,stdlib,v1.23.1,gobinary,CVE-2026-39821,HIGH,https://avd.aquasec.com/nvd/cve-2026-39821,csi-node-driver-registrar,"1.25.13, 1.26.6, 1.27.0-rc.3",true,affected,
rancher/mirrored-sig-storage-csi-node-driver-registrar:v2.13.0,rancher/prime/v2.16-head,stdlib,v1.23.1,gobinary,CVE-2026-39822,HIGH,https://avd.aquasec.com/nvd/cve-2026-39822,csi-node-driver-registrar,"1.25.12, 1.26.5, 1.27.0-rc.2",true,not_affected,vulnerable_code_not_in_execute_path
rancher/mirrored-sig-storage-csi-node-driver-registrar:v2.13.0,rancher/prime/v2.16-head,stdlib,v1.23.1,gobinary,CVE-2026-39825,MEDIUM,https://avd.aquasec.com/nvd/cve-2026-39825,csi-node-driver-registrar,"1.25.10, 1.26.3",true,not_affected,vulnerable_code_not_in_execute_path
rancher/mirrored-sig-storage-csi-node-driver-registrar:v2.13.0,rancher/prime/v2.16-head,stdlib,v1.23.1,gobinary,CVE-2026-39836,HIGH,https://avd.aquasec.com/nvd/cve-2026-39836,csi-node-driver-registrar,"1.25.10, 1.26.3",true,affected,
rancher/mirrored-sig-storage-csi-node-driver-registrar:v2.13.0,rancher/prime/v2.16-head,stdlib,v1.23.1,gobinary,CVE-2026-42499,HIGH,https://avd.aquasec.com/nvd/cve-2026-42499,csi-node-driver-registrar,"1.25.10, 1.26.3",true,not_affected,vulnerable_code_not_present
rancher/mirrored-sig-storage-csi-node-driver-registrar:v2.13.0,rancher/prime/v2.16-head,golang.org/x/net,v0.32.0,gobinary,CVE-2026-42502,MEDIUM,https://avd.aquasec.com/nvd/cve-2026-42502,csi-node-driver-registrar,0.55.0,true,not_affected,vulnerable_code_not_present
rancher/mirrored-sig-storage-csi-node-driver-registrar:v2.13.0,rancher/prime/v2.16-head,stdlib,v1.23.1,gobinary,CVE-2026-42504,HIGH,https://avd.aquasec.com/nvd/cve-2026-42504,csi-node-driver-registrar,"1.25.11, 1.26.4",true,not_affected,vulnerable_code_not_in_execute_path
rancher/mirrored-sig-storage-csi-node-driver-registrar:v2.13.0,rancher/prime/v2.16-head,golang.org/x/net,v0.32.0,gobinary,CVE-2026-42506,MEDIUM,https://avd.aquasec.com/nvd/cve-2026-42506,csi-node-driver-registrar,0.55.0,true,not_affected,vulnerable_code_not_present
rancher/mirrored-sig-storage-csi-node-driver-registrar:v2.13.0,rancher/prime/v2.16-head,golang.org/x/net,v0.32.0,gobinary,CVE-2026-46600,HIGH,https://avd.aquasec.com/nvd/cve-2026-46600,csi-node-driver-registrar,0.56.0,true,not_affected,vulnerable_code_not_present
rancher/mirrored-sig-storage-csi-node-driver-registrar:v2.13.0,rancher/prime/v2.16-head,golang.org/x/text,v0.21.0,gobinary,CVE-2026-56852,HIGH,https://avd.aquasec.com/nvd/cve-2026-56852,csi-node-driver-registrar,0.39.0,true,not_affected,vulnerable_code_not_in_execute_path
rancher/mirrored-sig-storage-csi-node-driver-registrar:v2.13.0,rancher/prime/v2.16-head,stdlib,v1.23.1,gobinary,CVE-2026-56853,HIGH,https://avd.aquasec.com/nvd/cve-2026-56853,csi-node-driver-registrar,"1.25.13, 1.26.6, 1.27.0-rc.3",true,affected,
rancher/mirrored-sig-storage-csi-node-driver-registrar:v2.13.0,rancher/prime/v2.16-head,stdlib,v1.23.1,gobinary,CVE-2026-56859,HIGH,https://avd.aquasec.com/nvd/cve-2026-56859,csi-node-driver-registrar,"1.25.13, 1.26.6, 1.27.0-rc.3",true,not_affected,vulnerable_code_not_present
rancher/mirrored-sig-storage-csi-node-driver-registrar:v2.13.0,rancher/prime/v2.16-head,stdlib,v1.23.1,gobinary,CVE-2026-56862,HIGH,https://avd.aquasec.com/nvd/cve-2026-56862,csi-node-driver-registrar,"1.25.13, 1.26.6, 1.27.0-rc.3",true,affected,
rancher/mirrored-sig-storage-csi-node-driver-registrar:v2.13.0,rancher/prime/v2.16-head,google.golang.org/grpc,v1.69.0,gobinary,CVE-2026-84303,MEDIUM,https://avd.aquasec.com/nvd/cve-2026-84303,csi-node-driver-registrar,1.83.1,true,not_affected,vulnerable_code_not_present
rancher/mirrored-sig-storage-csi-node-driver-registrar:v2.13.0,rancher/prime/v2.16-head,google.golang.org/grpc,v1.69.0,gobinary,CVE-2026-84304,HIGH,https://avd.aquasec.com/nvd/cve-2026-84304,csi-node-driver-registrar,1.83.1,true,affected,
rancher/mirrored-sig-storage-csi-node-driver-registrar:v2.13.0,rancher/prime/v2.16-head,google.golang.org/grpc,v1.69.0,gobinary,CVE-2026-84445,HIGH,https://avd.aquasec.com/nvd/cve-2026-84445,csi-node-driver-registrar,"1.82.2, 1.83.2, 1.84.0-dev.0.20260825144003-d5a41119e0e3, 1.85.0-dev.0.20260825072537-93e31b48545e",true,affected,
rancher/mirrored-sig-storage-csi-node-driver-registrar:v2.13.0,rancher/prime/v2.16-head,google.golang.org/grpc,v1.69.0,gobinary,GHSA-hrxh-6v49-42gf,HIGH,https://github.com/advisories/GHSA-hrxh-6v49-42gf,csi-node-driver-registrar,1.82.1,true,affected,
rancher/mirrored-sig-storage-csi-provisioner:v4.0.1,rancher/prime/v2.16-head,stdlib,v1.21.5,gobinary,CVE-2023-45289,HIGH,https://avd.aquasec.com/nvd/cve-2023-45289,csi-provisioner,"1.21.8, 1.22.1",true,affected,severity_changed_due_to_suse_cvss_score
rancher/mirrored-sig-storage-csi-provisioner:v4.0.1,rancher/prime/v2.16-head,stdlib,v1.21.5,gobinary,CVE-2023-45290,HIGH,https://avd.aquasec.com/nvd/cve-2023-45290,csi-provisioner,"1.21.8, 1.22.1",true,affected,severity_changed_due_to_suse_cvss_score
rancher/mirrored-sig-storage-csi-provisioner:v4.0.1,rancher/prime/v2.16-head,stdlib,v1.21.5,gobinary,CVE-2024-24783,HIGH,https://avd.aquasec.com/nvd/cve-2024-24783,csi-provisioner,"1.21.8, 1.22.1",true,affected,severity_changed_due_to_suse_cvss_score
rancher/mirrored-sig-storage-csi-provisioner:v4.0.1,rancher/prime/v2.16-head,stdlib,v1.21.5,gobinary,CVE-2024-24784,MEDIUM,https://avd.aquasec.com/nvd/cve-2024-24784,csi-provisioner,"1.21.8, 1.22.1",true,not_affected,vulnerable_code_not_present
rancher/mirrored-sig-storage-csi-provisioner:v4.0.1,rancher/prime/v2.16-head,stdlib,v1.21.5,gobinary,CVE-2024-24785,HIGH,https://avd.aquasec.com/nvd/cve-2024-24785,csi-provisioner,"1.21.8, 1.22.1",true,affected,severity_changed_due_to_suse_cvss_score
rancher/mirrored-sig-storage-csi-provisioner:v4.0.1,rancher/prime/v2.16-head,stdlib,v1.21.5,gobinary,CVE-2024-24789,MEDIUM,https://avd.aquasec.com/nvd/cve-2024-24789,csi-provisioner,"1.21.11, 1.22.4",true,not_affected,vulnerable_code_not_present
rancher/mirrored-sig-storage-csi-provisioner:v4.0.1,rancher/prime/v2.16-head,stdlib,v1.21.5,gobinary,CVE-2024-34155,MEDIUM,https://avd.aquasec.com/nvd/cve-2024-34155,csi-provisioner,"1.22.7, 1.23.1",true,not_affected,vulnerable_code_not_in_execute_path
rancher/mirrored-sig-storage-csi-provisioner:v4.0.1,rancher/prime/v2.16-head,stdlib,v1.21.5,gobinary,CVE-2024-34156,HIGH,https://avd.aquasec.com/nvd/cve-2024-34156,csi-provisioner,"1.22.7, 1.23.1",true,not_affected,vulnerable_code_not_present
rancher/mirrored-sig-storage-csi-provisioner:v4.0.1,rancher/prime/v2.16-head,stdlib,v1.21.5,gobinary,CVE-2024-34158,MEDIUM,https://avd.aquasec.com/nvd/cve-2024-34158,csi-provisioner,"1.22.7, 1.23.1",true,not_affected,vulnerable_code_not_present
rancher/mirrored-sig-storage-csi-provisioner:v4.0.1,rancher/prime/v2.16-head,golang.org/x/net,v0.19.0,gobinary,CVE-2024-45338,HIGH,https://avd.aquasec.com/nvd/cve-2024-45338,csi-provisioner,0.33.0,true,not_affected,vulnerable_code_not_present
rancher/mirrored-sig-storage-csi-provisioner:v4.0.1,rancher/prime/v2.16-head,golang.org/x/oauth2,v0.15.0,gobinary,CVE-2025-22868,HIGH,https://avd.aquasec.com/nvd/cve-2025-22868,csi-provisioner,0.27.0,true,not_affected,vulnerable_code_not_present
rancher/mirrored-sig-storage-csi-provisioner:v4.0.1,rancher/prime/v2.16-head,golang.org/x/net,v0.19.0,gobinary,CVE-2025-22870,MEDIUM,https://avd.aquasec.com/nvd/cve-2025-22870,csi-provisioner,0.36.0,true,not_affected,vulnerable_code_not_present
rancher/mirrored-sig-storage-csi-provisioner:v4.0.1,rancher/prime/v2.16-head,golang.org/x/net,v0.19.0,gobinary,CVE-2025-22872,MEDIUM,https://avd.aquasec.com/nvd/cve-2025-22872,csi-provisioner,0.38.0,true,not_affected,vulnerable_code_not_present
rancher/mirrored-sig-storage-csi-provisioner:v4.0.1,rancher/prime/v2.16-head,stdlib,v1.21.5,gobinary,CVE-2025-22873,MEDIUM,https://avd.aquasec.com/nvd/cve-2025-22873,csi-provisioner,"1.23.9, 1.24.3",true,not_affected,vulnerable_code_not_in_execute_path
rancher/mirrored-sig-storage-csi-provisioner:v4.0.1,rancher/prime/v2.16-head,stdlib,v1.21.5,gobinary,CVE-2025-47907,MEDIUM,https://avd.aquasec.com/nvd/cve-2025-47907,csi-provisioner,"1.23.12, 1.24.6",true,not_affected,vulnerable_code_not_in_execute_path
rancher/mirrored-sig-storage-csi-provisioner:v4.0.1,rancher/prime/v2.16-head,golang.org/x/net,v0.19.0,gobinary,CVE-2025-47911,MEDIUM,https://avd.aquasec.com/nvd/cve-2025-47911,csi-provisioner,0.45.0,true,not_affected,vulnerable_code_not_present
rancher/mirrored-sig-storage-csi-provisioner:v4.0.1,rancher/prime/v2.16-head,stdlib,v1.21.5,gobinary,CVE-2025-47912,HIGH,https://avd.aquasec.com/nvd/cve-2025-47912,csi-provisioner,"1.24.8, 1.25.2",true,affected,severity_changed_due_to_suse_cvss_score
rancher/mirrored-sig-storage-csi-provisioner:v4.0.1,rancher/prime/v2.16-head,stdlib,v1.21.5,gobinary,CVE-2025-58183,MEDIUM,https://avd.aquasec.com/nvd/cve-2025-58183,csi-provisioner,"1.24.8, 1.25.2",true,not_affected,vulnerable_code_not_present
rancher/mirrored-sig-storage-csi-provisioner:v4.0.1,rancher/prime/v2.16-head,stdlib,v1.21.5,gobinary,CVE-2025-58188,HIGH,https://avd.aquasec.com/nvd/cve-2025-58188,csi-provisioner,"1.24.8, 1.25.2",true,affected,severity_changed_due_to_suse_cvss_score
rancher/mirrored-sig-storage-csi-provisioner:v4.0.1,rancher/prime/v2.16-head,golang.org/x/net,v0.19.0,gobinary,CVE-2025-58190,MEDIUM,https://avd.aquasec.com/nvd/cve-2025-58190,csi-provisioner,0.45.0,true,not_affected,vulnerable_code_not_present
rancher/mirrored-sig-storage-csi-provisioner:v4.0.1,rancher/prime/v2.16-head,stdlib,v1.21.5,gobinary,CVE-2025-61725,MEDIUM,https://avd.aquasec.com/nvd/cve-2025-61725,csi-provisioner,"1.24.8, 1.25.2",true,not_affected,vulnerable_code_not_present
rancher/mirrored-sig-storage-csi-provisioner:v4.0.1,rancher/prime/v2.16-head,stdlib,v1.21.5,gobinary,CVE-2025-61727,HIGH,https://avd.aquasec.com/nvd/cve-2025-61727,csi-provisioner,"1.24.11, 1.25.5",true,affected,severity_changed_due_to_suse_cvss_score
rancher/mirrored-sig-storage-csi-provisioner:v4.0.1,rancher/prime/v2.16-head,stdlib,v1.21.5,gobinary,CVE-2025-61728,MEDIUM,https://avd.aquasec.com/nvd/cve-2025-61728,csi-provisioner,"1.24.12, 1.25.6",true,not_affected,vulnerable_code_not_present
rancher/mirrored-sig-storage-csi-provisioner:v4.0.1,rancher/prime/v2.16-head,stdlib,v1.21.5,gobinary,CVE-2025-61729,HIGH,https://avd.aquasec.com/nvd/cve-2025-61729,csi-provisioner,"1.24.11, 1.25.5",true,affected,
rancher/mirrored-sig-storage-csi-provisioner:v4.0.1,rancher/prime/v2.16-head,stdlib,v1.21.5,gobinary,CVE-2025-68121,HIGH,https://avd.aquasec.com/nvd/cve-2025-68121,csi-provisioner,"1.24.13, 1.25.7, 1.26.0-rc.3",true,affected,severity_changed_due_to_suse_cvss_score
rancher/mirrored-sig-storage-csi-provisioner:v4.0.1,rancher/prime/v2.16-head,golang.org/x/net,v0.19.0,gobinary,CVE-2026-25680,MEDIUM,https://avd.aquasec.com/nvd/cve-2026-25680,csi-provisioner,0.55.0,true,not_affected,vulnerable_code_not_present
rancher/mirrored-sig-storage-csi-provisioner:v4.0.1,rancher/prime/v2.16-head,golang.org/x/net,v0.19.0,gobinary,CVE-2026-25681,HIGH,https://avd.aquasec.com/nvd/cve-2026-25681,csi-provisioner,0.55.0,true,not_affected,vulnerable_code_not_present
rancher/mirrored-sig-storage-csi-provisioner:v4.0.1,rancher/prime/v2.16-head,golang.org/x/net,v0.19.0,gobinary,CVE-2026-27136,HIGH,https://avd.aquasec.com/nvd/cve-2026-27136,csi-provisioner,0.55.0,true,not_affected,vulnerable_code_not_present
rancher/mirrored-sig-storage-csi-provisioner:v4.0.1,rancher/prime/v2.16-head,stdlib,v1.21.5,gobinary,CVE-2026-32280,HIGH,https://avd.aquasec.com/nvd/cve-2026-32280,csi-provisioner,"1.25.9, 1.26.2",true,affected,
rancher/mirrored-sig-storage-csi-provisioner:v4.0.1,rancher/prime/v2.16-head,stdlib,v1.21.5,gobinary,CVE-2026-32282,MEDIUM,https://avd.aquasec.com/nvd/cve-2026-32282,csi-provisioner,"1.25.9, 1.26.2",true,not_affected,vulnerable_code_not_in_execute_path
rancher/mirrored-sig-storage-csi-provisioner:v4.0.1,rancher/prime/v2.16-head,stdlib,v1.21.5,gobinary,CVE-2026-32288,MEDIUM,https://avd.aquasec.com/nvd/cve-2026-32288,csi-provisioner,"1.25.9, 1.26.2",true,not_affected,vulnerable_code_not_present
rancher/mirrored-sig-storage-csi-provisioner:v4.0.1,rancher/prime/v2.16-head,google.golang.org/grpc,v1.60.0,gobinary,CVE-2026-33186,HIGH,https://avd.aquasec.com/nvd/cve-2026-33186,csi-provisioner,1.79.3,true,affected,severity_changed_due_to_suse_cvss_score
rancher/mirrored-sig-storage-csi-provisioner:v4.0.1,rancher/prime/v2.16-head,stdlib,v1.21.5,gobinary,CVE-2026-33811,HIGH,https://avd.aquasec.com/nvd/cve-2026-33811,csi-provisioner,"1.25.10, 1.26.3",true,affected,
rancher/mirrored-sig-storage-csi-provisioner:v4.0.1,rancher/prime/v2.16-head,golang.org/x/net,v0.19.0,gobinary,CVE-2026-33814,HIGH,https://avd.aquasec.com/nvd/cve-2026-33814,csi-provisioner,0.53.0,true,affected,
rancher/mirrored-sig-storage-csi-provisioner:v4.0.1,rancher/prime/v2.16-head,stdlib,v1.21.5,gobinary,CVE-2026-33814,HIGH,https://avd.aquasec.com/nvd/cve-2026-33814,csi-provisioner,"1.25.10, 1.26.3",true,affected,
rancher/mirrored-sig-storage-csi-provisioner:v4.0.1,rancher/prime/v2.16-head,stdlib,v1.21.5,gobinary,CVE-2026-33818,HIGH,https://avd.aquasec.com/nvd/cve-2026-33818,csi-provisioner,"1.25.13, 1.26.6, 1.27.0-rc.3",true,affected,
rancher/mirrored-sig-storage-csi-provisioner:v4.0.1,rancher/prime/v2.16-head,stdlib,v1.21.5,gobinary,CVE-2026-39820,HIGH,https://avd.aquasec.com/nvd/cve-2026-39820,csi-provisioner,"1.25.10, 1.26.3",true,not_affected,vulnerable_code_not_present
rancher/mirrored-sig-storage-csi-provisioner:v4.0.1,rancher/prime/v2.16-head,golang.org/x/net,v0.19.0,gobinary,CVE-2026-39821,HIGH,https://avd.aquasec.com/nvd/cve-2026-39821,csi-provisioner,0.55.0,true,affected,
rancher/mirrored-sig-storage-csi-provisioner:v4.0.1,rancher/prime/v2.16-head,stdlib,v1.21.5,gobinary,CVE-2026-39821,HIGH,https://avd.aquasec.com/nvd/cve-2026-39821,csi-provisioner,"1.25.13, 1.26.6, 1.27.0-rc.3",true,affected,
rancher/mirrored-sig-storage-csi-provisioner:v4.0.1,rancher/prime/v2.16-head,stdlib,v1.21.5,gobinary,CVE-2026-39822,HIGH,https://avd.aquasec.com/nvd/cve-2026-39822,csi-provisioner,"1.25.12, 1.26.5, 1.27.0-rc.2",true,not_affected,vulnerable_code_not_in_execute_path
rancher/mirrored-sig-storage-csi-provisioner:v4.0.1,rancher/prime/v2.16-head,stdlib,v1.21.5,gobinary,CVE-2026-39825,MEDIUM,https://avd.aquasec.com/nvd/cve-2026-39825,csi-provisioner,"1.25.10, 1.26.3",true,not_affected,vulnerable_code_not_in_execute_path
rancher/mirrored-sig-storage-csi-provisioner:v4.0.1,rancher/prime/v2.16-head,stdlib,v1.21.5,gobinary,CVE-2026-39836,HIGH,https://avd.aquasec.com/nvd/cve-2026-39836,csi-provisioner,"1.25.10, 1.26.3",true,affected,
rancher/mirrored-sig-storage-csi-provisioner:v4.0.1,rancher/prime/v2.16-head,stdlib,v1.21.5,gobinary,CVE-2026-42499,HIGH,https://avd.aquasec.com/nvd/cve-2026-42499,csi-provisioner,"1.25.10, 1.26.3",true,not_affected,vulnerable_code_not_present
rancher/mirrored-sig-storage-csi-provisioner:v4.0.1,rancher/prime/v2.16-head,golang.org/x/net,v0.19.0,gobinary,CVE-2026-42502,MEDIUM,https://avd.aquasec.com/nvd/cve-2026-42502,csi-provisioner,0.55.0,true,not_affected,vulnerable_code_not_present
rancher/mirrored-sig-storage-csi-provisioner:v4.0.1,rancher/prime/v2.16-head,golang.org/x/net,v0.19.0,gobinary,CVE-2026-42506,MEDIUM,https://avd.aquasec.com/nvd/cve-2026-42506,csi-provisioner,0.55.0,true,not_affected,vulnerable_code_not_present
rancher/mirrored-sig-storage-csi-provisioner:v4.0.1,rancher/prime/v2.16-head,golang.org/x/net,v0.19.0,gobinary,CVE-2026-46600,HIGH,https://avd.aquasec.com/nvd/cve-2026-46600,csi-provisioner,0.56.0,true,not_affected,vulnerable_code_not_present
rancher/mirrored-sig-storage-csi-provisioner:v4.0.1,rancher/prime/v2.16-head,golang.org/x/text,v0.14.0,gobinary,CVE-2026-56852,HIGH,https://avd.aquasec.com/nvd/cve-2026-56852,csi-provisioner,0.39.0,true,not_affected,vulnerable_code_not_in_execute_path
rancher/mirrored-sig-storage-csi-provisioner:v4.0.1,rancher/prime/v2.16-head,stdlib,v1.21.5,gobinary,CVE-2026-56853,HIGH,https://avd.aquasec.com/nvd/cve-2026-56853,csi-provisioner,"1.25.13, 1.26.6, 1.27.0-rc.3",true,affected,
rancher/mirrored-sig-storage-csi-provisioner:v4.0.1,rancher/prime/v2.16-head,stdlib,v1.21.5,gobinary,CVE-2026-56859,HIGH,https://avd.aquasec.com/nvd/cve-2026-56859,csi-provisioner,"1.25.13, 1.26.6, 1.27.0-rc.3",true,affected,
rancher/mirrored-sig-storage-csi-provisioner:v4.0.1,rancher/prime/v2.16-head,stdlib,v1.21.5,gobinary,CVE-2026-56862,HIGH,https://avd.aquasec.com/nvd/cve-2026-56862,csi-provisioner,"1.25.13, 1.26.6, 1.27.0-rc.3",true,affected,
rancher/mirrored-sig-storage-csi-provisioner:v4.0.1,rancher/prime/v2.16-head,google.golang.org/grpc,v1.60.0,gobinary,CVE-2026-84303,MEDIUM,https://avd.aquasec.com/nvd/cve-2026-84303,csi-provisioner,1.83.1,true,not_affected,vulnerable_code_not_present
rancher/mirrored-sig-storage-csi-provisioner:v4.0.1,rancher/prime/v2.16-head,google.golang.org/grpc,v1.60.0,gobinary,CVE-2026-84304,HIGH,https://avd.aquasec.com/nvd/cve-2026-84304,csi-provisioner,1.83.1,true,affected,
rancher/mirrored-sig-storage-csi-provisioner:v4.0.1,rancher/prime/v2.16-head,google.golang.org/grpc,v1.60.0,gobinary,CVE-2026-84445,HIGH,https://avd.aquasec.com/nvd/cve-2026-84445,csi-provisioner,"1.82.2, 1.83.2, 1.84.0-dev.0.20260825144003-d5a41119e0e3, 1.85.0-dev.0.20260825072537-93e31b48545e",true,affected,
rancher/mirrored-sig-storage-csi-provisioner:v4.0.1,rancher/prime/v2.16-head,google.golang.org/grpc,v1.60.0,gobinary,GHSA-hrxh-6v49-42gf,HIGH,https://github.com/advisories/GHSA-hrxh-6v49-42gf,csi-provisioner,1.82.1,true,affected,
rancher/mirrored-sig-storage-csi-resizer:v1.12.0,rancher/prime/v2.16-head,stdlib,v1.22.5,gobinary,CVE-2024-34155,MEDIUM,https://avd.aquasec.com/nvd/cve-2024-34155,csi-resizer,"1.22.7, 1.23.1",true,not_affected,vulnerable_code_not_in_execute_path
rancher/mirrored-sig-storage-csi-resizer:v1.12.0,rancher/prime/v2.16-head,stdlib,v1.22.5,gobinary,CVE-2024-34156,HIGH,https://avd.aquasec.com/nvd/cve-2024-34156,csi-resizer,"1.22.7, 1.23.1",true,not_affected,vulnerable_code_not_present
rancher/mirrored-sig-storage-csi-resizer:v1.12.0,rancher/prime/v2.16-head,stdlib,v1.22.5,gobinary,CVE-2024-34158,MEDIUM,https://avd.aquasec.com/nvd/cve-2024-34158,csi-resizer,"1.22.7, 1.23.1",true,not_affected,vulnerable_code_not_present
rancher/mirrored-sig-storage-csi-resizer:v1.12.0,rancher/prime/v2.16-head,golang.org/x/net,v0.28.0,gobinary,CVE-2024-45338,HIGH,https://avd.aquasec.com/nvd/cve-2024-45338,csi-resizer,0.33.0,true,not_affected,vulnerable_code_not_present
rancher/mirrored-sig-storage-csi-resizer:v1.12.0,rancher/prime/v2.16-head,golang.org/x/oauth2,v0.22.0,gobinary,CVE-2025-22868,HIGH,https://avd.aquasec.com/nvd/cve-2025-22868,csi-resizer,0.27.0,true,not_affected,vulnerable_code_not_present
rancher/mirrored-sig-storage-csi-resizer:v1.12.0,rancher/prime/v2.16-head,golang.org/x/net,v0.28.0,gobinary,CVE-2025-22870,MEDIUM,https://avd.aquasec.com/nvd/cve-2025-22870,csi-resizer,0.36.0,true,not_affected,vulnerable_code_not_present
rancher/mirrored-sig-storage-csi-resizer:v1.12.0,rancher/prime/v2.16-head,golang.org/x/net,v0.28.0,gobinary,CVE-2025-22872,MEDIUM,https://avd.aquasec.com/nvd/cve-2025-22872,csi-resizer,0.38.0,true,not_affected,vulnerable_code_not_present
rancher/mirrored-sig-storage-csi-resizer:v1.12.0,rancher/prime/v2.16-head,stdlib,v1.22.5,gobinary,CVE-2025-22873,MEDIUM,https://avd.aquasec.com/nvd/cve-2025-22873,csi-resizer,"1.23.9, 1.24.3",true,not_affected,vulnerable_code_not_in_execute_path
rancher/mirrored-sig-storage-csi-resizer:v1.12.0,rancher/prime/v2.16-head,stdlib,v1.22.5,gobinary,CVE-2025-47907,MEDIUM,https://avd.aquasec.com/nvd/cve-2025-47907,csi-resizer,"1.23.12, 1.24.6",true,not_affected,vulnerable_code_not_in_execute_path
rancher/mirrored-sig-storage-csi-resizer:v1.12.0,rancher/prime/v2.16-head,golang.org/x/net,v0.28.0,gobinary,CVE-2025-47911,MEDIUM,https://avd.aquasec.com/nvd/cve-2025-47911,csi-resizer,0.45.0,true,not_affected,vulnerable_code_not_present
rancher/mirrored-sig-storage-csi-resizer:v1.12.0,rancher/prime/v2.16-head,stdlib,v1.22.5,gobinary,CVE-2025-47912,HIGH,https://avd.aquasec.com/nvd/cve-2025-47912,csi-resizer,"1.24.8, 1.25.2",true,affected,severity_changed_due_to_suse_cvss_score
rancher/mirrored-sig-storage-csi-resizer:v1.12.0,rancher/prime/v2.16-head,stdlib,v1.22.5,gobinary,CVE-2025-58183,MEDIUM,https://avd.aquasec.com/nvd/cve-2025-58183,csi-resizer,"1.24.8, 1.25.2",true,not_affected,vulnerable_code_not_present
rancher/mirrored-sig-storage-csi-resizer:v1.12.0,rancher/prime/v2.16-head,stdlib,v1.22.5,gobinary,CVE-2025-58188,HIGH,https://avd.aquasec.com/nvd/cve-2025-58188,csi-resizer,"1.24.8, 1.25.2",true,affected,severity_changed_due_to_suse_cvss_score
rancher/mirrored-sig-storage-csi-resizer:v1.12.0,rancher/prime/v2.16-head,golang.org/x/net,v0.28.0,gobinary,CVE-2025-58190,MEDIUM,https://avd.aquasec.com/nvd/cve-2025-58190,csi-resizer,0.45.0,true,not_affected,vulnerable_code_not_present
rancher/mirrored-sig-storage-csi-resizer:v1.12.0,rancher/prime/v2.16-head,stdlib,v1.22.5,gobinary,CVE-2025-61725,MEDIUM,https://avd.aquasec.com/nvd/cve-2025-61725,csi-resizer,"1.24.8, 1.25.2",true,not_affected,vulnerable_code_not_present
rancher/mirrored-sig-storage-csi-resizer:v1.12.0,rancher/prime/v2.16-head,stdlib,v1.22.5,gobinary,CVE-2025-61727,HIGH,https://avd.aquasec.com/nvd/cve-2025-61727,csi-resizer,"1.24.11, 1.25.5",true,affected,severity_changed_due_to_suse_cvss_score
rancher/mirrored-sig-storage-csi-resizer:v1.12.0,rancher/prime/v2.16-head,stdlib,v1.22.5,gobinary,CVE-2025-61728,MEDIUM,https://avd.aquasec.com/nvd/cve-2025-61728,csi-resizer,"1.24.12, 1.25.6",true,not_affected,vulnerable_code_not_present
rancher/mirrored-sig-storage-csi-resizer:v1.12.0,rancher/prime/v2.16-head,stdlib,v1.22.5,gobinary,CVE-2025-61729,HIGH,https://avd.aquasec.com/nvd/cve-2025-61729,csi-resizer,"1.24.11, 1.25.5",true,affected,
rancher/mirrored-sig-storage-csi-resizer:v1.12.0,rancher/prime/v2.16-head,stdlib,v1.22.5,gobinary,CVE-2025-68121,HIGH,https://avd.aquasec.com/nvd/cve-2025-68121,csi-resizer,"1.24.13, 1.25.7, 1.26.0-rc.3",true,affected,severity_changed_due_to_suse_cvss_score
rancher/mirrored-sig-storage-csi-resizer:v1.12.0,rancher/prime/v2.16-head,golang.org/x/net,v0.28.0,gobinary,CVE-2026-25680,MEDIUM,https://avd.aquasec.com/nvd/cve-2026-25680,csi-resizer,0.55.0,true,not_affected,vulnerable_code_not_present
rancher/mirrored-sig-storage-csi-resizer:v1.12.0,rancher/prime/v2.16-head,golang.org/x/net,v0.28.0,gobinary,CVE-2026-25681,HIGH,https://avd.aquasec.com/nvd/cve-2026-25681,csi-resizer,0.55.0,true,not_affected,vulnerable_code_not_present
rancher/mirrored-sig-storage-csi-resizer:v1.12.0,rancher/prime/v2.16-head,golang.org/x/net,v0.28.0,gobinary,CVE-2026-27136,HIGH,https://avd.aquasec.com/nvd/cve-2026-27136,csi-resizer,0.55.0,true,not_affected,vulnerable_code_not_present
rancher/mirrored-sig-storage-csi-resizer:v1.12.0,rancher/prime/v2.16-head,stdlib,v1.22.5,gobinary,CVE-2026-32280,HIGH,https://avd.aquasec.com/nvd/cve-2026-32280,csi-resizer,"1.25.9, 1.26.2",true,affected,
rancher/mirrored-sig-storage-csi-resizer:v1.12.0,rancher/prime/v2.16-head,stdlib,v1.22.5,gobinary,CVE-2026-32282,MEDIUM,https://avd.aquasec.com/nvd/cve-2026-32282,csi-resizer,"1.25.9, 1.26.2",true,not_affected,vulnerable_code_not_in_execute_path
rancher/mirrored-sig-storage-csi-resizer:v1.12.0,rancher/prime/v2.16-head,stdlib,v1.22.5,gobinary,CVE-2026-32288,MEDIUM,https://avd.aquasec.com/nvd/cve-2026-32288,csi-resizer,"1.25.9, 1.26.2",true,not_affected,vulnerable_code_not_present
rancher/mirrored-sig-storage-csi-resizer:v1.12.0,rancher/prime/v2.16-head,google.golang.org/grpc,v1.65.0,gobinary,CVE-2026-33186,HIGH,https://avd.aquasec.com/nvd/cve-2026-33186,csi-resizer,1.79.3,true,affected,severity_changed_due_to_suse_cvss_score
rancher/mirrored-sig-storage-csi-resizer:v1.12.0,rancher/prime/v2.16-head,stdlib,v1.22.5,gobinary,CVE-2026-33811,HIGH,https://avd.aquasec.com/nvd/cve-2026-33811,csi-resizer,"1.25.10, 1.26.3",true,affected,
rancher/mirrored-sig-storage-csi-resizer:v1.12.0,rancher/prime/v2.16-head,golang.org/x/net,v0.28.0,gobinary,CVE-2026-33814,HIGH,https://avd.aquasec.com/nvd/cve-2026-33814,csi-resizer,0.53.0,true,affected,
rancher/mirrored-sig-storage-csi-resizer:v1.12.0,rancher/prime/v2.16-head,stdlib,v1.22.5,gobinary,CVE-2026-33814,HIGH,https://avd.aquasec.com/nvd/cve-2026-33814,csi-resizer,"1.25.10, 1.26.3",true,affected,
rancher/mirrored-sig-storage-csi-resizer:v1.12.0,rancher/prime/v2.16-head,stdlib,v1.22.5,gobinary,CVE-2026-33818,HIGH,https://avd.aquasec.com/nvd/cve-2026-33818,csi-resizer,"1.25.13, 1.26.6, 1.27.0-rc.3",true,affected,
rancher/mirrored-sig-storage-csi-resizer:v1.12.0,rancher/prime/v2.16-head,stdlib,v1.22.5,gobinary,CVE-2026-39820,HIGH,https://avd.aquasec.com/nvd/cve-2026-39820,csi-resizer,"1.25.10, 1.26.3",true,not_affected,vulnerable_code_not_present
rancher/mirrored-sig-storage-csi-resizer:v1.12.0,rancher/prime/v2.16-head,golang.org/x/net,v0.28.0,gobinary,CVE-2026-39821,HIGH,https://avd.aquasec.com/nvd/cve-2026-39821,csi-resizer,0.55.0,true,affected,
rancher/mirrored-sig-storage-csi-resizer:v1.12.0,rancher/prime/v2.16-head,stdlib,v1.22.5,gobinary,CVE-2026-39821,HIGH,https://avd.aquasec.com/nvd/cve-2026-39821,csi-resizer,"1.25.13, 1.26.6, 1.27.0-rc.3",true,affected,
rancher/mirrored-sig-storage-csi-resizer:v1.12.0,rancher/prime/v2.16-head,stdlib,v1.22.5,gobinary,CVE-2026-39822,HIGH,https://avd.aquasec.com/nvd/cve-2026-39822,csi-resizer,"1.25.12, 1.26.5, 1.27.0-rc.2",true,not_affected,vulnerable_code_not_in_execute_path
rancher/mirrored-sig-storage-csi-resizer:v1.12.0,rancher/prime/v2.16-head,stdlib,v1.22.5,gobinary,CVE-2026-39825,MEDIUM,https://avd.aquasec.com/nvd/cve-2026-39825,csi-resizer,"1.25.10, 1.26.3",true,not_affected,vulnerable_code_not_in_execute_path
rancher/mirrored-sig-storage-csi-resizer:v1.12.0,rancher/prime/v2.16-head,stdlib,v1.22.5,gobinary,CVE-2026-39836,HIGH,https://avd.aquasec.com/nvd/cve-2026-39836,csi-resizer,"1.25.10, 1.26.3",true,affected,
rancher/mirrored-sig-storage-csi-resizer:v1.12.0,rancher/prime/v2.16-head,stdlib,v1.22.5,gobinary,CVE-2026-42499,HIGH,https://avd.aquasec.com/nvd/cve-2026-42499,csi-resizer,"1.25.10, 1.26.3",true,not_affected,vulnerable_code_not_present
rancher/mirrored-sig-storage-csi-resizer:v1.12.0,rancher/prime/v2.16-head,golang.org/x/net,v0.28.0,gobinary,CVE-2026-42502,MEDIUM,https://avd.aquasec.com/nvd/cve-2026-42502,csi-resizer,0.55.0,true,not_affected,vulnerable_code_not_present
rancher/mirrored-sig-storage-csi-resizer:v1.12.0,rancher/prime/v2.16-head,golang.org/x/net,v0.28.0,gobinary,CVE-2026-42506,MEDIUM,https://avd.aquasec.com/nvd/cve-2026-42506,csi-resizer,0.55.0,true,not_affected,vulnerable_code_not_present
rancher/mirrored-sig-storage-csi-resizer:v1.12.0,rancher/prime/v2.16-head,golang.org/x/net,v0.28.0,gobinary,CVE-2026-46600,HIGH,https://avd.aquasec.com/nvd/cve-2026-46600,csi-resizer,0.56.0,true,not_affected,vulnerable_code_not_present
rancher/mirrored-sig-storage-csi-resizer:v1.12.0,rancher/prime/v2.16-head,golang.org/x/text,v0.17.0,gobinary,CVE-2026-56852,HIGH,https://avd.aquasec.com/nvd/cve-2026-56852,csi-resizer,0.39.0,true,not_affected,vulnerable_code_not_in_execute_path
rancher/mirrored-sig-storage-csi-resizer:v1.12.0,rancher/prime/v2.16-head,stdlib,v1.22.5,gobinary,CVE-2026-56853,HIGH,https://avd.aquasec.com/nvd/cve-2026-56853,csi-resizer,"1.25.13, 1.26.6, 1.27.0-rc.3",true,affected,
rancher/mirrored-sig-storage-csi-resizer:v1.12.0,rancher/prime/v2.16-head,stdlib,v1.22.5,gobinary,CVE-2026-56859,HIGH,https://avd.aquasec.com/nvd/cve-2026-56859,csi-resizer,"1.25.13, 1.26.6, 1.27.0-rc.3",true,affected,
rancher/mirrored-sig-storage-csi-resizer:v1.12.0,rancher/prime/v2.16-head,stdlib,v1.22.5,gobinary,CVE-2026-56862,HIGH,https://avd.aquasec.com/nvd/cve-2026-56862,csi-resizer,"1.25.13, 1.26.6, 1.27.0-rc.3",true,affected,
rancher/mirrored-sig-storage-csi-resizer:v1.12.0,rancher/prime/v2.16-head,google.golang.org/grpc,v1.65.0,gobinary,CVE-2026-84303,MEDIUM,https://avd.aquasec.com/nvd/cve-2026-84303,csi-resizer,1.83.1,true,not_affected,vulnerable_code_not_present
rancher/mirrored-sig-storage-csi-resizer:v1.12.0,rancher/prime/v2.16-head,google.golang.org/grpc,v1.65.0,gobinary,CVE-2026-84304,HIGH,https://avd.aquasec.com/nvd/cve-2026-84304,csi-resizer,1.83.1,true,affected,
rancher/mirrored-sig-storage-csi-resizer:v1.12.0,rancher/prime/v2.16-head,google.golang.org/grpc,v1.65.0,gobinary,CVE-2026-84445,HIGH,https://avd.aquasec.com/nvd/cve-2026-84445,csi-resizer,"1.82.2, 1.83.2, 1.84.0-dev.0.20260825144003-d5a41119e0e3, 1.85.0-dev.0.20260825072537-93e31b48545e",true,affected,
rancher/mirrored-sig-storage-csi-resizer:v1.12.0,rancher/prime/v2.16-head,google.golang.org/grpc,v1.65.0,gobinary,GHSA-hrxh-6v49-42gf,HIGH,https://github.com/advisories/GHSA-hrxh-6v49-42gf,csi-resizer,1.82.1,true,affected,
rancher/mirrored-sig-storage-livenessprobe:v2.15.0,rancher/prime/v2.16-head,stdlib,v1.23.1,gobinary,CVE-2024-45336,MEDIUM,https://avd.aquasec.com/nvd/cve-2024-45336,livenessprobe,"1.22.11, 1.23.5, 1.24.0-rc.2",true,not_affected,vulnerable_code_not_in_execute_path
rancher/mirrored-sig-storage-livenessprobe:v2.15.0,rancher/prime/v2.16-head,golang.org/x/net,v0.32.0,gobinary,CVE-2024-45338,HIGH,https://avd.aquasec.com/nvd/cve-2024-45338,livenessprobe,0.33.0,true,not_affected,vulnerable_code_not_present
rancher/mirrored-sig-storage-livenessprobe:v2.15.0,rancher/prime/v2.16-head,golang.org/x/net,v0.32.0,gobinary,CVE-2025-22870,MEDIUM,https://avd.aquasec.com/nvd/cve-2025-22870,livenessprobe,0.36.0,true,not_affected,vulnerable_code_not_present
rancher/mirrored-sig-storage-livenessprobe:v2.15.0,rancher/prime/v2.16-head,golang.org/x/net,v0.32.0,gobinary,CVE-2025-22872,MEDIUM,https://avd.aquasec.com/nvd/cve-2025-22872,livenessprobe,0.38.0,true,not_affected,vulnerable_code_not_present
rancher/mirrored-sig-storage-livenessprobe:v2.15.0,rancher/prime/v2.16-head,stdlib,v1.23.1,gobinary,CVE-2025-22873,MEDIUM,https://avd.aquasec.com/nvd/cve-2025-22873,livenessprobe,"1.23.9, 1.24.3",true,not_affected,vulnerable_code_not_in_execute_path
rancher/mirrored-sig-storage-livenessprobe:v2.15.0,rancher/prime/v2.16-head,stdlib,v1.23.1,gobinary,CVE-2025-4673,MEDIUM,https://avd.aquasec.com/nvd/cve-2025-4673,livenessprobe,"1.23.10, 1.24.4",true,not_affected,vulnerable_code_not_in_execute_path
rancher/mirrored-sig-storage-livenessprobe:v2.15.0,rancher/prime/v2.16-head,stdlib,v1.23.1,gobinary,CVE-2025-47906,MEDIUM,https://avd.aquasec.com/nvd/cve-2025-47906,livenessprobe,"1.23.12, 1.24.6",true,not_affected,vulnerable_code_not_present
rancher/mirrored-sig-storage-livenessprobe:v2.15.0,rancher/prime/v2.16-head,stdlib,v1.23.1,gobinary,CVE-2025-47907,MEDIUM,https://avd.aquasec.com/nvd/cve-2025-47907,livenessprobe,"1.23.12, 1.24.6",true,not_affected,vulnerable_code_not_in_execute_path
rancher/mirrored-sig-storage-livenessprobe:v2.15.0,rancher/prime/v2.16-head,golang.org/x/net,v0.32.0,gobinary,CVE-2025-47911,MEDIUM,https://avd.aquasec.com/nvd/cve-2025-47911,livenessprobe,0.45.0,true,not_affected,vulnerable_code_not_present
rancher/mirrored-sig-storage-livenessprobe:v2.15.0,rancher/prime/v2.16-head,stdlib,v1.23.1,gobinary,CVE-2025-47912,HIGH,https://avd.aquasec.com/nvd/cve-2025-47912,livenessprobe,"1.24.8, 1.25.2",true,affected,severity_changed_due_to_suse_cvss_score
rancher/mirrored-sig-storage-livenessprobe:v2.15.0,rancher/prime/v2.16-head,stdlib,v1.23.1,gobinary,CVE-2025-58183,MEDIUM,https://avd.aquasec.com/nvd/cve-2025-58183,livenessprobe,"1.24.8, 1.25.2",true,not_affected,vulnerable_code_not_present
rancher/mirrored-sig-storage-livenessprobe:v2.15.0,rancher/prime/v2.16-head,stdlib,v1.23.1,gobinary,CVE-2025-58188,HIGH,https://avd.aquasec.com/nvd/cve-2025-58188,livenessprobe,"1.24.8, 1.25.2",true,affected,severity_changed_due_to_suse_cvss_score
rancher/mirrored-sig-storage-livenessprobe:v2.15.0,rancher/prime/v2.16-head,golang.org/x/net,v0.32.0,gobinary,CVE-2025-58190,MEDIUM,https://avd.aquasec.com/nvd/cve-2025-58190,livenessprobe,0.45.0,true,not_affected,vulnerable_code_not_present
rancher/mirrored-sig-storage-livenessprobe:v2.15.0,rancher/prime/v2.16-head,stdlib,v1.23.1,gobinary,CVE-2025-61725,MEDIUM,https://avd.aquasec.com/nvd/cve-2025-61725,livenessprobe,"1.24.8, 1.25.2",true,not_affected,vulnerable_code_not_present
rancher/mirrored-sig-storage-livenessprobe:v2.15.0,rancher/prime/v2.16-head,stdlib,v1.23.1,gobinary,CVE-2025-61727,HIGH,https://avd.aquasec.com/nvd/cve-2025-61727,livenessprobe,"1.24.11, 1.25.5",true,affected,severity_changed_due_to_suse_cvss_score
rancher/mirrored-sig-storage-livenessprobe:v2.15.0,rancher/prime/v2.16-head,stdlib,v1.23.1,gobinary,CVE-2025-61728,MEDIUM,https://avd.aquasec.com/nvd/cve-2025-61728,livenessprobe,"1.24.12, 1.25.6",true,not_affected,vulnerable_code_not_present
rancher/mirrored-sig-storage-livenessprobe:v2.15.0,rancher/prime/v2.16-head,stdlib,v1.23.1,gobinary,CVE-2025-61729,HIGH,https://avd.aquasec.com/nvd/cve-2025-61729,livenessprobe,"1.24.11, 1.25.5",true,affected,
rancher/mirrored-sig-storage-livenessprobe:v2.15.0,rancher/prime/v2.16-head,stdlib,v1.23.1,gobinary,CVE-2025-68121,HIGH,https://avd.aquasec.com/nvd/cve-2025-68121,livenessprobe,"1.24.13, 1.25.7, 1.26.0-rc.3",true,affected,severity_changed_due_to_suse_cvss_score
rancher/mirrored-sig-storage-livenessprobe:v2.15.0,rancher/prime/v2.16-head,golang.org/x/net,v0.32.0,gobinary,CVE-2026-25680,MEDIUM,https://avd.aquasec.com/nvd/cve-2026-25680,livenessprobe,0.55.0,true,not_affected,vulnerable_code_not_present
rancher/mirrored-sig-storage-livenessprobe:v2.15.0,rancher/prime/v2.16-head,golang.org/x/net,v0.32.0,gobinary,CVE-2026-25681,HIGH,https://avd.aquasec.com/nvd/cve-2026-25681,livenessprobe,0.55.0,true,not_affected,vulnerable_code_not_present
rancher/mirrored-sig-storage-livenessprobe:v2.15.0,rancher/prime/v2.16-head,golang.org/x/net,v0.32.0,gobinary,CVE-2026-27136,HIGH,https://avd.aquasec.com/nvd/cve-2026-27136,livenessprobe,0.55.0,true,not_affected,vulnerable_code_not_present
rancher/mirrored-sig-storage-livenessprobe:v2.15.0,rancher/prime/v2.16-head,stdlib,v1.23.1,gobinary,CVE-2026-32280,HIGH,https://avd.aquasec.com/nvd/cve-2026-32280,livenessprobe,"1.25.9, 1.26.2",true,affected,
rancher/mirrored-sig-storage-livenessprobe:v2.15.0,rancher/prime/v2.16-head,stdlib,v1.23.1,gobinary,CVE-2026-32282,MEDIUM,https://avd.aquasec.com/nvd/cve-2026-32282,livenessprobe,"1.25.9, 1.26.2",true,not_affected,vulnerable_code_not_in_execute_path
rancher/mirrored-sig-storage-livenessprobe:v2.15.0,rancher/prime/v2.16-head,stdlib,v1.23.1,gobinary,CVE-2026-32288,MEDIUM,https://avd.aquasec.com/nvd/cve-2026-32288,livenessprobe,"1.25.9, 1.26.2",true,not_affected,vulnerable_code_not_present
rancher/mirrored-sig-storage-livenessprobe:v2.15.0,rancher/prime/v2.16-head,google.golang.org/grpc,v1.69.0,gobinary,CVE-2026-33186,HIGH,https://avd.aquasec.com/nvd/cve-2026-33186,livenessprobe,1.79.3,true,affected,severity_changed_due_to_suse_cvss_score
rancher/mirrored-sig-storage-livenessprobe:v2.15.0,rancher/prime/v2.16-head,stdlib,v1.23.1,gobinary,CVE-2026-33811,HIGH,https://avd.aquasec.com/nvd/cve-2026-33811,livenessprobe,"1.25.10, 1.26.3",true,affected,
rancher/mirrored-sig-storage-livenessprobe:v2.15.0,rancher/prime/v2.16-head,golang.org/x/net,v0.32.0,gobinary,CVE-2026-33814,HIGH,https://avd.aquasec.com/nvd/cve-2026-33814,livenessprobe,0.53.0,true,affected,
rancher/mirrored-sig-storage-livenessprobe:v2.15.0,rancher/prime/v2.16-head,stdlib,v1.23.1,gobinary,CVE-2026-33814,HIGH,https://avd.aquasec.com/nvd/cve-2026-33814,livenessprobe,"1.25.10, 1.26.3",true,affected,
rancher/mirrored-sig-storage-livenessprobe:v2.15.0,rancher/prime/v2.16-head,stdlib,v1.23.1,gobinary,CVE-2026-33818,HIGH,https://avd.aquasec.com/nvd/cve-2026-33818,livenessprobe,"1.25.13, 1.26.6, 1.27.0-rc.3",true,affected,
rancher/mirrored-sig-storage-livenessprobe:v2.15.0,rancher/prime/v2.16-head,stdlib,v1.23.1,gobinary,CVE-2026-39820,HIGH,https://avd.aquasec.com/nvd/cve-2026-39820,livenessprobe,"1.25.10, 1.26.3",true,not_affected,vulnerable_code_not_present
rancher/mirrored-sig-storage-livenessprobe:v2.15.0,rancher/prime/v2.16-head,golang.org/x/net,v0.32.0,gobinary,CVE-2026-39821,HIGH,https://avd.aquasec.com/nvd/cve-2026-39821,livenessprobe,0.55.0,true,not_affected,vulnerable_code_not_in_execute_path
rancher/mirrored-sig-storage-livenessprobe:v2.15.0,rancher/prime/v2.16-head,stdlib,v1.23.1,gobinary,CVE-2026-39821,HIGH,https://avd.aquasec.com/nvd/cve-2026-39821,livenessprobe,"1.25.13, 1.26.6, 1.27.0-rc.3",true,affected,
rancher/mirrored-sig-storage-livenessprobe:v2.15.0,rancher/prime/v2.16-head,stdlib,v1.23.1,gobinary,CVE-2026-39822,HIGH,https://avd.aquasec.com/nvd/cve-2026-39822,livenessprobe,"1.25.12, 1.26.5, 1.27.0-rc.2",true,not_affected,vulnerable_code_not_in_execute_path
rancher/mirrored-sig-storage-livenessprobe:v2.15.0,rancher/prime/v2.16-head,stdlib,v1.23.1,gobinary,CVE-2026-39825,MEDIUM,https://avd.aquasec.com/nvd/cve-2026-39825,livenessprobe,"1.25.10, 1.26.3",true,not_affected,vulnerable_code_not_in_execute_path
rancher/mirrored-sig-storage-livenessprobe:v2.15.0,rancher/prime/v2.16-head,stdlib,v1.23.1,gobinary,CVE-2026-39836,HIGH,https://avd.aquasec.com/nvd/cve-2026-39836,livenessprobe,"1.25.10, 1.26.3",true,affected,
rancher/mirrored-sig-storage-livenessprobe:v2.15.0,rancher/prime/v2.16-head,stdlib,v1.23.1,gobinary,CVE-2026-42499,HIGH,https://avd.aquasec.com/nvd/cve-2026-42499,livenessprobe,"1.25.10, 1.26.3",true,not_affected,vulnerable_code_not_present
rancher/mirrored-sig-storage-livenessprobe:v2.15.0,rancher/prime/v2.16-head,golang.org/x/net,v0.32.0,gobinary,CVE-2026-42502,MEDIUM,https://avd.aquasec.com/nvd/cve-2026-42502,livenessprobe,0.55.0,true,not_affected,vulnerable_code_not_present
rancher/mirrored-sig-storage-livenessprobe:v2.15.0,rancher/prime/v2.16-head,stdlib,v1.23.1,gobinary,CVE-2026-42504,HIGH,https://avd.aquasec.com/nvd/cve-2026-42504,livenessprobe,"1.25.11, 1.26.4",true,not_affected,vulnerable_code_not_in_execute_path
rancher/mirrored-sig-storage-livenessprobe:v2.15.0,rancher/prime/v2.16-head,golang.org/x/net,v0.32.0,gobinary,CVE-2026-42506,MEDIUM,https://avd.aquasec.com/nvd/cve-2026-42506,livenessprobe,0.55.0,true,not_affected,vulnerable_code_not_present
rancher/mirrored-sig-storage-livenessprobe:v2.15.0,rancher/prime/v2.16-head,golang.org/x/net,v0.32.0,gobinary,CVE-2026-46600,HIGH,https://avd.aquasec.com/nvd/cve-2026-46600,livenessprobe,0.56.0,true,not_affected,vulnerable_code_not_present
rancher/mirrored-sig-storage-livenessprobe:v2.15.0,rancher/prime/v2.16-head,golang.org/x/text,v0.21.0,gobinary,CVE-2026-56852,HIGH,https://avd.aquasec.com/nvd/cve-2026-56852,livenessprobe,0.39.0,true,not_affected,vulnerable_code_not_in_execute_path
rancher/mirrored-sig-storage-livenessprobe:v2.15.0,rancher/prime/v2.16-head,stdlib,v1.23.1,gobinary,CVE-2026-56853,HIGH,https://avd.aquasec.com/nvd/cve-2026-56853,livenessprobe,"1.25.13, 1.26.6, 1.27.0-rc.3",true,affected,
rancher/mirrored-sig-storage-livenessprobe:v2.15.0,rancher/prime/v2.16-head,stdlib,v1.23.1,gobinary,CVE-2026-56859,HIGH,https://avd.aquasec.com/nvd/cve-2026-56859,livenessprobe,"1.25.13, 1.26.6, 1.27.0-rc.3",true,not_affected,vulnerable_code_not_present
rancher/mirrored-sig-storage-livenessprobe:v2.15.0,rancher/prime/v2.16-head,stdlib,v1.23.1,gobinary,CVE-2026-56862,HIGH,https://avd.aquasec.com/nvd/cve-2026-56862,livenessprobe,"1.25.13, 1.26.6, 1.27.0-rc.3",true,affected,
rancher/mirrored-sig-storage-livenessprobe:v2.15.0,rancher/prime/v2.16-head,google.golang.org/grpc,v1.69.0,gobinary,CVE-2026-84303,MEDIUM,https://avd.aquasec.com/nvd/cve-2026-84303,livenessprobe,1.83.1,true,not_affected,vulnerable_code_not_present
rancher/mirrored-sig-storage-livenessprobe:v2.15.0,rancher/prime/v2.16-head,google.golang.org/grpc,v1.69.0,gobinary,CVE-2026-84304,HIGH,https://avd.aquasec.com/nvd/cve-2026-84304,livenessprobe,1.83.1,true,affected,
rancher/mirrored-sig-storage-livenessprobe:v2.15.0,rancher/prime/v2.16-head,google.golang.org/grpc,v1.69.0,gobinary,CVE-2026-84445,HIGH,https://avd.aquasec.com/nvd/cve-2026-84445,livenessprobe,"1.82.2, 1.83.2, 1.84.0-dev.0.20260825144003-d5a41119e0e3, 1.85.0-dev.0.20260825072537-93e31b48545e",true,affected,
rancher/mirrored-sig-storage-livenessprobe:v2.15.0,rancher/prime/v2.16-head,google.golang.org/grpc,v1.69.0,gobinary,GHSA-hrxh-6v49-42gf,HIGH,https://github.com/advisories/GHSA-hrxh-6v49-42gf,livenessprobe,1.82.1,true,affected,
rancher/nginx-ingress-controller:v1.14.5-hardened2,rancher/prime/v2.16-head,golang.org/x/net,v0.52.0,gobinary,CVE-2026-25680,MEDIUM,https://avd.aquasec.com/nvd/cve-2026-25680,nginx-ingress-controller,0.55.0,false,not_affected,vulnerable_code_not_present
rancher/nginx-ingress-controller:v1.14.5-hardened2,rancher/prime/v2.16-head,golang.org/x/net,v0.52.0,gobinary,CVE-2026-25681,HIGH,https://avd.aquasec.com/nvd/cve-2026-25681,nginx-ingress-controller,0.55.0,false,not_affected,vulnerable_code_not_present
rancher/nginx-ingress-controller:v1.14.5-hardened2,rancher/prime/v2.16-head,golang.org/x/net,v0.52.0,gobinary,CVE-2026-27136,HIGH,https://avd.aquasec.com/nvd/cve-2026-27136,nginx-ingress-controller,0.55.0,false,not_affected,vulnerable_code_not_present
rancher/nginx-ingress-controller:v1.14.5-hardened2,rancher/prime/v2.16-head,stdlib,v1.26.2,gobinary,CVE-2026-27145,HIGH,https://avd.aquasec.com/nvd/cve-2026-27145,dbg,"1.25.11, 1.26.4",false,not_affected,vulnerable_code_not_in_execute_path
rancher/nginx-ingress-controller:v1.14.5-hardened2,rancher/prime/v2.16-head,stdlib,v1.26.2,gobinary,CVE-2026-27145,HIGH,https://avd.aquasec.com/nvd/cve-2026-27145,nginx-ingress-controller,"1.25.11, 1.26.4",false,not_affected,vulnerable_code_not_in_execute_path
rancher/nginx-ingress-controller:v1.14.5-hardened2,rancher/prime/v2.16-head,stdlib,v1.26.2,gobinary,CVE-2026-27145,HIGH,https://avd.aquasec.com/nvd/cve-2026-27145,wait-shutdown,"1.25.11, 1.26.4",false,not_affected,vulnerable_code_not_in_execute_path
rancher/nginx-ingress-controller:v1.14.5-hardened2,rancher/prime/v2.16-head,stdlib,v1.26.2,gobinary,CVE-2026-33811,HIGH,https://avd.aquasec.com/nvd/cve-2026-33811,dbg,"1.25.10, 1.26.3",false,not_affected,vulnerable_code_not_in_execute_path
rancher/nginx-ingress-controller:v1.14.5-hardened2,rancher/prime/v2.16-head,stdlib,v1.26.2,gobinary,CVE-2026-33811,HIGH,https://avd.aquasec.com/nvd/cve-2026-33811,nginx-ingress-controller,"1.25.10, 1.26.3",false,not_affected,vulnerable_code_not_in_execute_path
rancher/nginx-ingress-controller:v1.14.5-hardened2,rancher/prime/v2.16-head,stdlib,v1.26.2,gobinary,CVE-2026-33811,HIGH,https://avd.aquasec.com/nvd/cve-2026-33811,wait-shutdown,"1.25.10, 1.26.3",false,not_affected,vulnerable_code_not_in_execute_path
rancher/nginx-ingress-controller:v1.14.5-hardened2,rancher/prime/v2.16-head,golang.org/x/net,v0.52.0,gobinary,CVE-2026-33814,HIGH,https://avd.aquasec.com/nvd/cve-2026-33814,nginx-ingress-controller,0.53.0,false,affected,
rancher/nginx-ingress-controller:v1.14.5-hardened2,rancher/prime/v2.16-head,stdlib,v1.26.2,gobinary,CVE-2026-33814,HIGH,https://avd.aquasec.com/nvd/cve-2026-33814,dbg,"1.25.10, 1.26.3",false,not_affected,vulnerable_code_not_in_execute_path
rancher/nginx-ingress-controller:v1.14.5-hardened2,rancher/prime/v2.16-head,stdlib,v1.26.2,gobinary,CVE-2026-33814,HIGH,https://avd.aquasec.com/nvd/cve-2026-33814,nginx-ingress-controller,"1.25.10, 1.26.3",false,not_affected,vulnerable_code_not_in_execute_path
rancher/nginx-ingress-controller:v1.14.5-hardened2,rancher/prime/v2.16-head,stdlib,v1.26.2,gobinary,CVE-2026-33814,HIGH,https://avd.aquasec.com/nvd/cve-2026-33814,wait-shutdown,"1.25.10, 1.26.3",false,not_affected,vulnerable_code_not_in_execute_path
rancher/nginx-ingress-controller:v1.14.5-hardened2,rancher/prime/v2.16-head,stdlib,v1.26.2,gobinary,CVE-2026-33818,HIGH,https://avd.aquasec.com/nvd/cve-2026-33818,dbg,"1.25.13, 1.26.6, 1.27.0-rc.3",false,affected,
rancher/nginx-ingress-controller:v1.14.5-hardened2,rancher/prime/v2.16-head,stdlib,v1.26.2,gobinary,CVE-2026-33818,HIGH,https://avd.aquasec.com/nvd/cve-2026-33818,nginx-ingress-controller,"1.25.13, 1.26.6, 1.27.0-rc.3",false,affected,
rancher/nginx-ingress-controller:v1.14.5-hardened2,rancher/prime/v2.16-head,stdlib,v1.26.2,gobinary,CVE-2026-33818,HIGH,https://avd.aquasec.com/nvd/cve-2026-33818,wait-shutdown,"1.25.13, 1.26.6, 1.27.0-rc.3",false,affected,
rancher/nginx-ingress-controller:v1.14.5-hardened2,rancher/prime/v2.16-head,stdlib,v1.26.2,gobinary,CVE-2026-39820,HIGH,https://avd.aquasec.com/nvd/cve-2026-39820,dbg,"1.25.10, 1.26.3",false,not_affected,vulnerable_code_not_present
rancher/nginx-ingress-controller:v1.14.5-hardened2,rancher/prime/v2.16-head,stdlib,v1.26.2,gobinary,CVE-2026-39820,HIGH,https://avd.aquasec.com/nvd/cve-2026-39820,nginx-ingress-controller,"1.25.10, 1.26.3",false,not_affected,vulnerable_code_not_present
rancher/nginx-ingress-controller:v1.14.5-hardened2,rancher/prime/v2.16-head,stdlib,v1.26.2,gobinary,CVE-2026-39820,HIGH,https://avd.aquasec.com/nvd/cve-2026-39820,wait-shutdown,"1.25.10, 1.26.3",false,not_affected,vulnerable_code_not_present
rancher/nginx-ingress-controller:v1.14.5-hardened2,rancher/prime/v2.16-head,golang.org/x/net,v0.52.0,gobinary,CVE-2026-39821,HIGH,https://avd.aquasec.com/nvd/cve-2026-39821,nginx-ingress-controller,0.55.0,false,affected,
rancher/nginx-ingress-controller:v1.14.5-hardened2,rancher/prime/v2.16-head,stdlib,v1.26.2,gobinary,CVE-2026-39821,HIGH,https://avd.aquasec.com/nvd/cve-2026-39821,dbg,"1.25.13, 1.26.6, 1.27.0-rc.3",false,affected,
rancher/nginx-ingress-controller:v1.14.5-hardened2,rancher/prime/v2.16-head,stdlib,v1.26.2,gobinary,CVE-2026-39821,HIGH,https://avd.aquasec.com/nvd/cve-2026-39821,nginx-ingress-controller,"1.25.13, 1.26.6, 1.27.0-rc.3",false,affected,
rancher/nginx-ingress-controller:v1.14.5-hardened2,rancher/prime/v2.16-head,stdlib,v1.26.2,gobinary,CVE-2026-39821,HIGH,https://avd.aquasec.com/nvd/cve-2026-39821,wait-shutdown,"1.25.13, 1.26.6, 1.27.0-rc.3",false,affected,
rancher/nginx-ingress-controller:v1.14.5-hardened2,rancher/prime/v2.16-head,stdlib,v1.26.2,gobinary,CVE-2026-39822,HIGH,https://avd.aquasec.com/nvd/cve-2026-39822,dbg,"1.25.12, 1.26.5, 1.27.0-rc.2",false,not_affected,vulnerable_code_not_in_execute_path
rancher/nginx-ingress-controller:v1.14.5-hardened2,rancher/prime/v2.16-head,stdlib,v1.26.2,gobinary,CVE-2026-39822,HIGH,https://avd.aquasec.com/nvd/cve-2026-39822,nginx-ingress-controller,"1.25.12, 1.26.5, 1.27.0-rc.2",false,not_affected,vulnerable_code_not_in_execute_path
rancher/nginx-ingress-controller:v1.14.5-hardened2,rancher/prime/v2.16-head,stdlib,v1.26.2,gobinary,CVE-2026-39822,HIGH,https://avd.aquasec.com/nvd/cve-2026-39822,wait-shutdown,"1.25.12, 1.26.5, 1.27.0-rc.2",false,not_affected,vulnerable_code_not_in_execute_path
rancher/nginx-ingress-controller:v1.14.5-hardened2,rancher/prime/v2.16-head,stdlib,v1.26.2,gobinary,CVE-2026-39823,MEDIUM,https://avd.aquasec.com/nvd/cve-2026-39823,dbg,"1.25.10, 1.26.3",false,not_affected,vulnerable_code_not_in_execute_path
rancher/nginx-ingress-controller:v1.14.5-hardened2,rancher/prime/v2.16-head,stdlib,v1.26.2,gobinary,CVE-2026-39823,MEDIUM,https://avd.aquasec.com/nvd/cve-2026-39823,nginx-ingress-controller,"1.25.10, 1.26.3",false,not_affected,vulnerable_code_not_in_execute_path
rancher/nginx-ingress-controller:v1.14.5-hardened2,rancher/prime/v2.16-head,stdlib,v1.26.2,gobinary,CVE-2026-39823,MEDIUM,https://avd.aquasec.com/nvd/cve-2026-39823,wait-shutdown,"1.25.10, 1.26.3",false,not_affected,vulnerable_code_not_in_execute_path
rancher/nginx-ingress-controller:v1.14.5-hardened2,rancher/prime/v2.16-head,stdlib,v1.26.2,gobinary,CVE-2026-39825,MEDIUM,https://avd.aquasec.com/nvd/cve-2026-39825,dbg,"1.25.10, 1.26.3",false,not_affected,vulnerable_code_not_in_execute_path
rancher/nginx-ingress-controller:v1.14.5-hardened2,rancher/prime/v2.16-head,stdlib,v1.26.2,gobinary,CVE-2026-39825,MEDIUM,https://avd.aquasec.com/nvd/cve-2026-39825,nginx-ingress-controller,"1.25.10, 1.26.3",false,not_affected,vulnerable_code_not_in_execute_path
rancher/nginx-ingress-controller:v1.14.5-hardened2,rancher/prime/v2.16-head,stdlib,v1.26.2,gobinary,CVE-2026-39825,MEDIUM,https://avd.aquasec.com/nvd/cve-2026-39825,wait-shutdown,"1.25.10, 1.26.3",false,not_affected,vulnerable_code_not_in_execute_path
rancher/nginx-ingress-controller:v1.14.5-hardened2,rancher/prime/v2.16-head,stdlib,v1.26.2,gobinary,CVE-2026-39826,MEDIUM,https://avd.aquasec.com/nvd/cve-2026-39826,dbg,"1.25.10, 1.26.3",false,not_affected,vulnerable_code_not_in_execute_path
rancher/nginx-ingress-controller:v1.14.5-hardened2,rancher/prime/v2.16-head,stdlib,v1.26.2,gobinary,CVE-2026-39826,MEDIUM,https://avd.aquasec.com/nvd/cve-2026-39826,nginx-ingress-controller,"1.25.10, 1.26.3",false,not_affected,vulnerable_code_not_in_execute_path
rancher/nginx-ingress-controller:v1.14.5-hardened2,rancher/prime/v2.16-head,stdlib,v1.26.2,gobinary,CVE-2026-39826,MEDIUM,https://avd.aquasec.com/nvd/cve-2026-39826,wait-shutdown,"1.25.10, 1.26.3",false,not_affected,vulnerable_code_not_in_execute_path
rancher/nginx-ingress-controller:v1.14.5-hardened2,rancher/prime/v2.16-head,stdlib,v1.26.2,gobinary,CVE-2026-39836,HIGH,https://avd.aquasec.com/nvd/cve-2026-39836,dbg,"1.25.10, 1.26.3",false,not_affected,vulnerable_code_not_in_execute_path
rancher/nginx-ingress-controller:v1.14.5-hardened2,rancher/prime/v2.16-head,stdlib,v1.26.2,gobinary,CVE-2026-39836,HIGH,https://avd.aquasec.com/nvd/cve-2026-39836,nginx-ingress-controller,"1.25.10, 1.26.3",false,not_affected,vulnerable_code_not_in_execute_path
rancher/nginx-ingress-controller:v1.14.5-hardened2,rancher/prime/v2.16-head,stdlib,v1.26.2,gobinary,CVE-2026-39836,HIGH,https://avd.aquasec.com/nvd/cve-2026-39836,wait-shutdown,"1.25.10, 1.26.3",false,not_affected,vulnerable_code_not_in_execute_path
rancher/nginx-ingress-controller:v1.14.5-hardened2,rancher/prime/v2.16-head,stdlib,v1.26.2,gobinary,CVE-2026-42499,HIGH,https://avd.aquasec.com/nvd/cve-2026-42499,dbg,"1.25.10, 1.26.3",false,not_affected,vulnerable_code_not_present
rancher/nginx-ingress-controller:v1.14.5-hardened2,rancher/prime/v2.16-head,stdlib,v1.26.2,gobinary,CVE-2026-42499,HIGH,https://avd.aquasec.com/nvd/cve-2026-42499,nginx-ingress-controller,"1.25.10, 1.26.3",false,not_affected,vulnerable_code_not_present
rancher/nginx-ingress-controller:v1.14.5-hardened2,rancher/prime/v2.16-head,stdlib,v1.26.2,gobinary,CVE-2026-42499,HIGH,https://avd.aquasec.com/nvd/cve-2026-42499,wait-shutdown,"1.25.10, 1.26.3",false,not_affected,vulnerable_code_not_present
rancher/nginx-ingress-controller:v1.14.5-hardened2,rancher/prime/v2.16-head,golang.org/x/net,v0.52.0,gobinary,CVE-2026-42502,MEDIUM,https://avd.aquasec.com/nvd/cve-2026-42502,nginx-ingress-controller,0.55.0,false,not_affected,vulnerable_code_not_present
rancher/nginx-ingress-controller:v1.14.5-hardened2,rancher/prime/v2.16-head,stdlib,v1.26.2,gobinary,CVE-2026-42504,HIGH,https://avd.aquasec.com/nvd/cve-2026-42504,dbg,"1.25.11, 1.26.4",false,not_affected,vulnerable_code_not_in_execute_path
rancher/nginx-ingress-controller:v1.14.5-hardened2,rancher/prime/v2.16-head,stdlib,v1.26.2,gobinary,CVE-2026-42504,HIGH,https://avd.aquasec.com/nvd/cve-2026-42504,nginx-ingress-controller,"1.25.11, 1.26.4",false,not_affected,vulnerable_code_not_in_execute_path
rancher/nginx-ingress-controller:v1.14.5-hardened2,rancher/prime/v2.16-head,stdlib,v1.26.2,gobinary,CVE-2026-42504,HIGH,https://avd.aquasec.com/nvd/cve-2026-42504,wait-shutdown,"1.25.11, 1.26.4",false,not_affected,vulnerable_code_not_in_execute_path
rancher/nginx-ingress-controller:v1.14.5-hardened2,rancher/prime/v2.16-head,stdlib,v1.26.2,gobinary,CVE-2026-42505,MEDIUM,https://avd.aquasec.com/nvd/cve-2026-42505,dbg,"1.25.12, 1.26.5, 1.27.0-rc.2",false,not_affected,vulnerable_code_cannot_be_controlled_by_adversary
rancher/nginx-ingress-controller:v1.14.5-hardened2,rancher/prime/v2.16-head,stdlib,v1.26.2,gobinary,CVE-2026-42505,MEDIUM,https://avd.aquasec.com/nvd/cve-2026-42505,nginx-ingress-controller,"1.25.12, 1.26.5, 1.27.0-rc.2",false,not_affected,vulnerable_code_cannot_be_controlled_by_adversary
rancher/nginx-ingress-controller:v1.14.5-hardened2,rancher/prime/v2.16-head,stdlib,v1.26.2,gobinary,CVE-2026-42505,MEDIUM,https://avd.aquasec.com/nvd/cve-2026-42505,wait-shutdown,"1.25.12, 1.26.5, 1.27.0-rc.2",false,not_affected,vulnerable_code_cannot_be_controlled_by_adversary
rancher/nginx-ingress-controller:v1.14.5-hardened2,rancher/prime/v2.16-head,golang.org/x/net,v0.52.0,gobinary,CVE-2026-42506,MEDIUM,https://avd.aquasec.com/nvd/cve-2026-42506,nginx-ingress-controller,0.55.0,false,not_affected,vulnerable_code_not_present
rancher/nginx-ingress-controller:v1.14.5-hardened2,rancher/prime/v2.16-head,stdlib,v1.26.2,gobinary,CVE-2026-42507,MEDIUM,https://avd.aquasec.com/nvd/cve-2026-42507,dbg,"1.25.11, 1.26.4",false,not_affected,vulnerable_code_not_in_execute_path
rancher/nginx-ingress-controller:v1.14.5-hardened2,rancher/prime/v2.16-head,stdlib,v1.26.2,gobinary,CVE-2026-42507,MEDIUM,https://avd.aquasec.com/nvd/cve-2026-42507,nginx-ingress-controller,"1.25.11, 1.26.4",false,not_affected,vulnerable_code_not_in_execute_path
rancher/nginx-ingress-controller:v1.14.5-hardened2,rancher/prime/v2.16-head,stdlib,v1.26.2,gobinary,CVE-2026-42507,MEDIUM,https://avd.aquasec.com/nvd/cve-2026-42507,wait-shutdown,"1.25.11, 1.26.4",false,not_affected,vulnerable_code_not_in_execute_path
rancher/nginx-ingress-controller:v1.14.5-hardened2,rancher/prime/v2.16-head,golang.org/x/net,v0.52.0,gobinary,CVE-2026-46600,HIGH,https://avd.aquasec.com/nvd/cve-2026-46600,nginx-ingress-controller,0.56.0,false,not_affected,vulnerable_code_not_present
rancher/nginx-ingress-controller:v1.14.5-hardened2,rancher/prime/v2.16-head,golang.org/x/text,v0.35.0,gobinary,CVE-2026-56852,HIGH,https://avd.aquasec.com/nvd/cve-2026-56852,nginx-ingress-controller,0.39.0,false,not_affected,vulnerable_code_not_in_execute_path
rancher/nginx-ingress-controller:v1.14.5-hardened2,rancher/prime/v2.16-head,stdlib,v1.26.2,gobinary,CVE-2026-56853,HIGH,https://avd.aquasec.com/nvd/cve-2026-56853,dbg,"1.25.13, 1.26.6, 1.27.0-rc.3",false,affected,
rancher/nginx-ingress-controller:v1.14.5-hardened2,rancher/prime/v2.16-head,stdlib,v1.26.2,gobinary,CVE-2026-56853,HIGH,https://avd.aquasec.com/nvd/cve-2026-56853,nginx-ingress-controller,"1.25.13, 1.26.6, 1.27.0-rc.3",false,affected,
rancher/nginx-ingress-controller:v1.14.5-hardened2,rancher/prime/v2.16-head,stdlib,v1.26.2,gobinary,CVE-2026-56853,HIGH,https://avd.aquasec.com/nvd/cve-2026-56853,wait-shutdown,"1.25.13, 1.26.6, 1.27.0-rc.3",false,affected,
rancher/nginx-ingress-controller:v1.14.5-hardened2,rancher/prime/v2.16-head,stdlib,v1.26.2,gobinary,CVE-2026-56859,HIGH,https://avd.aquasec.com/nvd/cve-2026-56859,dbg,"1.25.13, 1.26.6, 1.27.0-rc.3",false,affected,
rancher/nginx-ingress-controller:v1.14.5-hardened2,rancher/prime/v2.16-head,stdlib,v1.26.2,gobinary,CVE-2026-56859,HIGH,https://avd.aquasec.com/nvd/cve-2026-56859,nginx-ingress-controller,"1.25.13, 1.26.6, 1.27.0-rc.3",false,affected,
rancher/nginx-ingress-controller:v1.14.5-hardened2,rancher/prime/v2.16-head,stdlib,v1.26.2,gobinary,CVE-2026-56859,HIGH,https://avd.aquasec.com/nvd/cve-2026-56859,wait-shutdown,"1.25.13, 1.26.6, 1.27.0-rc.3",false,affected,
rancher/nginx-ingress-controller:v1.14.5-hardened2,rancher/prime/v2.16-head,stdlib,v1.26.2,gobinary,CVE-2026-56862,HIGH,https://avd.aquasec.com/nvd/cve-2026-56862,dbg,"1.25.13, 1.26.6, 1.27.0-rc.3",false,affected,
rancher/nginx-ingress-controller:v1.14.5-hardened2,rancher/prime/v2.16-head,stdlib,v1.26.2,gobinary,CVE-2026-56862,HIGH,https://avd.aquasec.com/nvd/cve-2026-56862,nginx-ingress-controller,"1.25.13, 1.26.6, 1.27.0-rc.3",false,affected,
rancher/nginx-ingress-controller:v1.14.5-hardened2,rancher/prime/v2.16-head,stdlib,v1.26.2,gobinary,CVE-2026-56862,HIGH,https://avd.aquasec.com/nvd/cve-2026-56862,wait-shutdown,"1.25.13, 1.26.6, 1.27.0-rc.3",false,affected,
rancher/nginx-ingress-controller:v1.14.5-hardened2,rancher/prime/v2.16-head,libgcrypt20,1.11.1-160000.2.2,sles,SUSE-FU-2026:21213-1,MEDIUM,,rancher/nginx-ingress-controller:v1.14.5-hardened2 (sles 16.0),1.12.1-160000.1.1,false,not_affected,vulnerable_code_not_in_execute_path
rancher/nginx-ingress-controller:v1.14.5-hardened2,rancher/prime/v2.16-head,libgpg-error0,1.54-160000.2.2,sles,SUSE-FU-2026:21213-1,MEDIUM,,rancher/nginx-ingress-controller:v1.14.5-hardened2 (sles 16.0),1.58-160000.1.1,false,not_affected,vulnerable_code_not_in_execute_path
rancher/nginx-ingress-controller:v1.14.5-hardened2,rancher/prime/v2.16-head,libtasn1-6,4.20.0-160000.3.2,sles,SUSE-SU-2026:21142-1,MEDIUM,,rancher/nginx-ingress-controller:v1.14.5-hardened2 (sles 16.0),4.21.0-160000.1.1,false,not_affected,vulnerable_code_not_in_execute_path
rancher/nginx-ingress-controller:v1.14.5-hardened2,rancher/prime/v2.16-head,tar,1.35-160000.2.2,sles,SUSE-SU-2026:21143-1,HIGH,,rancher/nginx-ingress-controller:v1.14.5-hardened2 (sles 16.0),1.35-160000.3.1,false,not_affected,vulnerable_code_not_in_execute_path
rancher/nginx-ingress-controller:v1.14.5-hardened2,rancher/prime/v2.16-head,libsystemd0,257.10-160000.1.1,sles,SUSE-SU-2026:21144-1,HIGH,,rancher/nginx-ingress-controller:v1.14.5-hardened2 (sles 16.0),257.13-160000.1.1,false,not_affected,vulnerable_code_not_in_execute_path
rancher/nginx-ingress-controller:v1.14.5-hardened2,rancher/prime/v2.16-head,libudev1,257.10-160000.1.1,sles,SUSE-SU-2026:21144-1,HIGH,,rancher/nginx-ingress-controller:v1.14.5-hardened2 (sles 16.0),257.13-160000.1.1,false,not_affected,vulnerable_code_not_in_execute_path
rancher/nginx-ingress-controller:v1.14.5-hardened2,rancher/prime/v2.16-head,zlib-devel,1.2.13-160000.2.2,sles,SUSE-SU-2026:21151-1,MEDIUM,,rancher/nginx-ingress-controller:v1.14.5-hardened2 (sles 16.0),1.2.13-160000.3.1,false,not_affected,vulnerable_code_not_in_execute_path
rancher/nginx-ingress-controller:v1.14.5-hardened2,rancher/prime/v2.16-head,libblkid1,2.41.1-160000.2.2,sles,SUSE-SU-2026:21158-1,MEDIUM,,rancher/nginx-ingress-controller:v1.14.5-hardened2 (sles 16.0),2.41.1-160000.3.1,false,not_affected,vulnerable_code_not_in_execute_path
rancher/nginx-ingress-controller:v1.14.5-hardened2,rancher/prime/v2.16-head,libfdisk1,2.41.1-160000.2.2,sles,SUSE-SU-2026:21158-1,MEDIUM,,rancher/nginx-ingress-controller:v1.14.5-hardened2 (sles 16.0),2.41.1-160000.3.1,false,not_affected,vulnerable_code_not_in_execute_path
rancher/nginx-ingress-controller:v1.14.5-hardened2,rancher/prime/v2.16-head,libuuid1,2.41.1-160000.2.2,sles,SUSE-SU-2026:21158-1,MEDIUM,,rancher/nginx-ingress-controller:v1.14.5-hardened2 (sles 16.0),2.41.1-160000.3.1,false,not_affected,vulnerable_code_not_in_execute_path
rancher/nginx-ingress-controller:v1.14.5-hardened2,rancher/prime/v2.16-head,util-linux,2.41.1-160000.2.2,sles,SUSE-SU-2026:21158-1,MEDIUM,,rancher/nginx-ingress-controller:v1.14.5-hardened2 (sles 16.0),2.41.1-160000.3.1,false,not_affected,vulnerable_code_not_in_execute_path
rancher/nginx-ingress-controller:v1.14.5-hardened2,rancher/prime/v2.16-head,glibc-devel,2.40-160000.3.1,sles,SUSE-SU-2026:21164-1,MEDIUM,,rancher/nginx-ingress-controller:v1.14.5-hardened2 (sles 16.0),2.40-160000.4.1,false,not_affected,vulnerable_code_not_in_execute_path
rancher/nginx-ingress-controller:v1.14.5-hardened2,rancher/prime/v2.16-head,libsqlite3-0,3.50.4-160000.1.2,sles,SUSE-SU-2026:21173-1,MEDIUM,,rancher/nginx-ingress-controller:v1.14.5-hardened2 (sles 16.0),3.51.3-160000.1.1,false,not_affected,vulnerable_code_not_in_execute_path
rancher/nginx-ingress-controller:v1.14.5-hardened2,rancher/prime/v2.16-head,libpython3_13-1_0,3.13.12-160000.1.1,sles,SUSE-SU-2026:21178-1,HIGH,,rancher/nginx-ingress-controller:v1.14.5-hardened2 (sles 16.0),3.13.13-160000.1.1,false,not_affected,vulnerable_code_not_in_execute_path
rancher/nginx-ingress-controller:v1.14.5-hardened2,rancher/prime/v2.16-head,python313-base,3.13.12-160000.1.1,sles,SUSE-SU-2026:21178-1,HIGH,,rancher/nginx-ingress-controller:v1.14.5-hardened2 (sles 16.0),3.13.13-160000.1.1,false,not_affected,vulnerable_code_not_in_execute_path
rancher/nginx-ingress-controller:v1.14.5-hardened2,rancher/prime/v2.16-head,libopenssl-3-devel,3.5.0-160000.6.1,sles,SUSE-SU-2026:21186-1,HIGH,,rancher/nginx-ingress-controller:v1.14.5-hardened2 (sles 16.0),3.5.0-160000.7.1,false,not_affected,vulnerable_code_not_in_execute_path
rancher/nginx-ingress-controller:v1.14.5-hardened2,rancher/prime/v2.16-head,libopenssl-3-fips-provider,3.5.0-160000.6.1,sles,SUSE-SU-2026:21186-1,HIGH,,rancher/nginx-ingress-controller:v1.14.5-hardened2 (sles 16.0),3.5.0-160000.7.1,false,not_affected,vulnerable_code_not_in_execute_path
rancher/nginx-ingress-controller:v1.14.5-hardened2,rancher/prime/v2.16-head,libopenssl3,3.5.0-160000.6.1,sles,SUSE-SU-2026:21186-1,HIGH,,rancher/nginx-ingress-controller:v1.14.5-hardened2 (sles 16.0),3.5.0-160000.7.1,false,not_affected,vulnerable_code_not_in_execute_path
rancher/nginx-ingress-controller:v1.14.5-hardened2,rancher/prime/v2.16-head,openssl-3,3.5.0-160000.6.1,sles,SUSE-SU-2026:21186-1,HIGH,,rancher/nginx-ingress-controller:v1.14.5-hardened2 (sles 16.0),3.5.0-160000.7.1,false,not_affected,vulnerable_code_not_in_execute_path
rancher/nginx-ingress-controller:v1.14.5-hardened2,rancher/prime/v2.16-head,pam,1.7.1-160000.2.2,sles,SUSE-SU-2026:21192-1,MEDIUM,,rancher/nginx-ingress-controller:v1.14.5-hardened2 (sles 16.0),1.7.1-160000.3.1,false,not_affected,vulnerable_code_not_in_execute_path
rancher/nginx-ingress-controller:v1.14.5-hardened2,rancher/prime/v2.16-head,libcap-progs,2.73-160000.2.2,sles,SUSE-SU-2026:21373-1,HIGH,,rancher/nginx-ingress-controller:v1.14.5-hardened2 (sles 16.0),2.73-160000.3.1,false,not_affected,vulnerable_code_not_in_execute_path
rancher/nginx-ingress-controller:v1.14.5-hardened2,rancher/prime/v2.16-head,libcap2,2.73-160000.2.2,sles,SUSE-SU-2026:21373-1,HIGH,,rancher/nginx-ingress-controller:v1.14.5-hardened2 (sles 16.0),2.73-160000.3.1,false,not_affected,vulnerable_code_not_in_execute_path
rancher/nginx-ingress-controller:v1.14.5-hardened2,rancher/prime/v2.16-head,c-ares-devel,1.34.5-160000.2.2,sles,SUSE-SU-2026:21574-1,MEDIUM,,rancher/nginx-ingress-controller:v1.14.5-hardened2 (sles 16.0),1.34.6-160000.1.1,false,not_affected,vulnerable_code_not_in_execute_path
rancher/nginx-ingress-controller:v1.14.5-hardened2,rancher/prime/v2.16-head,glibc,2.40-160000.3.1,sles,SUSE-SU-2026:21807-1,HIGH,,rancher/nginx-ingress-controller:v1.14.5-hardened2 (sles 16.0),2.40-160000.5.1,false,affected,
rancher/nginx-ingress-controller:v1.14.5-hardened2,rancher/prime/v2.16-head,glibc-devel,2.40-160000.3.1,sles,SUSE-SU-2026:21807-1,HIGH,,rancher/nginx-ingress-controller:v1.14.5-hardened2 (sles 16.0),2.40-160000.5.1,false,not_affected,vulnerable_code_not_in_execute_path
rancher/nginx-ingress-controller:v1.14.5-hardened2,rancher/prime/v2.16-head,glibc-locale-base,2.40-160000.3.1,sles,SUSE-SU-2026:21807-1,HIGH,,rancher/nginx-ingress-controller:v1.14.5-hardened2 (sles 16.0),2.40-160000.5.1,false,affected,
rancher/nginx-ingress-controller:v1.14.5-hardened2,rancher/prime/v2.16-head,liblzma5,5.8.1-160000.2.2,sles,SUSE-SU-2026:21848-1,HIGH,,rancher/nginx-ingress-controller:v1.14.5-hardened2 (sles 16.0),5.8.1-160000.3.1,false,not_affected,vulnerable_code_not_in_execute_path
rancher/nginx-ingress-controller:v1.14.5-hardened2,rancher/prime/v2.16-head,xz,5.8.1-160000.2.2,sles,SUSE-SU-2026:21848-1,HIGH,,rancher/nginx-ingress-controller:v1.14.5-hardened2 (sles 16.0),5.8.1-160000.3.1,false,affected,
rancher/nginx-ingress-controller:v1.14.5-hardened2,rancher/prime/v2.16-head,curl,8.14.1-160000.5.1,sles,SUSE-SU-2026:22156-1,MEDIUM,,rancher/nginx-ingress-controller:v1.14.5-hardened2 (sles 16.0),8.14.1-160000.6.1,false,not_affected,vulnerable_code_not_in_execute_path
rancher/nginx-ingress-controller:v1.14.5-hardened2,rancher/prime/v2.16-head,libcurl-mini4,8.14.1-160000.5.1,sles,SUSE-SU-2026:22156-1,MEDIUM,,rancher/nginx-ingress-controller:v1.14.5-hardened2 (sles 16.0),8.14.1-160000.6.1,false,not_affected,vulnerable_code_not_in_execute_path
rancher/nginx-ingress-controller:v1.14.5-hardened2,rancher/prime/v2.16-head,libsqlite3-0,3.50.4-160000.1.2,sles,SUSE-SU-2026:22166-1,HIGH,,rancher/nginx-ingress-controller:v1.14.5-hardened2 (sles 16.0),3.53.2-160000.1.1,false,affected,
rancher/nginx-ingress-controller:v1.14.5-hardened2,rancher/prime/v2.16-head,libsolv-tools-base,0.7.35-160000.1.1,sles,SUSE-SU-2026:22172-1,HIGH,,rancher/nginx-ingress-controller:v1.14.5-hardened2 (sles 16.0),0.7.39-160000.1.1,false,affected,
rancher/nginx-ingress-controller:v1.14.5-hardened2,rancher/prime/v2.16-head,libzypp,17.38.2-160000.1.1,sles,SUSE-SU-2026:22172-1,HIGH,,rancher/nginx-ingress-controller:v1.14.5-hardened2 (sles 16.0),17.38.13-160000.1.1,false,not_affected,vulnerable_code_not_in_execute_path
rancher/nginx-ingress-controller:v1.14.5-hardened2,rancher/prime/v2.16-head,zypper,1.14.94-160000.1.1,sles,SUSE-SU-2026:22172-1,HIGH,,rancher/nginx-ingress-controller:v1.14.5-hardened2 (sles 16.0),1.14.98-160000.1.1,false,not_affected,vulnerable_code_not_in_execute_path
rancher/nginx-ingress-controller:v1.14.5-hardened2,rancher/prime/v2.16-head,libncurses6,6.5.20250531-160000.2.2,sles,SUSE-SU-2026:22294-1,MEDIUM,,rancher/nginx-ingress-controller:v1.14.5-hardened2 (sles 16.0),6.5.20250531-160000.3.1,false,not_affected,vulnerable_code_not_in_execute_path
rancher/nginx-ingress-controller:v1.14.5-hardened2,rancher/prime/v2.16-head,ncurses-utils,6.5.20250531-160000.2.2,sles,SUSE-SU-2026:22294-1,MEDIUM,,rancher/nginx-ingress-controller:v1.14.5-hardened2 (sles 16.0),6.5.20250531-160000.3.1,false,not_affected,vulnerable_code_not_in_execute_path
rancher/nginx-ingress-controller:v1.14.5-hardened2,rancher/prime/v2.16-head,terminfo-base,6.5.20250531-160000.2.2,sles,SUSE-SU-2026:22294-1,MEDIUM,,rancher/nginx-ingress-controller:v1.14.5-hardened2 (sles 16.0),6.5.20250531-160000.3.1,false,not_affected,vulnerable_code_not_in_execute_path
rancher/nginx-ingress-controller:v1.14.5-hardened2,rancher/prime/v2.16-head,libopenssl-3-devel,3.5.0-160000.6.1,sles,SUSE-SU-2026:22315-1,HIGH,,rancher/nginx-ingress-controller:v1.14.5-hardened2 (sles 16.0),3.5.0-160000.8.1,false,affected,
rancher/nginx-ingress-controller:v1.14.5-hardened2,rancher/prime/v2.16-head,libopenssl-3-fips-provider,3.5.0-160000.6.1,sles,SUSE-SU-2026:22315-1,HIGH,,rancher/nginx-ingress-controller:v1.14.5-hardened2 (sles 16.0),3.5.0-160000.8.1,false,affected,
rancher/nginx-ingress-controller:v1.14.5-hardened2,rancher/prime/v2.16-head,libopenssl3,3.5.0-160000.6.1,sles,SUSE-SU-2026:22315-1,HIGH,,rancher/nginx-ingress-controller:v1.14.5-hardened2 (sles 16.0),3.5.0-160000.8.1,false,affected,
rancher/nginx-ingress-controller:v1.14.5-hardened2,rancher/prime/v2.16-head,openssl-3,3.5.0-160000.6.1,sles,SUSE-SU-2026:22315-1,HIGH,,rancher/nginx-ingress-controller:v1.14.5-hardened2 (sles 16.0),3.5.0-160000.8.1,false,affected,
rancher/nginx-ingress-controller:v1.14.5-hardened2,rancher/prime/v2.16-head,libfdisk1,2.41.1-160000.2.2,sles,SUSE-SU-2026:22332-1,MEDIUM,,rancher/nginx-ingress-controller:v1.14.5-hardened2 (sles 16.0),2.41.1-160000.4.1,false,not_affected,vulnerable_code_not_in_execute_path
rancher/nginx-ingress-controller:v1.14.5-hardened2,rancher/prime/v2.16-head,libuuid1,2.41.1-160000.2.2,sles,SUSE-SU-2026:22332-1,MEDIUM,,rancher/nginx-ingress-controller:v1.14.5-hardened2 (sles 16.0),2.41.1-160000.4.1,false,not_affected,vulnerable_code_not_in_execute_path
rancher/nginx-ingress-controller:v1.14.5-hardened2,rancher/prime/v2.16-head,util-linux,2.41.1-160000.2.2,sles,SUSE-SU-2026:22332-1,MEDIUM,,rancher/nginx-ingress-controller:v1.14.5-hardened2 (sles 16.0),2.41.1-160000.4.1,false,not_affected,vulnerable_code_not_in_execute_path
rancher/nginx-ingress-controller:v1.14.5-hardened2,rancher/prime/v2.16-head,libgcrypt20,1.11.1-160000.2.2,sles,SUSE-SU-2026:22355-1,MEDIUM,,rancher/nginx-ingress-controller:v1.14.5-hardened2 (sles 16.0),1.12.1-160000.2.1,false,not_affected,vulnerable_code_not_in_execute_path
rancher/nginx-ingress-controller:v1.14.5-hardened2,rancher/prime/v2.16-head,tar,1.35-160000.2.2,sles,SUSE-SU-2026:22377-1,HIGH,,rancher/nginx-ingress-controller:v1.14.5-hardened2 (sles 16.0),1.35-160000.4.1,false,not_affected,vulnerable_code_not_in_execute_path
rancher/nginx-ingress-controller:v1.14.5-hardened2,rancher/prime/v2.16-head,curl,8.14.1-160000.5.1,sles,SUSE-SU-2026:22582-1,HIGH,,rancher/nginx-ingress-controller:v1.14.5-hardened2 (sles 16.0),8.14.1-160000.8.1,false,not_affected,vulnerable_code_not_in_execute_path
rancher/nginx-ingress-controller:v1.14.5-hardened2,rancher/prime/v2.16-head,libcurl-mini4,8.14.1-160000.5.1,sles,SUSE-SU-2026:22582-1,HIGH,,rancher/nginx-ingress-controller:v1.14.5-hardened2 (sles 16.0),8.14.1-160000.8.1,false,not_affected,vulnerable_code_not_in_execute_path
rancher/nginx-ingress-controller:v1.14.5-hardened2,rancher/prime/v2.16-head,libxml2-2,2.13.8-160000.4.1,sles,SUSE-SU-2026:22636-1,HIGH,,rancher/nginx-ingress-controller:v1.14.5-hardened2 (sles 16.0),2.13.8-160000.5.1,false,not_affected,vulnerable_code_not_in_execute_path
rancher/nginx-ingress-controller:v1.14.5-hardened2,rancher/prime/v2.16-head,libxml2-tools,2.13.8-160000.4.1,sles,SUSE-SU-2026:22636-1,HIGH,,rancher/nginx-ingress-controller:v1.14.5-hardened2 (sles 16.0),2.13.8-160000.5.1,false,affected,
rancher/nginx-ingress-controller:v1.14.5-hardened2,rancher/prime/v2.16-head,pam,1.7.1-160000.2.2,sles,SUSE-SU-2026:22639-1,MEDIUM,,rancher/nginx-ingress-controller:v1.14.5-hardened2 (sles 16.0),1.7.1-160000.5.1,false,not_affected,vulnerable_code_not_in_execute_path
rancher/nginx-ingress-controller:v1.14.5-hardened2,rancher/prime/v2.16-head,gzip,1.13-160000.2.2,sles,SUSE-SU-2026:22818-1,HIGH,,rancher/nginx-ingress-controller:v1.14.5-hardened2 (sles 16.0),1.13-160000.3.1,false,not_affected,vulnerable_code_not_in_execute_path
rancher/nginx-ingress-controller:v1.14.5-hardened2,rancher/prime/v2.16-head,libgcrypt20,1.11.1-160000.2.2,sles,SUSE-SU-2026:22826-1,MEDIUM,,rancher/nginx-ingress-controller:v1.14.5-hardened2 (sles 16.0),1.12.1-160000.3.1,false,not_affected,vulnerable_code_not_in_execute_path
rancher/nginx-ingress-controller:v1.14.5-hardened2,rancher/prime/v2.16-head,glib2-tools,2.84.4-160000.2.1,sles,SUSE-SU-2026:22846-1,HIGH,,rancher/nginx-ingress-controller:v1.14.5-hardened2 (sles 16.0),2.84.4-160000.4.1,false,not_affected,vulnerable_code_not_in_execute_path
rancher/nginx-ingress-controller:v1.14.5-hardened2,rancher/prime/v2.16-head,libgio-2_0-0,2.84.4-160000.2.1,sles,SUSE-SU-2026:22846-1,HIGH,,rancher/nginx-ingress-controller:v1.14.5-hardened2 (sles 16.0),2.84.4-160000.4.1,false,not_affected,vulnerable_code_not_in_execute_path
rancher/nginx-ingress-controller:v1.14.5-hardened2,rancher/prime/v2.16-head,libglib-2_0-0,2.84.4-160000.2.1,sles,SUSE-SU-2026:22846-1,HIGH,,rancher/nginx-ingress-controller:v1.14.5-hardened2 (sles 16.0),2.84.4-160000.4.1,false,not_affected,vulnerable_code_not_in_execute_path
rancher/nginx-ingress-controller:v1.14.5-hardened2,rancher/prime/v2.16-head,libgmodule-2_0-0,2.84.4-160000.2.1,sles,SUSE-SU-2026:22846-1,HIGH,,rancher/nginx-ingress-controller:v1.14.5-hardened2 (sles 16.0),2.84.4-160000.4.1,false,not_affected,vulnerable_code_not_in_execute_path
rancher/nginx-ingress-controller:v1.14.5-hardened2,rancher/prime/v2.16-head,libgobject-2_0-0,2.84.4-160000.2.1,sles,SUSE-SU-2026:22846-1,HIGH,,rancher/nginx-ingress-controller:v1.14.5-hardened2 (sles 16.0),2.84.4-160000.4.1,false,not_affected,vulnerable_code_not_in_execute_path
rancher/nginx-ingress-controller:v1.14.5-hardened2,rancher/prime/v2.16-head,libpython3_13-1_0,3.13.12-160000.1.1,sles,SUSE-SU-2026:23303-1,HIGH,,rancher/nginx-ingress-controller:v1.14.5-hardened2 (sles 16.0),3.13.14-160000.2.1,false,not_affected,vulnerable_code_not_in_execute_path
rancher/nginx-ingress-controller:v1.14.5-hardened2,rancher/prime/v2.16-head,python313-base,3.13.12-160000.1.1,sles,SUSE-SU-2026:23303-1,HIGH,,rancher/nginx-ingress-controller:v1.14.5-hardened2 (sles 16.0),3.13.14-160000.2.1,false,not_affected,vulnerable_code_not_in_execute_path
rancher/nginx-ingress-controller:v1.14.5-hardened2,rancher/prime/v2.16-head,wget,1.25.0-160000.2.2,sles,SUSE-SU-2026:23326-1,HIGH,,rancher/nginx-ingress-controller:v1.14.5-hardened2 (sles 16.0),1.25.0-160000.3.1,false,not_affected,vulnerable_code_not_in_execute_path
rancher/rancher-agent:v2.16-head,rancher/prime/v2.16-head,golang.org/x/net,v0.49.0,gobinary,CVE-2026-25680,MEDIUM,https://avd.aquasec.com/nvd/cve-2026-25680,usr/bin/kubectl,0.55.0,false,not_affected,vulnerable_code_not_present
rancher/rancher-agent:v2.16-head,rancher/prime/v2.16-head,golang.org/x/net,v0.49.0,gobinary,CVE-2026-25681,HIGH,https://avd.aquasec.com/nvd/cve-2026-25681,usr/bin/kubectl,0.55.0,false,not_affected,vulnerable_code_not_present
rancher/rancher-agent:v2.16-head,rancher/prime/v2.16-head,golang.org/x/net,v0.49.0,gobinary,CVE-2026-27136,HIGH,https://avd.aquasec.com/nvd/cve-2026-27136,usr/bin/kubectl,0.55.0,false,not_affected,vulnerable_code_not_present
rancher/rancher-agent:v2.16-head,rancher/prime/v2.16-head,stdlib,v1.26.2,gobinary,CVE-2026-27145,HIGH,https://avd.aquasec.com/nvd/cve-2026-27145,usr/bin/kubectl,"1.25.11, 1.26.4",false,not_affected,vulnerable_code_not_in_execute_path
rancher/rancher-agent:v2.16-head,rancher/prime/v2.16-head,stdlib,v1.26.2,gobinary,CVE-2026-33811,HIGH,https://avd.aquasec.com/nvd/cve-2026-33811,usr/bin/kubectl,"1.25.10, 1.26.3",false,not_affected,vulnerable_code_not_in_execute_path
rancher/rancher-agent:v2.16-head,rancher/prime/v2.16-head,golang.org/x/net,v0.49.0,gobinary,CVE-2026-33814,HIGH,https://avd.aquasec.com/nvd/cve-2026-33814,usr/bin/kubectl,0.53.0,false,not_affected,vulnerable_code_not_in_execute_path
rancher/rancher-agent:v2.16-head,rancher/prime/v2.16-head,stdlib,v1.26.2,gobinary,CVE-2026-33814,HIGH,https://avd.aquasec.com/nvd/cve-2026-33814,usr/bin/kubectl,"1.25.10, 1.26.3",false,not_affected,vulnerable_code_not_in_execute_path
rancher/rancher-agent:v2.16-head,rancher/prime/v2.16-head,stdlib,v1.26.2,gobinary,CVE-2026-33818,HIGH,https://avd.aquasec.com/nvd/cve-2026-33818,usr/bin/kubectl,"1.25.13, 1.26.6, 1.27.0-rc.3",false,affected,
rancher/rancher-agent:v2.16-head,rancher/prime/v2.16-head,stdlib,v1.26.2,gobinary,CVE-2026-39820,HIGH,https://avd.aquasec.com/nvd/cve-2026-39820,usr/bin/kubectl,"1.25.10, 1.26.3",false,not_affected,vulnerable_code_not_present
rancher/rancher-agent:v2.16-head,rancher/prime/v2.16-head,golang.org/x/net,v0.49.0,gobinary,CVE-2026-39821,HIGH,https://avd.aquasec.com/nvd/cve-2026-39821,usr/bin/kubectl,0.55.0,false,not_affected,vulnerable_code_not_in_execute_path
rancher/rancher-agent:v2.16-head,rancher/prime/v2.16-head,stdlib,v1.26.2,gobinary,CVE-2026-39821,HIGH,https://avd.aquasec.com/nvd/cve-2026-39821,usr/bin/kubectl,"1.25.13, 1.26.6, 1.27.0-rc.3",false,affected,
rancher/rancher-agent:v2.16-head,rancher/prime/v2.16-head,stdlib,v1.26.2,gobinary,CVE-2026-39822,HIGH,https://avd.aquasec.com/nvd/cve-2026-39822,usr/bin/kubectl,"1.25.12, 1.26.5, 1.27.0-rc.2",false,not_affected,vulnerable_code_not_in_execute_path
rancher/rancher-agent:v2.16-head,rancher/prime/v2.16-head,stdlib,v1.26.2,gobinary,CVE-2026-39823,MEDIUM,https://avd.aquasec.com/nvd/cve-2026-39823,usr/bin/kubectl,"1.25.10, 1.26.3",false,not_affected,vulnerable_code_not_present
rancher/rancher-agent:v2.16-head,rancher/prime/v2.16-head,stdlib,v1.26.2,gobinary,CVE-2026-39825,MEDIUM,https://avd.aquasec.com/nvd/cve-2026-39825,usr/bin/kubectl,"1.25.10, 1.26.3",false,not_affected,vulnerable_code_not_in_execute_path
rancher/rancher-agent:v2.16-head,rancher/prime/v2.16-head,stdlib,v1.26.2,gobinary,CVE-2026-39826,MEDIUM,https://avd.aquasec.com/nvd/cve-2026-39826,usr/bin/kubectl,"1.25.10, 1.26.3",false,not_affected,vulnerable_code_not_present
rancher/rancher-agent:v2.16-head,rancher/prime/v2.16-head,stdlib,v1.26.2,gobinary,CVE-2026-39836,HIGH,https://avd.aquasec.com/nvd/cve-2026-39836,usr/bin/kubectl,"1.25.10, 1.26.3",false,not_affected,vulnerable_code_not_in_execute_path
rancher/rancher-agent:v2.16-head,rancher/prime/v2.16-head,stdlib,v1.26.2,gobinary,CVE-2026-42499,HIGH,https://avd.aquasec.com/nvd/cve-2026-42499,usr/bin/kubectl,"1.25.10, 1.26.3",false,not_affected,vulnerable_code_not_present
rancher/rancher-agent:v2.16-head,rancher/prime/v2.16-head,golang.org/x/net,v0.49.0,gobinary,CVE-2026-42502,MEDIUM,https://avd.aquasec.com/nvd/cve-2026-42502,usr/bin/kubectl,0.55.0,false,not_affected,vulnerable_code_not_present
rancher/rancher-agent:v2.16-head,rancher/prime/v2.16-head,stdlib,v1.26.2,gobinary,CVE-2026-42504,HIGH,https://avd.aquasec.com/nvd/cve-2026-42504,usr/bin/kubectl,"1.25.11, 1.26.4",false,not_affected,vulnerable_code_not_in_execute_path
rancher/rancher-agent:v2.16-head,rancher/prime/v2.16-head,stdlib,v1.26.2,gobinary,CVE-2026-42505,MEDIUM,https://avd.aquasec.com/nvd/cve-2026-42505,usr/bin/kubectl,"1.25.12, 1.26.5, 1.27.0-rc.2",false,not_affected,vulnerable_code_not_in_execute_path
rancher/rancher-agent:v2.16-head,rancher/prime/v2.16-head,golang.org/x/net,v0.49.0,gobinary,CVE-2026-42506,MEDIUM,https://avd.aquasec.com/nvd/cve-2026-42506,usr/bin/kubectl,0.55.0,false,not_affected,vulnerable_code_not_present
rancher/rancher-agent:v2.16-head,rancher/prime/v2.16-head,stdlib,v1.26.2,gobinary,CVE-2026-42507,MEDIUM,https://avd.aquasec.com/nvd/cve-2026-42507,usr/bin/kubectl,"1.25.11, 1.26.4",false,not_affected,vulnerable_code_not_in_execute_path
rancher/rancher-agent:v2.16-head,rancher/prime/v2.16-head,golang.org/x/net,v0.49.0,gobinary,CVE-2026-46600,HIGH,https://avd.aquasec.com/nvd/cve-2026-46600,usr/bin/kubectl,0.56.0,false,not_affected,vulnerable_code_not_present
rancher/rancher-agent:v2.16-head,rancher/prime/v2.16-head,golang.org/x/text,v0.33.0,gobinary,CVE-2026-56852,HIGH,https://avd.aquasec.com/nvd/cve-2026-56852,usr/bin/kubectl,0.39.0,false,not_affected,vulnerable_code_not_in_execute_path
rancher/rancher-agent:v2.16-head,rancher/prime/v2.16-head,stdlib,v1.26.2,gobinary,CVE-2026-56853,HIGH,https://avd.aquasec.com/nvd/cve-2026-56853,usr/bin/kubectl,"1.25.13, 1.26.6, 1.27.0-rc.3",false,affected,
rancher/rancher-agent:v2.16-head,rancher/prime/v2.16-head,stdlib,v1.26.2,gobinary,CVE-2026-56859,HIGH,https://avd.aquasec.com/nvd/cve-2026-56859,usr/bin/kubectl,"1.25.13, 1.26.6, 1.27.0-rc.3",false,affected,
rancher/rancher-agent:v2.16-head,rancher/prime/v2.16-head,stdlib,v1.26.2,gobinary,CVE-2026-56862,HIGH,https://avd.aquasec.com/nvd/cve-2026-56862,usr/bin/kubectl,"1.25.13, 1.26.6, 1.27.0-rc.3",false,affected,
rancher/rancher-webhook:v0.12.1-rc.4,rancher/prime/v2.16-head,stdlib,v1.26.5,gobinary,CVE-2026-33818,HIGH,https://avd.aquasec.com/nvd/cve-2026-33818,usr/bin/webhook,"1.25.13, 1.26.6, 1.27.0-rc.3",false,affected,
rancher/rancher-webhook:v0.12.1-rc.4,rancher/prime/v2.16-head,stdlib,v1.26.5,gobinary,CVE-2026-39821,HIGH,https://avd.aquasec.com/nvd/cve-2026-39821,usr/bin/webhook,"1.25.13, 1.26.6, 1.27.0-rc.3",false,affected,
rancher/rancher-webhook:v0.12.1-rc.4,rancher/prime/v2.16-head,stdlib,v1.26.5,gobinary,CVE-2026-46600,HIGH,https://avd.aquasec.com/nvd/cve-2026-46600,usr/bin/webhook,"1.26.6, 1.27.0-rc.3",false,not_affected,vulnerable_code_not_in_execute_path
rancher/rancher-webhook:v0.12.1-rc.4,rancher/prime/v2.16-head,stdlib,v1.26.5,gobinary,CVE-2026-56853,HIGH,https://avd.aquasec.com/nvd/cve-2026-56853,usr/bin/webhook,"1.25.13, 1.26.6, 1.27.0-rc.3",false,affected,
rancher/rancher-webhook:v0.12.1-rc.4,rancher/prime/v2.16-head,golang.org/x/crypto,v0.55.0,gobinary,CVE-2026-56855,MEDIUM,https://avd.aquasec.com/nvd/cve-2026-56855,usr/bin/webhook,0.56.0,false,not_affected,vulnerable_code_not_present
rancher/rancher-webhook:v0.12.1-rc.4,rancher/prime/v2.16-head,stdlib,v1.26.5,gobinary,CVE-2026-56858,HIGH,https://avd.aquasec.com/nvd/cve-2026-56858,usr/bin/webhook,"1.25.13, 1.26.6, 1.27.0-rc.3",false,not_affected,vulnerable_code_not_present
rancher/rancher-webhook:v0.12.1-rc.4,rancher/prime/v2.16-head,stdlib,v1.26.5,gobinary,CVE-2026-56859,HIGH,https://avd.aquasec.com/nvd/cve-2026-56859,usr/bin/webhook,"1.25.13, 1.26.6, 1.27.0-rc.3",false,not_affected,vulnerable_code_not_in_execute_path
rancher/rancher-webhook:v0.12.1-rc.4,rancher/prime/v2.16-head,stdlib,v1.26.5,gobinary,CVE-2026-56862,HIGH,https://avd.aquasec.com/nvd/cve-2026-56862,usr/bin/webhook,"1.25.13, 1.26.6, 1.27.0-rc.3",false,affected,
rancher/rancher-webhook:v0.12.1-rc.4,rancher/prime/v2.16-head,golang.org/x/crypto,v0.55.0,gobinary,CVE-2026-78662,MEDIUM,https://avd.aquasec.com/nvd/cve-2026-78662,usr/bin/webhook,0.56.0,false,not_affected,vulnerable_code_not_present
rancher/rancher:v2.16-head,rancher/prime/v2.16-head,golang.org/x/net,v0.43.0,gobinary,CVE-2025-47911,MEDIUM,https://avd.aquasec.com/nvd/cve-2025-47911,usr/bin/runc,0.45.0,false,not_affected,vulnerable_code_not_present
rancher/rancher:v2.16-head,rancher/prime/v2.16-head,golang.org/x/net,v0.43.0,gobinary,CVE-2025-58190,MEDIUM,https://avd.aquasec.com/nvd/cve-2025-58190,usr/bin/runc,0.45.0,false,not_affected,vulnerable_code_not_present
rancher/rancher:v2.16-head,rancher/prime/v2.16-head,golang.org/x/net,v0.43.0,gobinary,CVE-2026-25680,MEDIUM,https://avd.aquasec.com/nvd/cve-2026-25680,usr/bin/runc,0.55.0,false,not_affected,vulnerable_code_not_present
rancher/rancher:v2.16-head,rancher/prime/v2.16-head,golang.org/x/net,v0.52.0,gobinary,CVE-2026-25680,MEDIUM,https://avd.aquasec.com/nvd/cve-2026-25680,usr/bin/etcdctl,0.55.0,false,not_affected,vulnerable_code_not_present
rancher/rancher:v2.16-head,rancher/prime/v2.16-head,golang.org/x/net,v0.43.0,gobinary,CVE-2026-25681,HIGH,https://avd.aquasec.com/nvd/cve-2026-25681,usr/bin/runc,0.55.0,false,not_affected,vulnerable_code_not_present
rancher/rancher:v2.16-head,rancher/prime/v2.16-head,golang.org/x/net,v0.52.0,gobinary,CVE-2026-25681,HIGH,https://avd.aquasec.com/nvd/cve-2026-25681,usr/bin/etcdctl,0.55.0,false,not_affected,vulnerable_code_not_present
rancher/rancher:v2.16-head,rancher/prime/v2.16-head,golang.org/x/net,v0.43.0,gobinary,CVE-2026-27136,HIGH,https://avd.aquasec.com/nvd/cve-2026-27136,usr/bin/runc,0.55.0,false,not_affected,vulnerable_code_not_present
rancher/rancher:v2.16-head,rancher/prime/v2.16-head,golang.org/x/net,v0.52.0,gobinary,CVE-2026-27136,HIGH,https://avd.aquasec.com/nvd/cve-2026-27136,usr/bin/etcdctl,0.55.0,false,not_affected,vulnerable_code_not_present
rancher/rancher:v2.16-head,rancher/prime/v2.16-head,golang.org/x/net,v0.43.0,gobinary,CVE-2026-33814,HIGH,https://avd.aquasec.com/nvd/cve-2026-33814,usr/bin/runc,0.53.0,false,not_affected,vulnerable_code_not_present
rancher/rancher:v2.16-head,rancher/prime/v2.16-head,golang.org/x/net,v0.52.0,gobinary,CVE-2026-33814,HIGH,https://avd.aquasec.com/nvd/cve-2026-33814,usr/bin/etcdctl,0.53.0,false,not_affected,vulnerable_code_not_in_execute_path
rancher/rancher:v2.16-head,rancher/prime/v2.16-head,stdlib,v1.25.10,gobinary,CVE-2026-33818,HIGH,https://avd.aquasec.com/nvd/cve-2026-33818,usr/bin/etcdctl,"1.25.13, 1.26.6, 1.27.0-rc.3",false,affected,
rancher/rancher:v2.16-head,rancher/prime/v2.16-head,github.com/docker/docker,v25.0.15-0.20260325154711-d2dbc0547253+incompatible,gobinary,CVE-2026-33997,HIGH,https://avd.aquasec.com/nvd/cve-2026-33997,usr/bin/containerd,29.3.1,false,affected,severity_changed_due_to_suse_cvss_score
rancher/rancher:v2.16-head,rancher/prime/v2.16-head,github.com/docker/docker,v25.0.15-0.20260325154711-d2dbc0547253+incompatible,gobinary,CVE-2026-33997,HIGH,https://avd.aquasec.com/nvd/cve-2026-33997,usr/bin/k3s,29.3.1,false,affected,severity_changed_due_to_suse_cvss_score
rancher/rancher:v2.16-head,rancher/prime/v2.16-head,golang.org/x/net,v0.43.0,gobinary,CVE-2026-39821,HIGH,https://avd.aquasec.com/nvd/cve-2026-39821,usr/bin/runc,0.55.0,false,not_affected,vulnerable_code_not_present
rancher/rancher:v2.16-head,rancher/prime/v2.16-head,golang.org/x/net,v0.52.0,gobinary,CVE-2026-39821,HIGH,https://avd.aquasec.com/nvd/cve-2026-39821,usr/bin/etcdctl,0.55.0,false,not_affected,vulnerable_code_not_in_execute_path
rancher/rancher:v2.16-head,rancher/prime/v2.16-head,stdlib,v1.25.10,gobinary,CVE-2026-39821,HIGH,https://avd.aquasec.com/nvd/cve-2026-39821,usr/bin/etcdctl,"1.25.13, 1.26.6, 1.27.0-rc.3",false,affected,
rancher/rancher:v2.16-head,rancher/prime/v2.16-head,stdlib,v1.25.10,gobinary,CVE-2026-39822,HIGH,https://avd.aquasec.com/nvd/cve-2026-39822,usr/bin/etcdctl,"1.25.12, 1.26.5, 1.27.0-rc.2",false,not_affected,vulnerable_code_not_in_execute_path
rancher/rancher:v2.16-head,rancher/prime/v2.16-head,golang.org/x/crypto,v0.47.0,gobinary,CVE-2026-39827,MEDIUM,https://avd.aquasec.com/nvd/cve-2026-39827,usr/bin/containerd,0.52.0,false,not_affected,vulnerable_code_not_present
rancher/rancher:v2.16-head,rancher/prime/v2.16-head,golang.org/x/crypto,v0.47.0,gobinary,CVE-2026-39827,MEDIUM,https://avd.aquasec.com/nvd/cve-2026-39827,usr/bin/k3s,0.52.0,false,not_affected,vulnerable_code_not_present
rancher/rancher:v2.16-head,rancher/prime/v2.16-head,golang.org/x/crypto,v0.47.0,gobinary,CVE-2026-39828,HIGH,https://avd.aquasec.com/nvd/cve-2026-39828,usr/bin/containerd,0.52.0,false,not_affected,vulnerable_code_not_present
rancher/rancher:v2.16-head,rancher/prime/v2.16-head,golang.org/x/crypto,v0.47.0,gobinary,CVE-2026-39828,HIGH,https://avd.aquasec.com/nvd/cve-2026-39828,usr/bin/k3s,0.52.0,false,not_affected,vulnerable_code_not_present
rancher/rancher:v2.16-head,rancher/prime/v2.16-head,golang.org/x/crypto,v0.47.0,gobinary,CVE-2026-39829,HIGH,https://avd.aquasec.com/nvd/cve-2026-39829,usr/bin/containerd,0.52.0,false,not_affected,vulnerable_code_not_present
rancher/rancher:v2.16-head,rancher/prime/v2.16-head,golang.org/x/crypto,v0.47.0,gobinary,CVE-2026-39829,HIGH,https://avd.aquasec.com/nvd/cve-2026-39829,usr/bin/k3s,0.52.0,false,not_affected,vulnerable_code_not_present
rancher/rancher:v2.16-head,rancher/prime/v2.16-head,golang.org/x/crypto,v0.47.0,gobinary,CVE-2026-39830,HIGH,https://avd.aquasec.com/nvd/cve-2026-39830,usr/bin/containerd,0.52.0,false,not_affected,vulnerable_code_not_present
rancher/rancher:v2.16-head,rancher/prime/v2.16-head,golang.org/x/crypto,v0.47.0,gobinary,CVE-2026-39830,HIGH,https://avd.aquasec.com/nvd/cve-2026-39830,usr/bin/k3s,0.52.0,false,not_affected,vulnerable_code_not_present
rancher/rancher:v2.16-head,rancher/prime/v2.16-head,golang.org/x/crypto,v0.47.0,gobinary,CVE-2026-39831,HIGH,https://avd.aquasec.com/nvd/cve-2026-39831,usr/bin/containerd,0.52.0,false,not_affected,vulnerable_code_not_present
rancher/rancher:v2.16-head,rancher/prime/v2.16-head,golang.org/x/crypto,v0.47.0,gobinary,CVE-2026-39831,HIGH,https://avd.aquasec.com/nvd/cve-2026-39831,usr/bin/k3s,0.52.0,false,not_affected,vulnerable_code_not_present
rancher/rancher:v2.16-head,rancher/prime/v2.16-head,golang.org/x/crypto,v0.47.0,gobinary,CVE-2026-39832,HIGH,https://avd.aquasec.com/nvd/cve-2026-39832,usr/bin/containerd,0.52.0,false,not_affected,vulnerable_code_not_present
rancher/rancher:v2.16-head,rancher/prime/v2.16-head,golang.org/x/crypto,v0.47.0,gobinary,CVE-2026-39832,HIGH,https://avd.aquasec.com/nvd/cve-2026-39832,usr/bin/k3s,0.52.0,false,not_affected,vulnerable_code_not_present
rancher/rancher:v2.16-head,rancher/prime/v2.16-head,golang.org/x/crypto,v0.47.0,gobinary,CVE-2026-39833,MEDIUM,https://avd.aquasec.com/nvd/cve-2026-39833,usr/bin/containerd,0.52.0,false,not_affected,vulnerable_code_not_present
rancher/rancher:v2.16-head,rancher/prime/v2.16-head,golang.org/x/crypto,v0.47.0,gobinary,CVE-2026-39833,MEDIUM,https://avd.aquasec.com/nvd/cve-2026-39833,usr/bin/k3s,0.52.0,false,not_affected,vulnerable_code_not_present
rancher/rancher:v2.16-head,rancher/prime/v2.16-head,golang.org/x/crypto,v0.47.0,gobinary,CVE-2026-39834,MEDIUM,https://avd.aquasec.com/nvd/cve-2026-39834,usr/bin/containerd,0.52.0,false,not_affected,vulnerable_code_not_present
rancher/rancher:v2.16-head,rancher/prime/v2.16-head,golang.org/x/crypto,v0.47.0,gobinary,CVE-2026-39834,MEDIUM,https://avd.aquasec.com/nvd/cve-2026-39834,usr/bin/k3s,0.52.0,false,not_affected,vulnerable_code_not_present
rancher/rancher:v2.16-head,rancher/prime/v2.16-head,golang.org/x/crypto,v0.47.0,gobinary,CVE-2026-39835,HIGH,https://avd.aquasec.com/nvd/cve-2026-39835,usr/bin/containerd,0.52.0,false,not_affected,vulnerable_code_not_present
rancher/rancher:v2.16-head,rancher/prime/v2.16-head,golang.org/x/crypto,v0.47.0,gobinary,CVE-2026-39835,HIGH,https://avd.aquasec.com/nvd/cve-2026-39835,usr/bin/k3s,0.52.0,false,not_affected,vulnerable_code_not_present
rancher/rancher:v2.16-head,rancher/prime/v2.16-head,github.com/docker/docker,v25.0.15-0.20260325154711-d2dbc0547253+incompatible,gobinary,CVE-2026-41567,HIGH,https://avd.aquasec.com/nvd/cve-2026-41567,usr/bin/containerd,,false,not_affected,vulnerable_code_not_present
rancher/rancher:v2.16-head,rancher/prime/v2.16-head,github.com/docker/docker,v25.0.15-0.20260325154711-d2dbc0547253+incompatible,gobinary,CVE-2026-41567,HIGH,https://avd.aquasec.com/nvd/cve-2026-41567,usr/bin/k3s,,false,not_affected,vulnerable_code_not_present
rancher/rancher:v2.16-head,rancher/prime/v2.16-head,github.com/docker/docker,v25.0.15-0.20260325154711-d2dbc0547253+incompatible,gobinary,CVE-2026-41568,MEDIUM,https://avd.aquasec.com/nvd/cve-2026-41568,usr/bin/containerd,,false,not_affected,vulnerable_code_not_present
rancher/rancher:v2.16-head,rancher/prime/v2.16-head,github.com/docker/docker,v25.0.15-0.20260325154711-d2dbc0547253+incompatible,gobinary,CVE-2026-41568,MEDIUM,https://avd.aquasec.com/nvd/cve-2026-41568,usr/bin/k3s,,false,not_affected,vulnerable_code_not_present
rancher/rancher:v2.16-head,rancher/prime/v2.16-head,github.com/docker/docker,v25.0.15-0.20260325154711-d2dbc0547253+incompatible,gobinary,CVE-2026-42306,HIGH,https://avd.aquasec.com/nvd/cve-2026-42306,usr/bin/containerd,,false,not_affected,vulnerable_code_not_present
rancher/rancher:v2.16-head,rancher/prime/v2.16-head,github.com/docker/docker,v25.0.15-0.20260325154711-d2dbc0547253+incompatible,gobinary,CVE-2026-42306,HIGH,https://avd.aquasec.com/nvd/cve-2026-42306,usr/bin/k3s,,false,not_affected,vulnerable_code_not_present
rancher/rancher:v2.16-head,rancher/prime/v2.16-head,golang.org/x/net,v0.43.0,gobinary,CVE-2026-42502,MEDIUM,https://avd.aquasec.com/nvd/cve-2026-42502,usr/bin/runc,0.55.0,false,not_affected,vulnerable_code_not_present
rancher/rancher:v2.16-head,rancher/prime/v2.16-head,golang.org/x/net,v0.52.0,gobinary,CVE-2026-42502,MEDIUM,https://avd.aquasec.com/nvd/cve-2026-42502,usr/bin/etcdctl,0.55.0,false,not_affected,vulnerable_code_not_present
rancher/rancher:v2.16-head,rancher/prime/v2.16-head,stdlib,v1.25.10,gobinary,CVE-2026-42504,HIGH,https://avd.aquasec.com/nvd/cve-2026-42504,usr/bin/etcdctl,"1.25.11, 1.26.4",false,not_affected,vulnerable_code_not_in_execute_path
rancher/rancher:v2.16-head,rancher/prime/v2.16-head,golang.org/x/net,v0.43.0,gobinary,CVE-2026-42506,MEDIUM,https://avd.aquasec.com/nvd/cve-2026-42506,usr/bin/runc,0.55.0,false,not_affected,vulnerable_code_not_present
rancher/rancher:v2.16-head,rancher/prime/v2.16-head,golang.org/x/net,v0.52.0,gobinary,CVE-2026-42506,MEDIUM,https://avd.aquasec.com/nvd/cve-2026-42506,usr/bin/etcdctl,0.55.0,false,not_affected,vulnerable_code_not_present
rancher/rancher:v2.16-head,rancher/prime/v2.16-head,stdlib,v1.25.10,gobinary,CVE-2026-42507,MEDIUM,https://avd.aquasec.com/nvd/cve-2026-42507,usr/bin/etcdctl,"1.25.11, 1.26.4",false,not_affected,vulnerable_code_not_in_execute_path
rancher/rancher:v2.16-head,rancher/prime/v2.16-head,golang.org/x/crypto,v0.47.0,gobinary,CVE-2026-42508,HIGH,https://avd.aquasec.com/nvd/cve-2026-42508,usr/bin/containerd,0.52.0,false,not_affected,vulnerable_code_not_present
rancher/rancher:v2.16-head,rancher/prime/v2.16-head,golang.org/x/crypto,v0.47.0,gobinary,CVE-2026-42508,HIGH,https://avd.aquasec.com/nvd/cve-2026-42508,usr/bin/k3s,0.52.0,false,not_affected,vulnerable_code_not_present
rancher/rancher:v2.16-head,rancher/prime/v2.16-head,golang.org/x/crypto,v0.47.0,gobinary,CVE-2026-46595,HIGH,https://avd.aquasec.com/nvd/cve-2026-46595,usr/bin/containerd,0.52.0,false,not_affected,vulnerable_code_not_present
rancher/rancher:v2.16-head,rancher/prime/v2.16-head,golang.org/x/crypto,v0.47.0,gobinary,CVE-2026-46595,HIGH,https://avd.aquasec.com/nvd/cve-2026-46595,usr/bin/k3s,0.52.0,false,not_affected,vulnerable_code_not_present
rancher/rancher:v2.16-head,rancher/prime/v2.16-head,golang.org/x/crypto,v0.47.0,gobinary,CVE-2026-46597,HIGH,https://avd.aquasec.com/nvd/cve-2026-46597,usr/bin/containerd,0.52.0,false,not_affected,vulnerable_code_not_present
rancher/rancher:v2.16-head,rancher/prime/v2.16-head,golang.org/x/crypto,v0.47.0,gobinary,CVE-2026-46597,HIGH,https://avd.aquasec.com/nvd/cve-2026-46597,usr/bin/k3s,0.52.0,false,not_affected,vulnerable_code_not_present
rancher/rancher:v2.16-head,rancher/prime/v2.16-head,golang.org/x/crypto,v0.47.0,gobinary,CVE-2026-46598,MEDIUM,https://avd.aquasec.com/nvd/cve-2026-46598,usr/bin/containerd,0.52.0,false,not_affected,vulnerable_code_not_present
rancher/rancher:v2.16-head,rancher/prime/v2.16-head,golang.org/x/crypto,v0.47.0,gobinary,CVE-2026-46598,MEDIUM,https://avd.aquasec.com/nvd/cve-2026-46598,usr/bin/k3s,0.52.0,false,not_affected,vulnerable_code_not_present
rancher/rancher:v2.16-head,rancher/prime/v2.16-head,golang.org/x/net,v0.43.0,gobinary,CVE-2026-46600,HIGH,https://avd.aquasec.com/nvd/cve-2026-46600,usr/bin/runc,0.56.0,false,not_affected,vulnerable_code_not_present
rancher/rancher:v2.16-head,rancher/prime/v2.16-head,golang.org/x/net,v0.52.0,gobinary,CVE-2026-46600,HIGH,https://avd.aquasec.com/nvd/cve-2026-46600,usr/bin/etcdctl,0.56.0,false,not_affected,vulnerable_code_not_present
rancher/rancher:v2.16-head,rancher/prime/v2.16-head,golang.org/x/net,v0.55.0,gobinary,CVE-2026-46600,HIGH,https://avd.aquasec.com/nvd/cve-2026-46600,usr/bin/containerd,0.56.0,false,not_affected,vulnerable_code_not_present
rancher/rancher:v2.16-head,rancher/prime/v2.16-head,golang.org/x/net,v0.55.0,gobinary,CVE-2026-46600,HIGH,https://avd.aquasec.com/nvd/cve-2026-46600,usr/bin/containerd-shim-runc-v2,0.56.0,false,not_affected,vulnerable_code_not_present
rancher/rancher:v2.16-head,rancher/prime/v2.16-head,golang.org/x/net,v0.55.0,gobinary,CVE-2026-46600,HIGH,https://avd.aquasec.com/nvd/cve-2026-46600,usr/bin/k3s,0.56.0,false,not_affected,vulnerable_code_not_present
rancher/rancher:v2.16-head,rancher/prime/v2.16-head,github.com/kube-logging/logging-operator,v0.0.0-20250424202944-7e1f9aad6e21,gobinary,CVE-2026-54680,CRITICAL,https://avd.aquasec.com/nvd/cve-2026-54680,opt/drivers/management-state/bin/docker-machine-driver-harvester,0.0.0-20260608145523-cf437d7f1e05,false,not_affected,vulnerable_code_not_in_execute_path
rancher/rancher:v2.16-head,rancher/prime/v2.16-head,github.com/pion/stun/v3,v3.1.1,gobinary,CVE-2026-54909,MEDIUM,https://avd.aquasec.com/nvd/cve-2026-54909,usr/bin/containerd,3.1.5,false,not_affected,vulnerable_code_not_in_execute_path
rancher/rancher:v2.16-head,rancher/prime/v2.16-head,github.com/pion/stun/v3,v3.1.1,gobinary,CVE-2026-54909,MEDIUM,https://avd.aquasec.com/nvd/cve-2026-54909,usr/bin/k3s,3.1.5,false,not_affected,vulnerable_code_not_in_execute_path
rancher/rancher:v2.16-head,rancher/prime/v2.16-head,golang.org/x/text,v0.36.0,gobinary,CVE-2026-56852,HIGH,https://avd.aquasec.com/nvd/cve-2026-56852,usr/bin/etcdctl,0.39.0,false,not_affected,vulnerable_code_not_in_execute_path
rancher/rancher:v2.16-head,rancher/prime/v2.16-head,golang.org/x/text,v0.38.0,gobinary,CVE-2026-56852,HIGH,https://avd.aquasec.com/nvd/cve-2026-56852,usr/bin/containerd-shim-runc-v2,0.39.0,false,not_affected,vulnerable_code_not_in_execute_path
rancher/rancher:v2.16-head,rancher/prime/v2.16-head,stdlib,v1.25.10,gobinary,CVE-2026-56853,HIGH,https://avd.aquasec.com/nvd/cve-2026-56853,usr/bin/etcdctl,"1.25.13, 1.26.6, 1.27.0-rc.3",false,not_affected,vulnerable_code_not_in_execute_path
rancher/rancher:v2.16-head,rancher/prime/v2.16-head,golang.org/x/crypto,v0.47.0,gobinary,CVE-2026-56854,HIGH,https://avd.aquasec.com/nvd/cve-2026-56854,usr/bin/containerd,0.55.0,false,not_affected,vulnerable_code_not_present
rancher/rancher:v2.16-head,rancher/prime/v2.16-head,golang.org/x/crypto,v0.47.0,gobinary,CVE-2026-56854,HIGH,https://avd.aquasec.com/nvd/cve-2026-56854,usr/bin/k3s,0.55.0,false,not_affected,vulnerable_code_not_present
rancher/rancher:v2.16-head,rancher/prime/v2.16-head,golang.org/x/crypto,v0.47.0,gobinary,CVE-2026-56855,MEDIUM,https://avd.aquasec.com/nvd/cve-2026-56855,usr/bin/containerd,0.56.0,false,not_affected,vulnerable_code_not_present
rancher/rancher:v2.16-head,rancher/prime/v2.16-head,golang.org/x/crypto,v0.47.0,gobinary,CVE-2026-56855,MEDIUM,https://avd.aquasec.com/nvd/cve-2026-56855,usr/bin/k3s,0.56.0,false,not_affected,vulnerable_code_not_present
rancher/rancher:v2.16-head,rancher/prime/v2.16-head,golang.org/x/crypto,v0.55.0,gobinary,CVE-2026-56855,MEDIUM,https://avd.aquasec.com/nvd/cve-2026-56855,opt/drivers/management-state/bin/docker-machine-driver-harvester,0.56.0,false,not_affected,vulnerable_code_not_in_execute_path
rancher/rancher:v2.16-head,rancher/prime/v2.16-head,stdlib,v1.25.10,gobinary,CVE-2026-56858,HIGH,https://avd.aquasec.com/nvd/cve-2026-56858,usr/bin/etcdctl,"1.25.13, 1.26.6, 1.27.0-rc.3",false,not_affected,vulnerable_code_not_in_execute_path
rancher/rancher:v2.16-head,rancher/prime/v2.16-head,stdlib,v1.25.10,gobinary,CVE-2026-56859,HIGH,https://avd.aquasec.com/nvd/cve-2026-56859,usr/bin/etcdctl,"1.25.13, 1.26.6, 1.27.0-rc.3",false,not_affected,vulnerable_code_not_present
rancher/rancher:v2.16-head,rancher/prime/v2.16-head,stdlib,v1.25.10,gobinary,CVE-2026-56862,HIGH,https://avd.aquasec.com/nvd/cve-2026-56862,usr/bin/etcdctl,"1.25.13, 1.26.6, 1.27.0-rc.3",false,affected,
rancher/rancher:v2.16-head,rancher/prime/v2.16-head,golang.org/x/mod,v0.37.0,gobinary,CVE-2026-56864,HIGH,https://avd.aquasec.com/nvd/cve-2026-56864,usr/bin/containerd,0.40.0,false,not_affected,vulnerable_code_not_present
rancher/rancher:v2.16-head,rancher/prime/v2.16-head,golang.org/x/mod,v0.37.0,gobinary,CVE-2026-56864,HIGH,https://avd.aquasec.com/nvd/cve-2026-56864,usr/bin/k3s,0.40.0,false,not_affected,vulnerable_code_not_present
rancher/rancher:v2.16-head,rancher/prime/v2.16-head,golang.org/x/mod,v0.37.0,gobinary,CVE-2026-56865,HIGH,https://avd.aquasec.com/nvd/cve-2026-56865,usr/bin/containerd,0.40.0,false,not_affected,vulnerable_code_not_present
rancher/rancher:v2.16-head,rancher/prime/v2.16-head,golang.org/x/mod,v0.37.0,gobinary,CVE-2026-56865,HIGH,https://avd.aquasec.com/nvd/cve-2026-56865,usr/bin/k3s,0.40.0,false,not_affected,vulnerable_code_not_present
rancher/rancher:v2.16-head,rancher/prime/v2.16-head,kubevirt.io/kubevirt,v1.7.4,gobinary,CVE-2026-6383,MEDIUM,https://avd.aquasec.com/nvd/cve-2026-6383,opt/drivers/management-state/bin/docker-machine-driver-harvester,,false,not_affected,vulnerable_code_not_in_execute_path
rancher/rancher:v2.16-head,rancher/prime/v2.16-head,golang.org/x/crypto,v0.47.0,gobinary,CVE-2026-78662,MEDIUM,https://avd.aquasec.com/nvd/cve-2026-78662,usr/bin/containerd,0.56.0,false,not_affected,vulnerable_code_not_present
rancher/rancher:v2.16-head,rancher/prime/v2.16-head,golang.org/x/crypto,v0.47.0,gobinary,CVE-2026-78662,MEDIUM,https://avd.aquasec.com/nvd/cve-2026-78662,usr/bin/k3s,0.56.0,false,not_affected,vulnerable_code_not_present
rancher/rancher:v2.16-head,rancher/prime/v2.16-head,golang.org/x/crypto,v0.55.0,gobinary,CVE-2026-78662,MEDIUM,https://avd.aquasec.com/nvd/cve-2026-78662,opt/drivers/management-state/bin/docker-machine-driver-harvester,0.56.0,false,not_affected,vulnerable_code_not_in_execute_path
rancher/rancher:v2.16-head,rancher/prime/v2.16-head,google.golang.org/grpc,v1.79.3,gobinary,CVE-2026-84303,MEDIUM,https://avd.aquasec.com/nvd/cve-2026-84303,usr/bin/containerd,1.83.1,false,not_affected,vulnerable_code_not_present
rancher/rancher:v2.16-head,rancher/prime/v2.16-head,google.golang.org/grpc,v1.79.3,gobinary,CVE-2026-84303,MEDIUM,https://avd.aquasec.com/nvd/cve-2026-84303,usr/bin/etcdctl,1.83.1,false,not_affected,vulnerable_code_not_present
rancher/rancher:v2.16-head,rancher/prime/v2.16-head,google.golang.org/grpc,v1.79.3,gobinary,CVE-2026-84303,MEDIUM,https://avd.aquasec.com/nvd/cve-2026-84303,usr/bin/k3s,1.83.1,false,not_affected,vulnerable_code_not_present
rancher/rancher:v2.16-head,rancher/prime/v2.16-head,google.golang.org/grpc,v1.80.0,gobinary,CVE-2026-84303,MEDIUM,https://avd.aquasec.com/nvd/cve-2026-84303,usr/bin/containerd-shim-runc-v2,1.83.1,false,not_affected,vulnerable_code_not_present
rancher/rancher:v2.16-head,rancher/prime/v2.16-head,google.golang.org/grpc,v1.79.3,gobinary,CVE-2026-84304,HIGH,https://avd.aquasec.com/nvd/cve-2026-84304,usr/bin/containerd,1.83.1,false,affected,
rancher/rancher:v2.16-head,rancher/prime/v2.16-head,google.golang.org/grpc,v1.79.3,gobinary,CVE-2026-84304,HIGH,https://avd.aquasec.com/nvd/cve-2026-84304,usr/bin/etcdctl,1.83.1,false,affected,
rancher/rancher:v2.16-head,rancher/prime/v2.16-head,google.golang.org/grpc,v1.79.3,gobinary,CVE-2026-84304,HIGH,https://avd.aquasec.com/nvd/cve-2026-84304,usr/bin/k3s,1.83.1,false,affected,
rancher/rancher:v2.16-head,rancher/prime/v2.16-head,google.golang.org/grpc,v1.80.0,gobinary,CVE-2026-84304,HIGH,https://avd.aquasec.com/nvd/cve-2026-84304,usr/bin/containerd-shim-runc-v2,1.83.1,false,affected,
rancher/rancher:v2.16-head,rancher/prime/v2.16-head,google.golang.org/grpc,v1.79.3,gobinary,CVE-2026-84445,HIGH,https://avd.aquasec.com/nvd/cve-2026-84445,usr/bin/containerd,"1.82.2, 1.83.2, 1.84.0-dev.0.20260825144003-d5a41119e0e3, 1.85.0-dev.0.20260825072537-93e31b48545e",false,affected,
rancher/rancher:v2.16-head,rancher/prime/v2.16-head,google.golang.org/grpc,v1.79.3,gobinary,CVE-2026-84445,HIGH,https://avd.aquasec.com/nvd/cve-2026-84445,usr/bin/etcdctl,"1.82.2, 1.83.2, 1.84.0-dev.0.20260825144003-d5a41119e0e3, 1.85.0-dev.0.20260825072537-93e31b48545e",false,not_affected,vulnerable_code_not_in_execute_path
rancher/rancher:v2.16-head,rancher/prime/v2.16-head,google.golang.org/grpc,v1.79.3,gobinary,CVE-2026-84445,HIGH,https://avd.aquasec.com/nvd/cve-2026-84445,usr/bin/k3s,"1.82.2, 1.83.2, 1.84.0-dev.0.20260825144003-d5a41119e0e3, 1.85.0-dev.0.20260825072537-93e31b48545e",false,affected,
rancher/rancher:v2.16-head,rancher/prime/v2.16-head,google.golang.org/grpc,v1.80.0,gobinary,CVE-2026-84445,HIGH,https://avd.aquasec.com/nvd/cve-2026-84445,usr/bin/containerd-shim-runc-v2,"1.82.2, 1.83.2, 1.84.0-dev.0.20260825144003-d5a41119e0e3, 1.85.0-dev.0.20260825072537-93e31b48545e",false,affected,
rancher/rancher:v2.16-head,rancher/prime/v2.16-head,kubevirt.io/kubevirt,v1.7.4,gobinary,CVE-2026-9804,HIGH,https://avd.aquasec.com/nvd/cve-2026-9804,opt/drivers/management-state/bin/docker-machine-driver-harvester,,false,not_affected,vulnerable_code_not_in_execute_path
rancher/rancher:v2.16-head,rancher/prime/v2.16-head,google.golang.org/grpc,v1.79.3,gobinary,GHSA-hrxh-6v49-42gf,HIGH,https://github.com/advisories/GHSA-hrxh-6v49-42gf,usr/bin/containerd,1.82.1,false,affected,
rancher/rancher:v2.16-head,rancher/prime/v2.16-head,google.golang.org/grpc,v1.79.3,gobinary,GHSA-hrxh-6v49-42gf,HIGH,https://github.com/advisories/GHSA-hrxh-6v49-42gf,usr/bin/etcdctl,1.82.1,false,affected,
rancher/rancher:v2.16-head,rancher/prime/v2.16-head,google.golang.org/grpc,v1.79.3,gobinary,GHSA-hrxh-6v49-42gf,HIGH,https://github.com/advisories/GHSA-hrxh-6v49-42gf,usr/bin/k3s,1.82.1,false,affected,
rancher/rancher:v2.16-head,rancher/prime/v2.16-head,google.golang.org/grpc,v1.80.0,gobinary,GHSA-hrxh-6v49-42gf,HIGH,https://github.com/advisories/GHSA-hrxh-6v49-42gf,usr/bin/containerd-shim-runc-v2,1.82.1,false,affected,
rancher/remotedialer-proxy:v0.9.0-rc.3,rancher/prime/v2.16-head,stdlib,v1.26.5,gobinary,CVE-2026-33818,HIGH,https://avd.aquasec.com/nvd/cve-2026-33818,proxy,"1.25.13, 1.26.6, 1.27.0-rc.3",false,affected,
rancher/remotedialer-proxy:v0.9.0-rc.3,rancher/prime/v2.16-head,stdlib,v1.26.5,gobinary,CVE-2026-39821,HIGH,https://avd.aquasec.com/nvd/cve-2026-39821,proxy,"1.25.13, 1.26.6, 1.27.0-rc.3",false,affected,
rancher/remotedialer-proxy:v0.9.0-rc.3,rancher/prime/v2.16-head,stdlib,v1.26.5,gobinary,CVE-2026-46600,HIGH,https://avd.aquasec.com/nvd/cve-2026-46600,proxy,"1.26.6, 1.27.0-rc.3",false,not_affected,vulnerable_code_not_in_execute_path
rancher/remotedialer-proxy:v0.9.0-rc.3,rancher/prime/v2.16-head,stdlib,v1.26.5,gobinary,CVE-2026-56853,HIGH,https://avd.aquasec.com/nvd/cve-2026-56853,proxy,"1.25.13, 1.26.6, 1.27.0-rc.3",false,affected,
rancher/remotedialer-proxy:v0.9.0-rc.3,rancher/prime/v2.16-head,stdlib,v1.26.5,gobinary,CVE-2026-56858,HIGH,https://avd.aquasec.com/nvd/cve-2026-56858,proxy,"1.25.13, 1.26.6, 1.27.0-rc.3",false,not_affected,vulnerable_code_not_present
rancher/remotedialer-proxy:v0.9.0-rc.3,rancher/prime/v2.16-head,stdlib,v1.26.5,gobinary,CVE-2026-56859,HIGH,https://avd.aquasec.com/nvd/cve-2026-56859,proxy,"1.25.13, 1.26.6, 1.27.0-rc.3",false,not_affected,vulnerable_code_not_in_execute_path
rancher/remotedialer-proxy:v0.9.0-rc.3,rancher/prime/v2.16-head,stdlib,v1.26.5,gobinary,CVE-2026-56862,HIGH,https://avd.aquasec.com/nvd/cve-2026-56862,proxy,"1.25.13, 1.26.6, 1.27.0-rc.3",false,affected,
rancher/rke2-cloud-provider:v1.36.4-0.20260817193921-a2fc9574e060-build20260820,rancher/prime/v2.16-head,golang.org/x/net,v0.55.0,gobinary,CVE-2026-46600,HIGH,https://avd.aquasec.com/nvd/cve-2026-46600,usr/local/bin/rke2-cloud-provider,0.56.0,false,not_affected,vulnerable_code_not_present
rancher/rke2-cloud-provider:v1.36.4-0.20260817193921-a2fc9574e060-build20260820,rancher/prime/v2.16-head,golang.org/x/crypto,v0.54.0,gobinary,CVE-2026-56854,HIGH,https://avd.aquasec.com/nvd/cve-2026-56854,usr/local/bin/rke2-cloud-provider,0.55.0,false,not_affected,vulnerable_code_not_present
rancher/rke2-cloud-provider:v1.36.4-0.20260817193921-a2fc9574e060-build20260820,rancher/prime/v2.16-head,golang.org/x/crypto,v0.54.0,gobinary,CVE-2026-56855,HIGH,https://avd.aquasec.com/nvd/cve-2026-56855,usr/local/bin/rke2-cloud-provider,0.56.0,false,affected,severity_changed_due_to_suse_cvss_score
rancher/rke2-cloud-provider:v1.36.4-0.20260817193921-a2fc9574e060-build20260820,rancher/prime/v2.16-head,golang.org/x/crypto,v0.54.0,gobinary,CVE-2026-78662,HIGH,https://avd.aquasec.com/nvd/cve-2026-78662,usr/local/bin/rke2-cloud-provider,0.56.0,false,affected,severity_changed_due_to_suse_cvss_score
rancher/rke2-cloud-provider:v1.36.4-0.20260817193921-a2fc9574e060-build20260820,rancher/prime/v2.16-head,google.golang.org/grpc,v1.82.1,gobinary,CVE-2026-84304,HIGH,https://avd.aquasec.com/nvd/cve-2026-84304,usr/local/bin/rke2-cloud-provider,1.83.1,false,affected,
rancher/rke2-cloud-provider:v1.36.4-0.20260817193921-a2fc9574e060-build20260820,rancher/prime/v2.16-head,google.golang.org/grpc,v1.82.1,gobinary,CVE-2026-84445,HIGH,https://avd.aquasec.com/nvd/cve-2026-84445,usr/local/bin/rke2-cloud-provider,"1.82.2, 1.83.2, 1.84.0-dev.0.20260825144003-d5a41119e0e3, 1.85.0-dev.0.20260825072537-93e31b48545e",false,affected,
rancher/rke2-runtime:v1.35.8-rke2r1,rancher/prime/v2.16-head,github.com/docker/cli,v29.1.5+incompatible,gobinary,CVE-2025-15558,HIGH,https://avd.aquasec.com/nvd/cve-2025-15558,bin/containerd,29.2.0,false,not_affected,vulnerable_code_not_present
rancher/rke2-runtime:v1.35.8-rke2r1,rancher/prime/v2.16-head,github.com/buger/jsonparser,v1.1.1,gobinary,CVE-2026-32285,HIGH,https://avd.aquasec.com/nvd/cve-2026-32285,bin/crictl,1.1.2,false,not_affected,vulnerable_code_not_in_execute_path
rancher/rke2-runtime:v1.35.8-rke2r1,rancher/prime/v2.16-head,github.com/docker/docker,v27.1.1+incompatible,gobinary,CVE-2026-33997,MEDIUM,https://avd.aquasec.com/nvd/cve-2026-33997,bin/crictl,29.3.1,false,not_affected,vulnerable_code_not_in_execute_path
rancher/rke2-runtime:v1.35.8-rke2r1,rancher/prime/v2.16-head,github.com/docker/docker,v27.3.1+incompatible,gobinary,CVE-2026-33997,MEDIUM,https://avd.aquasec.com/nvd/cve-2026-33997,bin/containerd,29.3.1,false,not_affected,vulnerable_code_not_in_execute_path
rancher/rke2-runtime:v1.35.8-rke2r1,rancher/prime/v2.16-head,github.com/docker/docker,v27.1.1+incompatible,gobinary,CVE-2026-41567,HIGH,https://avd.aquasec.com/nvd/cve-2026-41567,bin/crictl,,false,not_affected,vulnerable_code_not_present
rancher/rke2-runtime:v1.35.8-rke2r1,rancher/prime/v2.16-head,github.com/docker/docker,v27.3.1+incompatible,gobinary,CVE-2026-41567,HIGH,https://avd.aquasec.com/nvd/cve-2026-41567,bin/containerd,,false,not_affected,vulnerable_code_not_present
rancher/rke2-runtime:v1.35.8-rke2r1,rancher/prime/v2.16-head,github.com/docker/docker,v27.1.1+incompatible,gobinary,CVE-2026-41568,MEDIUM,https://avd.aquasec.com/nvd/cve-2026-41568,bin/crictl,,false,not_affected,vulnerable_code_not_present
rancher/rke2-runtime:v1.35.8-rke2r1,rancher/prime/v2.16-head,github.com/docker/docker,v27.3.1+incompatible,gobinary,CVE-2026-41568,MEDIUM,https://avd.aquasec.com/nvd/cve-2026-41568,bin/containerd,,false,not_affected,vulnerable_code_not_present
rancher/rke2-runtime:v1.35.8-rke2r1,rancher/prime/v2.16-head,github.com/docker/docker,v27.1.1+incompatible,gobinary,CVE-2026-42306,HIGH,https://avd.aquasec.com/nvd/cve-2026-42306,bin/crictl,,false,not_affected,vulnerable_code_not_present
rancher/rke2-runtime:v1.35.8-rke2r1,rancher/prime/v2.16-head,github.com/docker/docker,v27.3.1+incompatible,gobinary,CVE-2026-42306,HIGH,https://avd.aquasec.com/nvd/cve-2026-42306,bin/containerd,,false,not_affected,vulnerable_code_not_present
rancher/rke2-runtime:v1.35.8-rke2r1,rancher/prime/v2.16-head,golang.org/x/net,v0.55.0,gobinary,CVE-2026-46600,HIGH,https://avd.aquasec.com/nvd/cve-2026-46600,bin/containerd,0.56.0,false,not_affected,vulnerable_code_not_present
rancher/rke2-runtime:v1.35.8-rke2r1,rancher/prime/v2.16-head,golang.org/x/net,v0.55.0,gobinary,CVE-2026-46600,HIGH,https://avd.aquasec.com/nvd/cve-2026-46600,bin/containerd-shim-runc-v2,0.56.0,false,not_affected,vulnerable_code_not_present
rancher/rke2-runtime:v1.35.8-rke2r1,rancher/prime/v2.16-head,golang.org/x/net,v0.55.0,gobinary,CVE-2026-46600,HIGH,https://avd.aquasec.com/nvd/cve-2026-46600,bin/crictl,0.56.0,false,not_affected,vulnerable_code_not_present
rancher/rke2-runtime:v1.35.8-rke2r1,rancher/prime/v2.16-head,golang.org/x/net,v0.55.0,gobinary,CVE-2026-46600,HIGH,https://avd.aquasec.com/nvd/cve-2026-46600,bin/ctr,0.56.0,false,not_affected,vulnerable_code_not_present
rancher/rke2-runtime:v1.35.8-rke2r1,rancher/prime/v2.16-head,golang.org/x/text,v0.38.0,gobinary,CVE-2026-56852,HIGH,https://avd.aquasec.com/nvd/cve-2026-56852,bin/containerd,0.39.0,false,not_affected,vulnerable_code_not_in_execute_path
rancher/rke2-runtime:v1.35.8-rke2r1,rancher/prime/v2.16-head,golang.org/x/text,v0.38.0,gobinary,CVE-2026-56852,HIGH,https://avd.aquasec.com/nvd/cve-2026-56852,bin/containerd-shim-runc-v2,0.39.0,false,not_affected,vulnerable_code_not_in_execute_path
rancher/rke2-runtime:v1.35.8-rke2r1,rancher/prime/v2.16-head,golang.org/x/text,v0.38.0,gobinary,CVE-2026-56852,HIGH,https://avd.aquasec.com/nvd/cve-2026-56852,bin/ctr,0.39.0,false,not_affected,vulnerable_code_not_in_execute_path
rancher/rke2-runtime:v1.35.8-rke2r1,rancher/prime/v2.16-head,golang.org/x/crypto,v0.53.0,gobinary,CVE-2026-56854,HIGH,https://avd.aquasec.com/nvd/cve-2026-56854,bin/containerd,0.55.0,false,not_affected,vulnerable_code_not_present
rancher/rke2-runtime:v1.35.8-rke2r1,rancher/prime/v2.16-head,golang.org/x/crypto,v0.53.0,gobinary,CVE-2026-56854,HIGH,https://avd.aquasec.com/nvd/cve-2026-56854,bin/kubelet,0.55.0,false,not_affected,vulnerable_code_not_in_execute_path
rancher/rke2-runtime:v1.35.8-rke2r1,rancher/prime/v2.16-head,golang.org/x/crypto,v0.53.0,gobinary,CVE-2026-56855,MEDIUM,https://avd.aquasec.com/nvd/cve-2026-56855,bin/containerd,0.56.0,false,not_affected,vulnerable_code_not_present
rancher/rke2-runtime:v1.35.8-rke2r1,rancher/prime/v2.16-head,golang.org/x/crypto,v0.53.0,gobinary,CVE-2026-56855,MEDIUM,https://avd.aquasec.com/nvd/cve-2026-56855,bin/kubelet,0.56.0,false,not_affected,vulnerable_code_not_present
rancher/rke2-runtime:v1.35.8-rke2r1,rancher/prime/v2.16-head,golang.org/x/mod,v0.36.0,gobinary,CVE-2026-56864,HIGH,https://avd.aquasec.com/nvd/cve-2026-56864,bin/containerd,0.40.0,false,not_affected,vulnerable_code_not_present
rancher/rke2-runtime:v1.35.8-rke2r1,rancher/prime/v2.16-head,golang.org/x/mod,v0.36.0,gobinary,CVE-2026-56864,HIGH,https://avd.aquasec.com/nvd/cve-2026-56864,bin/ctr,0.40.0,false,not_affected,vulnerable_code_not_present
rancher/rke2-runtime:v1.35.8-rke2r1,rancher/prime/v2.16-head,golang.org/x/mod,v0.35.0,gobinary,CVE-2026-56865,HIGH,https://avd.aquasec.com/nvd/cve-2026-56865,bin/crictl,0.40.0,false,affected,
rancher/rke2-runtime:v1.35.8-rke2r1,rancher/prime/v2.16-head,golang.org/x/mod,v0.36.0,gobinary,CVE-2026-56865,HIGH,https://avd.aquasec.com/nvd/cve-2026-56865,bin/containerd,0.40.0,false,not_affected,vulnerable_code_not_present
rancher/rke2-runtime:v1.35.8-rke2r1,rancher/prime/v2.16-head,golang.org/x/mod,v0.36.0,gobinary,CVE-2026-56865,HIGH,https://avd.aquasec.com/nvd/cve-2026-56865,bin/ctr,0.40.0,false,not_affected,vulnerable_code_not_present
rancher/rke2-runtime:v1.35.8-rke2r1,rancher/prime/v2.16-head,golang.org/x/crypto,v0.53.0,gobinary,CVE-2026-78662,MEDIUM,https://avd.aquasec.com/nvd/cve-2026-78662,bin/containerd,0.56.0,false,not_affected,vulnerable_code_not_present
rancher/rke2-runtime:v1.35.8-rke2r1,rancher/prime/v2.16-head,golang.org/x/crypto,v0.53.0,gobinary,CVE-2026-78662,MEDIUM,https://avd.aquasec.com/nvd/cve-2026-78662,bin/kubelet,0.56.0,false,not_affected,vulnerable_code_not_present
rancher/rke2-runtime:v1.35.8-rke2r1,rancher/prime/v2.16-head,google.golang.org/grpc,v1.82.1,gobinary,CVE-2026-84303,MEDIUM,https://avd.aquasec.com/nvd/cve-2026-84303,bin/containerd,1.83.1,false,not_affected,vulnerable_code_not_present
rancher/rke2-runtime:v1.35.8-rke2r1,rancher/prime/v2.16-head,google.golang.org/grpc,v1.82.1,gobinary,CVE-2026-84303,MEDIUM,https://avd.aquasec.com/nvd/cve-2026-84303,bin/containerd-shim-runc-v2,1.83.1,false,not_affected,vulnerable_code_not_present
rancher/rke2-runtime:v1.35.8-rke2r1,rancher/prime/v2.16-head,google.golang.org/grpc,v1.82.1,gobinary,CVE-2026-84303,MEDIUM,https://avd.aquasec.com/nvd/cve-2026-84303,bin/ctr,1.83.1,false,not_affected,vulnerable_code_not_present
rancher/rke2-runtime:v1.35.8-rke2r1,rancher/prime/v2.16-head,google.golang.org/grpc,v1.82.1,gobinary,CVE-2026-84303,MEDIUM,https://avd.aquasec.com/nvd/cve-2026-84303,bin/kubelet,1.83.1,false,not_affected,vulnerable_code_not_present
rancher/rke2-runtime:v1.35.8-rke2r1,rancher/prime/v2.16-head,google.golang.org/grpc,v1.82.1,gobinary,CVE-2026-84304,HIGH,https://avd.aquasec.com/nvd/cve-2026-84304,bin/containerd,1.83.1,false,affected,
rancher/rke2-runtime:v1.35.8-rke2r1,rancher/prime/v2.16-head,google.golang.org/grpc,v1.82.1,gobinary,CVE-2026-84304,HIGH,https://avd.aquasec.com/nvd/cve-2026-84304,bin/containerd-shim-runc-v2,1.83.1,false,affected,
rancher/rke2-runtime:v1.35.8-rke2r1,rancher/prime/v2.16-head,google.golang.org/grpc,v1.82.1,gobinary,CVE-2026-84304,HIGH,https://avd.aquasec.com/nvd/cve-2026-84304,bin/crictl,1.83.1,false,affected,
rancher/rke2-runtime:v1.35.8-rke2r1,rancher/prime/v2.16-head,google.golang.org/grpc,v1.82.1,gobinary,CVE-2026-84304,HIGH,https://avd.aquasec.com/nvd/cve-2026-84304,bin/ctr,1.83.1,false,affected,
rancher/rke2-runtime:v1.35.8-rke2r1,rancher/prime/v2.16-head,google.golang.org/grpc,v1.82.1,gobinary,CVE-2026-84304,HIGH,https://avd.aquasec.com/nvd/cve-2026-84304,bin/kubelet,1.83.1,false,affected,
rancher/rke2-runtime:v1.35.8-rke2r1,rancher/prime/v2.16-head,google.golang.org/grpc,v1.82.1,gobinary,CVE-2026-84445,HIGH,https://avd.aquasec.com/nvd/cve-2026-84445,bin/containerd,"1.82.2, 1.83.2, 1.84.0-dev.0.20260825144003-d5a41119e0e3, 1.85.0-dev.0.20260825072537-93e31b48545e",false,affected,
rancher/rke2-runtime:v1.35.8-rke2r1,rancher/prime/v2.16-head,google.golang.org/grpc,v1.82.1,gobinary,CVE-2026-84445,HIGH,https://avd.aquasec.com/nvd/cve-2026-84445,bin/containerd-shim-runc-v2,"1.82.2, 1.83.2, 1.84.0-dev.0.20260825144003-d5a41119e0e3, 1.85.0-dev.0.20260825072537-93e31b48545e",false,affected,
rancher/rke2-runtime:v1.35.8-rke2r1,rancher/prime/v2.16-head,google.golang.org/grpc,v1.82.1,gobinary,CVE-2026-84445,HIGH,https://avd.aquasec.com/nvd/cve-2026-84445,bin/crictl,"1.82.2, 1.83.2, 1.84.0-dev.0.20260825144003-d5a41119e0e3, 1.85.0-dev.0.20260825072537-93e31b48545e",false,affected,
rancher/rke2-runtime:v1.35.8-rke2r1,rancher/prime/v2.16-head,google.golang.org/grpc,v1.82.1,gobinary,CVE-2026-84445,HIGH,https://avd.aquasec.com/nvd/cve-2026-84445,bin/ctr,"1.82.2, 1.83.2, 1.84.0-dev.0.20260825144003-d5a41119e0e3, 1.85.0-dev.0.20260825072537-93e31b48545e",false,affected,
rancher/rke2-runtime:v1.35.8-rke2r1,rancher/prime/v2.16-head,google.golang.org/grpc,v1.82.1,gobinary,CVE-2026-84445,HIGH,https://avd.aquasec.com/nvd/cve-2026-84445,bin/kubelet,"1.82.2, 1.83.2, 1.84.0-dev.0.20260825144003-d5a41119e0e3, 1.85.0-dev.0.20260825072537-93e31b48545e",false,affected,
rancher/rke2-runtime:v1.36.4-rke2r1,rancher/prime/v2.16-head,github.com/docker/docker,v27.1.1+incompatible,gobinary,CVE-2026-33997,MEDIUM,https://avd.aquasec.com/nvd/cve-2026-33997,bin/crictl,29.3.1,false,not_affected,vulnerable_code_not_in_execute_path
rancher/rke2-runtime:v1.36.4-rke2r1,rancher/prime/v2.16-head,github.com/docker/docker,v27.3.1+incompatible,gobinary,CVE-2026-33997,MEDIUM,https://avd.aquasec.com/nvd/cve-2026-33997,bin/containerd,29.3.1,false,not_affected,vulnerable_code_not_in_execute_path
rancher/rke2-runtime:v1.36.4-rke2r1,rancher/prime/v2.16-head,github.com/docker/docker,v27.1.1+incompatible,gobinary,CVE-2026-41567,HIGH,https://avd.aquasec.com/nvd/cve-2026-41567,bin/crictl,,false,not_affected,vulnerable_code_not_present
rancher/rke2-runtime:v1.36.4-rke2r1,rancher/prime/v2.16-head,github.com/docker/docker,v27.3.1+incompatible,gobinary,CVE-2026-41567,HIGH,https://avd.aquasec.com/nvd/cve-2026-41567,bin/containerd,,false,not_affected,vulnerable_code_not_present
rancher/rke2-runtime:v1.36.4-rke2r1,rancher/prime/v2.16-head,github.com/docker/docker,v27.1.1+incompatible,gobinary,CVE-2026-41568,MEDIUM,https://avd.aquasec.com/nvd/cve-2026-41568,bin/crictl,,false,not_affected,vulnerable_code_not_present
rancher/rke2-runtime:v1.36.4-rke2r1,rancher/prime/v2.16-head,github.com/docker/docker,v27.3.1+incompatible,gobinary,CVE-2026-41568,MEDIUM,https://avd.aquasec.com/nvd/cve-2026-41568,bin/containerd,,false,not_affected,vulnerable_code_not_present
rancher/rke2-runtime:v1.36.4-rke2r1,rancher/prime/v2.16-head,github.com/docker/docker,v27.1.1+incompatible,gobinary,CVE-2026-42306,HIGH,https://avd.aquasec.com/nvd/cve-2026-42306,bin/crictl,,false,not_affected,vulnerable_code_not_present
rancher/rke2-runtime:v1.36.4-rke2r1,rancher/prime/v2.16-head,github.com/docker/docker,v27.3.1+incompatible,gobinary,CVE-2026-42306,HIGH,https://avd.aquasec.com/nvd/cve-2026-42306,bin/containerd,,false,not_affected,vulnerable_code_not_present
rancher/rke2-runtime:v1.36.4-rke2r1,rancher/prime/v2.16-head,golang.org/x/net,v0.55.0,gobinary,CVE-2026-46600,HIGH,https://avd.aquasec.com/nvd/cve-2026-46600,bin/containerd,0.56.0,false,not_affected,vulnerable_code_not_present
rancher/rke2-runtime:v1.36.4-rke2r1,rancher/prime/v2.16-head,golang.org/x/net,v0.55.0,gobinary,CVE-2026-46600,HIGH,https://avd.aquasec.com/nvd/cve-2026-46600,bin/containerd-shim-runc-v2,0.56.0,false,not_affected,vulnerable_code_not_present
rancher/rke2-runtime:v1.36.4-rke2r1,rancher/prime/v2.16-head,golang.org/x/net,v0.55.0,gobinary,CVE-2026-46600,HIGH,https://avd.aquasec.com/nvd/cve-2026-46600,bin/crictl,0.56.0,false,not_affected,vulnerable_code_not_present
rancher/rke2-runtime:v1.36.4-rke2r1,rancher/prime/v2.16-head,golang.org/x/net,v0.55.0,gobinary,CVE-2026-46600,HIGH,https://avd.aquasec.com/nvd/cve-2026-46600,bin/ctr,0.56.0,false,not_affected,vulnerable_code_not_present
rancher/rke2-runtime:v1.36.4-rke2r1,rancher/prime/v2.16-head,golang.org/x/text,v0.38.0,gobinary,CVE-2026-56852,HIGH,https://avd.aquasec.com/nvd/cve-2026-56852,bin/containerd,0.39.0,false,not_affected,vulnerable_code_not_in_execute_path
rancher/rke2-runtime:v1.36.4-rke2r1,rancher/prime/v2.16-head,golang.org/x/text,v0.38.0,gobinary,CVE-2026-56852,HIGH,https://avd.aquasec.com/nvd/cve-2026-56852,bin/containerd-shim-runc-v2,0.39.0,false,not_affected,vulnerable_code_not_in_execute_path
rancher/rke2-runtime:v1.36.4-rke2r1,rancher/prime/v2.16-head,golang.org/x/text,v0.38.0,gobinary,CVE-2026-56852,HIGH,https://avd.aquasec.com/nvd/cve-2026-56852,bin/ctr,0.39.0,false,not_affected,vulnerable_code_not_in_execute_path
rancher/rke2-runtime:v1.36.4-rke2r1,rancher/prime/v2.16-head,golang.org/x/crypto,v0.53.0,gobinary,CVE-2026-56854,HIGH,https://avd.aquasec.com/nvd/cve-2026-56854,bin/containerd,0.55.0,false,not_affected,vulnerable_code_not_present
rancher/rke2-runtime:v1.36.4-rke2r1,rancher/prime/v2.16-head,golang.org/x/crypto,v0.53.0,gobinary,CVE-2026-56854,HIGH,https://avd.aquasec.com/nvd/cve-2026-56854,bin/kubelet,0.55.0,false,not_affected,vulnerable_code_not_in_execute_path
rancher/rke2-runtime:v1.36.4-rke2r1,rancher/prime/v2.16-head,golang.org/x/crypto,v0.53.0,gobinary,CVE-2026-56855,MEDIUM,https://avd.aquasec.com/nvd/cve-2026-56855,bin/containerd,0.56.0,false,not_affected,vulnerable_code_not_present
rancher/rke2-runtime:v1.36.4-rke2r1,rancher/prime/v2.16-head,golang.org/x/crypto,v0.53.0,gobinary,CVE-2026-56855,MEDIUM,https://avd.aquasec.com/nvd/cve-2026-56855,bin/kubelet,0.56.0,false,not_affected,vulnerable_code_not_present
rancher/rke2-runtime:v1.36.4-rke2r1,rancher/prime/v2.16-head,golang.org/x/mod,v0.36.0,gobinary,CVE-2026-56864,HIGH,https://avd.aquasec.com/nvd/cve-2026-56864,bin/containerd,0.40.0,false,not_affected,vulnerable_code_not_present
rancher/rke2-runtime:v1.36.4-rke2r1,rancher/prime/v2.16-head,golang.org/x/mod,v0.36.0,gobinary,CVE-2026-56864,HIGH,https://avd.aquasec.com/nvd/cve-2026-56864,bin/ctr,0.40.0,false,not_affected,vulnerable_code_not_present
rancher/rke2-runtime:v1.36.4-rke2r1,rancher/prime/v2.16-head,golang.org/x/mod,v0.35.0,gobinary,CVE-2026-56865,HIGH,https://avd.aquasec.com/nvd/cve-2026-56865,bin/crictl,0.40.0,false,affected,
rancher/rke2-runtime:v1.36.4-rke2r1,rancher/prime/v2.16-head,golang.org/x/mod,v0.36.0,gobinary,CVE-2026-56865,HIGH,https://avd.aquasec.com/nvd/cve-2026-56865,bin/containerd,0.40.0,false,not_affected,vulnerable_code_not_present
rancher/rke2-runtime:v1.36.4-rke2r1,rancher/prime/v2.16-head,golang.org/x/mod,v0.36.0,gobinary,CVE-2026-56865,HIGH,https://avd.aquasec.com/nvd/cve-2026-56865,bin/ctr,0.40.0,false,not_affected,vulnerable_code_not_present
rancher/rke2-runtime:v1.36.4-rke2r1,rancher/prime/v2.16-head,golang.org/x/crypto,v0.53.0,gobinary,CVE-2026-78662,MEDIUM,https://avd.aquasec.com/nvd/cve-2026-78662,bin/containerd,0.56.0,false,not_affected,vulnerable_code_not_present
rancher/rke2-runtime:v1.36.4-rke2r1,rancher/prime/v2.16-head,golang.org/x/crypto,v0.53.0,gobinary,CVE-2026-78662,MEDIUM,https://avd.aquasec.com/nvd/cve-2026-78662,bin/kubelet,0.56.0,false,not_affected,vulnerable_code_not_present
rancher/rke2-runtime:v1.36.4-rke2r1,rancher/prime/v2.16-head,google.golang.org/grpc,v1.82.1,gobinary,CVE-2026-84303,MEDIUM,https://avd.aquasec.com/nvd/cve-2026-84303,bin/containerd,1.83.1,false,not_affected,vulnerable_code_not_present
rancher/rke2-runtime:v1.36.4-rke2r1,rancher/prime/v2.16-head,google.golang.org/grpc,v1.82.1,gobinary,CVE-2026-84303,MEDIUM,https://avd.aquasec.com/nvd/cve-2026-84303,bin/containerd-shim-runc-v2,1.83.1,false,not_affected,vulnerable_code_not_present
rancher/rke2-runtime:v1.36.4-rke2r1,rancher/prime/v2.16-head,google.golang.org/grpc,v1.82.1,gobinary,CVE-2026-84303,MEDIUM,https://avd.aquasec.com/nvd/cve-2026-84303,bin/ctr,1.83.1,false,not_affected,vulnerable_code_not_present
rancher/rke2-runtime:v1.36.4-rke2r1,rancher/prime/v2.16-head,google.golang.org/grpc,v1.82.1,gobinary,CVE-2026-84303,MEDIUM,https://avd.aquasec.com/nvd/cve-2026-84303,bin/kubelet,1.83.1,false,not_affected,vulnerable_code_not_present
rancher/rke2-runtime:v1.36.4-rke2r1,rancher/prime/v2.16-head,google.golang.org/grpc,v1.82.1,gobinary,CVE-2026-84304,HIGH,https://avd.aquasec.com/nvd/cve-2026-84304,bin/containerd,1.83.1,false,affected,
rancher/rke2-runtime:v1.36.4-rke2r1,rancher/prime/v2.16-head,google.golang.org/grpc,v1.82.1,gobinary,CVE-2026-84304,HIGH,https://avd.aquasec.com/nvd/cve-2026-84304,bin/containerd-shim-runc-v2,1.83.1,false,affected,
rancher/rke2-runtime:v1.36.4-rke2r1,rancher/prime/v2.16-head,google.golang.org/grpc,v1.82.1,gobinary,CVE-2026-84304,HIGH,https://avd.aquasec.com/nvd/cve-2026-84304,bin/crictl,1.83.1,false,affected,
rancher/rke2-runtime:v1.36.4-rke2r1,rancher/prime/v2.16-head,google.golang.org/grpc,v1.82.1,gobinary,CVE-2026-84304,HIGH,https://avd.aquasec.com/nvd/cve-2026-84304,bin/ctr,1.83.1,false,affected,
rancher/rke2-runtime:v1.36.4-rke2r1,rancher/prime/v2.16-head,google.golang.org/grpc,v1.82.1,gobinary,CVE-2026-84304,HIGH,https://avd.aquasec.com/nvd/cve-2026-84304,bin/kubelet,1.83.1,false,affected,
rancher/rke2-runtime:v1.36.4-rke2r1,rancher/prime/v2.16-head,google.golang.org/grpc,v1.82.1,gobinary,CVE-2026-84445,HIGH,https://avd.aquasec.com/nvd/cve-2026-84445,bin/containerd,"1.82.2, 1.83.2, 1.84.0-dev.0.20260825144003-d5a41119e0e3, 1.85.0-dev.0.20260825072537-93e31b48545e",false,affected,
rancher/rke2-runtime:v1.36.4-rke2r1,rancher/prime/v2.16-head,google.golang.org/grpc,v1.82.1,gobinary,CVE-2026-84445,HIGH,https://avd.aquasec.com/nvd/cve-2026-84445,bin/containerd-shim-runc-v2,"1.82.2, 1.83.2, 1.84.0-dev.0.20260825144003-d5a41119e0e3, 1.85.0-dev.0.20260825072537-93e31b48545e",false,affected,
rancher/rke2-runtime:v1.36.4-rke2r1,rancher/prime/v2.16-head,google.golang.org/grpc,v1.82.1,gobinary,CVE-2026-84445,HIGH,https://avd.aquasec.com/nvd/cve-2026-84445,bin/crictl,"1.82.2, 1.83.2, 1.84.0-dev.0.20260825144003-d5a41119e0e3, 1.85.0-dev.0.20260825072537-93e31b48545e",false,affected,
rancher/rke2-runtime:v1.36.4-rke2r1,rancher/prime/v2.16-head,google.golang.org/grpc,v1.82.1,gobinary,CVE-2026-84445,HIGH,https://avd.aquasec.com/nvd/cve-2026-84445,bin/ctr,"1.82.2, 1.83.2, 1.84.0-dev.0.20260825144003-d5a41119e0e3, 1.85.0-dev.0.20260825072537-93e31b48545e",false,affected,
rancher/rke2-runtime:v1.36.4-rke2r1,rancher/prime/v2.16-head,google.golang.org/grpc,v1.82.1,gobinary,CVE-2026-84445,HIGH,https://avd.aquasec.com/nvd/cve-2026-84445,bin/kubelet,"1.82.2, 1.83.2, 1.84.0-dev.0.20260825144003-d5a41119e0e3, 1.85.0-dev.0.20260825072537-93e31b48545e",false,affected,
rancher/rke2-runtime:v1.37.0-rke2r1,rancher/prime/v2.16-head,github.com/docker/docker,v27.3.1+incompatible,gobinary,CVE-2026-33997,MEDIUM,https://avd.aquasec.com/nvd/cve-2026-33997,bin/containerd,29.3.1,false,not_affected,vulnerable_code_not_in_execute_path
rancher/rke2-runtime:v1.37.0-rke2r1,rancher/prime/v2.16-head,github.com/docker/docker,v27.3.1+incompatible,gobinary,CVE-2026-41567,HIGH,https://avd.aquasec.com/nvd/cve-2026-41567,bin/containerd,,false,not_affected,vulnerable_code_not_present
rancher/rke2-runtime:v1.37.0-rke2r1,rancher/prime/v2.16-head,github.com/docker/docker,v27.3.1+incompatible,gobinary,CVE-2026-41568,MEDIUM,https://avd.aquasec.com/nvd/cve-2026-41568,bin/containerd,,false,not_affected,vulnerable_code_not_present
rancher/rke2-runtime:v1.37.0-rke2r1,rancher/prime/v2.16-head,github.com/docker/docker,v27.3.1+incompatible,gobinary,CVE-2026-42306,HIGH,https://avd.aquasec.com/nvd/cve-2026-42306,bin/containerd,,false,not_affected,vulnerable_code_not_present
rancher/rke2-runtime:v1.37.0-rke2r1,rancher/prime/v2.16-head,golang.org/x/net,v0.55.0,gobinary,CVE-2026-46600,HIGH,https://avd.aquasec.com/nvd/cve-2026-46600,bin/crictl,0.56.0,false,not_affected,vulnerable_code_not_present
rancher/rke2-runtime:v1.37.0-rke2r1,rancher/prime/v2.16-head,golang.org/x/crypto,v0.55.0,gobinary,CVE-2026-56855,HIGH,https://avd.aquasec.com/nvd/cve-2026-56855,bin/containerd,0.56.0,false,affected,severity_changed_due_to_suse_cvss_score
rancher/rke2-runtime:v1.37.0-rke2r1,rancher/prime/v2.16-head,golang.org/x/crypto,v0.55.0,gobinary,CVE-2026-56855,MEDIUM,https://avd.aquasec.com/nvd/cve-2026-56855,bin/kubelet,0.56.0,false,not_affected,vulnerable_code_not_present
rancher/rke2-runtime:v1.37.0-rke2r1,rancher/prime/v2.16-head,golang.org/x/mod,v0.37.0,gobinary,CVE-2026-56864,HIGH,https://avd.aquasec.com/nvd/cve-2026-56864,bin/containerd,0.40.0,false,not_affected,vulnerable_code_not_present
rancher/rke2-runtime:v1.37.0-rke2r1,rancher/prime/v2.16-head,golang.org/x/mod,v0.37.0,gobinary,CVE-2026-56864,HIGH,https://avd.aquasec.com/nvd/cve-2026-56864,bin/ctr,0.40.0,false,not_affected,vulnerable_code_not_present
rancher/rke2-runtime:v1.37.0-rke2r1,rancher/prime/v2.16-head,golang.org/x/mod,v0.38.0,gobinary,CVE-2026-56864,HIGH,https://avd.aquasec.com/nvd/cve-2026-56864,bin/crictl,0.40.0,false,not_affected,vulnerable_code_not_present
rancher/rke2-runtime:v1.37.0-rke2r1,rancher/prime/v2.16-head,golang.org/x/mod,v0.37.0,gobinary,CVE-2026-56865,HIGH,https://avd.aquasec.com/nvd/cve-2026-56865,bin/containerd,0.40.0,false,not_affected,vulnerable_code_not_present
rancher/rke2-runtime:v1.37.0-rke2r1,rancher/prime/v2.16-head,golang.org/x/mod,v0.37.0,gobinary,CVE-2026-56865,HIGH,https://avd.aquasec.com/nvd/cve-2026-56865,bin/ctr,0.40.0,false,not_affected,vulnerable_code_not_present
rancher/rke2-runtime:v1.37.0-rke2r1,rancher/prime/v2.16-head,golang.org/x/mod,v0.38.0,gobinary,CVE-2026-56865,HIGH,https://avd.aquasec.com/nvd/cve-2026-56865,bin/crictl,0.40.0,false,not_affected,vulnerable_code_not_present
rancher/rke2-runtime:v1.37.0-rke2r1,rancher/prime/v2.16-head,golang.org/x/crypto,v0.55.0,gobinary,CVE-2026-78662,HIGH,https://avd.aquasec.com/nvd/cve-2026-78662,bin/containerd,0.56.0,false,affected,severity_changed_due_to_suse_cvss_score
rancher/rke2-runtime:v1.37.0-rke2r1,rancher/prime/v2.16-head,golang.org/x/crypto,v0.55.0,gobinary,CVE-2026-78662,MEDIUM,https://avd.aquasec.com/nvd/cve-2026-78662,bin/kubelet,0.56.0,false,not_affected,vulnerable_code_not_present
rancher/rke2-upgrade:v1.35.8-rke2r1,rancher/prime/v2.16-head,libcrypto3,3.5.7-r0,alpine,CVE-2026-14456,HIGH,https://avd.aquasec.com/nvd/cve-2026-14456,rancher/rke2-upgrade:v1.35.8-rke2r1 (alpine 3.23.5),3.5.8-r0,false,affected,
rancher/rke2-upgrade:v1.35.8-rke2r1,rancher/prime/v2.16-head,libssl3,3.5.7-r0,alpine,CVE-2026-14456,HIGH,https://avd.aquasec.com/nvd/cve-2026-14456,rancher/rke2-upgrade:v1.35.8-rke2r1 (alpine 3.23.5),3.5.8-r0,false,affected,
rancher/rke2-upgrade:v1.35.8-rke2r1,rancher/prime/v2.16-head,jq,1.8.1-r0,alpine,CVE-2026-32316,HIGH,https://avd.aquasec.com/nvd/cve-2026-32316,rancher/rke2-upgrade:v1.35.8-rke2r1 (alpine 3.23.5),1.8.2-r0,false,affected,
rancher/rke2-upgrade:v1.35.8-rke2r1,rancher/prime/v2.16-head,google.golang.org/grpc,v1.72.2,gobinary,CVE-2026-33186,HIGH,https://avd.aquasec.com/nvd/cve-2026-33186,opt/rke2,1.79.3,false,affected,severity_changed_due_to_suse_cvss_score
rancher/rke2-upgrade:v1.35.8-rke2r1,rancher/prime/v2.16-head,stdlib,v1.26.5,gobinary,CVE-2026-33818,HIGH,https://avd.aquasec.com/nvd/cve-2026-33818,usr/local/bin/kubectl,"1.25.13, 1.26.6, 1.27.0-rc.3",false,not_affected,vulnerable_code_not_in_execute_path
rancher/rke2-upgrade:v1.35.8-rke2r1,rancher/prime/v2.16-head,github.com/docker/docker,v25.0.15-0.20260325154711-d2dbc0547253+incompatible,gobinary,CVE-2026-33997,HIGH,https://avd.aquasec.com/nvd/cve-2026-33997,opt/rke2,29.3.1,false,affected,severity_changed_due_to_suse_cvss_score
rancher/rke2-upgrade:v1.35.8-rke2r1,rancher/prime/v2.16-head,stdlib,v1.26.5,gobinary,CVE-2026-39821,HIGH,https://avd.aquasec.com/nvd/cve-2026-39821,usr/local/bin/kubectl,"1.25.13, 1.26.6, 1.27.0-rc.3",false,not_affected,vulnerable_code_not_in_execute_path
rancher/rke2-upgrade:v1.35.8-rke2r1,rancher/prime/v2.16-head,golang.org/x/crypto,v0.47.0,gobinary,CVE-2026-39827,MEDIUM,https://avd.aquasec.com/nvd/cve-2026-39827,opt/rke2,0.52.0,false,not_affected,vulnerable_code_not_present
rancher/rke2-upgrade:v1.35.8-rke2r1,rancher/prime/v2.16-head,golang.org/x/crypto,v0.47.0,gobinary,CVE-2026-39828,HIGH,https://avd.aquasec.com/nvd/cve-2026-39828,opt/rke2,0.52.0,false,not_affected,vulnerable_code_not_present
rancher/rke2-upgrade:v1.35.8-rke2r1,rancher/prime/v2.16-head,golang.org/x/crypto,v0.47.0,gobinary,CVE-2026-39829,HIGH,https://avd.aquasec.com/nvd/cve-2026-39829,opt/rke2,0.52.0,false,not_affected,vulnerable_code_not_present
rancher/rke2-upgrade:v1.35.8-rke2r1,rancher/prime/v2.16-head,golang.org/x/crypto,v0.47.0,gobinary,CVE-2026-39830,HIGH,https://avd.aquasec.com/nvd/cve-2026-39830,opt/rke2,0.52.0,false,not_affected,vulnerable_code_not_present
rancher/rke2-upgrade:v1.35.8-rke2r1,rancher/prime/v2.16-head,golang.org/x/crypto,v0.47.0,gobinary,CVE-2026-39831,HIGH,https://avd.aquasec.com/nvd/cve-2026-39831,opt/rke2,0.52.0,false,not_affected,vulnerable_code_not_present
rancher/rke2-upgrade:v1.35.8-rke2r1,rancher/prime/v2.16-head,golang.org/x/crypto,v0.47.0,gobinary,CVE-2026-39832,HIGH,https://avd.aquasec.com/nvd/cve-2026-39832,opt/rke2,0.52.0,false,not_affected,vulnerable_code_not_present
rancher/rke2-upgrade:v1.35.8-rke2r1,rancher/prime/v2.16-head,golang.org/x/crypto,v0.47.0,gobinary,CVE-2026-39833,MEDIUM,https://avd.aquasec.com/nvd/cve-2026-39833,opt/rke2,0.52.0,false,not_affected,vulnerable_code_not_present
rancher/rke2-upgrade:v1.35.8-rke2r1,rancher/prime/v2.16-head,golang.org/x/crypto,v0.47.0,gobinary,CVE-2026-39834,MEDIUM,https://avd.aquasec.com/nvd/cve-2026-39834,opt/rke2,0.52.0,false,not_affected,vulnerable_code_not_present
rancher/rke2-upgrade:v1.35.8-rke2r1,rancher/prime/v2.16-head,golang.org/x/crypto,v0.47.0,gobinary,CVE-2026-39835,HIGH,https://avd.aquasec.com/nvd/cve-2026-39835,opt/rke2,0.52.0,false,not_affected,vulnerable_code_not_present
rancher/rke2-upgrade:v1.35.8-rke2r1,rancher/prime/v2.16-head,jq,1.8.1-r0,alpine,CVE-2026-40164,HIGH,https://avd.aquasec.com/nvd/cve-2026-40164,rancher/rke2-upgrade:v1.35.8-rke2r1 (alpine 3.23.5),1.8.2-r0,false,affected,
rancher/rke2-upgrade:v1.35.8-rke2r1,rancher/prime/v2.16-head,github.com/docker/docker,v25.0.15-0.20260325154711-d2dbc0547253+incompatible,gobinary,CVE-2026-41567,HIGH,https://avd.aquasec.com/nvd/cve-2026-41567,opt/rke2,,false,not_affected,vulnerable_code_not_present
rancher/rke2-upgrade:v1.35.8-rke2r1,rancher/prime/v2.16-head,github.com/docker/docker,v25.0.15-0.20260325154711-d2dbc0547253+incompatible,gobinary,CVE-2026-41568,MEDIUM,https://avd.aquasec.com/nvd/cve-2026-41568,opt/rke2,,false,not_affected,vulnerable_code_not_present
rancher/rke2-upgrade:v1.35.8-rke2r1,rancher/prime/v2.16-head,github.com/docker/docker,v25.0.15-0.20260325154711-d2dbc0547253+incompatible,gobinary,CVE-2026-42306,HIGH,https://avd.aquasec.com/nvd/cve-2026-42306,opt/rke2,,false,not_affected,vulnerable_code_not_present
rancher/rke2-upgrade:v1.35.8-rke2r1,rancher/prime/v2.16-head,golang.org/x/crypto,v0.47.0,gobinary,CVE-2026-42508,HIGH,https://avd.aquasec.com/nvd/cve-2026-42508,opt/rke2,0.52.0,false,not_affected,vulnerable_code_not_present
rancher/rke2-upgrade:v1.35.8-rke2r1,rancher/prime/v2.16-head,golang.org/x/crypto,v0.47.0,gobinary,CVE-2026-46595,HIGH,https://avd.aquasec.com/nvd/cve-2026-46595,opt/rke2,0.52.0,false,not_affected,vulnerable_code_not_present
rancher/rke2-upgrade:v1.35.8-rke2r1,rancher/prime/v2.16-head,golang.org/x/crypto,v0.47.0,gobinary,CVE-2026-46597,HIGH,https://avd.aquasec.com/nvd/cve-2026-46597,opt/rke2,0.52.0,false,not_affected,vulnerable_code_not_present
rancher/rke2-upgrade:v1.35.8-rke2r1,rancher/prime/v2.16-head,golang.org/x/crypto,v0.47.0,gobinary,CVE-2026-46598,MEDIUM,https://avd.aquasec.com/nvd/cve-2026-46598,opt/rke2,0.52.0,false,not_affected,vulnerable_code_not_present
rancher/rke2-upgrade:v1.35.8-rke2r1,rancher/prime/v2.16-head,golang.org/x/net,v0.55.0,gobinary,CVE-2026-46600,HIGH,https://avd.aquasec.com/nvd/cve-2026-46600,opt/rke2,0.56.0,false,not_affected,vulnerable_code_not_in_execute_path
rancher/rke2-upgrade:v1.35.8-rke2r1,rancher/prime/v2.16-head,stdlib,v1.26.5,gobinary,CVE-2026-46600,HIGH,https://avd.aquasec.com/nvd/cve-2026-46600,usr/local/bin/kubectl,"1.26.6, 1.27.0-rc.3",false,not_affected,vulnerable_code_not_in_execute_path
rancher/rke2-upgrade:v1.35.8-rke2r1,rancher/prime/v2.16-head,github.com/pion/stun/v3,v3.1.1,gobinary,CVE-2026-54909,MEDIUM,https://avd.aquasec.com/nvd/cve-2026-54909,opt/rke2,3.1.5,false,not_affected,vulnerable_code_not_in_execute_path
rancher/rke2-upgrade:v1.35.8-rke2r1,rancher/prime/v2.16-head,stdlib,v1.26.5,gobinary,CVE-2026-56853,HIGH,https://avd.aquasec.com/nvd/cve-2026-56853,usr/local/bin/kubectl,"1.25.13, 1.26.6, 1.27.0-rc.3",false,not_affected,vulnerable_code_not_in_execute_path
rancher/rke2-upgrade:v1.35.8-rke2r1,rancher/prime/v2.16-head,golang.org/x/crypto,v0.47.0,gobinary,CVE-2026-56854,HIGH,https://avd.aquasec.com/nvd/cve-2026-56854,opt/rke2,0.55.0,false,not_affected,vulnerable_code_not_present
rancher/rke2-upgrade:v1.35.8-rke2r1,rancher/prime/v2.16-head,golang.org/x/crypto,v0.47.0,gobinary,CVE-2026-56855,MEDIUM,https://avd.aquasec.com/nvd/cve-2026-56855,opt/rke2,0.56.0,false,not_affected,vulnerable_code_not_present
rancher/rke2-upgrade:v1.35.8-rke2r1,rancher/prime/v2.16-head,stdlib,v1.26.5,gobinary,CVE-2026-56858,HIGH,https://avd.aquasec.com/nvd/cve-2026-56858,usr/local/bin/kubectl,"1.25.13, 1.26.6, 1.27.0-rc.3",false,not_affected,vulnerable_code_not_in_execute_path
rancher/rke2-upgrade:v1.35.8-rke2r1,rancher/prime/v2.16-head,stdlib,v1.26.5,gobinary,CVE-2026-56859,HIGH,https://avd.aquasec.com/nvd/cve-2026-56859,usr/local/bin/kubectl,"1.25.13, 1.26.6, 1.27.0-rc.3",false,not_affected,vulnerable_code_not_in_execute_path
rancher/rke2-upgrade:v1.35.8-rke2r1,rancher/prime/v2.16-head,stdlib,v1.26.5,gobinary,CVE-2026-56860,HIGH,https://avd.aquasec.com/nvd/cve-2026-56860,usr/local/bin/kubectl,"1.25.13, 1.26.6, 1.27.0-rc.3",false,not_affected,vulnerable_code_not_in_execute_path
rancher/rke2-upgrade:v1.35.8-rke2r1,rancher/prime/v2.16-head,stdlib,v1.26.5,gobinary,CVE-2026-56862,HIGH,https://avd.aquasec.com/nvd/cve-2026-56862,usr/local/bin/kubectl,"1.25.13, 1.26.6, 1.27.0-rc.3",false,not_affected,vulnerable_code_not_in_execute_path
rancher/rke2-upgrade:v1.35.8-rke2r1,rancher/prime/v2.16-head,golang.org/x/crypto,v0.47.0,gobinary,CVE-2026-78662,MEDIUM,https://avd.aquasec.com/nvd/cve-2026-78662,opt/rke2,0.56.0,false,not_affected,vulnerable_code_not_present
rancher/rke2-upgrade:v1.35.8-rke2r1,rancher/prime/v2.16-head,google.golang.org/grpc,v1.72.2,gobinary,CVE-2026-84303,MEDIUM,https://avd.aquasec.com/nvd/cve-2026-84303,opt/rke2,1.83.1,false,not_affected,vulnerable_code_not_present
rancher/rke2-upgrade:v1.35.8-rke2r1,rancher/prime/v2.16-head,google.golang.org/grpc,v1.72.2,gobinary,CVE-2026-84304,HIGH,https://avd.aquasec.com/nvd/cve-2026-84304,opt/rke2,1.83.1,false,affected,
rancher/rke2-upgrade:v1.35.8-rke2r1,rancher/prime/v2.16-head,google.golang.org/grpc,v1.72.2,gobinary,CVE-2026-84445,HIGH,https://avd.aquasec.com/nvd/cve-2026-84445,opt/rke2,"1.82.2, 1.83.2, 1.84.0-dev.0.20260825144003-d5a41119e0e3, 1.85.0-dev.0.20260825072537-93e31b48545e",false,affected,
rancher/rke2-upgrade:v1.35.8-rke2r1,rancher/prime/v2.16-head,google.golang.org/grpc,v1.72.2,gobinary,GHSA-hrxh-6v49-42gf,HIGH,https://github.com/advisories/GHSA-hrxh-6v49-42gf,opt/rke2,1.82.1,false,affected,
rancher/rke2-upgrade:v1.36.4-rke2r1,rancher/prime/v2.16-head,libcrypto3,3.5.7-r0,alpine,CVE-2026-14456,HIGH,https://avd.aquasec.com/nvd/cve-2026-14456,rancher/rke2-upgrade:v1.36.4-rke2r1 (alpine 3.23.5),3.5.8-r0,false,affected,
rancher/rke2-upgrade:v1.36.4-rke2r1,rancher/prime/v2.16-head,libssl3,3.5.7-r0,alpine,CVE-2026-14456,HIGH,https://avd.aquasec.com/nvd/cve-2026-14456,rancher/rke2-upgrade:v1.36.4-rke2r1 (alpine 3.23.5),3.5.8-r0,false,affected,
rancher/rke2-upgrade:v1.36.4-rke2r1,rancher/prime/v2.16-head,jq,1.8.1-r0,alpine,CVE-2026-32316,HIGH,https://avd.aquasec.com/nvd/cve-2026-32316,rancher/rke2-upgrade:v1.36.4-rke2r1 (alpine 3.23.5),1.8.2-r0,false,affected,
rancher/rke2-upgrade:v1.36.4-rke2r1,rancher/prime/v2.16-head,stdlib,v1.26.5,gobinary,CVE-2026-33818,HIGH,https://avd.aquasec.com/nvd/cve-2026-33818,usr/local/bin/kubectl,"1.25.13, 1.26.6, 1.27.0-rc.3",false,not_affected,vulnerable_code_not_in_execute_path
rancher/rke2-upgrade:v1.36.4-rke2r1,rancher/prime/v2.16-head,github.com/docker/docker,v25.0.15-0.20260325154711-d2dbc0547253+incompatible,gobinary,CVE-2026-33997,HIGH,https://avd.aquasec.com/nvd/cve-2026-33997,opt/rke2,29.3.1,false,affected,severity_changed_due_to_suse_cvss_score
rancher/rke2-upgrade:v1.36.4-rke2r1,rancher/prime/v2.16-head,stdlib,v1.26.5,gobinary,CVE-2026-39821,HIGH,https://avd.aquasec.com/nvd/cve-2026-39821,usr/local/bin/kubectl,"1.25.13, 1.26.6, 1.27.0-rc.3",false,not_affected,vulnerable_code_not_in_execute_path
rancher/rke2-upgrade:v1.36.4-rke2r1,rancher/prime/v2.16-head,golang.org/x/crypto,v0.47.0,gobinary,CVE-2026-39827,MEDIUM,https://avd.aquasec.com/nvd/cve-2026-39827,opt/rke2,0.52.0,false,not_affected,vulnerable_code_not_present
rancher/rke2-upgrade:v1.36.4-rke2r1,rancher/prime/v2.16-head,golang.org/x/crypto,v0.47.0,gobinary,CVE-2026-39828,HIGH,https://avd.aquasec.com/nvd/cve-2026-39828,opt/rke2,0.52.0,false,not_affected,vulnerable_code_not_present
rancher/rke2-upgrade:v1.36.4-rke2r1,rancher/prime/v2.16-head,golang.org/x/crypto,v0.47.0,gobinary,CVE-2026-39829,HIGH,https://avd.aquasec.com/nvd/cve-2026-39829,opt/rke2,0.52.0,false,not_affected,vulnerable_code_not_present
rancher/rke2-upgrade:v1.36.4-rke2r1,rancher/prime/v2.16-head,golang.org/x/crypto,v0.47.0,gobinary,CVE-2026-39830,HIGH,https://avd.aquasec.com/nvd/cve-2026-39830,opt/rke2,0.52.0,false,not_affected,vulnerable_code_not_present
rancher/rke2-upgrade:v1.36.4-rke2r1,rancher/prime/v2.16-head,golang.org/x/crypto,v0.47.0,gobinary,CVE-2026-39831,HIGH,https://avd.aquasec.com/nvd/cve-2026-39831,opt/rke2,0.52.0,false,not_affected,vulnerable_code_not_present
rancher/rke2-upgrade:v1.36.4-rke2r1,rancher/prime/v2.16-head,golang.org/x/crypto,v0.47.0,gobinary,CVE-2026-39832,HIGH,https://avd.aquasec.com/nvd/cve-2026-39832,opt/rke2,0.52.0,false,not_affected,vulnerable_code_not_present
rancher/rke2-upgrade:v1.36.4-rke2r1,rancher/prime/v2.16-head,golang.org/x/crypto,v0.47.0,gobinary,CVE-2026-39833,MEDIUM,https://avd.aquasec.com/nvd/cve-2026-39833,opt/rke2,0.52.0,false,not_affected,vulnerable_code_not_present
rancher/rke2-upgrade:v1.36.4-rke2r1,rancher/prime/v2.16-head,golang.org/x/crypto,v0.47.0,gobinary,CVE-2026-39834,MEDIUM,https://avd.aquasec.com/nvd/cve-2026-39834,opt/rke2,0.52.0,false,not_affected,vulnerable_code_not_present
rancher/rke2-upgrade:v1.36.4-rke2r1,rancher/prime/v2.16-head,golang.org/x/crypto,v0.47.0,gobinary,CVE-2026-39835,HIGH,https://avd.aquasec.com/nvd/cve-2026-39835,opt/rke2,0.52.0,false,not_affected,vulnerable_code_not_present
rancher/rke2-upgrade:v1.36.4-rke2r1,rancher/prime/v2.16-head,jq,1.8.1-r0,alpine,CVE-2026-40164,HIGH,https://avd.aquasec.com/nvd/cve-2026-40164,rancher/rke2-upgrade:v1.36.4-rke2r1 (alpine 3.23.5),1.8.2-r0,false,affected,
rancher/rke2-upgrade:v1.36.4-rke2r1,rancher/prime/v2.16-head,github.com/docker/docker,v25.0.15-0.20260325154711-d2dbc0547253+incompatible,gobinary,CVE-2026-41567,HIGH,https://avd.aquasec.com/nvd/cve-2026-41567,opt/rke2,,false,not_affected,vulnerable_code_not_present
rancher/rke2-upgrade:v1.36.4-rke2r1,rancher/prime/v2.16-head,github.com/docker/docker,v25.0.15-0.20260325154711-d2dbc0547253+incompatible,gobinary,CVE-2026-41568,MEDIUM,https://avd.aquasec.com/nvd/cve-2026-41568,opt/rke2,,false,not_affected,vulnerable_code_not_present
rancher/rke2-upgrade:v1.36.4-rke2r1,rancher/prime/v2.16-head,github.com/docker/docker,v25.0.15-0.20260325154711-d2dbc0547253+incompatible,gobinary,CVE-2026-42306,HIGH,https://avd.aquasec.com/nvd/cve-2026-42306,opt/rke2,,false,not_affected,vulnerable_code_not_present
rancher/rke2-upgrade:v1.36.4-rke2r1,rancher/prime/v2.16-head,golang.org/x/crypto,v0.47.0,gobinary,CVE-2026-42508,HIGH,https://avd.aquasec.com/nvd/cve-2026-42508,opt/rke2,0.52.0,false,not_affected,vulnerable_code_not_present
rancher/rke2-upgrade:v1.36.4-rke2r1,rancher/prime/v2.16-head,golang.org/x/crypto,v0.47.0,gobinary,CVE-2026-46595,HIGH,https://avd.aquasec.com/nvd/cve-2026-46595,opt/rke2,0.52.0,false,not_affected,vulnerable_code_not_present
rancher/rke2-upgrade:v1.36.4-rke2r1,rancher/prime/v2.16-head,golang.org/x/crypto,v0.47.0,gobinary,CVE-2026-46597,HIGH,https://avd.aquasec.com/nvd/cve-2026-46597,opt/rke2,0.52.0,false,not_affected,vulnerable_code_not_present
rancher/rke2-upgrade:v1.36.4-rke2r1,rancher/prime/v2.16-head,golang.org/x/crypto,v0.47.0,gobinary,CVE-2026-46598,MEDIUM,https://avd.aquasec.com/nvd/cve-2026-46598,opt/rke2,0.52.0,false,not_affected,vulnerable_code_not_present
rancher/rke2-upgrade:v1.36.4-rke2r1,rancher/prime/v2.16-head,golang.org/x/net,v0.55.0,gobinary,CVE-2026-46600,HIGH,https://avd.aquasec.com/nvd/cve-2026-46600,opt/rke2,0.56.0,false,not_affected,vulnerable_code_not_in_execute_path
rancher/rke2-upgrade:v1.36.4-rke2r1,rancher/prime/v2.16-head,stdlib,v1.26.5,gobinary,CVE-2026-46600,HIGH,https://avd.aquasec.com/nvd/cve-2026-46600,usr/local/bin/kubectl,"1.26.6, 1.27.0-rc.3",false,not_affected,vulnerable_code_not_in_execute_path
rancher/rke2-upgrade:v1.36.4-rke2r1,rancher/prime/v2.16-head,github.com/pion/stun/v3,v3.1.1,gobinary,CVE-2026-54909,MEDIUM,https://avd.aquasec.com/nvd/cve-2026-54909,opt/rke2,3.1.5,false,not_affected,vulnerable_code_not_in_execute_path
rancher/rke2-upgrade:v1.36.4-rke2r1,rancher/prime/v2.16-head,stdlib,v1.26.5,gobinary,CVE-2026-56853,HIGH,https://avd.aquasec.com/nvd/cve-2026-56853,usr/local/bin/kubectl,"1.25.13, 1.26.6, 1.27.0-rc.3",false,not_affected,vulnerable_code_not_in_execute_path
rancher/rke2-upgrade:v1.36.4-rke2r1,rancher/prime/v2.16-head,golang.org/x/crypto,v0.47.0,gobinary,CVE-2026-56854,HIGH,https://avd.aquasec.com/nvd/cve-2026-56854,opt/rke2,0.55.0,false,not_affected,vulnerable_code_not_present
rancher/rke2-upgrade:v1.36.4-rke2r1,rancher/prime/v2.16-head,golang.org/x/crypto,v0.47.0,gobinary,CVE-2026-56855,MEDIUM,https://avd.aquasec.com/nvd/cve-2026-56855,opt/rke2,0.56.0,false,not_affected,vulnerable_code_not_present
rancher/rke2-upgrade:v1.36.4-rke2r1,rancher/prime/v2.16-head,stdlib,v1.26.5,gobinary,CVE-2026-56858,HIGH,https://avd.aquasec.com/nvd/cve-2026-56858,usr/local/bin/kubectl,"1.25.13, 1.26.6, 1.27.0-rc.3",false,not_affected,vulnerable_code_not_in_execute_path
rancher/rke2-upgrade:v1.36.4-rke2r1,rancher/prime/v2.16-head,stdlib,v1.26.5,gobinary,CVE-2026-56859,HIGH,https://avd.aquasec.com/nvd/cve-2026-56859,usr/local/bin/kubectl,"1.25.13, 1.26.6, 1.27.0-rc.3",false,not_affected,vulnerable_code_not_in_execute_path
rancher/rke2-upgrade:v1.36.4-rke2r1,rancher/prime/v2.16-head,stdlib,v1.26.5,gobinary,CVE-2026-56860,HIGH,https://avd.aquasec.com/nvd/cve-2026-56860,usr/local/bin/kubectl,"1.25.13, 1.26.6, 1.27.0-rc.3",false,not_affected,vulnerable_code_not_in_execute_path
rancher/rke2-upgrade:v1.36.4-rke2r1,rancher/prime/v2.16-head,stdlib,v1.26.5,gobinary,CVE-2026-56862,HIGH,https://avd.aquasec.com/nvd/cve-2026-56862,usr/local/bin/kubectl,"1.25.13, 1.26.6, 1.27.0-rc.3",false,not_affected,vulnerable_code_not_in_execute_path
rancher/rke2-upgrade:v1.36.4-rke2r1,rancher/prime/v2.16-head,golang.org/x/crypto,v0.47.0,gobinary,CVE-2026-78662,MEDIUM,https://avd.aquasec.com/nvd/cve-2026-78662,opt/rke2,0.56.0,false,not_affected,vulnerable_code_not_present
rancher/rke2-upgrade:v1.36.4-rke2r1,rancher/prime/v2.16-head,google.golang.org/grpc,v1.79.3,gobinary,CVE-2026-84303,MEDIUM,https://avd.aquasec.com/nvd/cve-2026-84303,opt/rke2,1.83.1,false,not_affected,vulnerable_code_not_present
rancher/rke2-upgrade:v1.36.4-rke2r1,rancher/prime/v2.16-head,google.golang.org/grpc,v1.79.3,gobinary,CVE-2026-84304,HIGH,https://avd.aquasec.com/nvd/cve-2026-84304,opt/rke2,1.83.1,false,affected,
rancher/rke2-upgrade:v1.36.4-rke2r1,rancher/prime/v2.16-head,google.golang.org/grpc,v1.79.3,gobinary,CVE-2026-84445,HIGH,https://avd.aquasec.com/nvd/cve-2026-84445,opt/rke2,"1.82.2, 1.83.2, 1.84.0-dev.0.20260825144003-d5a41119e0e3, 1.85.0-dev.0.20260825072537-93e31b48545e",false,affected,
rancher/rke2-upgrade:v1.36.4-rke2r1,rancher/prime/v2.16-head,google.golang.org/grpc,v1.79.3,gobinary,GHSA-hrxh-6v49-42gf,HIGH,https://github.com/advisories/GHSA-hrxh-6v49-42gf,opt/rke2,1.82.1,false,affected,
rancher/rke2-upgrade:v1.37.0-rke2r1,rancher/prime/v2.16-head,libcrypto3,3.5.7-r0,alpine,CVE-2026-14456,HIGH,https://avd.aquasec.com/nvd/cve-2026-14456,rancher/rke2-upgrade:v1.37.0-rke2r1 (alpine 3.23.5),3.5.8-r0,false,affected,
rancher/rke2-upgrade:v1.37.0-rke2r1,rancher/prime/v2.16-head,libssl3,3.5.7-r0,alpine,CVE-2026-14456,HIGH,https://avd.aquasec.com/nvd/cve-2026-14456,rancher/rke2-upgrade:v1.37.0-rke2r1 (alpine 3.23.5),3.5.8-r0,false,affected,
rancher/rke2-upgrade:v1.37.0-rke2r1,rancher/prime/v2.16-head,github.com/docker/docker,v25.0.15-0.20260325154711-d2dbc0547253+incompatible,gobinary,CVE-2026-33997,HIGH,https://avd.aquasec.com/nvd/cve-2026-33997,opt/rke2,29.3.1,false,affected,severity_changed_due_to_suse_cvss_score
rancher/rke2-upgrade:v1.37.0-rke2r1,rancher/prime/v2.16-head,github.com/docker/docker,v25.0.15-0.20260325154711-d2dbc0547253+incompatible,gobinary,CVE-2026-41567,HIGH,https://avd.aquasec.com/nvd/cve-2026-41567,opt/rke2,,false,not_affected,vulnerable_code_not_present
rancher/rke2-upgrade:v1.37.0-rke2r1,rancher/prime/v2.16-head,github.com/docker/docker,v25.0.15-0.20260325154711-d2dbc0547253+incompatible,gobinary,CVE-2026-41568,MEDIUM,https://avd.aquasec.com/nvd/cve-2026-41568,opt/rke2,,false,not_affected,vulnerable_code_not_present
rancher/rke2-upgrade:v1.37.0-rke2r1,rancher/prime/v2.16-head,github.com/docker/docker,v25.0.15-0.20260325154711-d2dbc0547253+incompatible,gobinary,CVE-2026-42306,HIGH,https://avd.aquasec.com/nvd/cve-2026-42306,opt/rke2,,false,not_affected,vulnerable_code_not_present
rancher/rke2-upgrade:v1.37.0-rke2r1,rancher/prime/v2.16-head,github.com/pion/stun/v3,v3.1.1,gobinary,CVE-2026-54909,MEDIUM,https://avd.aquasec.com/nvd/cve-2026-54909,opt/rke2,3.1.5,false,not_affected,vulnerable_code_not_in_execute_path
rancher/rke2-upgrade:v1.37.0-rke2r1,rancher/prime/v2.16-head,golang.org/x/crypto,v0.55.0,gobinary,CVE-2026-56855,MEDIUM,https://avd.aquasec.com/nvd/cve-2026-56855,opt/rke2,0.56.0,false,not_affected,vulnerable_code_not_present
rancher/rke2-upgrade:v1.37.0-rke2r1,rancher/prime/v2.16-head,golang.org/x/crypto,v0.55.0,gobinary,CVE-2026-78662,MEDIUM,https://avd.aquasec.com/nvd/cve-2026-78662,opt/rke2,0.56.0,false,not_affected,vulnerable_code_not_present
rancher/shell:v0.8.1,rancher/prime/v2.16-head,golang.org/x/net,v0.49.0,gobinary,CVE-2026-25680,MEDIUM,https://avd.aquasec.com/nvd/cve-2026-25680,usr/bin/kubectl1.36,0.55.0,false,not_affected,vulnerable_code_not_present
rancher/shell:v0.8.1,rancher/prime/v2.16-head,golang.org/x/net,v0.49.0,gobinary,CVE-2026-25681,HIGH,https://avd.aquasec.com/nvd/cve-2026-25681,usr/bin/kubectl1.36,0.55.0,false,not_affected,vulnerable_code_not_present
rancher/shell:v0.8.1,rancher/prime/v2.16-head,golang.org/x/net,v0.49.0,gobinary,CVE-2026-27136,HIGH,https://avd.aquasec.com/nvd/cve-2026-27136,usr/bin/kubectl1.36,0.55.0,false,not_affected,vulnerable_code_not_present
rancher/shell:v0.8.1,rancher/prime/v2.16-head,golang.org/x/net,v0.49.0,gobinary,CVE-2026-33814,HIGH,https://avd.aquasec.com/nvd/cve-2026-33814,usr/bin/kubectl1.36,0.53.0,false,not_affected,vulnerable_code_not_in_execute_path
rancher/shell:v0.8.1,rancher/prime/v2.16-head,stdlib,v1.25.12,gobinary,CVE-2026-33818,HIGH,https://avd.aquasec.com/nvd/cve-2026-33818,usr/bin/k9s,"1.25.13, 1.26.6, 1.27.0-rc.3",false,affected,
rancher/shell:v0.8.1,rancher/prime/v2.16-head,stdlib,v1.26.5,gobinary,CVE-2026-33818,HIGH,https://avd.aquasec.com/nvd/cve-2026-33818,usr/bin/helm,"1.25.13, 1.26.6, 1.27.0-rc.3",false,affected,
rancher/shell:v0.8.1,rancher/prime/v2.16-head,stdlib,v1.26.5,gobinary,CVE-2026-33818,HIGH,https://avd.aquasec.com/nvd/cve-2026-33818,usr/bin/kubectl1.36,"1.25.13, 1.26.6, 1.27.0-rc.3",false,not_affected,vulnerable_code_not_in_execute_path
rancher/shell:v0.8.1,rancher/prime/v2.16-head,golang.org/x/net,v0.49.0,gobinary,CVE-2026-39821,HIGH,https://avd.aquasec.com/nvd/cve-2026-39821,usr/bin/kubectl1.36,0.55.0,false,not_affected,vulnerable_code_not_in_execute_path
rancher/shell:v0.8.1,rancher/prime/v2.16-head,stdlib,v1.25.12,gobinary,CVE-2026-39821,HIGH,https://avd.aquasec.com/nvd/cve-2026-39821,usr/bin/k9s,"1.25.13, 1.26.6, 1.27.0-rc.3",false,affected,
rancher/shell:v0.8.1,rancher/prime/v2.16-head,stdlib,v1.26.5,gobinary,CVE-2026-39821,HIGH,https://avd.aquasec.com/nvd/cve-2026-39821,usr/bin/helm,"1.25.13, 1.26.6, 1.27.0-rc.3",false,affected,
rancher/shell:v0.8.1,rancher/prime/v2.16-head,stdlib,v1.26.5,gobinary,CVE-2026-39821,HIGH,https://avd.aquasec.com/nvd/cve-2026-39821,usr/bin/kubectl1.36,"1.25.13, 1.26.6, 1.27.0-rc.3",false,not_affected,vulnerable_code_not_in_execute_path
rancher/shell:v0.8.1,rancher/prime/v2.16-head,golang.org/x/net,v0.49.0,gobinary,CVE-2026-42502,MEDIUM,https://avd.aquasec.com/nvd/cve-2026-42502,usr/bin/kubectl1.36,0.55.0,false,not_affected,vulnerable_code_not_present
rancher/shell:v0.8.1,rancher/prime/v2.16-head,golang.org/x/net,v0.49.0,gobinary,CVE-2026-42506,MEDIUM,https://avd.aquasec.com/nvd/cve-2026-42506,usr/bin/kubectl1.36,0.55.0,false,not_affected,vulnerable_code_not_present
rancher/shell:v0.8.1,rancher/prime/v2.16-head,golang.org/x/net,v0.49.0,gobinary,CVE-2026-46600,HIGH,https://avd.aquasec.com/nvd/cve-2026-46600,usr/bin/kubectl1.36,0.56.0,false,not_affected,vulnerable_code_not_present
rancher/shell:v0.8.1,rancher/prime/v2.16-head,stdlib,v1.26.5,gobinary,CVE-2026-46600,HIGH,https://avd.aquasec.com/nvd/cve-2026-46600,usr/bin/helm,"1.26.6, 1.27.0-rc.3",false,not_affected,vulnerable_code_not_in_execute_path
rancher/shell:v0.8.1,rancher/prime/v2.16-head,stdlib,v1.26.5,gobinary,CVE-2026-46600,HIGH,https://avd.aquasec.com/nvd/cve-2026-46600,usr/bin/kubectl1.36,"1.26.6, 1.27.0-rc.3",false,not_affected,vulnerable_code_not_in_execute_path
rancher/shell:v0.8.1,rancher/prime/v2.16-head,github.com/containerd/containerd/v2,v2.2.4,gobinary,CVE-2026-47262,MEDIUM,https://avd.aquasec.com/nvd/cve-2026-47262,usr/bin/k9s,"2.0.10, 2.1.9, 2.2.5, 2.3.2",false,not_affected,vulnerable_code_not_present
rancher/shell:v0.8.1,rancher/prime/v2.16-head,oras.land/oras-go/v2,v2.6.1,gobinary,CVE-2026-50163,HIGH,https://avd.aquasec.com/nvd/cve-2026-50163,usr/bin/helm,2.6.2,false,not_affected,vulnerable_code_not_present
rancher/shell:v0.8.1,rancher/prime/v2.16-head,oras.land/oras-go/v2,v2.6.1,gobinary,CVE-2026-50163,HIGH,https://avd.aquasec.com/nvd/cve-2026-50163,usr/bin/k9s,2.6.2,false,not_affected,vulnerable_code_not_present
rancher/shell:v0.8.1,rancher/prime/v2.16-head,github.com/containerd/containerd/v2,v2.2.4,gobinary,CVE-2026-50195,MEDIUM,https://avd.aquasec.com/nvd/cve-2026-50195,usr/bin/k9s,"2.1.9, 2.2.5, 2.3.2",false,not_affected,vulnerable_code_not_present
rancher/shell:v0.8.1,rancher/prime/v2.16-head,github.com/containerd/containerd,v1.7.32,gobinary,CVE-2026-53488,HIGH,https://avd.aquasec.com/nvd/cve-2026-53488,usr/bin/k9s,1.7.33,false,affected,
rancher/shell:v0.8.1,rancher/prime/v2.16-head,github.com/containerd/containerd/v2,v2.2.4,gobinary,CVE-2026-53488,HIGH,https://avd.aquasec.com/nvd/cve-2026-53488,usr/bin/k9s,"2.0.10, 2.1.9, 2.2.5, 2.3.2",false,not_affected,vulnerable_code_not_present
rancher/shell:v0.8.1,rancher/prime/v2.16-head,github.com/containerd/containerd/v2,v2.2.4,gobinary,CVE-2026-53489,HIGH,https://avd.aquasec.com/nvd/cve-2026-53489,usr/bin/k9s,"2.1.9, 2.2.5, 2.3.2",false,not_affected,vulnerable_code_not_present
rancher/shell:v0.8.1,rancher/prime/v2.16-head,github.com/containerd/containerd/v2,v2.2.4,gobinary,CVE-2026-53492,HIGH,https://avd.aquasec.com/nvd/cve-2026-53492,usr/bin/k9s,"2.1.9, 2.2.5, 2.3.2",false,not_affected,vulnerable_code_not_present
rancher/shell:v0.8.1,rancher/prime/v2.16-head,golang.org/x/text,v0.33.0,gobinary,CVE-2026-56852,HIGH,https://avd.aquasec.com/nvd/cve-2026-56852,usr/bin/kubectl1.36,0.39.0,false,not_affected,vulnerable_code_not_in_execute_path
rancher/shell:v0.8.1,rancher/prime/v2.16-head,stdlib,v1.25.12,gobinary,CVE-2026-56853,HIGH,https://avd.aquasec.com/nvd/cve-2026-56853,usr/bin/k9s,"1.25.13, 1.26.6, 1.27.0-rc.3",false,not_affected,vulnerable_code_not_in_execute_path
rancher/shell:v0.8.1,rancher/prime/v2.16-head,stdlib,v1.26.5,gobinary,CVE-2026-56853,HIGH,https://avd.aquasec.com/nvd/cve-2026-56853,usr/bin/helm,"1.25.13, 1.26.6, 1.27.0-rc.3",false,affected,
rancher/shell:v0.8.1,rancher/prime/v2.16-head,stdlib,v1.26.5,gobinary,CVE-2026-56853,HIGH,https://avd.aquasec.com/nvd/cve-2026-56853,usr/bin/kubectl1.36,"1.25.13, 1.26.6, 1.27.0-rc.3",false,not_affected,vulnerable_code_not_in_execute_path
rancher/shell:v0.8.1,rancher/prime/v2.16-head,golang.org/x/crypto,v0.52.0,gobinary,CVE-2026-56854,HIGH,https://avd.aquasec.com/nvd/cve-2026-56854,usr/bin/k9s,0.55.0,false,not_affected,vulnerable_code_not_in_execute_path
rancher/shell:v0.8.1,rancher/prime/v2.16-head,golang.org/x/crypto,v0.54.0,gobinary,CVE-2026-56854,HIGH,https://avd.aquasec.com/nvd/cve-2026-56854,usr/bin/helm,0.55.0,false,not_affected,vulnerable_code_not_present
rancher/shell:v0.8.1,rancher/prime/v2.16-head,golang.org/x/crypto,v0.52.0,gobinary,CVE-2026-56855,HIGH,https://avd.aquasec.com/nvd/cve-2026-56855,usr/bin/k9s,0.56.0,false,affected,severity_changed_due_to_suse_cvss_score
rancher/shell:v0.8.1,rancher/prime/v2.16-head,golang.org/x/crypto,v0.54.0,gobinary,CVE-2026-56855,MEDIUM,https://avd.aquasec.com/nvd/cve-2026-56855,usr/bin/helm,0.56.0,false,not_affected,vulnerable_code_not_present
rancher/shell:v0.8.1,rancher/prime/v2.16-head,stdlib,v1.26.5,gobinary,CVE-2026-56858,HIGH,https://avd.aquasec.com/nvd/cve-2026-56858,usr/bin/kubectl1.36,"1.25.13, 1.26.6, 1.27.0-rc.3",false,not_affected,vulnerable_code_not_in_execute_path
rancher/shell:v0.8.1,rancher/prime/v2.16-head,stdlib,v1.25.12,gobinary,CVE-2026-56859,HIGH,https://avd.aquasec.com/nvd/cve-2026-56859,usr/bin/k9s,"1.25.13, 1.26.6, 1.27.0-rc.3",false,affected,
rancher/shell:v0.8.1,rancher/prime/v2.16-head,stdlib,v1.26.5,gobinary,CVE-2026-56859,HIGH,https://avd.aquasec.com/nvd/cve-2026-56859,usr/bin/helm,"1.25.13, 1.26.6, 1.27.0-rc.3",false,affected,
rancher/shell:v0.8.1,rancher/prime/v2.16-head,stdlib,v1.26.5,gobinary,CVE-2026-56859,HIGH,https://avd.aquasec.com/nvd/cve-2026-56859,usr/bin/kubectl1.36,"1.25.13, 1.26.6, 1.27.0-rc.3",false,not_affected,vulnerable_code_not_in_execute_path
rancher/shell:v0.8.1,rancher/prime/v2.16-head,stdlib,v1.26.5,gobinary,CVE-2026-56860,HIGH,https://avd.aquasec.com/nvd/cve-2026-56860,usr/bin/kubectl1.36,"1.25.13, 1.26.6, 1.27.0-rc.3",false,not_affected,vulnerable_code_not_in_execute_path
rancher/shell:v0.8.1,rancher/prime/v2.16-head,stdlib,v1.25.12,gobinary,CVE-2026-56862,HIGH,https://avd.aquasec.com/nvd/cve-2026-56862,usr/bin/k9s,"1.25.13, 1.26.6, 1.27.0-rc.3",false,affected,
rancher/shell:v0.8.1,rancher/prime/v2.16-head,stdlib,v1.26.5,gobinary,CVE-2026-56862,HIGH,https://avd.aquasec.com/nvd/cve-2026-56862,usr/bin/helm,"1.25.13, 1.26.6, 1.27.0-rc.3",false,affected,
rancher/shell:v0.8.1,rancher/prime/v2.16-head,stdlib,v1.26.5,gobinary,CVE-2026-56862,HIGH,https://avd.aquasec.com/nvd/cve-2026-56862,usr/bin/kubectl1.36,"1.25.13, 1.26.6, 1.27.0-rc.3",false,not_affected,vulnerable_code_not_in_execute_path
rancher/shell:v0.8.1,rancher/prime/v2.16-head,golang.org/x/mod,v0.37.0,gobinary,CVE-2026-56864,HIGH,https://avd.aquasec.com/nvd/cve-2026-56864,usr/bin/k9s,0.40.0,false,not_affected,vulnerable_code_not_present
rancher/shell:v0.8.1,rancher/prime/v2.16-head,golang.org/x/mod,v0.37.0,gobinary,CVE-2026-56865,HIGH,https://avd.aquasec.com/nvd/cve-2026-56865,usr/bin/k9s,0.40.0,false,not_affected,vulnerable_code_not_present
rancher/shell:v0.8.1,rancher/prime/v2.16-head,github.com/go-git/go-git/v5,v5.19.1,gobinary,CVE-2026-71556,HIGH,https://avd.aquasec.com/nvd/cve-2026-71556,usr/bin/k9s,5.19.2,false,affected,
rancher/shell:v0.8.1,rancher/prime/v2.16-head,golang.org/x/crypto,v0.52.0,gobinary,CVE-2026-78662,HIGH,https://avd.aquasec.com/nvd/cve-2026-78662,usr/bin/k9s,0.56.0,false,affected,severity_changed_due_to_suse_cvss_score
rancher/shell:v0.8.1,rancher/prime/v2.16-head,golang.org/x/crypto,v0.54.0,gobinary,CVE-2026-78662,MEDIUM,https://avd.aquasec.com/nvd/cve-2026-78662,usr/bin/helm,0.56.0,false,not_affected,vulnerable_code_not_present
rancher/shell:v0.8.1,rancher/prime/v2.16-head,google.golang.org/grpc,v1.79.3,gobinary,CVE-2026-84304,HIGH,https://avd.aquasec.com/nvd/cve-2026-84304,usr/bin/k9s,1.83.1,false,affected,
rancher/shell:v0.8.1,rancher/prime/v2.16-head,google.golang.org/grpc,v1.79.3,gobinary,CVE-2026-84445,HIGH,https://avd.aquasec.com/nvd/cve-2026-84445,usr/bin/k9s,"1.82.2, 1.83.2, 1.84.0-dev.0.20260825144003-d5a41119e0e3, 1.85.0-dev.0.20260825072537-93e31b48545e",false,affected,
rancher/shell:v0.8.1,rancher/prime/v2.16-head,oras.land/oras-go/v2,v2.6.1,gobinary,CVE-2026-85731,HIGH,https://avd.aquasec.com/nvd/cve-2026-85731,usr/bin/helm,2.6.2,false,affected,
rancher/shell:v0.8.1,rancher/prime/v2.16-head,oras.land/oras-go/v2,v2.6.1,gobinary,CVE-2026-85731,HIGH,https://avd.aquasec.com/nvd/cve-2026-85731,usr/bin/k9s,2.6.2,false,affected,
rancher/shell:v0.8.1,rancher/prime/v2.16-head,google.golang.org/grpc,v1.79.3,gobinary,GHSA-hrxh-6v49-42gf,HIGH,https://github.com/advisories/GHSA-hrxh-6v49-42gf,usr/bin/k9s,1.82.1,false,affected,
rancher/shell:v0.8.1,rancher/prime/v2.16-head,libssh-config,0.11.4-160000.1.1,sles,SUSE-SU-2026:22948-1,MEDIUM,,rancher/shell:v0.8.1 (sles 16.0),0.11.5-160000.1.1,false,not_affected,vulnerable_code_not_in_execute_path
rancher/shell:v0.8.1,rancher/prime/v2.16-head,libssh4,0.11.4-160000.1.1,sles,SUSE-SU-2026:22948-1,MEDIUM,,rancher/shell:v0.8.1 (sles 16.0),0.11.5-160000.1.1,false,not_affected,vulnerable_code_not_in_execute_path
rancher/shell:v0.8.1,rancher/prime/v2.16-head,libssh-config,0.11.4-160000.1.1,sles,SUSE-SU-2026:22956-1,MEDIUM,,rancher/shell:v0.8.1 (sles 16.0),0.11.5-160000.1.1,false,not_affected,vulnerable_code_not_in_execute_path
rancher/shell:v0.8.1,rancher/prime/v2.16-head,libssh4,0.11.4-160000.1.1,sles,SUSE-SU-2026:22956-1,MEDIUM,,rancher/shell:v0.8.1 (sles 16.0),0.11.5-160000.1.1,false,not_affected,vulnerable_code_not_in_execute_path
rancher/system-agent:v0.16.0-rc.2-suc,rancher/prime/v2.16-head,golang.org/x/crypto,v0.55.0,gobinary,CVE-2026-56855,MEDIUM,https://avd.aquasec.com/nvd/cve-2026-56855,opt/rancher-system-agent-suc/rancher-system-agent,0.56.0,false,not_affected,vulnerable_code_not_present
rancher/system-agent:v0.16.0-rc.2-suc,rancher/prime/v2.16-head,golang.org/x/crypto,v0.55.0,gobinary,CVE-2026-78662,MEDIUM,https://avd.aquasec.com/nvd/cve-2026-78662,opt/rancher-system-agent-suc/rancher-system-agent,0.56.0,false,not_affected,vulnerable_code_not_present
rancher/system-upgrade-controller:v0.20.1,rancher/prime/v2.16-head,golang.org/x/net,v0.53.0,gobinary,CVE-2026-25680,MEDIUM,https://avd.aquasec.com/nvd/cve-2026-25680,bin/system-upgrade-controller,0.55.0,false,not_affected,vulnerable_code_not_present
rancher/system-upgrade-controller:v0.20.1,rancher/prime/v2.16-head,golang.org/x/net,v0.53.0,gobinary,CVE-2026-25681,HIGH,https://avd.aquasec.com/nvd/cve-2026-25681,bin/system-upgrade-controller,0.55.0,false,not_affected,vulnerable_code_not_present
rancher/system-upgrade-controller:v0.20.1,rancher/prime/v2.16-head,golang.org/x/net,v0.53.0,gobinary,CVE-2026-27136,HIGH,https://avd.aquasec.com/nvd/cve-2026-27136,bin/system-upgrade-controller,0.55.0,false,not_affected,vulnerable_code_not_present
rancher/system-upgrade-controller:v0.20.1,rancher/prime/v2.16-head,stdlib,v1.26.5,gobinary,CVE-2026-33818,HIGH,https://avd.aquasec.com/nvd/cve-2026-33818,bin/system-upgrade-controller,"1.25.13, 1.26.6, 1.27.0-rc.3",false,affected,
rancher/system-upgrade-controller:v0.20.1,rancher/prime/v2.16-head,golang.org/x/net,v0.53.0,gobinary,CVE-2026-39821,HIGH,https://avd.aquasec.com/nvd/cve-2026-39821,bin/system-upgrade-controller,0.55.0,false,affected,
rancher/system-upgrade-controller:v0.20.1,rancher/prime/v2.16-head,stdlib,v1.26.5,gobinary,CVE-2026-39821,HIGH,https://avd.aquasec.com/nvd/cve-2026-39821,bin/system-upgrade-controller,"1.25.13, 1.26.6, 1.27.0-rc.3",false,affected,
rancher/system-upgrade-controller:v0.20.1,rancher/prime/v2.16-head,golang.org/x/net,v0.53.0,gobinary,CVE-2026-42502,MEDIUM,https://avd.aquasec.com/nvd/cve-2026-42502,bin/system-upgrade-controller,0.55.0,false,not_affected,vulnerable_code_not_present
rancher/system-upgrade-controller:v0.20.1,rancher/prime/v2.16-head,golang.org/x/net,v0.53.0,gobinary,CVE-2026-42506,MEDIUM,https://avd.aquasec.com/nvd/cve-2026-42506,bin/system-upgrade-controller,0.55.0,false,not_affected,vulnerable_code_not_present
rancher/system-upgrade-controller:v0.20.1,rancher/prime/v2.16-head,golang.org/x/net,v0.53.0,gobinary,CVE-2026-46600,HIGH,https://avd.aquasec.com/nvd/cve-2026-46600,bin/system-upgrade-controller,0.56.0,false,not_affected,vulnerable_code_not_present
rancher/system-upgrade-controller:v0.20.1,rancher/prime/v2.16-head,stdlib,v1.26.5,gobinary,CVE-2026-46600,HIGH,https://avd.aquasec.com/nvd/cve-2026-46600,bin/system-upgrade-controller,"1.26.6, 1.27.0-rc.3",false,not_affected,vulnerable_code_not_in_execute_path
rancher/system-upgrade-controller:v0.20.1,rancher/prime/v2.16-head,stdlib,v1.26.5,gobinary,CVE-2026-56853,HIGH,https://avd.aquasec.com/nvd/cve-2026-56853,bin/system-upgrade-controller,"1.25.13, 1.26.6, 1.27.0-rc.3",false,affected,
rancher/system-upgrade-controller:v0.20.1,rancher/prime/v2.16-head,stdlib,v1.26.5,gobinary,CVE-2026-56859,HIGH,https://avd.aquasec.com/nvd/cve-2026-56859,bin/system-upgrade-controller,"1.25.13, 1.26.6, 1.27.0-rc.3",false,not_affected,vulnerable_code_not_in_execute_path
rancher/system-upgrade-controller:v0.20.1,rancher/prime/v2.16-head,stdlib,v1.26.5,gobinary,CVE-2026-56862,HIGH,https://avd.aquasec.com/nvd/cve-2026-56862,bin/system-upgrade-controller,"1.25.13, 1.26.6, 1.27.0-rc.3",false,affected,
