image,release,package_name,package_version,type,vulnerability_id,severity,url,target,patched_version,mirrored,status,justification
rancher/hardened-addon-resizer:1.8.23-build20260909,rke2/v1.36-prerelease,stdlib,v1.26.8,gobinary,CVE-2026-56866,HIGH,https://avd.aquasec.com/nvd/cve-2026-56866,pod_nanny,"1.26.9, 1.27.2",false,affected,severity_changed_due_to_suse_cvss_score
rancher/hardened-addon-resizer:1.8.23-build20260909,rke2/v1.36-prerelease,stdlib,v1.26.8,gobinary,CVE-2026-78667,HIGH,https://avd.aquasec.com/nvd/cve-2026-78667,pod_nanny,"1.26.9, 1.27.2",false,affected,
rancher/hardened-addon-resizer:1.8.23-build20260909,rke2/v1.36-prerelease,golang.org/x/net,v0.56.0,gobinary,CVE-2026-78669,HIGH,https://avd.aquasec.com/nvd/cve-2026-78669,pod_nanny,0.60.0,false,affected,
rancher/hardened-addon-resizer:1.8.23-build20260909,rke2/v1.36-prerelease,stdlib,v1.26.8,gobinary,CVE-2026-78669,HIGH,https://avd.aquasec.com/nvd/cve-2026-78669,pod_nanny,"1.26.9, 1.27.2",false,affected,
rancher/hardened-addon-resizer:1.8.23-build20260909,rke2/v1.36-prerelease,stdlib,v1.26.8,gobinary,CVE-2026-97031,HIGH,https://avd.aquasec.com/nvd/cve-2026-97031,pod_nanny,"1.26.9, 1.27.2",false,affected,
rancher/hardened-calico:v3.32.2-build20260909,rke2/v1.36-prerelease,stdlib,v1.26.8,gobinary,CVE-2026-56866,HIGH,https://avd.aquasec.com/nvd/cve-2026-56866,calicoctl,"1.26.9, 1.27.2",false,affected,severity_changed_due_to_suse_cvss_score
rancher/hardened-calico:v3.32.2-build20260909,rke2/v1.36-prerelease,stdlib,v1.26.8,gobinary,CVE-2026-56866,HIGH,https://avd.aquasec.com/nvd/cve-2026-56866,opt/cni/bin/bandwidth,"1.26.9, 1.27.2",false,affected,severity_changed_due_to_suse_cvss_score
rancher/hardened-calico:v3.32.2-build20260909,rke2/v1.36-prerelease,stdlib,v1.26.8,gobinary,CVE-2026-56866,HIGH,https://avd.aquasec.com/nvd/cve-2026-56866,opt/cni/bin/bond,"1.26.9, 1.27.2",false,affected,severity_changed_due_to_suse_cvss_score
rancher/hardened-calico:v3.32.2-build20260909,rke2/v1.36-prerelease,stdlib,v1.26.8,gobinary,CVE-2026-56866,HIGH,https://avd.aquasec.com/nvd/cve-2026-56866,opt/cni/bin/bridge,"1.26.9, 1.27.2",false,affected,severity_changed_due_to_suse_cvss_score
rancher/hardened-calico:v3.32.2-build20260909,rke2/v1.36-prerelease,stdlib,v1.26.8,gobinary,CVE-2026-56866,HIGH,https://avd.aquasec.com/nvd/cve-2026-56866,opt/cni/bin/calico,"1.26.9, 1.27.2",false,affected,severity_changed_due_to_suse_cvss_score
rancher/hardened-calico:v3.32.2-build20260909,rke2/v1.36-prerelease,stdlib,v1.26.8,gobinary,CVE-2026-56866,HIGH,https://avd.aquasec.com/nvd/cve-2026-56866,opt/cni/bin/calico-ipam,"1.26.9, 1.27.2",false,affected,severity_changed_due_to_suse_cvss_score
rancher/hardened-calico:v3.32.2-build20260909,rke2/v1.36-prerelease,stdlib,v1.26.8,gobinary,CVE-2026-56866,HIGH,https://avd.aquasec.com/nvd/cve-2026-56866,opt/cni/bin/dhcp,"1.26.9, 1.27.2",false,affected,severity_changed_due_to_suse_cvss_score
rancher/hardened-calico:v3.32.2-build20260909,rke2/v1.36-prerelease,stdlib,v1.26.8,gobinary,CVE-2026-56866,HIGH,https://avd.aquasec.com/nvd/cve-2026-56866,opt/cni/bin/dummy,"1.26.9, 1.27.2",false,affected,severity_changed_due_to_suse_cvss_score
rancher/hardened-calico:v3.32.2-build20260909,rke2/v1.36-prerelease,stdlib,v1.26.8,gobinary,CVE-2026-56866,HIGH,https://avd.aquasec.com/nvd/cve-2026-56866,opt/cni/bin/firewall,"1.26.9, 1.27.2",false,affected,severity_changed_due_to_suse_cvss_score
rancher/hardened-calico:v3.32.2-build20260909,rke2/v1.36-prerelease,stdlib,v1.26.8,gobinary,CVE-2026-56866,HIGH,https://avd.aquasec.com/nvd/cve-2026-56866,opt/cni/bin/flannel,"1.26.9, 1.27.2",false,affected,severity_changed_due_to_suse_cvss_score
rancher/hardened-calico:v3.32.2-build20260909,rke2/v1.36-prerelease,stdlib,v1.26.8,gobinary,CVE-2026-56866,HIGH,https://avd.aquasec.com/nvd/cve-2026-56866,opt/cni/bin/host-device,"1.26.9, 1.27.2",false,affected,severity_changed_due_to_suse_cvss_score
rancher/hardened-calico:v3.32.2-build20260909,rke2/v1.36-prerelease,stdlib,v1.26.8,gobinary,CVE-2026-56866,HIGH,https://avd.aquasec.com/nvd/cve-2026-56866,opt/cni/bin/host-local,"1.26.9, 1.27.2",false,affected,severity_changed_due_to_suse_cvss_score
rancher/hardened-calico:v3.32.2-build20260909,rke2/v1.36-prerelease,stdlib,v1.26.8,gobinary,CVE-2026-56866,HIGH,https://avd.aquasec.com/nvd/cve-2026-56866,opt/cni/bin/install,"1.26.9, 1.27.2",false,affected,severity_changed_due_to_suse_cvss_score
rancher/hardened-calico:v3.32.2-build20260909,rke2/v1.36-prerelease,stdlib,v1.26.8,gobinary,CVE-2026-56866,HIGH,https://avd.aquasec.com/nvd/cve-2026-56866,opt/cni/bin/ipvlan,"1.26.9, 1.27.2",false,affected,severity_changed_due_to_suse_cvss_score
rancher/hardened-calico:v3.32.2-build20260909,rke2/v1.36-prerelease,stdlib,v1.26.8,gobinary,CVE-2026-56866,HIGH,https://avd.aquasec.com/nvd/cve-2026-56866,opt/cni/bin/loopback,"1.26.9, 1.27.2",false,affected,severity_changed_due_to_suse_cvss_score
rancher/hardened-calico:v3.32.2-build20260909,rke2/v1.36-prerelease,stdlib,v1.26.8,gobinary,CVE-2026-56866,HIGH,https://avd.aquasec.com/nvd/cve-2026-56866,opt/cni/bin/macvlan,"1.26.9, 1.27.2",false,affected,severity_changed_due_to_suse_cvss_score
rancher/hardened-calico:v3.32.2-build20260909,rke2/v1.36-prerelease,stdlib,v1.26.8,gobinary,CVE-2026-56866,HIGH,https://avd.aquasec.com/nvd/cve-2026-56866,opt/cni/bin/portmap,"1.26.9, 1.27.2",false,affected,severity_changed_due_to_suse_cvss_score
rancher/hardened-calico:v3.32.2-build20260909,rke2/v1.36-prerelease,stdlib,v1.26.8,gobinary,CVE-2026-56866,HIGH,https://avd.aquasec.com/nvd/cve-2026-56866,opt/cni/bin/ptp,"1.26.9, 1.27.2",false,affected,severity_changed_due_to_suse_cvss_score
rancher/hardened-calico:v3.32.2-build20260909,rke2/v1.36-prerelease,stdlib,v1.26.8,gobinary,CVE-2026-56866,HIGH,https://avd.aquasec.com/nvd/cve-2026-56866,opt/cni/bin/sbr,"1.26.9, 1.27.2",false,affected,severity_changed_due_to_suse_cvss_score
rancher/hardened-calico:v3.32.2-build20260909,rke2/v1.36-prerelease,stdlib,v1.26.8,gobinary,CVE-2026-56866,HIGH,https://avd.aquasec.com/nvd/cve-2026-56866,opt/cni/bin/static,"1.26.9, 1.27.2",false,affected,severity_changed_due_to_suse_cvss_score
rancher/hardened-calico:v3.32.2-build20260909,rke2/v1.36-prerelease,stdlib,v1.26.8,gobinary,CVE-2026-56866,HIGH,https://avd.aquasec.com/nvd/cve-2026-56866,opt/cni/bin/tap,"1.26.9, 1.27.2",false,affected,severity_changed_due_to_suse_cvss_score
rancher/hardened-calico:v3.32.2-build20260909,rke2/v1.36-prerelease,stdlib,v1.26.8,gobinary,CVE-2026-56866,HIGH,https://avd.aquasec.com/nvd/cve-2026-56866,opt/cni/bin/tuning,"1.26.9, 1.27.2",false,affected,severity_changed_due_to_suse_cvss_score
rancher/hardened-calico:v3.32.2-build20260909,rke2/v1.36-prerelease,stdlib,v1.26.8,gobinary,CVE-2026-56866,HIGH,https://avd.aquasec.com/nvd/cve-2026-56866,opt/cni/bin/vlan,"1.26.9, 1.27.2",false,affected,severity_changed_due_to_suse_cvss_score
rancher/hardened-calico:v3.32.2-build20260909,rke2/v1.36-prerelease,stdlib,v1.26.8,gobinary,CVE-2026-56866,HIGH,https://avd.aquasec.com/nvd/cve-2026-56866,opt/cni/bin/vrf,"1.26.9, 1.27.2",false,affected,severity_changed_due_to_suse_cvss_score
rancher/hardened-calico:v3.32.2-build20260909,rke2/v1.36-prerelease,stdlib,v1.26.8,gobinary,CVE-2026-56866,HIGH,https://avd.aquasec.com/nvd/cve-2026-56866,usr/bin/calico-node,"1.26.9, 1.27.2",false,affected,severity_changed_due_to_suse_cvss_score
rancher/hardened-calico:v3.32.2-build20260909,rke2/v1.36-prerelease,stdlib,v1.26.8,gobinary,CVE-2026-56866,HIGH,https://avd.aquasec.com/nvd/cve-2026-56866,usr/bin/check-status,"1.26.9, 1.27.2",false,affected,severity_changed_due_to_suse_cvss_score
rancher/hardened-calico:v3.32.2-build20260909,rke2/v1.36-prerelease,stdlib,v1.26.8,gobinary,CVE-2026-56866,HIGH,https://avd.aquasec.com/nvd/cve-2026-56866,usr/bin/kube-controllers,"1.26.9, 1.27.2",false,affected,severity_changed_due_to_suse_cvss_score
rancher/hardened-calico:v3.32.2-build20260909,rke2/v1.36-prerelease,stdlib,v1.26.8,gobinary,CVE-2026-56866,HIGH,https://avd.aquasec.com/nvd/cve-2026-56866,usr/local/bin/flexvol/flexvoldriver,"1.26.9, 1.27.2",false,affected,severity_changed_due_to_suse_cvss_score
rancher/hardened-calico:v3.32.2-build20260909,rke2/v1.36-prerelease,stdlib,v1.26.8,gobinary,CVE-2026-78667,HIGH,https://avd.aquasec.com/nvd/cve-2026-78667,calicoctl,"1.26.9, 1.27.2",false,affected,
rancher/hardened-calico:v3.32.2-build20260909,rke2/v1.36-prerelease,stdlib,v1.26.8,gobinary,CVE-2026-78667,HIGH,https://avd.aquasec.com/nvd/cve-2026-78667,opt/cni/bin/bandwidth,"1.26.9, 1.27.2",false,affected,
rancher/hardened-calico:v3.32.2-build20260909,rke2/v1.36-prerelease,stdlib,v1.26.8,gobinary,CVE-2026-78667,HIGH,https://avd.aquasec.com/nvd/cve-2026-78667,opt/cni/bin/bond,"1.26.9, 1.27.2",false,affected,
rancher/hardened-calico:v3.32.2-build20260909,rke2/v1.36-prerelease,stdlib,v1.26.8,gobinary,CVE-2026-78667,HIGH,https://avd.aquasec.com/nvd/cve-2026-78667,opt/cni/bin/bridge,"1.26.9, 1.27.2",false,affected,
rancher/hardened-calico:v3.32.2-build20260909,rke2/v1.36-prerelease,stdlib,v1.26.8,gobinary,CVE-2026-78667,HIGH,https://avd.aquasec.com/nvd/cve-2026-78667,opt/cni/bin/calico,"1.26.9, 1.27.2",false,affected,
rancher/hardened-calico:v3.32.2-build20260909,rke2/v1.36-prerelease,stdlib,v1.26.8,gobinary,CVE-2026-78667,HIGH,https://avd.aquasec.com/nvd/cve-2026-78667,opt/cni/bin/calico-ipam,"1.26.9, 1.27.2",false,affected,
rancher/hardened-calico:v3.32.2-build20260909,rke2/v1.36-prerelease,stdlib,v1.26.8,gobinary,CVE-2026-78667,HIGH,https://avd.aquasec.com/nvd/cve-2026-78667,opt/cni/bin/dhcp,"1.26.9, 1.27.2",false,affected,
rancher/hardened-calico:v3.32.2-build20260909,rke2/v1.36-prerelease,stdlib,v1.26.8,gobinary,CVE-2026-78667,HIGH,https://avd.aquasec.com/nvd/cve-2026-78667,opt/cni/bin/dummy,"1.26.9, 1.27.2",false,affected,
rancher/hardened-calico:v3.32.2-build20260909,rke2/v1.36-prerelease,stdlib,v1.26.8,gobinary,CVE-2026-78667,HIGH,https://avd.aquasec.com/nvd/cve-2026-78667,opt/cni/bin/firewall,"1.26.9, 1.27.2",false,affected,
rancher/hardened-calico:v3.32.2-build20260909,rke2/v1.36-prerelease,stdlib,v1.26.8,gobinary,CVE-2026-78667,HIGH,https://avd.aquasec.com/nvd/cve-2026-78667,opt/cni/bin/flannel,"1.26.9, 1.27.2",false,affected,
rancher/hardened-calico:v3.32.2-build20260909,rke2/v1.36-prerelease,stdlib,v1.26.8,gobinary,CVE-2026-78667,HIGH,https://avd.aquasec.com/nvd/cve-2026-78667,opt/cni/bin/host-device,"1.26.9, 1.27.2",false,affected,
rancher/hardened-calico:v3.32.2-build20260909,rke2/v1.36-prerelease,stdlib,v1.26.8,gobinary,CVE-2026-78667,HIGH,https://avd.aquasec.com/nvd/cve-2026-78667,opt/cni/bin/host-local,"1.26.9, 1.27.2",false,affected,
rancher/hardened-calico:v3.32.2-build20260909,rke2/v1.36-prerelease,stdlib,v1.26.8,gobinary,CVE-2026-78667,HIGH,https://avd.aquasec.com/nvd/cve-2026-78667,opt/cni/bin/install,"1.26.9, 1.27.2",false,affected,
rancher/hardened-calico:v3.32.2-build20260909,rke2/v1.36-prerelease,stdlib,v1.26.8,gobinary,CVE-2026-78667,HIGH,https://avd.aquasec.com/nvd/cve-2026-78667,opt/cni/bin/ipvlan,"1.26.9, 1.27.2",false,affected,
rancher/hardened-calico:v3.32.2-build20260909,rke2/v1.36-prerelease,stdlib,v1.26.8,gobinary,CVE-2026-78667,HIGH,https://avd.aquasec.com/nvd/cve-2026-78667,opt/cni/bin/loopback,"1.26.9, 1.27.2",false,affected,
rancher/hardened-calico:v3.32.2-build20260909,rke2/v1.36-prerelease,stdlib,v1.26.8,gobinary,CVE-2026-78667,HIGH,https://avd.aquasec.com/nvd/cve-2026-78667,opt/cni/bin/macvlan,"1.26.9, 1.27.2",false,affected,
rancher/hardened-calico:v3.32.2-build20260909,rke2/v1.36-prerelease,stdlib,v1.26.8,gobinary,CVE-2026-78667,HIGH,https://avd.aquasec.com/nvd/cve-2026-78667,opt/cni/bin/portmap,"1.26.9, 1.27.2",false,affected,
rancher/hardened-calico:v3.32.2-build20260909,rke2/v1.36-prerelease,stdlib,v1.26.8,gobinary,CVE-2026-78667,HIGH,https://avd.aquasec.com/nvd/cve-2026-78667,opt/cni/bin/ptp,"1.26.9, 1.27.2",false,affected,
rancher/hardened-calico:v3.32.2-build20260909,rke2/v1.36-prerelease,stdlib,v1.26.8,gobinary,CVE-2026-78667,HIGH,https://avd.aquasec.com/nvd/cve-2026-78667,opt/cni/bin/sbr,"1.26.9, 1.27.2",false,affected,
rancher/hardened-calico:v3.32.2-build20260909,rke2/v1.36-prerelease,stdlib,v1.26.8,gobinary,CVE-2026-78667,HIGH,https://avd.aquasec.com/nvd/cve-2026-78667,opt/cni/bin/static,"1.26.9, 1.27.2",false,affected,
rancher/hardened-calico:v3.32.2-build20260909,rke2/v1.36-prerelease,stdlib,v1.26.8,gobinary,CVE-2026-78667,HIGH,https://avd.aquasec.com/nvd/cve-2026-78667,opt/cni/bin/tap,"1.26.9, 1.27.2",false,affected,
rancher/hardened-calico:v3.32.2-build20260909,rke2/v1.36-prerelease,stdlib,v1.26.8,gobinary,CVE-2026-78667,HIGH,https://avd.aquasec.com/nvd/cve-2026-78667,opt/cni/bin/tuning,"1.26.9, 1.27.2",false,affected,
rancher/hardened-calico:v3.32.2-build20260909,rke2/v1.36-prerelease,stdlib,v1.26.8,gobinary,CVE-2026-78667,HIGH,https://avd.aquasec.com/nvd/cve-2026-78667,opt/cni/bin/vlan,"1.26.9, 1.27.2",false,affected,
rancher/hardened-calico:v3.32.2-build20260909,rke2/v1.36-prerelease,stdlib,v1.26.8,gobinary,CVE-2026-78667,HIGH,https://avd.aquasec.com/nvd/cve-2026-78667,opt/cni/bin/vrf,"1.26.9, 1.27.2",false,affected,
rancher/hardened-calico:v3.32.2-build20260909,rke2/v1.36-prerelease,stdlib,v1.26.8,gobinary,CVE-2026-78667,HIGH,https://avd.aquasec.com/nvd/cve-2026-78667,usr/bin/calico-node,"1.26.9, 1.27.2",false,affected,
rancher/hardened-calico:v3.32.2-build20260909,rke2/v1.36-prerelease,stdlib,v1.26.8,gobinary,CVE-2026-78667,HIGH,https://avd.aquasec.com/nvd/cve-2026-78667,usr/bin/check-status,"1.26.9, 1.27.2",false,affected,
rancher/hardened-calico:v3.32.2-build20260909,rke2/v1.36-prerelease,stdlib,v1.26.8,gobinary,CVE-2026-78667,HIGH,https://avd.aquasec.com/nvd/cve-2026-78667,usr/bin/kube-controllers,"1.26.9, 1.27.2",false,affected,
rancher/hardened-calico:v3.32.2-build20260909,rke2/v1.36-prerelease,stdlib,v1.26.8,gobinary,CVE-2026-78667,HIGH,https://avd.aquasec.com/nvd/cve-2026-78667,usr/local/bin/flexvol/flexvoldriver,"1.26.9, 1.27.2",false,affected,
rancher/hardened-calico:v3.32.2-build20260909,rke2/v1.36-prerelease,golang.org/x/net,v0.56.0,gobinary,CVE-2026-78669,HIGH,https://avd.aquasec.com/nvd/cve-2026-78669,opt/cni/bin/dhcp,0.60.0,false,affected,
rancher/hardened-calico:v3.32.2-build20260909,rke2/v1.36-prerelease,golang.org/x/net,v0.58.0,gobinary,CVE-2026-78669,HIGH,https://avd.aquasec.com/nvd/cve-2026-78669,calicoctl,0.60.0,false,affected,
rancher/hardened-calico:v3.32.2-build20260909,rke2/v1.36-prerelease,golang.org/x/net,v0.58.0,gobinary,CVE-2026-78669,HIGH,https://avd.aquasec.com/nvd/cve-2026-78669,opt/cni/bin/calico,0.60.0,false,affected,
rancher/hardened-calico:v3.32.2-build20260909,rke2/v1.36-prerelease,golang.org/x/net,v0.58.0,gobinary,CVE-2026-78669,HIGH,https://avd.aquasec.com/nvd/cve-2026-78669,opt/cni/bin/calico-ipam,0.60.0,false,affected,
rancher/hardened-calico:v3.32.2-build20260909,rke2/v1.36-prerelease,golang.org/x/net,v0.58.0,gobinary,CVE-2026-78669,HIGH,https://avd.aquasec.com/nvd/cve-2026-78669,opt/cni/bin/install,0.60.0,false,affected,
rancher/hardened-calico:v3.32.2-build20260909,rke2/v1.36-prerelease,golang.org/x/net,v0.58.0,gobinary,CVE-2026-78669,HIGH,https://avd.aquasec.com/nvd/cve-2026-78669,usr/bin/calico-node,0.60.0,false,affected,
rancher/hardened-calico:v3.32.2-build20260909,rke2/v1.36-prerelease,golang.org/x/net,v0.58.0,gobinary,CVE-2026-78669,HIGH,https://avd.aquasec.com/nvd/cve-2026-78669,usr/bin/kube-controllers,0.60.0,false,affected,
rancher/hardened-calico:v3.32.2-build20260909,rke2/v1.36-prerelease,stdlib,v1.26.8,gobinary,CVE-2026-78669,HIGH,https://avd.aquasec.com/nvd/cve-2026-78669,calicoctl,"1.26.9, 1.27.2",false,affected,
rancher/hardened-calico:v3.32.2-build20260909,rke2/v1.36-prerelease,stdlib,v1.26.8,gobinary,CVE-2026-78669,HIGH,https://avd.aquasec.com/nvd/cve-2026-78669,opt/cni/bin/bandwidth,"1.26.9, 1.27.2",false,affected,
rancher/hardened-calico:v3.32.2-build20260909,rke2/v1.36-prerelease,stdlib,v1.26.8,gobinary,CVE-2026-78669,HIGH,https://avd.aquasec.com/nvd/cve-2026-78669,opt/cni/bin/bond,"1.26.9, 1.27.2",false,affected,
rancher/hardened-calico:v3.32.2-build20260909,rke2/v1.36-prerelease,stdlib,v1.26.8,gobinary,CVE-2026-78669,HIGH,https://avd.aquasec.com/nvd/cve-2026-78669,opt/cni/bin/bridge,"1.26.9, 1.27.2",false,affected,
rancher/hardened-calico:v3.32.2-build20260909,rke2/v1.36-prerelease,stdlib,v1.26.8,gobinary,CVE-2026-78669,HIGH,https://avd.aquasec.com/nvd/cve-2026-78669,opt/cni/bin/calico,"1.26.9, 1.27.2",false,affected,
rancher/hardened-calico:v3.32.2-build20260909,rke2/v1.36-prerelease,stdlib,v1.26.8,gobinary,CVE-2026-78669,HIGH,https://avd.aquasec.com/nvd/cve-2026-78669,opt/cni/bin/calico-ipam,"1.26.9, 1.27.2",false,affected,
rancher/hardened-calico:v3.32.2-build20260909,rke2/v1.36-prerelease,stdlib,v1.26.8,gobinary,CVE-2026-78669,HIGH,https://avd.aquasec.com/nvd/cve-2026-78669,opt/cni/bin/dhcp,"1.26.9, 1.27.2",false,affected,
rancher/hardened-calico:v3.32.2-build20260909,rke2/v1.36-prerelease,stdlib,v1.26.8,gobinary,CVE-2026-78669,HIGH,https://avd.aquasec.com/nvd/cve-2026-78669,opt/cni/bin/dummy,"1.26.9, 1.27.2",false,affected,
rancher/hardened-calico:v3.32.2-build20260909,rke2/v1.36-prerelease,stdlib,v1.26.8,gobinary,CVE-2026-78669,HIGH,https://avd.aquasec.com/nvd/cve-2026-78669,opt/cni/bin/firewall,"1.26.9, 1.27.2",false,affected,
rancher/hardened-calico:v3.32.2-build20260909,rke2/v1.36-prerelease,stdlib,v1.26.8,gobinary,CVE-2026-78669,HIGH,https://avd.aquasec.com/nvd/cve-2026-78669,opt/cni/bin/flannel,"1.26.9, 1.27.2",false,affected,
rancher/hardened-calico:v3.32.2-build20260909,rke2/v1.36-prerelease,stdlib,v1.26.8,gobinary,CVE-2026-78669,HIGH,https://avd.aquasec.com/nvd/cve-2026-78669,opt/cni/bin/host-device,"1.26.9, 1.27.2",false,affected,
rancher/hardened-calico:v3.32.2-build20260909,rke2/v1.36-prerelease,stdlib,v1.26.8,gobinary,CVE-2026-78669,HIGH,https://avd.aquasec.com/nvd/cve-2026-78669,opt/cni/bin/host-local,"1.26.9, 1.27.2",false,affected,
rancher/hardened-calico:v3.32.2-build20260909,rke2/v1.36-prerelease,stdlib,v1.26.8,gobinary,CVE-2026-78669,HIGH,https://avd.aquasec.com/nvd/cve-2026-78669,opt/cni/bin/install,"1.26.9, 1.27.2",false,affected,
rancher/hardened-calico:v3.32.2-build20260909,rke2/v1.36-prerelease,stdlib,v1.26.8,gobinary,CVE-2026-78669,HIGH,https://avd.aquasec.com/nvd/cve-2026-78669,opt/cni/bin/ipvlan,"1.26.9, 1.27.2",false,affected,
rancher/hardened-calico:v3.32.2-build20260909,rke2/v1.36-prerelease,stdlib,v1.26.8,gobinary,CVE-2026-78669,HIGH,https://avd.aquasec.com/nvd/cve-2026-78669,opt/cni/bin/loopback,"1.26.9, 1.27.2",false,affected,
rancher/hardened-calico:v3.32.2-build20260909,rke2/v1.36-prerelease,stdlib,v1.26.8,gobinary,CVE-2026-78669,HIGH,https://avd.aquasec.com/nvd/cve-2026-78669,opt/cni/bin/macvlan,"1.26.9, 1.27.2",false,affected,
rancher/hardened-calico:v3.32.2-build20260909,rke2/v1.36-prerelease,stdlib,v1.26.8,gobinary,CVE-2026-78669,HIGH,https://avd.aquasec.com/nvd/cve-2026-78669,opt/cni/bin/portmap,"1.26.9, 1.27.2",false,affected,
rancher/hardened-calico:v3.32.2-build20260909,rke2/v1.36-prerelease,stdlib,v1.26.8,gobinary,CVE-2026-78669,HIGH,https://avd.aquasec.com/nvd/cve-2026-78669,opt/cni/bin/ptp,"1.26.9, 1.27.2",false,affected,
rancher/hardened-calico:v3.32.2-build20260909,rke2/v1.36-prerelease,stdlib,v1.26.8,gobinary,CVE-2026-78669,HIGH,https://avd.aquasec.com/nvd/cve-2026-78669,opt/cni/bin/sbr,"1.26.9, 1.27.2",false,affected,
rancher/hardened-calico:v3.32.2-build20260909,rke2/v1.36-prerelease,stdlib,v1.26.8,gobinary,CVE-2026-78669,HIGH,https://avd.aquasec.com/nvd/cve-2026-78669,opt/cni/bin/static,"1.26.9, 1.27.2",false,affected,
rancher/hardened-calico:v3.32.2-build20260909,rke2/v1.36-prerelease,stdlib,v1.26.8,gobinary,CVE-2026-78669,HIGH,https://avd.aquasec.com/nvd/cve-2026-78669,opt/cni/bin/tap,"1.26.9, 1.27.2",false,affected,
rancher/hardened-calico:v3.32.2-build20260909,rke2/v1.36-prerelease,stdlib,v1.26.8,gobinary,CVE-2026-78669,HIGH,https://avd.aquasec.com/nvd/cve-2026-78669,opt/cni/bin/tuning,"1.26.9, 1.27.2",false,affected,
rancher/hardened-calico:v3.32.2-build20260909,rke2/v1.36-prerelease,stdlib,v1.26.8,gobinary,CVE-2026-78669,HIGH,https://avd.aquasec.com/nvd/cve-2026-78669,opt/cni/bin/vlan,"1.26.9, 1.27.2",false,affected,
rancher/hardened-calico:v3.32.2-build20260909,rke2/v1.36-prerelease,stdlib,v1.26.8,gobinary,CVE-2026-78669,HIGH,https://avd.aquasec.com/nvd/cve-2026-78669,opt/cni/bin/vrf,"1.26.9, 1.27.2",false,affected,
rancher/hardened-calico:v3.32.2-build20260909,rke2/v1.36-prerelease,stdlib,v1.26.8,gobinary,CVE-2026-78669,HIGH,https://avd.aquasec.com/nvd/cve-2026-78669,usr/bin/calico-node,"1.26.9, 1.27.2",false,affected,
rancher/hardened-calico:v3.32.2-build20260909,rke2/v1.36-prerelease,stdlib,v1.26.8,gobinary,CVE-2026-78669,HIGH,https://avd.aquasec.com/nvd/cve-2026-78669,usr/bin/check-status,"1.26.9, 1.27.2",false,affected,
rancher/hardened-calico:v3.32.2-build20260909,rke2/v1.36-prerelease,stdlib,v1.26.8,gobinary,CVE-2026-78669,HIGH,https://avd.aquasec.com/nvd/cve-2026-78669,usr/bin/kube-controllers,"1.26.9, 1.27.2",false,affected,
rancher/hardened-calico:v3.32.2-build20260909,rke2/v1.36-prerelease,stdlib,v1.26.8,gobinary,CVE-2026-78669,HIGH,https://avd.aquasec.com/nvd/cve-2026-78669,usr/local/bin/flexvol/flexvoldriver,"1.26.9, 1.27.2",false,affected,
rancher/hardened-calico:v3.32.2-build20260909,rke2/v1.36-prerelease,stdlib,v1.26.8,gobinary,CVE-2026-97031,HIGH,https://avd.aquasec.com/nvd/cve-2026-97031,calicoctl,"1.26.9, 1.27.2",false,affected,
rancher/hardened-calico:v3.32.2-build20260909,rke2/v1.36-prerelease,stdlib,v1.26.8,gobinary,CVE-2026-97031,HIGH,https://avd.aquasec.com/nvd/cve-2026-97031,opt/cni/bin/bandwidth,"1.26.9, 1.27.2",false,affected,
rancher/hardened-calico:v3.32.2-build20260909,rke2/v1.36-prerelease,stdlib,v1.26.8,gobinary,CVE-2026-97031,HIGH,https://avd.aquasec.com/nvd/cve-2026-97031,opt/cni/bin/bond,"1.26.9, 1.27.2",false,affected,
rancher/hardened-calico:v3.32.2-build20260909,rke2/v1.36-prerelease,stdlib,v1.26.8,gobinary,CVE-2026-97031,HIGH,https://avd.aquasec.com/nvd/cve-2026-97031,opt/cni/bin/bridge,"1.26.9, 1.27.2",false,affected,
rancher/hardened-calico:v3.32.2-build20260909,rke2/v1.36-prerelease,stdlib,v1.26.8,gobinary,CVE-2026-97031,HIGH,https://avd.aquasec.com/nvd/cve-2026-97031,opt/cni/bin/calico,"1.26.9, 1.27.2",false,affected,
rancher/hardened-calico:v3.32.2-build20260909,rke2/v1.36-prerelease,stdlib,v1.26.8,gobinary,CVE-2026-97031,HIGH,https://avd.aquasec.com/nvd/cve-2026-97031,opt/cni/bin/calico-ipam,"1.26.9, 1.27.2",false,affected,
rancher/hardened-calico:v3.32.2-build20260909,rke2/v1.36-prerelease,stdlib,v1.26.8,gobinary,CVE-2026-97031,HIGH,https://avd.aquasec.com/nvd/cve-2026-97031,opt/cni/bin/dhcp,"1.26.9, 1.27.2",false,affected,
rancher/hardened-calico:v3.32.2-build20260909,rke2/v1.36-prerelease,stdlib,v1.26.8,gobinary,CVE-2026-97031,HIGH,https://avd.aquasec.com/nvd/cve-2026-97031,opt/cni/bin/dummy,"1.26.9, 1.27.2",false,affected,
rancher/hardened-calico:v3.32.2-build20260909,rke2/v1.36-prerelease,stdlib,v1.26.8,gobinary,CVE-2026-97031,HIGH,https://avd.aquasec.com/nvd/cve-2026-97031,opt/cni/bin/firewall,"1.26.9, 1.27.2",false,affected,
rancher/hardened-calico:v3.32.2-build20260909,rke2/v1.36-prerelease,stdlib,v1.26.8,gobinary,CVE-2026-97031,HIGH,https://avd.aquasec.com/nvd/cve-2026-97031,opt/cni/bin/flannel,"1.26.9, 1.27.2",false,affected,
rancher/hardened-calico:v3.32.2-build20260909,rke2/v1.36-prerelease,stdlib,v1.26.8,gobinary,CVE-2026-97031,HIGH,https://avd.aquasec.com/nvd/cve-2026-97031,opt/cni/bin/host-device,"1.26.9, 1.27.2",false,affected,
rancher/hardened-calico:v3.32.2-build20260909,rke2/v1.36-prerelease,stdlib,v1.26.8,gobinary,CVE-2026-97031,HIGH,https://avd.aquasec.com/nvd/cve-2026-97031,opt/cni/bin/host-local,"1.26.9, 1.27.2",false,affected,
rancher/hardened-calico:v3.32.2-build20260909,rke2/v1.36-prerelease,stdlib,v1.26.8,gobinary,CVE-2026-97031,HIGH,https://avd.aquasec.com/nvd/cve-2026-97031,opt/cni/bin/install,"1.26.9, 1.27.2",false,affected,
rancher/hardened-calico:v3.32.2-build20260909,rke2/v1.36-prerelease,stdlib,v1.26.8,gobinary,CVE-2026-97031,HIGH,https://avd.aquasec.com/nvd/cve-2026-97031,opt/cni/bin/ipvlan,"1.26.9, 1.27.2",false,affected,
rancher/hardened-calico:v3.32.2-build20260909,rke2/v1.36-prerelease,stdlib,v1.26.8,gobinary,CVE-2026-97031,HIGH,https://avd.aquasec.com/nvd/cve-2026-97031,opt/cni/bin/loopback,"1.26.9, 1.27.2",false,affected,
rancher/hardened-calico:v3.32.2-build20260909,rke2/v1.36-prerelease,stdlib,v1.26.8,gobinary,CVE-2026-97031,HIGH,https://avd.aquasec.com/nvd/cve-2026-97031,opt/cni/bin/macvlan,"1.26.9, 1.27.2",false,affected,
rancher/hardened-calico:v3.32.2-build20260909,rke2/v1.36-prerelease,stdlib,v1.26.8,gobinary,CVE-2026-97031,HIGH,https://avd.aquasec.com/nvd/cve-2026-97031,opt/cni/bin/portmap,"1.26.9, 1.27.2",false,affected,
rancher/hardened-calico:v3.32.2-build20260909,rke2/v1.36-prerelease,stdlib,v1.26.8,gobinary,CVE-2026-97031,HIGH,https://avd.aquasec.com/nvd/cve-2026-97031,opt/cni/bin/ptp,"1.26.9, 1.27.2",false,affected,
rancher/hardened-calico:v3.32.2-build20260909,rke2/v1.36-prerelease,stdlib,v1.26.8,gobinary,CVE-2026-97031,HIGH,https://avd.aquasec.com/nvd/cve-2026-97031,opt/cni/bin/sbr,"1.26.9, 1.27.2",false,affected,
rancher/hardened-calico:v3.32.2-build20260909,rke2/v1.36-prerelease,stdlib,v1.26.8,gobinary,CVE-2026-97031,HIGH,https://avd.aquasec.com/nvd/cve-2026-97031,opt/cni/bin/static,"1.26.9, 1.27.2",false,affected,
rancher/hardened-calico:v3.32.2-build20260909,rke2/v1.36-prerelease,stdlib,v1.26.8,gobinary,CVE-2026-97031,HIGH,https://avd.aquasec.com/nvd/cve-2026-97031,opt/cni/bin/tap,"1.26.9, 1.27.2",false,affected,
rancher/hardened-calico:v3.32.2-build20260909,rke2/v1.36-prerelease,stdlib,v1.26.8,gobinary,CVE-2026-97031,HIGH,https://avd.aquasec.com/nvd/cve-2026-97031,opt/cni/bin/tuning,"1.26.9, 1.27.2",false,affected,
rancher/hardened-calico:v3.32.2-build20260909,rke2/v1.36-prerelease,stdlib,v1.26.8,gobinary,CVE-2026-97031,HIGH,https://avd.aquasec.com/nvd/cve-2026-97031,opt/cni/bin/vlan,"1.26.9, 1.27.2",false,affected,
rancher/hardened-calico:v3.32.2-build20260909,rke2/v1.36-prerelease,stdlib,v1.26.8,gobinary,CVE-2026-97031,HIGH,https://avd.aquasec.com/nvd/cve-2026-97031,opt/cni/bin/vrf,"1.26.9, 1.27.2",false,affected,
rancher/hardened-calico:v3.32.2-build20260909,rke2/v1.36-prerelease,stdlib,v1.26.8,gobinary,CVE-2026-97031,HIGH,https://avd.aquasec.com/nvd/cve-2026-97031,usr/bin/calico-node,"1.26.9, 1.27.2",false,affected,
rancher/hardened-calico:v3.32.2-build20260909,rke2/v1.36-prerelease,stdlib,v1.26.8,gobinary,CVE-2026-97031,HIGH,https://avd.aquasec.com/nvd/cve-2026-97031,usr/bin/check-status,"1.26.9, 1.27.2",false,affected,
rancher/hardened-calico:v3.32.2-build20260909,rke2/v1.36-prerelease,stdlib,v1.26.8,gobinary,CVE-2026-97031,HIGH,https://avd.aquasec.com/nvd/cve-2026-97031,usr/bin/kube-controllers,"1.26.9, 1.27.2",false,affected,
rancher/hardened-calico:v3.32.2-build20260909,rke2/v1.36-prerelease,stdlib,v1.26.8,gobinary,CVE-2026-97031,HIGH,https://avd.aquasec.com/nvd/cve-2026-97031,usr/local/bin/flexvol/flexvoldriver,"1.26.9, 1.27.2",false,affected,
rancher/hardened-calico:v3.32.2-build20260909,rke2/v1.36-prerelease,libopenssl3,3.5.0-160000.9.1,sles,SUSE-SU-2026:23609-1,HIGH,,rancher/hardened-calico:v3.32.2-build20260909 (sles 16.0),3.5.0-160000.10.1,false,affected,
rancher/hardened-calico:v3.32.2-build20260909,rke2/v1.36-prerelease,libacl1,2.3.2-160000.2.2,sles,SUSE-SU-2026:23705-1,HIGH,,rancher/hardened-calico:v3.32.2-build20260909 (sles 16.0),2.4.0-160000.1.1,false,affected,
rancher/hardened-calico:v3.32.2-build20260909,rke2/v1.36-prerelease,libattr1,2.5.2-160000.2.2,sles,SUSE-SU-2026:23705-1,HIGH,,rancher/hardened-calico:v3.32.2-build20260909 (sles 16.0),2.6.0-160000.1.1,false,affected,
rancher/hardened-calico:v3.32.2-build20260909,rke2/v1.36-prerelease,libacl1,2.3.2-160000.2.2,sles,SUSE-SU-2026:23726-1,HIGH,,rancher/hardened-calico:v3.32.2-build20260909 (sles 16.0),2.4.0-160000.1.1,false,affected,
rancher/hardened-calico:v3.32.2-build20260909,rke2/v1.36-prerelease,libattr1,2.5.2-160000.2.2,sles,SUSE-SU-2026:23726-1,HIGH,,rancher/hardened-calico:v3.32.2-build20260909 (sles 16.0),2.6.0-160000.1.1,false,affected,
rancher/hardened-calico:v3.32.2-build20260909,rke2/v1.36-prerelease,rpm,4.20.1-160000.2.2,sles,SUSE-SU-2026:23787-1,HIGH,,rancher/hardened-calico:v3.32.2-build20260909 (sles 16.0),4.20.1-160000.3.1,false,affected,
rancher/hardened-calico:v3.32.2-build20260909,rke2/v1.36-prerelease,libblkid1,2.41.1-160000.4.1,sles,SUSE-SU-2026:23861-1,HIGH,,rancher/hardened-calico:v3.32.2-build20260909 (sles 16.0),2.41.1-160000.5.1,false,affected,
rancher/hardened-calico:v3.32.2-build20260909,rke2/v1.36-prerelease,libfdisk1,2.41.1-160000.4.1,sles,SUSE-SU-2026:23861-1,HIGH,,rancher/hardened-calico:v3.32.2-build20260909 (sles 16.0),2.41.1-160000.5.1,false,affected,
rancher/hardened-calico:v3.32.2-build20260909,rke2/v1.36-prerelease,libmount1,2.41.1-160000.4.1,sles,SUSE-SU-2026:23861-1,HIGH,,rancher/hardened-calico:v3.32.2-build20260909 (sles 16.0),2.41.1-160000.5.1,false,affected,
rancher/hardened-calico:v3.32.2-build20260909,rke2/v1.36-prerelease,libsmartcols1,2.41.1-160000.4.1,sles,SUSE-SU-2026:23861-1,HIGH,,rancher/hardened-calico:v3.32.2-build20260909 (sles 16.0),2.41.1-160000.5.1,false,affected,
rancher/hardened-calico:v3.32.2-build20260909,rke2/v1.36-prerelease,libuuid1,2.41.1-160000.4.1,sles,SUSE-SU-2026:23861-1,HIGH,,rancher/hardened-calico:v3.32.2-build20260909 (sles 16.0),2.41.1-160000.5.1,false,affected,
rancher/hardened-calico:v3.32.2-build20260909,rke2/v1.36-prerelease,util-linux,2.41.1-160000.4.1,sles,SUSE-SU-2026:23861-1,HIGH,,rancher/hardened-calico:v3.32.2-build20260909 (sles 16.0),2.41.1-160000.5.1,false,affected,
rancher/hardened-calico:v3.32.2-build20260909,rke2/v1.36-prerelease,libblkid1,2.41.1-160000.4.1,sles,SUSE-SU-2026:23870-1,HIGH,,rancher/hardened-calico:v3.32.2-build20260909 (sles 16.0),2.41.1-160000.5.1,false,affected,
rancher/hardened-calico:v3.32.2-build20260909,rke2/v1.36-prerelease,libfdisk1,2.41.1-160000.4.1,sles,SUSE-SU-2026:23870-1,HIGH,,rancher/hardened-calico:v3.32.2-build20260909 (sles 16.0),2.41.1-160000.5.1,false,affected,
rancher/hardened-calico:v3.32.2-build20260909,rke2/v1.36-prerelease,libmount1,2.41.1-160000.4.1,sles,SUSE-SU-2026:23870-1,HIGH,,rancher/hardened-calico:v3.32.2-build20260909 (sles 16.0),2.41.1-160000.5.1,false,affected,
rancher/hardened-calico:v3.32.2-build20260909,rke2/v1.36-prerelease,libsmartcols1,2.41.1-160000.4.1,sles,SUSE-SU-2026:23870-1,HIGH,,rancher/hardened-calico:v3.32.2-build20260909 (sles 16.0),2.41.1-160000.5.1,false,affected,
rancher/hardened-calico:v3.32.2-build20260909,rke2/v1.36-prerelease,libuuid1,2.41.1-160000.4.1,sles,SUSE-SU-2026:23870-1,HIGH,,rancher/hardened-calico:v3.32.2-build20260909 (sles 16.0),2.41.1-160000.5.1,false,affected,
rancher/hardened-calico:v3.32.2-build20260909,rke2/v1.36-prerelease,util-linux,2.41.1-160000.4.1,sles,SUSE-SU-2026:23870-1,HIGH,,rancher/hardened-calico:v3.32.2-build20260909 (sles 16.0),2.41.1-160000.5.1,false,affected,
rancher/hardened-calico:v3.32.2-build20260909,rke2/v1.36-prerelease,libpcre2-8-0,10.45-160000.3.1,sles,SUSE-SU-2026:23906-1,HIGH,,rancher/hardened-calico:v3.32.2-build20260909 (sles 16.0),10.45-160000.4.1,false,not_affected,vulnerable_code_not_in_execute_path
rancher/hardened-calico:v3.32.2-build20260909,rke2/v1.36-prerelease,libpcap1,1.10.5-160000.4.1,sles,SUSE-SU-2026:23907-1,HIGH,,rancher/hardened-calico:v3.32.2-build20260909 (sles 16.0),1.10.5-160000.5.1,false,not_affected,vulnerable_code_not_in_execute_path
rancher/hardened-calico:v3.32.2-build20260909,rke2/v1.36-prerelease,glibc,2.40-160000.6.1,sles,SUSE-SU-2026:23934-1,HIGH,,rancher/hardened-calico:v3.32.2-build20260909 (sles 16.0),2.40-160000.7.1,false,affected,
rancher/hardened-cluster-autoscaler:v1.10.3-build20260819,rke2/v1.36-prerelease,stdlib,v1.25.14,gobinary,CVE-2026-56866,HIGH,https://avd.aquasec.com/nvd/cve-2026-56866,cluster-proportional-autoscaler,"1.26.9, 1.27.2",false,affected,severity_changed_due_to_suse_cvss_score
rancher/hardened-cluster-autoscaler:v1.10.3-build20260819,rke2/v1.36-prerelease,stdlib,v1.25.14,gobinary,CVE-2026-78667,HIGH,https://avd.aquasec.com/nvd/cve-2026-78667,cluster-proportional-autoscaler,"1.26.9, 1.27.2",false,affected,
rancher/hardened-cluster-autoscaler:v1.10.3-build20260819,rke2/v1.36-prerelease,golang.org/x/net,v0.56.0,gobinary,CVE-2026-78669,HIGH,https://avd.aquasec.com/nvd/cve-2026-78669,cluster-proportional-autoscaler,0.60.0,false,affected,
rancher/hardened-cluster-autoscaler:v1.10.3-build20260819,rke2/v1.36-prerelease,stdlib,v1.25.14,gobinary,CVE-2026-78669,HIGH,https://avd.aquasec.com/nvd/cve-2026-78669,cluster-proportional-autoscaler,"1.26.9, 1.27.2",false,affected,
rancher/hardened-cluster-autoscaler:v1.10.3-build20260819,rke2/v1.36-prerelease,stdlib,v1.25.14,gobinary,CVE-2026-97031,HIGH,https://avd.aquasec.com/nvd/cve-2026-97031,cluster-proportional-autoscaler,"1.26.9, 1.27.2",false,affected,
rancher/hardened-cni-plugins:v1.9.1-build20260903,rke2/v1.36-prerelease,stdlib,v1.26.8,gobinary,CVE-2026-56866,HIGH,https://avd.aquasec.com/nvd/cve-2026-56866,opt/cni/bin/bandwidth,"1.26.9, 1.27.2",false,affected,severity_changed_due_to_suse_cvss_score
rancher/hardened-cni-plugins:v1.9.1-build20260903,rke2/v1.36-prerelease,stdlib,v1.26.8,gobinary,CVE-2026-56866,HIGH,https://avd.aquasec.com/nvd/cve-2026-56866,opt/cni/bin/bond,"1.26.9, 1.27.2",false,affected,severity_changed_due_to_suse_cvss_score
rancher/hardened-cni-plugins:v1.9.1-build20260903,rke2/v1.36-prerelease,stdlib,v1.26.8,gobinary,CVE-2026-56866,HIGH,https://avd.aquasec.com/nvd/cve-2026-56866,opt/cni/bin/bridge,"1.26.9, 1.27.2",false,affected,severity_changed_due_to_suse_cvss_score
rancher/hardened-cni-plugins:v1.9.1-build20260903,rke2/v1.36-prerelease,stdlib,v1.26.8,gobinary,CVE-2026-56866,HIGH,https://avd.aquasec.com/nvd/cve-2026-56866,opt/cni/bin/dhcp,"1.26.9, 1.27.2",false,affected,severity_changed_due_to_suse_cvss_score
rancher/hardened-cni-plugins:v1.9.1-build20260903,rke2/v1.36-prerelease,stdlib,v1.26.8,gobinary,CVE-2026-56866,HIGH,https://avd.aquasec.com/nvd/cve-2026-56866,opt/cni/bin/dummy,"1.26.9, 1.27.2",false,affected,severity_changed_due_to_suse_cvss_score
rancher/hardened-cni-plugins:v1.9.1-build20260903,rke2/v1.36-prerelease,stdlib,v1.26.8,gobinary,CVE-2026-56866,HIGH,https://avd.aquasec.com/nvd/cve-2026-56866,opt/cni/bin/firewall,"1.26.9, 1.27.2",false,affected,severity_changed_due_to_suse_cvss_score
rancher/hardened-cni-plugins:v1.9.1-build20260903,rke2/v1.36-prerelease,stdlib,v1.26.8,gobinary,CVE-2026-56866,HIGH,https://avd.aquasec.com/nvd/cve-2026-56866,opt/cni/bin/flannel,"1.26.9, 1.27.2",false,affected,severity_changed_due_to_suse_cvss_score
rancher/hardened-cni-plugins:v1.9.1-build20260903,rke2/v1.36-prerelease,stdlib,v1.26.8,gobinary,CVE-2026-56866,HIGH,https://avd.aquasec.com/nvd/cve-2026-56866,opt/cni/bin/host-device,"1.26.9, 1.27.2",false,affected,severity_changed_due_to_suse_cvss_score
rancher/hardened-cni-plugins:v1.9.1-build20260903,rke2/v1.36-prerelease,stdlib,v1.26.8,gobinary,CVE-2026-56866,HIGH,https://avd.aquasec.com/nvd/cve-2026-56866,opt/cni/bin/host-local,"1.26.9, 1.27.2",false,affected,severity_changed_due_to_suse_cvss_score
rancher/hardened-cni-plugins:v1.9.1-build20260903,rke2/v1.36-prerelease,stdlib,v1.26.8,gobinary,CVE-2026-56866,HIGH,https://avd.aquasec.com/nvd/cve-2026-56866,opt/cni/bin/ipvlan,"1.26.9, 1.27.2",false,affected,severity_changed_due_to_suse_cvss_score
rancher/hardened-cni-plugins:v1.9.1-build20260903,rke2/v1.36-prerelease,stdlib,v1.26.8,gobinary,CVE-2026-56866,HIGH,https://avd.aquasec.com/nvd/cve-2026-56866,opt/cni/bin/loopback,"1.26.9, 1.27.2",false,affected,severity_changed_due_to_suse_cvss_score
rancher/hardened-cni-plugins:v1.9.1-build20260903,rke2/v1.36-prerelease,stdlib,v1.26.8,gobinary,CVE-2026-56866,HIGH,https://avd.aquasec.com/nvd/cve-2026-56866,opt/cni/bin/macvlan,"1.26.9, 1.27.2",false,affected,severity_changed_due_to_suse_cvss_score
rancher/hardened-cni-plugins:v1.9.1-build20260903,rke2/v1.36-prerelease,stdlib,v1.26.8,gobinary,CVE-2026-56866,HIGH,https://avd.aquasec.com/nvd/cve-2026-56866,opt/cni/bin/portmap,"1.26.9, 1.27.2",false,affected,severity_changed_due_to_suse_cvss_score
rancher/hardened-cni-plugins:v1.9.1-build20260903,rke2/v1.36-prerelease,stdlib,v1.26.8,gobinary,CVE-2026-56866,HIGH,https://avd.aquasec.com/nvd/cve-2026-56866,opt/cni/bin/ptp,"1.26.9, 1.27.2",false,affected,severity_changed_due_to_suse_cvss_score
rancher/hardened-cni-plugins:v1.9.1-build20260903,rke2/v1.36-prerelease,stdlib,v1.26.8,gobinary,CVE-2026-56866,HIGH,https://avd.aquasec.com/nvd/cve-2026-56866,opt/cni/bin/sbr,"1.26.9, 1.27.2",false,affected,severity_changed_due_to_suse_cvss_score
rancher/hardened-cni-plugins:v1.9.1-build20260903,rke2/v1.36-prerelease,stdlib,v1.26.8,gobinary,CVE-2026-56866,HIGH,https://avd.aquasec.com/nvd/cve-2026-56866,opt/cni/bin/static,"1.26.9, 1.27.2",false,affected,severity_changed_due_to_suse_cvss_score
rancher/hardened-cni-plugins:v1.9.1-build20260903,rke2/v1.36-prerelease,stdlib,v1.26.8,gobinary,CVE-2026-56866,HIGH,https://avd.aquasec.com/nvd/cve-2026-56866,opt/cni/bin/tap,"1.26.9, 1.27.2",false,affected,severity_changed_due_to_suse_cvss_score
rancher/hardened-cni-plugins:v1.9.1-build20260903,rke2/v1.36-prerelease,stdlib,v1.26.8,gobinary,CVE-2026-56866,HIGH,https://avd.aquasec.com/nvd/cve-2026-56866,opt/cni/bin/tuning,"1.26.9, 1.27.2",false,affected,severity_changed_due_to_suse_cvss_score
rancher/hardened-cni-plugins:v1.9.1-build20260903,rke2/v1.36-prerelease,stdlib,v1.26.8,gobinary,CVE-2026-56866,HIGH,https://avd.aquasec.com/nvd/cve-2026-56866,opt/cni/bin/vlan,"1.26.9, 1.27.2",false,affected,severity_changed_due_to_suse_cvss_score
rancher/hardened-cni-plugins:v1.9.1-build20260903,rke2/v1.36-prerelease,stdlib,v1.26.8,gobinary,CVE-2026-56866,HIGH,https://avd.aquasec.com/nvd/cve-2026-56866,opt/cni/bin/vrf,"1.26.9, 1.27.2",false,affected,severity_changed_due_to_suse_cvss_score
rancher/hardened-cni-plugins:v1.9.1-build20260903,rke2/v1.36-prerelease,stdlib,v1.26.8,gobinary,CVE-2026-78667,HIGH,https://avd.aquasec.com/nvd/cve-2026-78667,opt/cni/bin/bandwidth,"1.26.9, 1.27.2",false,affected,
rancher/hardened-cni-plugins:v1.9.1-build20260903,rke2/v1.36-prerelease,stdlib,v1.26.8,gobinary,CVE-2026-78667,HIGH,https://avd.aquasec.com/nvd/cve-2026-78667,opt/cni/bin/bond,"1.26.9, 1.27.2",false,affected,
rancher/hardened-cni-plugins:v1.9.1-build20260903,rke2/v1.36-prerelease,stdlib,v1.26.8,gobinary,CVE-2026-78667,HIGH,https://avd.aquasec.com/nvd/cve-2026-78667,opt/cni/bin/bridge,"1.26.9, 1.27.2",false,affected,
rancher/hardened-cni-plugins:v1.9.1-build20260903,rke2/v1.36-prerelease,stdlib,v1.26.8,gobinary,CVE-2026-78667,HIGH,https://avd.aquasec.com/nvd/cve-2026-78667,opt/cni/bin/dhcp,"1.26.9, 1.27.2",false,affected,
rancher/hardened-cni-plugins:v1.9.1-build20260903,rke2/v1.36-prerelease,stdlib,v1.26.8,gobinary,CVE-2026-78667,HIGH,https://avd.aquasec.com/nvd/cve-2026-78667,opt/cni/bin/dummy,"1.26.9, 1.27.2",false,affected,
rancher/hardened-cni-plugins:v1.9.1-build20260903,rke2/v1.36-prerelease,stdlib,v1.26.8,gobinary,CVE-2026-78667,HIGH,https://avd.aquasec.com/nvd/cve-2026-78667,opt/cni/bin/firewall,"1.26.9, 1.27.2",false,affected,
rancher/hardened-cni-plugins:v1.9.1-build20260903,rke2/v1.36-prerelease,stdlib,v1.26.8,gobinary,CVE-2026-78667,HIGH,https://avd.aquasec.com/nvd/cve-2026-78667,opt/cni/bin/flannel,"1.26.9, 1.27.2",false,affected,
rancher/hardened-cni-plugins:v1.9.1-build20260903,rke2/v1.36-prerelease,stdlib,v1.26.8,gobinary,CVE-2026-78667,HIGH,https://avd.aquasec.com/nvd/cve-2026-78667,opt/cni/bin/host-device,"1.26.9, 1.27.2",false,affected,
rancher/hardened-cni-plugins:v1.9.1-build20260903,rke2/v1.36-prerelease,stdlib,v1.26.8,gobinary,CVE-2026-78667,HIGH,https://avd.aquasec.com/nvd/cve-2026-78667,opt/cni/bin/host-local,"1.26.9, 1.27.2",false,affected,
rancher/hardened-cni-plugins:v1.9.1-build20260903,rke2/v1.36-prerelease,stdlib,v1.26.8,gobinary,CVE-2026-78667,HIGH,https://avd.aquasec.com/nvd/cve-2026-78667,opt/cni/bin/ipvlan,"1.26.9, 1.27.2",false,affected,
rancher/hardened-cni-plugins:v1.9.1-build20260903,rke2/v1.36-prerelease,stdlib,v1.26.8,gobinary,CVE-2026-78667,HIGH,https://avd.aquasec.com/nvd/cve-2026-78667,opt/cni/bin/loopback,"1.26.9, 1.27.2",false,affected,
rancher/hardened-cni-plugins:v1.9.1-build20260903,rke2/v1.36-prerelease,stdlib,v1.26.8,gobinary,CVE-2026-78667,HIGH,https://avd.aquasec.com/nvd/cve-2026-78667,opt/cni/bin/macvlan,"1.26.9, 1.27.2",false,affected,
rancher/hardened-cni-plugins:v1.9.1-build20260903,rke2/v1.36-prerelease,stdlib,v1.26.8,gobinary,CVE-2026-78667,HIGH,https://avd.aquasec.com/nvd/cve-2026-78667,opt/cni/bin/portmap,"1.26.9, 1.27.2",false,affected,
rancher/hardened-cni-plugins:v1.9.1-build20260903,rke2/v1.36-prerelease,stdlib,v1.26.8,gobinary,CVE-2026-78667,HIGH,https://avd.aquasec.com/nvd/cve-2026-78667,opt/cni/bin/ptp,"1.26.9, 1.27.2",false,affected,
rancher/hardened-cni-plugins:v1.9.1-build20260903,rke2/v1.36-prerelease,stdlib,v1.26.8,gobinary,CVE-2026-78667,HIGH,https://avd.aquasec.com/nvd/cve-2026-78667,opt/cni/bin/sbr,"1.26.9, 1.27.2",false,affected,
rancher/hardened-cni-plugins:v1.9.1-build20260903,rke2/v1.36-prerelease,stdlib,v1.26.8,gobinary,CVE-2026-78667,HIGH,https://avd.aquasec.com/nvd/cve-2026-78667,opt/cni/bin/static,"1.26.9, 1.27.2",false,affected,
rancher/hardened-cni-plugins:v1.9.1-build20260903,rke2/v1.36-prerelease,stdlib,v1.26.8,gobinary,CVE-2026-78667,HIGH,https://avd.aquasec.com/nvd/cve-2026-78667,opt/cni/bin/tap,"1.26.9, 1.27.2",false,affected,
rancher/hardened-cni-plugins:v1.9.1-build20260903,rke2/v1.36-prerelease,stdlib,v1.26.8,gobinary,CVE-2026-78667,HIGH,https://avd.aquasec.com/nvd/cve-2026-78667,opt/cni/bin/tuning,"1.26.9, 1.27.2",false,affected,
rancher/hardened-cni-plugins:v1.9.1-build20260903,rke2/v1.36-prerelease,stdlib,v1.26.8,gobinary,CVE-2026-78667,HIGH,https://avd.aquasec.com/nvd/cve-2026-78667,opt/cni/bin/vlan,"1.26.9, 1.27.2",false,affected,
rancher/hardened-cni-plugins:v1.9.1-build20260903,rke2/v1.36-prerelease,stdlib,v1.26.8,gobinary,CVE-2026-78667,HIGH,https://avd.aquasec.com/nvd/cve-2026-78667,opt/cni/bin/vrf,"1.26.9, 1.27.2",false,affected,
rancher/hardened-cni-plugins:v1.9.1-build20260903,rke2/v1.36-prerelease,golang.org/x/net,v0.56.0,gobinary,CVE-2026-78669,HIGH,https://avd.aquasec.com/nvd/cve-2026-78669,opt/cni/bin/dhcp,0.60.0,false,affected,
rancher/hardened-cni-plugins:v1.9.1-build20260903,rke2/v1.36-prerelease,stdlib,v1.26.8,gobinary,CVE-2026-78669,HIGH,https://avd.aquasec.com/nvd/cve-2026-78669,opt/cni/bin/bandwidth,"1.26.9, 1.27.2",false,affected,
rancher/hardened-cni-plugins:v1.9.1-build20260903,rke2/v1.36-prerelease,stdlib,v1.26.8,gobinary,CVE-2026-78669,HIGH,https://avd.aquasec.com/nvd/cve-2026-78669,opt/cni/bin/bond,"1.26.9, 1.27.2",false,affected,
rancher/hardened-cni-plugins:v1.9.1-build20260903,rke2/v1.36-prerelease,stdlib,v1.26.8,gobinary,CVE-2026-78669,HIGH,https://avd.aquasec.com/nvd/cve-2026-78669,opt/cni/bin/bridge,"1.26.9, 1.27.2",false,affected,
rancher/hardened-cni-plugins:v1.9.1-build20260903,rke2/v1.36-prerelease,stdlib,v1.26.8,gobinary,CVE-2026-78669,HIGH,https://avd.aquasec.com/nvd/cve-2026-78669,opt/cni/bin/dhcp,"1.26.9, 1.27.2",false,affected,
rancher/hardened-cni-plugins:v1.9.1-build20260903,rke2/v1.36-prerelease,stdlib,v1.26.8,gobinary,CVE-2026-78669,HIGH,https://avd.aquasec.com/nvd/cve-2026-78669,opt/cni/bin/dummy,"1.26.9, 1.27.2",false,affected,
rancher/hardened-cni-plugins:v1.9.1-build20260903,rke2/v1.36-prerelease,stdlib,v1.26.8,gobinary,CVE-2026-78669,HIGH,https://avd.aquasec.com/nvd/cve-2026-78669,opt/cni/bin/firewall,"1.26.9, 1.27.2",false,affected,
rancher/hardened-cni-plugins:v1.9.1-build20260903,rke2/v1.36-prerelease,stdlib,v1.26.8,gobinary,CVE-2026-78669,HIGH,https://avd.aquasec.com/nvd/cve-2026-78669,opt/cni/bin/flannel,"1.26.9, 1.27.2",false,affected,
rancher/hardened-cni-plugins:v1.9.1-build20260903,rke2/v1.36-prerelease,stdlib,v1.26.8,gobinary,CVE-2026-78669,HIGH,https://avd.aquasec.com/nvd/cve-2026-78669,opt/cni/bin/host-device,"1.26.9, 1.27.2",false,affected,
rancher/hardened-cni-plugins:v1.9.1-build20260903,rke2/v1.36-prerelease,stdlib,v1.26.8,gobinary,CVE-2026-78669,HIGH,https://avd.aquasec.com/nvd/cve-2026-78669,opt/cni/bin/host-local,"1.26.9, 1.27.2",false,affected,
rancher/hardened-cni-plugins:v1.9.1-build20260903,rke2/v1.36-prerelease,stdlib,v1.26.8,gobinary,CVE-2026-78669,HIGH,https://avd.aquasec.com/nvd/cve-2026-78669,opt/cni/bin/ipvlan,"1.26.9, 1.27.2",false,affected,
rancher/hardened-cni-plugins:v1.9.1-build20260903,rke2/v1.36-prerelease,stdlib,v1.26.8,gobinary,CVE-2026-78669,HIGH,https://avd.aquasec.com/nvd/cve-2026-78669,opt/cni/bin/loopback,"1.26.9, 1.27.2",false,affected,
rancher/hardened-cni-plugins:v1.9.1-build20260903,rke2/v1.36-prerelease,stdlib,v1.26.8,gobinary,CVE-2026-78669,HIGH,https://avd.aquasec.com/nvd/cve-2026-78669,opt/cni/bin/macvlan,"1.26.9, 1.27.2",false,affected,
rancher/hardened-cni-plugins:v1.9.1-build20260903,rke2/v1.36-prerelease,stdlib,v1.26.8,gobinary,CVE-2026-78669,HIGH,https://avd.aquasec.com/nvd/cve-2026-78669,opt/cni/bin/portmap,"1.26.9, 1.27.2",false,affected,
rancher/hardened-cni-plugins:v1.9.1-build20260903,rke2/v1.36-prerelease,stdlib,v1.26.8,gobinary,CVE-2026-78669,HIGH,https://avd.aquasec.com/nvd/cve-2026-78669,opt/cni/bin/ptp,"1.26.9, 1.27.2",false,affected,
rancher/hardened-cni-plugins:v1.9.1-build20260903,rke2/v1.36-prerelease,stdlib,v1.26.8,gobinary,CVE-2026-78669,HIGH,https://avd.aquasec.com/nvd/cve-2026-78669,opt/cni/bin/sbr,"1.26.9, 1.27.2",false,affected,
rancher/hardened-cni-plugins:v1.9.1-build20260903,rke2/v1.36-prerelease,stdlib,v1.26.8,gobinary,CVE-2026-78669,HIGH,https://avd.aquasec.com/nvd/cve-2026-78669,opt/cni/bin/static,"1.26.9, 1.27.2",false,affected,
rancher/hardened-cni-plugins:v1.9.1-build20260903,rke2/v1.36-prerelease,stdlib,v1.26.8,gobinary,CVE-2026-78669,HIGH,https://avd.aquasec.com/nvd/cve-2026-78669,opt/cni/bin/tap,"1.26.9, 1.27.2",false,affected,
rancher/hardened-cni-plugins:v1.9.1-build20260903,rke2/v1.36-prerelease,stdlib,v1.26.8,gobinary,CVE-2026-78669,HIGH,https://avd.aquasec.com/nvd/cve-2026-78669,opt/cni/bin/tuning,"1.26.9, 1.27.2",false,affected,
rancher/hardened-cni-plugins:v1.9.1-build20260903,rke2/v1.36-prerelease,stdlib,v1.26.8,gobinary,CVE-2026-78669,HIGH,https://avd.aquasec.com/nvd/cve-2026-78669,opt/cni/bin/vlan,"1.26.9, 1.27.2",false,affected,
rancher/hardened-cni-plugins:v1.9.1-build20260903,rke2/v1.36-prerelease,stdlib,v1.26.8,gobinary,CVE-2026-78669,HIGH,https://avd.aquasec.com/nvd/cve-2026-78669,opt/cni/bin/vrf,"1.26.9, 1.27.2",false,affected,
rancher/hardened-cni-plugins:v1.9.1-build20260903,rke2/v1.36-prerelease,stdlib,v1.26.8,gobinary,CVE-2026-97031,HIGH,https://avd.aquasec.com/nvd/cve-2026-97031,opt/cni/bin/bandwidth,"1.26.9, 1.27.2",false,affected,
rancher/hardened-cni-plugins:v1.9.1-build20260903,rke2/v1.36-prerelease,stdlib,v1.26.8,gobinary,CVE-2026-97031,HIGH,https://avd.aquasec.com/nvd/cve-2026-97031,opt/cni/bin/bond,"1.26.9, 1.27.2",false,affected,
rancher/hardened-cni-plugins:v1.9.1-build20260903,rke2/v1.36-prerelease,stdlib,v1.26.8,gobinary,CVE-2026-97031,HIGH,https://avd.aquasec.com/nvd/cve-2026-97031,opt/cni/bin/bridge,"1.26.9, 1.27.2",false,affected,
rancher/hardened-cni-plugins:v1.9.1-build20260903,rke2/v1.36-prerelease,stdlib,v1.26.8,gobinary,CVE-2026-97031,HIGH,https://avd.aquasec.com/nvd/cve-2026-97031,opt/cni/bin/dhcp,"1.26.9, 1.27.2",false,affected,
rancher/hardened-cni-plugins:v1.9.1-build20260903,rke2/v1.36-prerelease,stdlib,v1.26.8,gobinary,CVE-2026-97031,HIGH,https://avd.aquasec.com/nvd/cve-2026-97031,opt/cni/bin/dummy,"1.26.9, 1.27.2",false,affected,
rancher/hardened-cni-plugins:v1.9.1-build20260903,rke2/v1.36-prerelease,stdlib,v1.26.8,gobinary,CVE-2026-97031,HIGH,https://avd.aquasec.com/nvd/cve-2026-97031,opt/cni/bin/firewall,"1.26.9, 1.27.2",false,affected,
rancher/hardened-cni-plugins:v1.9.1-build20260903,rke2/v1.36-prerelease,stdlib,v1.26.8,gobinary,CVE-2026-97031,HIGH,https://avd.aquasec.com/nvd/cve-2026-97031,opt/cni/bin/flannel,"1.26.9, 1.27.2",false,affected,
rancher/hardened-cni-plugins:v1.9.1-build20260903,rke2/v1.36-prerelease,stdlib,v1.26.8,gobinary,CVE-2026-97031,HIGH,https://avd.aquasec.com/nvd/cve-2026-97031,opt/cni/bin/host-device,"1.26.9, 1.27.2",false,affected,
rancher/hardened-cni-plugins:v1.9.1-build20260903,rke2/v1.36-prerelease,stdlib,v1.26.8,gobinary,CVE-2026-97031,HIGH,https://avd.aquasec.com/nvd/cve-2026-97031,opt/cni/bin/host-local,"1.26.9, 1.27.2",false,affected,
rancher/hardened-cni-plugins:v1.9.1-build20260903,rke2/v1.36-prerelease,stdlib,v1.26.8,gobinary,CVE-2026-97031,HIGH,https://avd.aquasec.com/nvd/cve-2026-97031,opt/cni/bin/ipvlan,"1.26.9, 1.27.2",false,affected,
rancher/hardened-cni-plugins:v1.9.1-build20260903,rke2/v1.36-prerelease,stdlib,v1.26.8,gobinary,CVE-2026-97031,HIGH,https://avd.aquasec.com/nvd/cve-2026-97031,opt/cni/bin/loopback,"1.26.9, 1.27.2",false,affected,
rancher/hardened-cni-plugins:v1.9.1-build20260903,rke2/v1.36-prerelease,stdlib,v1.26.8,gobinary,CVE-2026-97031,HIGH,https://avd.aquasec.com/nvd/cve-2026-97031,opt/cni/bin/macvlan,"1.26.9, 1.27.2",false,affected,
rancher/hardened-cni-plugins:v1.9.1-build20260903,rke2/v1.36-prerelease,stdlib,v1.26.8,gobinary,CVE-2026-97031,HIGH,https://avd.aquasec.com/nvd/cve-2026-97031,opt/cni/bin/portmap,"1.26.9, 1.27.2",false,affected,
rancher/hardened-cni-plugins:v1.9.1-build20260903,rke2/v1.36-prerelease,stdlib,v1.26.8,gobinary,CVE-2026-97031,HIGH,https://avd.aquasec.com/nvd/cve-2026-97031,opt/cni/bin/ptp,"1.26.9, 1.27.2",false,affected,
rancher/hardened-cni-plugins:v1.9.1-build20260903,rke2/v1.36-prerelease,stdlib,v1.26.8,gobinary,CVE-2026-97031,HIGH,https://avd.aquasec.com/nvd/cve-2026-97031,opt/cni/bin/sbr,"1.26.9, 1.27.2",false,affected,
rancher/hardened-cni-plugins:v1.9.1-build20260903,rke2/v1.36-prerelease,stdlib,v1.26.8,gobinary,CVE-2026-97031,HIGH,https://avd.aquasec.com/nvd/cve-2026-97031,opt/cni/bin/static,"1.26.9, 1.27.2",false,affected,
rancher/hardened-cni-plugins:v1.9.1-build20260903,rke2/v1.36-prerelease,stdlib,v1.26.8,gobinary,CVE-2026-97031,HIGH,https://avd.aquasec.com/nvd/cve-2026-97031,opt/cni/bin/tap,"1.26.9, 1.27.2",false,affected,
rancher/hardened-cni-plugins:v1.9.1-build20260903,rke2/v1.36-prerelease,stdlib,v1.26.8,gobinary,CVE-2026-97031,HIGH,https://avd.aquasec.com/nvd/cve-2026-97031,opt/cni/bin/tuning,"1.26.9, 1.27.2",false,affected,
rancher/hardened-cni-plugins:v1.9.1-build20260903,rke2/v1.36-prerelease,stdlib,v1.26.8,gobinary,CVE-2026-97031,HIGH,https://avd.aquasec.com/nvd/cve-2026-97031,opt/cni/bin/vlan,"1.26.9, 1.27.2",false,affected,
rancher/hardened-cni-plugins:v1.9.1-build20260903,rke2/v1.36-prerelease,stdlib,v1.26.8,gobinary,CVE-2026-97031,HIGH,https://avd.aquasec.com/nvd/cve-2026-97031,opt/cni/bin/vrf,"1.26.9, 1.27.2",false,affected,
rancher/hardened-coredns:v1.14.7-build20260909,rke2/v1.36-prerelease,stdlib,v1.26.8,gobinary,CVE-2026-56866,HIGH,https://avd.aquasec.com/nvd/cve-2026-56866,coredns,"1.26.9, 1.27.2",false,affected,severity_changed_due_to_suse_cvss_score
rancher/hardened-coredns:v1.14.7-build20260909,rke2/v1.36-prerelease,stdlib,v1.26.8,gobinary,CVE-2026-78667,HIGH,https://avd.aquasec.com/nvd/cve-2026-78667,coredns,"1.26.9, 1.27.2",false,affected,
rancher/hardened-coredns:v1.14.7-build20260909,rke2/v1.36-prerelease,golang.org/x/net,v0.58.0,gobinary,CVE-2026-78669,HIGH,https://avd.aquasec.com/nvd/cve-2026-78669,coredns,0.60.0,false,affected,
rancher/hardened-coredns:v1.14.7-build20260909,rke2/v1.36-prerelease,stdlib,v1.26.8,gobinary,CVE-2026-78669,HIGH,https://avd.aquasec.com/nvd/cve-2026-78669,coredns,"1.26.9, 1.27.2",false,affected,
rancher/hardened-coredns:v1.14.7-build20260909,rke2/v1.36-prerelease,stdlib,v1.26.8,gobinary,CVE-2026-97031,HIGH,https://avd.aquasec.com/nvd/cve-2026-97031,coredns,"1.26.9, 1.27.2",false,affected,
rancher/hardened-csi-snapshotter:v8.6.0-build20260909,rke2/v1.36-prerelease,golang.org/x/crypto,v0.55.0,gobinary,CVE-2026-56855,MEDIUM,https://avd.aquasec.com/nvd/cve-2026-56855,csi-snapshotter,0.56.0,false,not_affected,vulnerable_code_not_present
rancher/hardened-csi-snapshotter:v8.6.0-build20260909,rke2/v1.36-prerelease,stdlib,v1.26.8,gobinary,CVE-2026-56866,HIGH,https://avd.aquasec.com/nvd/cve-2026-56866,csi-snapshotter,"1.26.9, 1.27.2",false,affected,severity_changed_due_to_suse_cvss_score
rancher/hardened-csi-snapshotter:v8.6.0-build20260909,rke2/v1.36-prerelease,golang.org/x/crypto,v0.55.0,gobinary,CVE-2026-78662,MEDIUM,https://avd.aquasec.com/nvd/cve-2026-78662,csi-snapshotter,0.56.0,false,not_affected,vulnerable_code_not_present
rancher/hardened-csi-snapshotter:v8.6.0-build20260909,rke2/v1.36-prerelease,stdlib,v1.26.8,gobinary,CVE-2026-78667,HIGH,https://avd.aquasec.com/nvd/cve-2026-78667,csi-snapshotter,"1.26.9, 1.27.2",false,affected,
rancher/hardened-csi-snapshotter:v8.6.0-build20260909,rke2/v1.36-prerelease,golang.org/x/net,v0.56.0,gobinary,CVE-2026-78669,HIGH,https://avd.aquasec.com/nvd/cve-2026-78669,csi-snapshotter,0.60.0,false,affected,
rancher/hardened-csi-snapshotter:v8.6.0-build20260909,rke2/v1.36-prerelease,stdlib,v1.26.8,gobinary,CVE-2026-78669,HIGH,https://avd.aquasec.com/nvd/cve-2026-78669,csi-snapshotter,"1.26.9, 1.27.2",false,affected,
rancher/hardened-csi-snapshotter:v8.6.0-build20260909,rke2/v1.36-prerelease,stdlib,v1.26.8,gobinary,CVE-2026-97031,HIGH,https://avd.aquasec.com/nvd/cve-2026-97031,csi-snapshotter,"1.26.9, 1.27.2",false,affected,
rancher/hardened-dns-node-cache:1.27.0-r1-build20260923,rke2/v1.36-prerelease,golang.org/x/crypto,v0.55.0,gobinary,CVE-2026-56855,HIGH,https://avd.aquasec.com/nvd/cve-2026-56855,node-cache,0.56.0,false,affected,severity_changed_due_to_suse_cvss_score
rancher/hardened-dns-node-cache:1.27.0-r1-build20260923,rke2/v1.36-prerelease,stdlib,v1.26.8,gobinary,CVE-2026-56866,HIGH,https://avd.aquasec.com/nvd/cve-2026-56866,node-cache,"1.26.9, 1.27.2",false,affected,severity_changed_due_to_suse_cvss_score
rancher/hardened-dns-node-cache:1.27.0-r1-build20260923,rke2/v1.36-prerelease,golang.org/x/crypto,v0.55.0,gobinary,CVE-2026-78662,HIGH,https://avd.aquasec.com/nvd/cve-2026-78662,node-cache,0.56.0,false,affected,severity_changed_due_to_suse_cvss_score
rancher/hardened-dns-node-cache:1.27.0-r1-build20260923,rke2/v1.36-prerelease,stdlib,v1.26.8,gobinary,CVE-2026-78667,HIGH,https://avd.aquasec.com/nvd/cve-2026-78667,node-cache,"1.26.9, 1.27.2",false,not_affected,vulnerable_code_not_in_execute_path
rancher/hardened-dns-node-cache:1.27.0-r1-build20260923,rke2/v1.36-prerelease,golang.org/x/net,v0.58.0,gobinary,CVE-2026-78669,HIGH,https://avd.aquasec.com/nvd/cve-2026-78669,node-cache,0.60.0,false,affected,
rancher/hardened-dns-node-cache:1.27.0-r1-build20260923,rke2/v1.36-prerelease,stdlib,v1.26.8,gobinary,CVE-2026-78669,HIGH,https://avd.aquasec.com/nvd/cve-2026-78669,node-cache,"1.26.9, 1.27.2",false,affected,
rancher/hardened-dns-node-cache:1.27.0-r1-build20260923,rke2/v1.36-prerelease,stdlib,v1.26.8,gobinary,CVE-2026-97031,HIGH,https://avd.aquasec.com/nvd/cve-2026-97031,node-cache,"1.26.9, 1.27.2",false,affected,
rancher/hardened-etcd:v3.6.14-k3s3-build20260915,rke2/v1.36-prerelease,stdlib,v1.26.8,gobinary,CVE-2026-56866,HIGH,https://avd.aquasec.com/nvd/cve-2026-56866,usr/local/bin/etcd,"1.26.9, 1.27.2",false,affected,severity_changed_due_to_suse_cvss_score
rancher/hardened-etcd:v3.6.14-k3s3-build20260915,rke2/v1.36-prerelease,stdlib,v1.26.8,gobinary,CVE-2026-56866,HIGH,https://avd.aquasec.com/nvd/cve-2026-56866,usr/local/bin/etcdctl,"1.26.9, 1.27.2",false,affected,severity_changed_due_to_suse_cvss_score
rancher/hardened-etcd:v3.6.14-k3s3-build20260915,rke2/v1.36-prerelease,stdlib,v1.26.8,gobinary,CVE-2026-78667,HIGH,https://avd.aquasec.com/nvd/cve-2026-78667,usr/local/bin/etcd,"1.26.9, 1.27.2",false,affected,
rancher/hardened-etcd:v3.6.14-k3s3-build20260915,rke2/v1.36-prerelease,stdlib,v1.26.8,gobinary,CVE-2026-78667,HIGH,https://avd.aquasec.com/nvd/cve-2026-78667,usr/local/bin/etcdctl,"1.26.9, 1.27.2",false,affected,
rancher/hardened-etcd:v3.6.14-k3s3-build20260915,rke2/v1.36-prerelease,golang.org/x/net,v0.58.0,gobinary,CVE-2026-78669,HIGH,https://avd.aquasec.com/nvd/cve-2026-78669,usr/local/bin/etcd,0.60.0,false,affected,
rancher/hardened-etcd:v3.6.14-k3s3-build20260915,rke2/v1.36-prerelease,golang.org/x/net,v0.58.0,gobinary,CVE-2026-78669,HIGH,https://avd.aquasec.com/nvd/cve-2026-78669,usr/local/bin/etcdctl,0.60.0,false,affected,
rancher/hardened-etcd:v3.6.14-k3s3-build20260915,rke2/v1.36-prerelease,stdlib,v1.26.8,gobinary,CVE-2026-78669,HIGH,https://avd.aquasec.com/nvd/cve-2026-78669,usr/local/bin/etcd,"1.26.9, 1.27.2",false,affected,
rancher/hardened-etcd:v3.6.14-k3s3-build20260915,rke2/v1.36-prerelease,stdlib,v1.26.8,gobinary,CVE-2026-78669,HIGH,https://avd.aquasec.com/nvd/cve-2026-78669,usr/local/bin/etcdctl,"1.26.9, 1.27.2",false,affected,
rancher/hardened-etcd:v3.6.14-k3s3-build20260915,rke2/v1.36-prerelease,stdlib,v1.26.8,gobinary,CVE-2026-97031,HIGH,https://avd.aquasec.com/nvd/cve-2026-97031,usr/local/bin/etcd,"1.26.9, 1.27.2",false,affected,
rancher/hardened-etcd:v3.6.14-k3s3-build20260915,rke2/v1.36-prerelease,stdlib,v1.26.8,gobinary,CVE-2026-97031,HIGH,https://avd.aquasec.com/nvd/cve-2026-97031,usr/local/bin/etcdctl,"1.26.9, 1.27.2",false,affected,
rancher/hardened-flannel:v0.28.9-build20260909,rke2/v1.36-prerelease,stdlib,v1.26.8,gobinary,CVE-2026-56866,HIGH,https://avd.aquasec.com/nvd/cve-2026-56866,opt/bin/flanneld,"1.26.9, 1.27.2",false,affected,severity_changed_due_to_suse_cvss_score
rancher/hardened-flannel:v0.28.9-build20260909,rke2/v1.36-prerelease,stdlib,v1.26.8,gobinary,CVE-2026-56866,HIGH,https://avd.aquasec.com/nvd/cve-2026-56866,opt/bin/install-conf,"1.26.9, 1.27.2",false,affected,severity_changed_due_to_suse_cvss_score
rancher/hardened-flannel:v0.28.9-build20260909,rke2/v1.36-prerelease,stdlib,v1.26.8,gobinary,CVE-2026-56866,HIGH,https://avd.aquasec.com/nvd/cve-2026-56866,usr/sbin/iptables-wrapper,"1.26.9, 1.27.2",false,affected,severity_changed_due_to_suse_cvss_score
rancher/hardened-flannel:v0.28.9-build20260909,rke2/v1.36-prerelease,stdlib,v1.26.8,gobinary,CVE-2026-78667,HIGH,https://avd.aquasec.com/nvd/cve-2026-78667,opt/bin/flanneld,"1.26.9, 1.27.2",false,affected,
rancher/hardened-flannel:v0.28.9-build20260909,rke2/v1.36-prerelease,stdlib,v1.26.8,gobinary,CVE-2026-78667,HIGH,https://avd.aquasec.com/nvd/cve-2026-78667,opt/bin/install-conf,"1.26.9, 1.27.2",false,affected,
rancher/hardened-flannel:v0.28.9-build20260909,rke2/v1.36-prerelease,stdlib,v1.26.8,gobinary,CVE-2026-78667,HIGH,https://avd.aquasec.com/nvd/cve-2026-78667,usr/sbin/iptables-wrapper,"1.26.9, 1.27.2",false,affected,
rancher/hardened-flannel:v0.28.9-build20260909,rke2/v1.36-prerelease,golang.org/x/net,v0.56.0,gobinary,CVE-2026-78669,HIGH,https://avd.aquasec.com/nvd/cve-2026-78669,opt/bin/flanneld,0.60.0,false,affected,
rancher/hardened-flannel:v0.28.9-build20260909,rke2/v1.36-prerelease,stdlib,v1.26.8,gobinary,CVE-2026-78669,HIGH,https://avd.aquasec.com/nvd/cve-2026-78669,opt/bin/flanneld,"1.26.9, 1.27.2",false,affected,
rancher/hardened-flannel:v0.28.9-build20260909,rke2/v1.36-prerelease,stdlib,v1.26.8,gobinary,CVE-2026-78669,HIGH,https://avd.aquasec.com/nvd/cve-2026-78669,opt/bin/install-conf,"1.26.9, 1.27.2",false,affected,
rancher/hardened-flannel:v0.28.9-build20260909,rke2/v1.36-prerelease,stdlib,v1.26.8,gobinary,CVE-2026-78669,HIGH,https://avd.aquasec.com/nvd/cve-2026-78669,usr/sbin/iptables-wrapper,"1.26.9, 1.27.2",false,affected,
rancher/hardened-flannel:v0.28.9-build20260909,rke2/v1.36-prerelease,stdlib,v1.26.8,gobinary,CVE-2026-97031,HIGH,https://avd.aquasec.com/nvd/cve-2026-97031,opt/bin/flanneld,"1.26.9, 1.27.2",false,affected,
rancher/hardened-flannel:v0.28.9-build20260909,rke2/v1.36-prerelease,stdlib,v1.26.8,gobinary,CVE-2026-97031,HIGH,https://avd.aquasec.com/nvd/cve-2026-97031,opt/bin/install-conf,"1.26.9, 1.27.2",false,affected,
rancher/hardened-flannel:v0.28.9-build20260909,rke2/v1.36-prerelease,stdlib,v1.26.8,gobinary,CVE-2026-97031,HIGH,https://avd.aquasec.com/nvd/cve-2026-97031,usr/sbin/iptables-wrapper,"1.26.9, 1.27.2",false,affected,
rancher/hardened-flannel:v0.28.9-build20260909,rke2/v1.36-prerelease,libpcre2-8-0,10.45-160000.3.1,sles,SUSE-SU-2026:23906-1,HIGH,,rancher/hardened-flannel:v0.28.9-build20260909 (sles 16.0),10.45-160000.4.1,false,not_affected,vulnerable_code_not_in_execute_path
rancher/hardened-flannel:v0.28.9-build20260909,rke2/v1.36-prerelease,glibc,2.40-160000.6.1,sles,SUSE-SU-2026:23934-1,HIGH,,rancher/hardened-flannel:v0.28.9-build20260909 (sles 16.0),2.40-160000.7.1,false,affected,
rancher/hardened-k8s-metrics-server:v0.9.0-build20260909,rke2/v1.36-prerelease,stdlib,v1.26.8,gobinary,CVE-2026-56866,HIGH,https://avd.aquasec.com/nvd/cve-2026-56866,metrics-server,"1.26.9, 1.27.2",false,affected,severity_changed_due_to_suse_cvss_score
rancher/hardened-k8s-metrics-server:v0.9.0-build20260909,rke2/v1.36-prerelease,stdlib,v1.26.8,gobinary,CVE-2026-78667,HIGH,https://avd.aquasec.com/nvd/cve-2026-78667,metrics-server,"1.26.9, 1.27.2",false,affected,
rancher/hardened-k8s-metrics-server:v0.9.0-build20260909,rke2/v1.36-prerelease,golang.org/x/net,v0.56.0,gobinary,CVE-2026-78669,HIGH,https://avd.aquasec.com/nvd/cve-2026-78669,metrics-server,0.60.0,false,affected,
rancher/hardened-k8s-metrics-server:v0.9.0-build20260909,rke2/v1.36-prerelease,stdlib,v1.26.8,gobinary,CVE-2026-78669,HIGH,https://avd.aquasec.com/nvd/cve-2026-78669,metrics-server,"1.26.9, 1.27.2",false,affected,
rancher/hardened-k8s-metrics-server:v0.9.0-build20260909,rke2/v1.36-prerelease,stdlib,v1.26.8,gobinary,CVE-2026-97031,HIGH,https://avd.aquasec.com/nvd/cve-2026-97031,metrics-server,"1.26.9, 1.27.2",false,affected,
rancher/hardened-multus-cni:v4.3.1-build20260910,rke2/v1.36-prerelease,stdlib,v1.26.8,gobinary,CVE-2026-56866,HIGH,https://avd.aquasec.com/nvd/cve-2026-56866,cert-approver,"1.26.9, 1.27.2",false,affected,severity_changed_due_to_suse_cvss_score
rancher/hardened-multus-cni:v4.3.1-build20260910,rke2/v1.36-prerelease,stdlib,v1.26.8,gobinary,CVE-2026-56866,HIGH,https://avd.aquasec.com/nvd/cve-2026-56866,install_multus,"1.26.9, 1.27.2",false,affected,severity_changed_due_to_suse_cvss_score
rancher/hardened-multus-cni:v4.3.1-build20260910,rke2/v1.36-prerelease,stdlib,v1.26.8,gobinary,CVE-2026-56866,HIGH,https://avd.aquasec.com/nvd/cve-2026-56866,kubeconfig_generator,"1.26.9, 1.27.2",false,affected,severity_changed_due_to_suse_cvss_score
rancher/hardened-multus-cni:v4.3.1-build20260910,rke2/v1.36-prerelease,stdlib,v1.26.8,gobinary,CVE-2026-56866,HIGH,https://avd.aquasec.com/nvd/cve-2026-56866,thin_entrypoint,"1.26.9, 1.27.2",false,affected,severity_changed_due_to_suse_cvss_score
rancher/hardened-multus-cni:v4.3.1-build20260910,rke2/v1.36-prerelease,stdlib,v1.26.8,gobinary,CVE-2026-56866,HIGH,https://avd.aquasec.com/nvd/cve-2026-56866,usr/src/multus-cni/bin/multus,"1.26.9, 1.27.2",false,affected,severity_changed_due_to_suse_cvss_score
rancher/hardened-multus-cni:v4.3.1-build20260910,rke2/v1.36-prerelease,stdlib,v1.26.8,gobinary,CVE-2026-78667,HIGH,https://avd.aquasec.com/nvd/cve-2026-78667,cert-approver,"1.26.9, 1.27.2",false,affected,
rancher/hardened-multus-cni:v4.3.1-build20260910,rke2/v1.36-prerelease,stdlib,v1.26.8,gobinary,CVE-2026-78667,HIGH,https://avd.aquasec.com/nvd/cve-2026-78667,install_multus,"1.26.9, 1.27.2",false,affected,
rancher/hardened-multus-cni:v4.3.1-build20260910,rke2/v1.36-prerelease,stdlib,v1.26.8,gobinary,CVE-2026-78667,HIGH,https://avd.aquasec.com/nvd/cve-2026-78667,kubeconfig_generator,"1.26.9, 1.27.2",false,affected,
rancher/hardened-multus-cni:v4.3.1-build20260910,rke2/v1.36-prerelease,stdlib,v1.26.8,gobinary,CVE-2026-78667,HIGH,https://avd.aquasec.com/nvd/cve-2026-78667,thin_entrypoint,"1.26.9, 1.27.2",false,affected,
rancher/hardened-multus-cni:v4.3.1-build20260910,rke2/v1.36-prerelease,stdlib,v1.26.8,gobinary,CVE-2026-78667,HIGH,https://avd.aquasec.com/nvd/cve-2026-78667,usr/src/multus-cni/bin/multus,"1.26.9, 1.27.2",false,affected,
rancher/hardened-multus-cni:v4.3.1-build20260910,rke2/v1.36-prerelease,golang.org/x/net,v0.56.0,gobinary,CVE-2026-78669,HIGH,https://avd.aquasec.com/nvd/cve-2026-78669,cert-approver,0.60.0,false,affected,
rancher/hardened-multus-cni:v4.3.1-build20260910,rke2/v1.36-prerelease,golang.org/x/net,v0.56.0,gobinary,CVE-2026-78669,HIGH,https://avd.aquasec.com/nvd/cve-2026-78669,kubeconfig_generator,0.60.0,false,affected,
rancher/hardened-multus-cni:v4.3.1-build20260910,rke2/v1.36-prerelease,golang.org/x/net,v0.56.0,gobinary,CVE-2026-78669,HIGH,https://avd.aquasec.com/nvd/cve-2026-78669,usr/src/multus-cni/bin/multus,0.60.0,false,affected,
rancher/hardened-multus-cni:v4.3.1-build20260910,rke2/v1.36-prerelease,stdlib,v1.26.8,gobinary,CVE-2026-78669,HIGH,https://avd.aquasec.com/nvd/cve-2026-78669,cert-approver,"1.26.9, 1.27.2",false,affected,
rancher/hardened-multus-cni:v4.3.1-build20260910,rke2/v1.36-prerelease,stdlib,v1.26.8,gobinary,CVE-2026-78669,HIGH,https://avd.aquasec.com/nvd/cve-2026-78669,install_multus,"1.26.9, 1.27.2",false,affected,
rancher/hardened-multus-cni:v4.3.1-build20260910,rke2/v1.36-prerelease,stdlib,v1.26.8,gobinary,CVE-2026-78669,HIGH,https://avd.aquasec.com/nvd/cve-2026-78669,kubeconfig_generator,"1.26.9, 1.27.2",false,affected,
rancher/hardened-multus-cni:v4.3.1-build20260910,rke2/v1.36-prerelease,stdlib,v1.26.8,gobinary,CVE-2026-78669,HIGH,https://avd.aquasec.com/nvd/cve-2026-78669,thin_entrypoint,"1.26.9, 1.27.2",false,affected,
rancher/hardened-multus-cni:v4.3.1-build20260910,rke2/v1.36-prerelease,stdlib,v1.26.8,gobinary,CVE-2026-78669,HIGH,https://avd.aquasec.com/nvd/cve-2026-78669,usr/src/multus-cni/bin/multus,"1.26.9, 1.27.2",false,affected,
rancher/hardened-multus-cni:v4.3.1-build20260910,rke2/v1.36-prerelease,stdlib,v1.26.8,gobinary,CVE-2026-97031,HIGH,https://avd.aquasec.com/nvd/cve-2026-97031,cert-approver,"1.26.9, 1.27.2",false,affected,
rancher/hardened-multus-cni:v4.3.1-build20260910,rke2/v1.36-prerelease,stdlib,v1.26.8,gobinary,CVE-2026-97031,HIGH,https://avd.aquasec.com/nvd/cve-2026-97031,install_multus,"1.26.9, 1.27.2",false,affected,
rancher/hardened-multus-cni:v4.3.1-build20260910,rke2/v1.36-prerelease,stdlib,v1.26.8,gobinary,CVE-2026-97031,HIGH,https://avd.aquasec.com/nvd/cve-2026-97031,kubeconfig_generator,"1.26.9, 1.27.2",false,affected,
rancher/hardened-multus-cni:v4.3.1-build20260910,rke2/v1.36-prerelease,stdlib,v1.26.8,gobinary,CVE-2026-97031,HIGH,https://avd.aquasec.com/nvd/cve-2026-97031,thin_entrypoint,"1.26.9, 1.27.2",false,affected,
rancher/hardened-multus-cni:v4.3.1-build20260910,rke2/v1.36-prerelease,stdlib,v1.26.8,gobinary,CVE-2026-97031,HIGH,https://avd.aquasec.com/nvd/cve-2026-97031,usr/src/multus-cni/bin/multus,"1.26.9, 1.27.2",false,affected,
rancher/hardened-multus-dynamic-networks-controller:v0.3.8-build20260909,rke2/v1.36-prerelease,stdlib,v1.25.14,gobinary,CVE-2026-56866,HIGH,https://avd.aquasec.com/nvd/cve-2026-56866,dynamic-networks-controller,"1.26.9, 1.27.2",false,affected,severity_changed_due_to_suse_cvss_score
rancher/hardened-multus-dynamic-networks-controller:v0.3.8-build20260909,rke2/v1.36-prerelease,stdlib,v1.25.14,gobinary,CVE-2026-78667,HIGH,https://avd.aquasec.com/nvd/cve-2026-78667,dynamic-networks-controller,"1.26.9, 1.27.2",false,affected,
rancher/hardened-multus-dynamic-networks-controller:v0.3.8-build20260909,rke2/v1.36-prerelease,golang.org/x/net,v0.56.0,gobinary,CVE-2026-78669,HIGH,https://avd.aquasec.com/nvd/cve-2026-78669,dynamic-networks-controller,0.60.0,false,affected,
rancher/hardened-multus-dynamic-networks-controller:v0.3.8-build20260909,rke2/v1.36-prerelease,stdlib,v1.25.14,gobinary,CVE-2026-78669,HIGH,https://avd.aquasec.com/nvd/cve-2026-78669,dynamic-networks-controller,"1.26.9, 1.27.2",false,affected,
rancher/hardened-multus-dynamic-networks-controller:v0.3.8-build20260909,rke2/v1.36-prerelease,stdlib,v1.25.14,gobinary,CVE-2026-97031,HIGH,https://avd.aquasec.com/nvd/cve-2026-97031,dynamic-networks-controller,"1.26.9, 1.27.2",false,affected,
rancher/hardened-multus-thick:v4.3.1-build20260910,rke2/v1.36-prerelease,stdlib,v1.26.8,gobinary,CVE-2026-56866,HIGH,https://avd.aquasec.com/nvd/cve-2026-56866,install_multus,"1.26.9, 1.27.2",false,affected,severity_changed_due_to_suse_cvss_score
rancher/hardened-multus-thick:v4.3.1-build20260910,rke2/v1.36-prerelease,stdlib,v1.26.8,gobinary,CVE-2026-56866,HIGH,https://avd.aquasec.com/nvd/cve-2026-56866,usr/src/multus-cni/bin/multus-daemon,"1.26.9, 1.27.2",false,affected,severity_changed_due_to_suse_cvss_score
rancher/hardened-multus-thick:v4.3.1-build20260910,rke2/v1.36-prerelease,stdlib,v1.26.8,gobinary,CVE-2026-56866,HIGH,https://avd.aquasec.com/nvd/cve-2026-56866,usr/src/multus-cni/bin/multus-shim,"1.26.9, 1.27.2",false,affected,severity_changed_due_to_suse_cvss_score
rancher/hardened-multus-thick:v4.3.1-build20260910,rke2/v1.36-prerelease,stdlib,v1.26.8,gobinary,CVE-2026-56866,HIGH,https://avd.aquasec.com/nvd/cve-2026-56866,usr/src/multus-cni/bin/passthru,"1.26.9, 1.27.2",false,affected,severity_changed_due_to_suse_cvss_score
rancher/hardened-multus-thick:v4.3.1-build20260910,rke2/v1.36-prerelease,stdlib,v1.26.8,gobinary,CVE-2026-78667,HIGH,https://avd.aquasec.com/nvd/cve-2026-78667,install_multus,"1.26.9, 1.27.2",false,affected,
rancher/hardened-multus-thick:v4.3.1-build20260910,rke2/v1.36-prerelease,stdlib,v1.26.8,gobinary,CVE-2026-78667,HIGH,https://avd.aquasec.com/nvd/cve-2026-78667,usr/src/multus-cni/bin/multus-daemon,"1.26.9, 1.27.2",false,affected,
rancher/hardened-multus-thick:v4.3.1-build20260910,rke2/v1.36-prerelease,stdlib,v1.26.8,gobinary,CVE-2026-78667,HIGH,https://avd.aquasec.com/nvd/cve-2026-78667,usr/src/multus-cni/bin/multus-shim,"1.26.9, 1.27.2",false,affected,
rancher/hardened-multus-thick:v4.3.1-build20260910,rke2/v1.36-prerelease,stdlib,v1.26.8,gobinary,CVE-2026-78667,HIGH,https://avd.aquasec.com/nvd/cve-2026-78667,usr/src/multus-cni/bin/passthru,"1.26.9, 1.27.2",false,affected,
rancher/hardened-multus-thick:v4.3.1-build20260910,rke2/v1.36-prerelease,golang.org/x/net,v0.56.0,gobinary,CVE-2026-78669,HIGH,https://avd.aquasec.com/nvd/cve-2026-78669,usr/src/multus-cni/bin/multus-daemon,0.60.0,false,affected,
rancher/hardened-multus-thick:v4.3.1-build20260910,rke2/v1.36-prerelease,golang.org/x/net,v0.56.0,gobinary,CVE-2026-78669,HIGH,https://avd.aquasec.com/nvd/cve-2026-78669,usr/src/multus-cni/bin/multus-shim,0.60.0,false,affected,
rancher/hardened-multus-thick:v4.3.1-build20260910,rke2/v1.36-prerelease,stdlib,v1.26.8,gobinary,CVE-2026-78669,HIGH,https://avd.aquasec.com/nvd/cve-2026-78669,install_multus,"1.26.9, 1.27.2",false,affected,
rancher/hardened-multus-thick:v4.3.1-build20260910,rke2/v1.36-prerelease,stdlib,v1.26.8,gobinary,CVE-2026-78669,HIGH,https://avd.aquasec.com/nvd/cve-2026-78669,usr/src/multus-cni/bin/multus-daemon,"1.26.9, 1.27.2",false,affected,
rancher/hardened-multus-thick:v4.3.1-build20260910,rke2/v1.36-prerelease,stdlib,v1.26.8,gobinary,CVE-2026-78669,HIGH,https://avd.aquasec.com/nvd/cve-2026-78669,usr/src/multus-cni/bin/multus-shim,"1.26.9, 1.27.2",false,affected,
rancher/hardened-multus-thick:v4.3.1-build20260910,rke2/v1.36-prerelease,stdlib,v1.26.8,gobinary,CVE-2026-78669,HIGH,https://avd.aquasec.com/nvd/cve-2026-78669,usr/src/multus-cni/bin/passthru,"1.26.9, 1.27.2",false,affected,
rancher/hardened-multus-thick:v4.3.1-build20260910,rke2/v1.36-prerelease,stdlib,v1.26.8,gobinary,CVE-2026-97031,HIGH,https://avd.aquasec.com/nvd/cve-2026-97031,install_multus,"1.26.9, 1.27.2",false,affected,
rancher/hardened-multus-thick:v4.3.1-build20260910,rke2/v1.36-prerelease,stdlib,v1.26.8,gobinary,CVE-2026-97031,HIGH,https://avd.aquasec.com/nvd/cve-2026-97031,usr/src/multus-cni/bin/multus-daemon,"1.26.9, 1.27.2",false,affected,
rancher/hardened-multus-thick:v4.3.1-build20260910,rke2/v1.36-prerelease,stdlib,v1.26.8,gobinary,CVE-2026-97031,HIGH,https://avd.aquasec.com/nvd/cve-2026-97031,usr/src/multus-cni/bin/multus-shim,"1.26.9, 1.27.2",false,affected,
rancher/hardened-multus-thick:v4.3.1-build20260910,rke2/v1.36-prerelease,stdlib,v1.26.8,gobinary,CVE-2026-97031,HIGH,https://avd.aquasec.com/nvd/cve-2026-97031,usr/src/multus-cni/bin/passthru,"1.26.9, 1.27.2",false,affected,
rancher/hardened-multus-thick:v4.3.1-build20260910,rke2/v1.36-prerelease,libpcre2-8-0,10.42-150600.1.26,sles,SUSE-SU-2026:4241-1,HIGH,,rancher/hardened-multus-thick:v4.3.1-build20260910 (sles 15.7),10.42-150600.3.3.1,false,not_affected,vulnerable_code_not_in_execute_path
rancher/hardened-snapshot-controller:v8.6.0-build20260909,rke2/v1.36-prerelease,golang.org/x/crypto,v0.55.0,gobinary,CVE-2026-56855,MEDIUM,https://avd.aquasec.com/nvd/cve-2026-56855,snapshot-controller,0.56.0,false,not_affected,vulnerable_code_not_present
rancher/hardened-snapshot-controller:v8.6.0-build20260909,rke2/v1.36-prerelease,stdlib,v1.26.8,gobinary,CVE-2026-56866,HIGH,https://avd.aquasec.com/nvd/cve-2026-56866,snapshot-controller,"1.26.9, 1.27.2",false,affected,severity_changed_due_to_suse_cvss_score
rancher/hardened-snapshot-controller:v8.6.0-build20260909,rke2/v1.36-prerelease,golang.org/x/crypto,v0.55.0,gobinary,CVE-2026-78662,MEDIUM,https://avd.aquasec.com/nvd/cve-2026-78662,snapshot-controller,0.56.0,false,not_affected,vulnerable_code_not_present
rancher/hardened-snapshot-controller:v8.6.0-build20260909,rke2/v1.36-prerelease,stdlib,v1.26.8,gobinary,CVE-2026-78667,HIGH,https://avd.aquasec.com/nvd/cve-2026-78667,snapshot-controller,"1.26.9, 1.27.2",false,affected,
rancher/hardened-snapshot-controller:v8.6.0-build20260909,rke2/v1.36-prerelease,golang.org/x/net,v0.56.0,gobinary,CVE-2026-78669,HIGH,https://avd.aquasec.com/nvd/cve-2026-78669,snapshot-controller,0.60.0,false,affected,
rancher/hardened-snapshot-controller:v8.6.0-build20260909,rke2/v1.36-prerelease,stdlib,v1.26.8,gobinary,CVE-2026-78669,HIGH,https://avd.aquasec.com/nvd/cve-2026-78669,snapshot-controller,"1.26.9, 1.27.2",false,affected,
rancher/hardened-snapshot-controller:v8.6.0-build20260909,rke2/v1.36-prerelease,stdlib,v1.26.8,gobinary,CVE-2026-97031,HIGH,https://avd.aquasec.com/nvd/cve-2026-97031,snapshot-controller,"1.26.9, 1.27.2",false,affected,
rancher/hardened-traefik:v3.7.14-build20261007,rke2/v1.36-prerelease,stdlib,v1.26.8,gobinary,CVE-2026-56866,HIGH,https://avd.aquasec.com/nvd/cve-2026-56866,traefik,"1.26.9, 1.27.2",false,affected,severity_changed_due_to_suse_cvss_score
rancher/hardened-traefik:v3.7.14-build20261007,rke2/v1.36-prerelease,stdlib,v1.26.8,gobinary,CVE-2026-78667,HIGH,https://avd.aquasec.com/nvd/cve-2026-78667,traefik,"1.26.9, 1.27.2",false,affected,
rancher/hardened-traefik:v3.7.14-build20261007,rke2/v1.36-prerelease,golang.org/x/net,v0.59.0,gobinary,CVE-2026-78669,HIGH,https://avd.aquasec.com/nvd/cve-2026-78669,traefik,0.60.0,false,affected,
rancher/hardened-traefik:v3.7.14-build20261007,rke2/v1.36-prerelease,stdlib,v1.26.8,gobinary,CVE-2026-78669,HIGH,https://avd.aquasec.com/nvd/cve-2026-78669,traefik,"1.26.9, 1.27.2",false,affected,
rancher/hardened-traefik:v3.7.14-build20261007,rke2/v1.36-prerelease,stdlib,v1.26.8,gobinary,CVE-2026-97031,HIGH,https://avd.aquasec.com/nvd/cve-2026-97031,traefik,"1.26.9, 1.27.2",false,affected,
rancher/hardened-whereabouts:v0.9.4-build20260819,rke2/v1.36-prerelease,stdlib,v1.25.14,gobinary,CVE-2026-56866,HIGH,https://avd.aquasec.com/nvd/cve-2026-56866,ip-control-loop,"1.26.9, 1.27.2",false,affected,severity_changed_due_to_suse_cvss_score
rancher/hardened-whereabouts:v0.9.4-build20260819,rke2/v1.36-prerelease,stdlib,v1.25.14,gobinary,CVE-2026-56866,HIGH,https://avd.aquasec.com/nvd/cve-2026-56866,ip-reconciler,"1.26.9, 1.27.2",false,affected,severity_changed_due_to_suse_cvss_score
rancher/hardened-whereabouts:v0.9.4-build20260819,rke2/v1.36-prerelease,stdlib,v1.25.14,gobinary,CVE-2026-56866,HIGH,https://avd.aquasec.com/nvd/cve-2026-56866,node-slice-controller,"1.26.9, 1.27.2",false,affected,severity_changed_due_to_suse_cvss_score
rancher/hardened-whereabouts:v0.9.4-build20260819,rke2/v1.36-prerelease,stdlib,v1.25.14,gobinary,CVE-2026-56866,HIGH,https://avd.aquasec.com/nvd/cve-2026-56866,whereabouts,"1.26.9, 1.27.2",false,affected,severity_changed_due_to_suse_cvss_score
rancher/hardened-whereabouts:v0.9.4-build20260819,rke2/v1.36-prerelease,stdlib,v1.25.14,gobinary,CVE-2026-78667,HIGH,https://avd.aquasec.com/nvd/cve-2026-78667,ip-control-loop,"1.26.9, 1.27.2",false,affected,
rancher/hardened-whereabouts:v0.9.4-build20260819,rke2/v1.36-prerelease,stdlib,v1.25.14,gobinary,CVE-2026-78667,HIGH,https://avd.aquasec.com/nvd/cve-2026-78667,ip-reconciler,"1.26.9, 1.27.2",false,affected,
rancher/hardened-whereabouts:v0.9.4-build20260819,rke2/v1.36-prerelease,stdlib,v1.25.14,gobinary,CVE-2026-78667,HIGH,https://avd.aquasec.com/nvd/cve-2026-78667,node-slice-controller,"1.26.9, 1.27.2",false,affected,
rancher/hardened-whereabouts:v0.9.4-build20260819,rke2/v1.36-prerelease,stdlib,v1.25.14,gobinary,CVE-2026-78667,HIGH,https://avd.aquasec.com/nvd/cve-2026-78667,whereabouts,"1.26.9, 1.27.2",false,affected,
rancher/hardened-whereabouts:v0.9.4-build20260819,rke2/v1.36-prerelease,golang.org/x/net,v0.56.0,gobinary,CVE-2026-78669,HIGH,https://avd.aquasec.com/nvd/cve-2026-78669,ip-control-loop,0.60.0,false,affected,
rancher/hardened-whereabouts:v0.9.4-build20260819,rke2/v1.36-prerelease,golang.org/x/net,v0.56.0,gobinary,CVE-2026-78669,HIGH,https://avd.aquasec.com/nvd/cve-2026-78669,ip-reconciler,0.60.0,false,affected,
rancher/hardened-whereabouts:v0.9.4-build20260819,rke2/v1.36-prerelease,golang.org/x/net,v0.56.0,gobinary,CVE-2026-78669,HIGH,https://avd.aquasec.com/nvd/cve-2026-78669,node-slice-controller,0.60.0,false,affected,
rancher/hardened-whereabouts:v0.9.4-build20260819,rke2/v1.36-prerelease,golang.org/x/net,v0.56.0,gobinary,CVE-2026-78669,HIGH,https://avd.aquasec.com/nvd/cve-2026-78669,whereabouts,0.60.0,false,affected,
rancher/hardened-whereabouts:v0.9.4-build20260819,rke2/v1.36-prerelease,stdlib,v1.25.14,gobinary,CVE-2026-78669,HIGH,https://avd.aquasec.com/nvd/cve-2026-78669,ip-control-loop,"1.26.9, 1.27.2",false,affected,
rancher/hardened-whereabouts:v0.9.4-build20260819,rke2/v1.36-prerelease,stdlib,v1.25.14,gobinary,CVE-2026-78669,HIGH,https://avd.aquasec.com/nvd/cve-2026-78669,ip-reconciler,"1.26.9, 1.27.2",false,affected,
rancher/hardened-whereabouts:v0.9.4-build20260819,rke2/v1.36-prerelease,stdlib,v1.25.14,gobinary,CVE-2026-78669,HIGH,https://avd.aquasec.com/nvd/cve-2026-78669,node-slice-controller,"1.26.9, 1.27.2",false,affected,
rancher/hardened-whereabouts:v0.9.4-build20260819,rke2/v1.36-prerelease,stdlib,v1.25.14,gobinary,CVE-2026-78669,HIGH,https://avd.aquasec.com/nvd/cve-2026-78669,whereabouts,"1.26.9, 1.27.2",false,affected,
rancher/hardened-whereabouts:v0.9.4-build20260819,rke2/v1.36-prerelease,stdlib,v1.25.14,gobinary,CVE-2026-97031,HIGH,https://avd.aquasec.com/nvd/cve-2026-97031,ip-control-loop,"1.26.9, 1.27.2",false,affected,
rancher/hardened-whereabouts:v0.9.4-build20260819,rke2/v1.36-prerelease,stdlib,v1.25.14,gobinary,CVE-2026-97031,HIGH,https://avd.aquasec.com/nvd/cve-2026-97031,ip-reconciler,"1.26.9, 1.27.2",false,affected,
rancher/hardened-whereabouts:v0.9.4-build20260819,rke2/v1.36-prerelease,stdlib,v1.25.14,gobinary,CVE-2026-97031,HIGH,https://avd.aquasec.com/nvd/cve-2026-97031,node-slice-controller,"1.26.9, 1.27.2",false,affected,
rancher/hardened-whereabouts:v0.9.4-build20260819,rke2/v1.36-prerelease,stdlib,v1.25.14,gobinary,CVE-2026-97031,HIGH,https://avd.aquasec.com/nvd/cve-2026-97031,whereabouts,"1.26.9, 1.27.2",false,affected,
rancher/hardened-whereabouts:v0.9.4-build20260819,rke2/v1.36-prerelease,libpcre2-8-0,10.42-150600.1.26,sles,SUSE-SU-2026:4241-1,HIGH,,rancher/hardened-whereabouts:v0.9.4-build20260819 (sles 15.7),10.42-150600.3.3.1,false,not_affected,vulnerable_code_not_in_execute_path
rancher/harvester-cloud-provider:v0.2.8,rke2/v1.36-prerelease,stdlib,v1.26.5,gobinary,CVE-2026-33818,HIGH,https://avd.aquasec.com/nvd/cve-2026-33818,usr/bin/harvester-cloud-provider,"1.25.13, 1.26.6, 1.27.0-rc.3",false,affected,
rancher/harvester-cloud-provider:v0.2.8,rke2/v1.36-prerelease,stdlib,v1.26.5,gobinary,CVE-2026-39821,HIGH,https://avd.aquasec.com/nvd/cve-2026-39821,usr/bin/harvester-cloud-provider,"1.25.13, 1.26.6, 1.27.0-rc.3",false,affected,
rancher/harvester-cloud-provider:v0.2.8,rke2/v1.36-prerelease,stdlib,v1.26.5,gobinary,CVE-2026-56853,HIGH,https://avd.aquasec.com/nvd/cve-2026-56853,usr/bin/harvester-cloud-provider,"1.25.13, 1.26.6, 1.27.0-rc.3",false,affected,
rancher/harvester-cloud-provider:v0.2.8,rke2/v1.36-prerelease,golang.org/x/crypto,v0.53.0,gobinary,CVE-2026-56854,HIGH,https://avd.aquasec.com/nvd/cve-2026-56854,usr/bin/harvester-cloud-provider,0.55.0,false,not_affected,vulnerable_code_not_in_execute_path
rancher/harvester-cloud-provider:v0.2.8,rke2/v1.36-prerelease,golang.org/x/crypto,v0.53.0,gobinary,CVE-2026-56855,MEDIUM,https://avd.aquasec.com/nvd/cve-2026-56855,usr/bin/harvester-cloud-provider,0.56.0,false,not_affected,vulnerable_code_not_in_execute_path
rancher/harvester-cloud-provider:v0.2.8,rke2/v1.36-prerelease,stdlib,v1.26.5,gobinary,CVE-2026-56859,HIGH,https://avd.aquasec.com/nvd/cve-2026-56859,usr/bin/harvester-cloud-provider,"1.25.13, 1.26.6, 1.27.0-rc.3",false,affected,
rancher/harvester-cloud-provider:v0.2.8,rke2/v1.36-prerelease,stdlib,v1.26.5,gobinary,CVE-2026-56862,HIGH,https://avd.aquasec.com/nvd/cve-2026-56862,usr/bin/harvester-cloud-provider,"1.25.13, 1.26.6, 1.27.0-rc.3",false,affected,
rancher/harvester-cloud-provider:v0.2.8,rke2/v1.36-prerelease,stdlib,v1.26.5,gobinary,CVE-2026-56866,HIGH,https://avd.aquasec.com/nvd/cve-2026-56866,usr/bin/harvester-cloud-provider,"1.26.9, 1.27.2",false,affected,severity_changed_due_to_suse_cvss_score
rancher/harvester-cloud-provider:v0.2.8,rke2/v1.36-prerelease,golang.org/x/crypto,v0.53.0,gobinary,CVE-2026-78662,MEDIUM,https://avd.aquasec.com/nvd/cve-2026-78662,usr/bin/harvester-cloud-provider,0.56.0,false,not_affected,vulnerable_code_not_in_execute_path
rancher/harvester-cloud-provider:v0.2.8,rke2/v1.36-prerelease,stdlib,v1.26.5,gobinary,CVE-2026-78667,HIGH,https://avd.aquasec.com/nvd/cve-2026-78667,usr/bin/harvester-cloud-provider,"1.26.9, 1.27.2",false,affected,
rancher/harvester-cloud-provider:v0.2.8,rke2/v1.36-prerelease,golang.org/x/net,v0.56.0,gobinary,CVE-2026-78669,HIGH,https://avd.aquasec.com/nvd/cve-2026-78669,usr/bin/harvester-cloud-provider,0.60.0,false,affected,
rancher/harvester-cloud-provider:v0.2.8,rke2/v1.36-prerelease,stdlib,v1.26.5,gobinary,CVE-2026-78669,HIGH,https://avd.aquasec.com/nvd/cve-2026-78669,usr/bin/harvester-cloud-provider,"1.26.9, 1.27.2",false,affected,
rancher/harvester-cloud-provider:v0.2.8,rke2/v1.36-prerelease,google.golang.org/grpc,v1.82.1,gobinary,CVE-2026-84303,MEDIUM,https://avd.aquasec.com/nvd/cve-2026-84303,usr/bin/harvester-cloud-provider,1.83.1,false,not_affected,vulnerable_code_not_present
rancher/harvester-cloud-provider:v0.2.8,rke2/v1.36-prerelease,google.golang.org/grpc,v1.82.1,gobinary,CVE-2026-84304,HIGH,https://avd.aquasec.com/nvd/cve-2026-84304,usr/bin/harvester-cloud-provider,1.83.1,false,not_affected,vulnerable_code_not_in_execute_path
rancher/harvester-cloud-provider:v0.2.8,rke2/v1.36-prerelease,google.golang.org/grpc,v1.82.1,gobinary,CVE-2026-84445,HIGH,https://avd.aquasec.com/nvd/cve-2026-84445,usr/bin/harvester-cloud-provider,"1.82.2, 1.83.2, 1.84.0-dev.0.20260825144003-d5a41119e0e3, 1.85.0-dev.0.20260825072537-93e31b48545e",false,not_affected,vulnerable_code_not_in_execute_path
rancher/harvester-cloud-provider:v0.2.8,rke2/v1.36-prerelease,stdlib,v1.26.5,gobinary,CVE-2026-97031,HIGH,https://avd.aquasec.com/nvd/cve-2026-97031,usr/bin/harvester-cloud-provider,"1.26.9, 1.27.2",false,affected,
rancher/harvester-cloud-provider:v0.2.8,rke2/v1.36-prerelease,kubevirt.io/kubevirt,v1.7.4,gobinary,CVE-2026-9804,HIGH,https://avd.aquasec.com/nvd/cve-2026-9804,usr/bin/harvester-cloud-provider,,false,affected,
rancher/harvester-csi-driver:v0.2.10,rke2/v1.36-prerelease,kubevirt.io/kubevirt,v1.7.0,gobinary,CVE-2025-14525,MEDIUM,https://avd.aquasec.com/nvd/cve-2025-14525,usr/bin/harvester-csi-driver,,false,not_affected,vulnerable_code_not_in_execute_path
rancher/harvester-csi-driver:v0.2.10,rke2/v1.36-prerelease,github.com/kube-logging/logging-operator,v0.0.0-20250424202944-7e1f9aad6e21,gobinary,CVE-2026-54680,CRITICAL,https://avd.aquasec.com/nvd/cve-2026-54680,usr/bin/harvester-csi-driver,0.0.0-20260608145523-cf437d7f1e05,false,not_affected,vulnerable_code_not_in_execute_path
rancher/harvester-csi-driver:v0.2.10,rke2/v1.36-prerelease,stdlib,v1.26.8,gobinary,CVE-2026-56866,HIGH,https://avd.aquasec.com/nvd/cve-2026-56866,usr/bin/harvester-csi-driver,"1.26.9, 1.27.2",false,affected,severity_changed_due_to_suse_cvss_score
rancher/harvester-csi-driver:v0.2.10,rke2/v1.36-prerelease,kubevirt.io/kubevirt,v1.7.0,gobinary,CVE-2026-6383,MEDIUM,https://avd.aquasec.com/nvd/cve-2026-6383,usr/bin/harvester-csi-driver,,false,not_affected,vulnerable_code_not_in_execute_path
rancher/harvester-csi-driver:v0.2.10,rke2/v1.36-prerelease,kubevirt.io/kubevirt,v1.7.0,gobinary,CVE-2026-7374,CRITICAL,https://avd.aquasec.com/nvd/cve-2026-7374,usr/bin/harvester-csi-driver,"1.8.3, 1.7.4, 1.6.6",false,not_affected,vulnerable_code_not_in_execute_path
rancher/harvester-csi-driver:v0.2.10,rke2/v1.36-prerelease,stdlib,v1.26.8,gobinary,CVE-2026-78667,HIGH,https://avd.aquasec.com/nvd/cve-2026-78667,usr/bin/harvester-csi-driver,"1.26.9, 1.27.2",false,affected,
rancher/harvester-csi-driver:v0.2.10,rke2/v1.36-prerelease,golang.org/x/net,v0.58.0,gobinary,CVE-2026-78669,HIGH,https://avd.aquasec.com/nvd/cve-2026-78669,usr/bin/harvester-csi-driver,0.60.0,false,affected,
rancher/harvester-csi-driver:v0.2.10,rke2/v1.36-prerelease,stdlib,v1.26.8,gobinary,CVE-2026-78669,HIGH,https://avd.aquasec.com/nvd/cve-2026-78669,usr/bin/harvester-csi-driver,"1.26.9, 1.27.2",false,affected,
rancher/harvester-csi-driver:v0.2.10,rke2/v1.36-prerelease,stdlib,v1.26.8,gobinary,CVE-2026-97031,HIGH,https://avd.aquasec.com/nvd/cve-2026-97031,usr/bin/harvester-csi-driver,"1.26.9, 1.27.2",false,affected,
rancher/harvester-csi-driver:v0.2.10,rke2/v1.36-prerelease,kubevirt.io/kubevirt,v1.7.0,gobinary,CVE-2026-9804,HIGH,https://avd.aquasec.com/nvd/cve-2026-9804,usr/bin/harvester-csi-driver,,false,not_affected,vulnerable_code_not_in_execute_path
rancher/harvester-csi-driver:v0.2.10,rke2/v1.36-prerelease,rpm,4.20.1-160000.2.2,sles,SUSE-SU-2026:23787-1,HIGH,,rancher/harvester-csi-driver:v0.2.10 (sles 16.0),4.20.1-160000.3.1,false,affected,
rancher/harvester-csi-driver:v0.2.10,rke2/v1.36-prerelease,libblkid1,2.41.1-160000.4.1,sles,SUSE-SU-2026:23861-1,HIGH,,rancher/harvester-csi-driver:v0.2.10 (sles 16.0),2.41.1-160000.5.1,false,affected,
rancher/harvester-csi-driver:v0.2.10,rke2/v1.36-prerelease,libfdisk1,2.41.1-160000.4.1,sles,SUSE-SU-2026:23861-1,HIGH,,rancher/harvester-csi-driver:v0.2.10 (sles 16.0),2.41.1-160000.5.1,false,affected,
rancher/harvester-csi-driver:v0.2.10,rke2/v1.36-prerelease,libmount1,2.41.1-160000.4.1,sles,SUSE-SU-2026:23861-1,HIGH,,rancher/harvester-csi-driver:v0.2.10 (sles 16.0),2.41.1-160000.5.1,false,affected,
rancher/harvester-csi-driver:v0.2.10,rke2/v1.36-prerelease,libsmartcols1,2.41.1-160000.4.1,sles,SUSE-SU-2026:23861-1,HIGH,,rancher/harvester-csi-driver:v0.2.10 (sles 16.0),2.41.1-160000.5.1,false,affected,
rancher/harvester-csi-driver:v0.2.10,rke2/v1.36-prerelease,libuuid1,2.41.1-160000.4.1,sles,SUSE-SU-2026:23861-1,HIGH,,rancher/harvester-csi-driver:v0.2.10 (sles 16.0),2.41.1-160000.5.1,false,affected,
rancher/harvester-csi-driver:v0.2.10,rke2/v1.36-prerelease,util-linux,2.41.1-160000.4.1,sles,SUSE-SU-2026:23861-1,HIGH,,rancher/harvester-csi-driver:v0.2.10 (sles 16.0),2.41.1-160000.5.1,false,affected,
rancher/harvester-csi-driver:v0.2.10,rke2/v1.36-prerelease,libblkid1,2.41.1-160000.4.1,sles,SUSE-SU-2026:23870-1,HIGH,,rancher/harvester-csi-driver:v0.2.10 (sles 16.0),2.41.1-160000.5.1,false,affected,
rancher/harvester-csi-driver:v0.2.10,rke2/v1.36-prerelease,libfdisk1,2.41.1-160000.4.1,sles,SUSE-SU-2026:23870-1,HIGH,,rancher/harvester-csi-driver:v0.2.10 (sles 16.0),2.41.1-160000.5.1,false,affected,
rancher/harvester-csi-driver:v0.2.10,rke2/v1.36-prerelease,libmount1,2.41.1-160000.4.1,sles,SUSE-SU-2026:23870-1,HIGH,,rancher/harvester-csi-driver:v0.2.10 (sles 16.0),2.41.1-160000.5.1,false,affected,
rancher/harvester-csi-driver:v0.2.10,rke2/v1.36-prerelease,libsmartcols1,2.41.1-160000.4.1,sles,SUSE-SU-2026:23870-1,HIGH,,rancher/harvester-csi-driver:v0.2.10 (sles 16.0),2.41.1-160000.5.1,false,affected,
rancher/harvester-csi-driver:v0.2.10,rke2/v1.36-prerelease,libuuid1,2.41.1-160000.4.1,sles,SUSE-SU-2026:23870-1,HIGH,,rancher/harvester-csi-driver:v0.2.10 (sles 16.0),2.41.1-160000.5.1,false,affected,
rancher/harvester-csi-driver:v0.2.10,rke2/v1.36-prerelease,util-linux,2.41.1-160000.4.1,sles,SUSE-SU-2026:23870-1,HIGH,,rancher/harvester-csi-driver:v0.2.10 (sles 16.0),2.41.1-160000.5.1,false,affected,
rancher/harvester-csi-driver:v0.2.10,rke2/v1.36-prerelease,libpcre2-8-0,10.45-160000.3.1,sles,SUSE-SU-2026:23906-1,HIGH,,rancher/harvester-csi-driver:v0.2.10 (sles 16.0),10.45-160000.4.1,false,not_affected,vulnerable_code_not_in_execute_path
rancher/harvester-csi-driver:v0.2.10,rke2/v1.36-prerelease,libexpat1,2.7.1-160000.5.1,sles,SUSE-SU-2026:23912-1,HIGH,,rancher/harvester-csi-driver:v0.2.10 (sles 16.0),2.8.4-160000.1.1,false,not_affected,vulnerable_code_not_in_execute_path
rancher/harvester-csi-driver:v0.2.10,rke2/v1.36-prerelease,glibc,2.40-160000.6.1,sles,SUSE-SU-2026:23934-1,HIGH,,rancher/harvester-csi-driver:v0.2.10 (sles 16.0),2.40-160000.7.1,false,affected,
rancher/harvester-csi-driver:v0.2.10,rke2/v1.36-prerelease,glibc-locale-base,2.40-160000.6.1,sles,SUSE-SU-2026:23934-1,HIGH,,rancher/harvester-csi-driver:v0.2.10 (sles 16.0),2.40-160000.7.1,false,affected,
rancher/harvester-csi-driver:v0.2.10,rke2/v1.36-prerelease,rpcbind,1.2.9-160000.2.1,sles,SUSE-SU-2026:23946-1,HIGH,,rancher/harvester-csi-driver:v0.2.10 (sles 16.0),1.2.9-160000.3.1,false,affected,
rancher/klipper-helm:v0.13.3-build20260909,rke2/v1.36-prerelease,stdlib,v1.26.8,gobinary,CVE-2026-56866,HIGH,https://avd.aquasec.com/nvd/cve-2026-56866,home/klipper-helm/.local/share/helm/plugins/helm-mapkubeapis/bin/mapkubeapis,"1.26.9, 1.27.2",false,affected,severity_changed_due_to_suse_cvss_score
rancher/klipper-helm:v0.13.3-build20260909,rke2/v1.36-prerelease,stdlib,v1.26.8,gobinary,CVE-2026-56866,HIGH,https://avd.aquasec.com/nvd/cve-2026-56866,home/klipper-helm/.local/share/helm/plugins/helm-set-status/helm-set-status,"1.26.9, 1.27.2",false,affected,severity_changed_due_to_suse_cvss_score
rancher/klipper-helm:v0.13.3-build20260909,rke2/v1.36-prerelease,stdlib,v1.26.8,gobinary,CVE-2026-56866,HIGH,https://avd.aquasec.com/nvd/cve-2026-56866,usr/bin/helm,"1.26.9, 1.27.2",false,affected,severity_changed_due_to_suse_cvss_score
rancher/klipper-helm:v0.13.3-build20260909,rke2/v1.36-prerelease,stdlib,v1.26.8,gobinary,CVE-2026-78667,HIGH,https://avd.aquasec.com/nvd/cve-2026-78667,home/klipper-helm/.local/share/helm/plugins/helm-mapkubeapis/bin/mapkubeapis,"1.26.9, 1.27.2",false,affected,
rancher/klipper-helm:v0.13.3-build20260909,rke2/v1.36-prerelease,stdlib,v1.26.8,gobinary,CVE-2026-78667,HIGH,https://avd.aquasec.com/nvd/cve-2026-78667,home/klipper-helm/.local/share/helm/plugins/helm-set-status/helm-set-status,"1.26.9, 1.27.2",false,affected,
rancher/klipper-helm:v0.13.3-build20260909,rke2/v1.36-prerelease,stdlib,v1.26.8,gobinary,CVE-2026-78667,HIGH,https://avd.aquasec.com/nvd/cve-2026-78667,usr/bin/helm,"1.26.9, 1.27.2",false,affected,
rancher/klipper-helm:v0.13.3-build20260909,rke2/v1.36-prerelease,golang.org/x/net,v0.56.0,gobinary,CVE-2026-78669,HIGH,https://avd.aquasec.com/nvd/cve-2026-78669,home/klipper-helm/.local/share/helm/plugins/helm-mapkubeapis/bin/mapkubeapis,0.60.0,false,affected,
rancher/klipper-helm:v0.13.3-build20260909,rke2/v1.36-prerelease,golang.org/x/net,v0.56.0,gobinary,CVE-2026-78669,HIGH,https://avd.aquasec.com/nvd/cve-2026-78669,home/klipper-helm/.local/share/helm/plugins/helm-set-status/helm-set-status,0.60.0,false,affected,
rancher/klipper-helm:v0.13.3-build20260909,rke2/v1.36-prerelease,golang.org/x/net,v0.56.0,gobinary,CVE-2026-78669,HIGH,https://avd.aquasec.com/nvd/cve-2026-78669,usr/bin/helm,0.60.0,false,affected,
rancher/klipper-helm:v0.13.3-build20260909,rke2/v1.36-prerelease,stdlib,v1.26.8,gobinary,CVE-2026-78669,HIGH,https://avd.aquasec.com/nvd/cve-2026-78669,home/klipper-helm/.local/share/helm/plugins/helm-mapkubeapis/bin/mapkubeapis,"1.26.9, 1.27.2",false,affected,
rancher/klipper-helm:v0.13.3-build20260909,rke2/v1.36-prerelease,stdlib,v1.26.8,gobinary,CVE-2026-78669,HIGH,https://avd.aquasec.com/nvd/cve-2026-78669,home/klipper-helm/.local/share/helm/plugins/helm-set-status/helm-set-status,"1.26.9, 1.27.2",false,affected,
rancher/klipper-helm:v0.13.3-build20260909,rke2/v1.36-prerelease,stdlib,v1.26.8,gobinary,CVE-2026-78669,HIGH,https://avd.aquasec.com/nvd/cve-2026-78669,usr/bin/helm,"1.26.9, 1.27.2",false,affected,
rancher/klipper-helm:v0.13.3-build20260909,rke2/v1.36-prerelease,stdlib,v1.26.8,gobinary,CVE-2026-97031,HIGH,https://avd.aquasec.com/nvd/cve-2026-97031,home/klipper-helm/.local/share/helm/plugins/helm-mapkubeapis/bin/mapkubeapis,"1.26.9, 1.27.2",false,affected,
rancher/klipper-helm:v0.13.3-build20260909,rke2/v1.36-prerelease,stdlib,v1.26.8,gobinary,CVE-2026-97031,HIGH,https://avd.aquasec.com/nvd/cve-2026-97031,home/klipper-helm/.local/share/helm/plugins/helm-set-status/helm-set-status,"1.26.9, 1.27.2",false,affected,
rancher/klipper-helm:v0.13.3-build20260909,rke2/v1.36-prerelease,stdlib,v1.26.8,gobinary,CVE-2026-97031,HIGH,https://avd.aquasec.com/nvd/cve-2026-97031,usr/bin/helm,"1.26.9, 1.27.2",false,affected,
rancher/mirrored-calico-apiserver:v3.32.2,rke2/v1.36-prerelease,golang.org/x/crypto,v0.55.0,gobinary,CVE-2026-56855,MEDIUM,https://avd.aquasec.com/nvd/cve-2026-56855,code/apiserver,0.56.0,true,not_affected,vulnerable_code_not_present
rancher/mirrored-calico-apiserver:v3.32.2,rke2/v1.36-prerelease,stdlib,v1.25.14,gobinary,CVE-2026-56866,HIGH,https://avd.aquasec.com/nvd/cve-2026-56866,code/apiserver,"1.26.9, 1.27.2",true,affected,severity_changed_due_to_suse_cvss_score
rancher/mirrored-calico-apiserver:v3.32.2,rke2/v1.36-prerelease,golang.org/x/crypto,v0.55.0,gobinary,CVE-2026-78662,MEDIUM,https://avd.aquasec.com/nvd/cve-2026-78662,code/apiserver,0.56.0,true,not_affected,vulnerable_code_not_present
rancher/mirrored-calico-apiserver:v3.32.2,rke2/v1.36-prerelease,stdlib,v1.25.14,gobinary,CVE-2026-78667,HIGH,https://avd.aquasec.com/nvd/cve-2026-78667,code/apiserver,"1.26.9, 1.27.2",true,not_affected,vulnerable_code_not_in_execute_path
rancher/mirrored-calico-apiserver:v3.32.2,rke2/v1.36-prerelease,golang.org/x/net,v0.58.0,gobinary,CVE-2026-78669,HIGH,https://avd.aquasec.com/nvd/cve-2026-78669,code/apiserver,0.60.0,true,affected,
rancher/mirrored-calico-apiserver:v3.32.2,rke2/v1.36-prerelease,stdlib,v1.25.14,gobinary,CVE-2026-78669,HIGH,https://avd.aquasec.com/nvd/cve-2026-78669,code/apiserver,"1.26.9, 1.27.2",true,affected,
rancher/mirrored-calico-apiserver:v3.32.2,rke2/v1.36-prerelease,google.golang.org/grpc,v1.82.1,gobinary,CVE-2026-84303,MEDIUM,https://avd.aquasec.com/nvd/cve-2026-84303,code/apiserver,1.83.1,true,not_affected,vulnerable_code_not_present
rancher/mirrored-calico-apiserver:v3.32.2,rke2/v1.36-prerelease,google.golang.org/grpc,v1.82.1,gobinary,CVE-2026-84304,HIGH,https://avd.aquasec.com/nvd/cve-2026-84304,code/apiserver,1.83.1,true,affected,
rancher/mirrored-calico-apiserver:v3.32.2,rke2/v1.36-prerelease,google.golang.org/grpc,v1.82.1,gobinary,CVE-2026-84445,HIGH,https://avd.aquasec.com/nvd/cve-2026-84445,code/apiserver,"1.82.2, 1.83.2, 1.84.0-dev.0.20260825144003-d5a41119e0e3, 1.85.0-dev.0.20260825072537-93e31b48545e",true,affected,
rancher/mirrored-calico-apiserver:v3.32.2,rke2/v1.36-prerelease,stdlib,v1.25.14,gobinary,CVE-2026-97031,HIGH,https://avd.aquasec.com/nvd/cve-2026-97031,code/apiserver,"1.26.9, 1.27.2",true,affected,
rancher/mirrored-calico-cni:v3.32.2,rke2/v1.36-prerelease,golang.org/x/crypto,v0.55.0,gobinary,CVE-2026-56855,MEDIUM,https://avd.aquasec.com/nvd/cve-2026-56855,opt/cni/bin/calico,0.56.0,true,not_affected,vulnerable_code_not_present
rancher/mirrored-calico-cni:v3.32.2,rke2/v1.36-prerelease,stdlib,v1.25.14,gobinary,CVE-2026-56866,HIGH,https://avd.aquasec.com/nvd/cve-2026-56866,opt/cni/bin/calico,"1.26.9, 1.27.2",true,affected,severity_changed_due_to_suse_cvss_score
rancher/mirrored-calico-cni:v3.32.2,rke2/v1.36-prerelease,stdlib,v1.25.14,gobinary,CVE-2026-56866,HIGH,https://avd.aquasec.com/nvd/cve-2026-56866,opt/cni/bin/flannel,"1.26.9, 1.27.2",true,affected,severity_changed_due_to_suse_cvss_score
rancher/mirrored-calico-cni:v3.32.2,rke2/v1.36-prerelease,stdlib,v1.25.14,gobinary,CVE-2026-56866,HIGH,https://avd.aquasec.com/nvd/cve-2026-56866,opt/cni/bin/host-local,"1.26.9, 1.27.2",true,affected,severity_changed_due_to_suse_cvss_score
rancher/mirrored-calico-cni:v3.32.2,rke2/v1.36-prerelease,stdlib,v1.25.14,gobinary,CVE-2026-56866,HIGH,https://avd.aquasec.com/nvd/cve-2026-56866,opt/cni/bin/install,"1.26.9, 1.27.2",true,affected,severity_changed_due_to_suse_cvss_score
rancher/mirrored-calico-cni:v3.32.2,rke2/v1.36-prerelease,stdlib,v1.25.14,gobinary,CVE-2026-56866,HIGH,https://avd.aquasec.com/nvd/cve-2026-56866,opt/cni/bin/loopback,"1.26.9, 1.27.2",true,affected,severity_changed_due_to_suse_cvss_score
rancher/mirrored-calico-cni:v3.32.2,rke2/v1.36-prerelease,stdlib,v1.25.14,gobinary,CVE-2026-56866,HIGH,https://avd.aquasec.com/nvd/cve-2026-56866,opt/cni/bin/portmap,"1.26.9, 1.27.2",true,affected,severity_changed_due_to_suse_cvss_score
rancher/mirrored-calico-cni:v3.32.2,rke2/v1.36-prerelease,stdlib,v1.25.14,gobinary,CVE-2026-56866,HIGH,https://avd.aquasec.com/nvd/cve-2026-56866,opt/cni/bin/tuning,"1.26.9, 1.27.2",true,affected,severity_changed_due_to_suse_cvss_score
rancher/mirrored-calico-cni:v3.32.2,rke2/v1.36-prerelease,golang.org/x/crypto,v0.55.0,gobinary,CVE-2026-78662,MEDIUM,https://avd.aquasec.com/nvd/cve-2026-78662,opt/cni/bin/calico,0.56.0,true,not_affected,vulnerable_code_not_present
rancher/mirrored-calico-cni:v3.32.2,rke2/v1.36-prerelease,stdlib,v1.25.14,gobinary,CVE-2026-78667,HIGH,https://avd.aquasec.com/nvd/cve-2026-78667,opt/cni/bin/calico,"1.26.9, 1.27.2",true,not_affected,vulnerable_code_not_in_execute_path
rancher/mirrored-calico-cni:v3.32.2,rke2/v1.36-prerelease,stdlib,v1.25.14,gobinary,CVE-2026-78667,HIGH,https://avd.aquasec.com/nvd/cve-2026-78667,opt/cni/bin/flannel,"1.26.9, 1.27.2",true,affected,
rancher/mirrored-calico-cni:v3.32.2,rke2/v1.36-prerelease,stdlib,v1.25.14,gobinary,CVE-2026-78667,HIGH,https://avd.aquasec.com/nvd/cve-2026-78667,opt/cni/bin/host-local,"1.26.9, 1.27.2",true,affected,
rancher/mirrored-calico-cni:v3.32.2,rke2/v1.36-prerelease,stdlib,v1.25.14,gobinary,CVE-2026-78667,HIGH,https://avd.aquasec.com/nvd/cve-2026-78667,opt/cni/bin/install,"1.26.9, 1.27.2",true,not_affected,vulnerable_code_not_in_execute_path
rancher/mirrored-calico-cni:v3.32.2,rke2/v1.36-prerelease,stdlib,v1.25.14,gobinary,CVE-2026-78667,HIGH,https://avd.aquasec.com/nvd/cve-2026-78667,opt/cni/bin/loopback,"1.26.9, 1.27.2",true,affected,
rancher/mirrored-calico-cni:v3.32.2,rke2/v1.36-prerelease,stdlib,v1.25.14,gobinary,CVE-2026-78667,HIGH,https://avd.aquasec.com/nvd/cve-2026-78667,opt/cni/bin/portmap,"1.26.9, 1.27.2",true,affected,
rancher/mirrored-calico-cni:v3.32.2,rke2/v1.36-prerelease,stdlib,v1.25.14,gobinary,CVE-2026-78667,HIGH,https://avd.aquasec.com/nvd/cve-2026-78667,opt/cni/bin/tuning,"1.26.9, 1.27.2",true,affected,
rancher/mirrored-calico-cni:v3.32.2,rke2/v1.36-prerelease,golang.org/x/net,v0.58.0,gobinary,CVE-2026-78669,HIGH,https://avd.aquasec.com/nvd/cve-2026-78669,opt/cni/bin/calico,0.60.0,true,affected,
rancher/mirrored-calico-cni:v3.32.2,rke2/v1.36-prerelease,golang.org/x/net,v0.58.0,gobinary,CVE-2026-78669,HIGH,https://avd.aquasec.com/nvd/cve-2026-78669,opt/cni/bin/install,0.60.0,true,affected,
rancher/mirrored-calico-cni:v3.32.2,rke2/v1.36-prerelease,stdlib,v1.25.14,gobinary,CVE-2026-78669,HIGH,https://avd.aquasec.com/nvd/cve-2026-78669,opt/cni/bin/calico,"1.26.9, 1.27.2",true,affected,
rancher/mirrored-calico-cni:v3.32.2,rke2/v1.36-prerelease,stdlib,v1.25.14,gobinary,CVE-2026-78669,HIGH,https://avd.aquasec.com/nvd/cve-2026-78669,opt/cni/bin/flannel,"1.26.9, 1.27.2",true,affected,
rancher/mirrored-calico-cni:v3.32.2,rke2/v1.36-prerelease,stdlib,v1.25.14,gobinary,CVE-2026-78669,HIGH,https://avd.aquasec.com/nvd/cve-2026-78669,opt/cni/bin/host-local,"1.26.9, 1.27.2",true,affected,
rancher/mirrored-calico-cni:v3.32.2,rke2/v1.36-prerelease,stdlib,v1.25.14,gobinary,CVE-2026-78669,HIGH,https://avd.aquasec.com/nvd/cve-2026-78669,opt/cni/bin/install,"1.26.9, 1.27.2",true,affected,
rancher/mirrored-calico-cni:v3.32.2,rke2/v1.36-prerelease,stdlib,v1.25.14,gobinary,CVE-2026-78669,HIGH,https://avd.aquasec.com/nvd/cve-2026-78669,opt/cni/bin/loopback,"1.26.9, 1.27.2",true,affected,
rancher/mirrored-calico-cni:v3.32.2,rke2/v1.36-prerelease,stdlib,v1.25.14,gobinary,CVE-2026-78669,HIGH,https://avd.aquasec.com/nvd/cve-2026-78669,opt/cni/bin/portmap,"1.26.9, 1.27.2",true,affected,
rancher/mirrored-calico-cni:v3.32.2,rke2/v1.36-prerelease,stdlib,v1.25.14,gobinary,CVE-2026-78669,HIGH,https://avd.aquasec.com/nvd/cve-2026-78669,opt/cni/bin/tuning,"1.26.9, 1.27.2",true,affected,
rancher/mirrored-calico-cni:v3.32.2,rke2/v1.36-prerelease,google.golang.org/grpc,v1.82.1,gobinary,CVE-2026-84303,MEDIUM,https://avd.aquasec.com/nvd/cve-2026-84303,opt/cni/bin/calico,1.83.1,true,not_affected,vulnerable_code_not_present
rancher/mirrored-calico-cni:v3.32.2,rke2/v1.36-prerelease,google.golang.org/grpc,v1.82.1,gobinary,CVE-2026-84304,HIGH,https://avd.aquasec.com/nvd/cve-2026-84304,opt/cni/bin/calico,1.83.1,true,affected,
rancher/mirrored-calico-cni:v3.32.2,rke2/v1.36-prerelease,google.golang.org/grpc,v1.82.1,gobinary,CVE-2026-84445,HIGH,https://avd.aquasec.com/nvd/cve-2026-84445,opt/cni/bin/calico,"1.82.2, 1.83.2, 1.84.0-dev.0.20260825144003-d5a41119e0e3, 1.85.0-dev.0.20260825072537-93e31b48545e",true,affected,
rancher/mirrored-calico-cni:v3.32.2,rke2/v1.36-prerelease,stdlib,v1.25.14,gobinary,CVE-2026-97031,HIGH,https://avd.aquasec.com/nvd/cve-2026-97031,opt/cni/bin/calico,"1.26.9, 1.27.2",true,affected,
rancher/mirrored-calico-cni:v3.32.2,rke2/v1.36-prerelease,stdlib,v1.25.14,gobinary,CVE-2026-97031,HIGH,https://avd.aquasec.com/nvd/cve-2026-97031,opt/cni/bin/flannel,"1.26.9, 1.27.2",true,affected,
rancher/mirrored-calico-cni:v3.32.2,rke2/v1.36-prerelease,stdlib,v1.25.14,gobinary,CVE-2026-97031,HIGH,https://avd.aquasec.com/nvd/cve-2026-97031,opt/cni/bin/host-local,"1.26.9, 1.27.2",true,affected,
rancher/mirrored-calico-cni:v3.32.2,rke2/v1.36-prerelease,stdlib,v1.25.14,gobinary,CVE-2026-97031,HIGH,https://avd.aquasec.com/nvd/cve-2026-97031,opt/cni/bin/install,"1.26.9, 1.27.2",true,affected,
rancher/mirrored-calico-cni:v3.32.2,rke2/v1.36-prerelease,stdlib,v1.25.14,gobinary,CVE-2026-97031,HIGH,https://avd.aquasec.com/nvd/cve-2026-97031,opt/cni/bin/loopback,"1.26.9, 1.27.2",true,affected,
rancher/mirrored-calico-cni:v3.32.2,rke2/v1.36-prerelease,stdlib,v1.25.14,gobinary,CVE-2026-97031,HIGH,https://avd.aquasec.com/nvd/cve-2026-97031,opt/cni/bin/portmap,"1.26.9, 1.27.2",true,affected,
rancher/mirrored-calico-cni:v3.32.2,rke2/v1.36-prerelease,stdlib,v1.25.14,gobinary,CVE-2026-97031,HIGH,https://avd.aquasec.com/nvd/cve-2026-97031,opt/cni/bin/tuning,"1.26.9, 1.27.2",true,affected,
rancher/mirrored-calico-csi:v3.32.2,rke2/v1.36-prerelease,stdlib,v1.25.14,gobinary,CVE-2026-56866,HIGH,https://avd.aquasec.com/nvd/cve-2026-56866,usr/bin/csi-driver,"1.26.9, 1.27.2",true,affected,severity_changed_due_to_suse_cvss_score
rancher/mirrored-calico-csi:v3.32.2,rke2/v1.36-prerelease,stdlib,v1.25.14,gobinary,CVE-2026-78667,HIGH,https://avd.aquasec.com/nvd/cve-2026-78667,usr/bin/csi-driver,"1.26.9, 1.27.2",true,affected,
rancher/mirrored-calico-csi:v3.32.2,rke2/v1.36-prerelease,golang.org/x/net,v0.58.0,gobinary,CVE-2026-78669,HIGH,https://avd.aquasec.com/nvd/cve-2026-78669,usr/bin/csi-driver,0.60.0,true,affected,
rancher/mirrored-calico-csi:v3.32.2,rke2/v1.36-prerelease,stdlib,v1.25.14,gobinary,CVE-2026-78669,HIGH,https://avd.aquasec.com/nvd/cve-2026-78669,usr/bin/csi-driver,"1.26.9, 1.27.2",true,affected,
rancher/mirrored-calico-csi:v3.32.2,rke2/v1.36-prerelease,google.golang.org/grpc,v1.82.1,gobinary,CVE-2026-84304,HIGH,https://avd.aquasec.com/nvd/cve-2026-84304,usr/bin/csi-driver,1.83.1,true,affected,
rancher/mirrored-calico-csi:v3.32.2,rke2/v1.36-prerelease,google.golang.org/grpc,v1.82.1,gobinary,CVE-2026-84445,HIGH,https://avd.aquasec.com/nvd/cve-2026-84445,usr/bin/csi-driver,"1.82.2, 1.83.2, 1.84.0-dev.0.20260825144003-d5a41119e0e3, 1.85.0-dev.0.20260825072537-93e31b48545e",true,affected,
rancher/mirrored-calico-csi:v3.32.2,rke2/v1.36-prerelease,stdlib,v1.25.14,gobinary,CVE-2026-97031,HIGH,https://avd.aquasec.com/nvd/cve-2026-97031,usr/bin/csi-driver,"1.26.9, 1.27.2",true,affected,
rancher/mirrored-calico-ctl:v3.32.2,rke2/v1.36-prerelease,golang.org/x/crypto,v0.55.0,gobinary,CVE-2026-56855,HIGH,https://avd.aquasec.com/nvd/cve-2026-56855,usr/bin/calicoctl,0.56.0,true,affected,severity_changed_due_to_suse_cvss_score
rancher/mirrored-calico-ctl:v3.32.2,rke2/v1.36-prerelease,stdlib,v1.25.14,gobinary,CVE-2026-56866,HIGH,https://avd.aquasec.com/nvd/cve-2026-56866,usr/bin/calicoctl,"1.26.9, 1.27.2",true,affected,severity_changed_due_to_suse_cvss_score
rancher/mirrored-calico-ctl:v3.32.2,rke2/v1.36-prerelease,golang.org/x/crypto,v0.55.0,gobinary,CVE-2026-78662,HIGH,https://avd.aquasec.com/nvd/cve-2026-78662,usr/bin/calicoctl,0.56.0,true,affected,severity_changed_due_to_suse_cvss_score
rancher/mirrored-calico-ctl:v3.32.2,rke2/v1.36-prerelease,stdlib,v1.25.14,gobinary,CVE-2026-78667,HIGH,https://avd.aquasec.com/nvd/cve-2026-78667,usr/bin/calicoctl,"1.26.9, 1.27.2",true,affected,
rancher/mirrored-calico-ctl:v3.32.2,rke2/v1.36-prerelease,golang.org/x/net,v0.58.0,gobinary,CVE-2026-78669,HIGH,https://avd.aquasec.com/nvd/cve-2026-78669,usr/bin/calicoctl,0.60.0,true,affected,
rancher/mirrored-calico-ctl:v3.32.2,rke2/v1.36-prerelease,stdlib,v1.25.14,gobinary,CVE-2026-78669,HIGH,https://avd.aquasec.com/nvd/cve-2026-78669,usr/bin/calicoctl,"1.26.9, 1.27.2",true,affected,
rancher/mirrored-calico-ctl:v3.32.2,rke2/v1.36-prerelease,google.golang.org/grpc,v1.82.1,gobinary,CVE-2026-84304,HIGH,https://avd.aquasec.com/nvd/cve-2026-84304,usr/bin/calicoctl,1.83.1,true,affected,
rancher/mirrored-calico-ctl:v3.32.2,rke2/v1.36-prerelease,google.golang.org/grpc,v1.82.1,gobinary,CVE-2026-84445,HIGH,https://avd.aquasec.com/nvd/cve-2026-84445,usr/bin/calicoctl,"1.82.2, 1.83.2, 1.84.0-dev.0.20260825144003-d5a41119e0e3, 1.85.0-dev.0.20260825072537-93e31b48545e",true,affected,
rancher/mirrored-calico-ctl:v3.32.2,rke2/v1.36-prerelease,stdlib,v1.25.14,gobinary,CVE-2026-97031,HIGH,https://avd.aquasec.com/nvd/cve-2026-97031,usr/bin/calicoctl,"1.26.9, 1.27.2",true,affected,
rancher/mirrored-calico-envoy-gateway:v3.32.2,rke2/v1.36-prerelease,golang.org/x/crypto,v0.54.0,gobinary,CVE-2026-56854,HIGH,https://avd.aquasec.com/nvd/cve-2026-56854,usr/local/bin/envoy-gateway,0.55.0,true,affected,
rancher/mirrored-calico-envoy-gateway:v3.32.2,rke2/v1.36-prerelease,golang.org/x/crypto,v0.54.0,gobinary,CVE-2026-56855,HIGH,https://avd.aquasec.com/nvd/cve-2026-56855,usr/local/bin/envoy-gateway,0.56.0,true,affected,severity_changed_due_to_suse_cvss_score
rancher/mirrored-calico-envoy-gateway:v3.32.2,rke2/v1.36-prerelease,stdlib,v1.26.6,gobinary,CVE-2026-56866,HIGH,https://avd.aquasec.com/nvd/cve-2026-56866,usr/local/bin/envoy-gateway,"1.26.9, 1.27.2",true,affected,severity_changed_due_to_suse_cvss_score
rancher/mirrored-calico-envoy-gateway:v3.32.2,rke2/v1.36-prerelease,golang.org/x/crypto,v0.54.0,gobinary,CVE-2026-78662,HIGH,https://avd.aquasec.com/nvd/cve-2026-78662,usr/local/bin/envoy-gateway,0.56.0,true,affected,severity_changed_due_to_suse_cvss_score
rancher/mirrored-calico-envoy-gateway:v3.32.2,rke2/v1.36-prerelease,stdlib,v1.26.6,gobinary,CVE-2026-78667,HIGH,https://avd.aquasec.com/nvd/cve-2026-78667,usr/local/bin/envoy-gateway,"1.26.9, 1.27.2",true,affected,
rancher/mirrored-calico-envoy-gateway:v3.32.2,rke2/v1.36-prerelease,golang.org/x/net,v0.57.0,gobinary,CVE-2026-78669,HIGH,https://avd.aquasec.com/nvd/cve-2026-78669,usr/local/bin/envoy-gateway,0.60.0,true,affected,
rancher/mirrored-calico-envoy-gateway:v3.32.2,rke2/v1.36-prerelease,stdlib,v1.26.6,gobinary,CVE-2026-78669,HIGH,https://avd.aquasec.com/nvd/cve-2026-78669,usr/local/bin/envoy-gateway,"1.26.9, 1.27.2",true,affected,
rancher/mirrored-calico-envoy-gateway:v3.32.2,rke2/v1.36-prerelease,google.golang.org/grpc,v1.82.1,gobinary,CVE-2026-84304,HIGH,https://avd.aquasec.com/nvd/cve-2026-84304,usr/local/bin/envoy-gateway,1.83.1,true,affected,
rancher/mirrored-calico-envoy-gateway:v3.32.2,rke2/v1.36-prerelease,google.golang.org/grpc,v1.82.1,gobinary,CVE-2026-84445,HIGH,https://avd.aquasec.com/nvd/cve-2026-84445,usr/local/bin/envoy-gateway,"1.82.2, 1.83.2, 1.84.0-dev.0.20260825144003-d5a41119e0e3, 1.85.0-dev.0.20260825072537-93e31b48545e",true,affected,
rancher/mirrored-calico-envoy-gateway:v3.32.2,rke2/v1.36-prerelease,stdlib,v1.26.6,gobinary,CVE-2026-97031,HIGH,https://avd.aquasec.com/nvd/cve-2026-97031,usr/local/bin/envoy-gateway,"1.26.9, 1.27.2",true,affected,
rancher/mirrored-calico-envoy-ratelimit:v3.32.2,rke2/v1.36-prerelease,stdlib,v1.26.6,gobinary,CVE-2026-56866,HIGH,https://avd.aquasec.com/nvd/cve-2026-56866,bin/ratelimit,"1.26.9, 1.27.2",true,affected,severity_changed_due_to_suse_cvss_score
rancher/mirrored-calico-envoy-ratelimit:v3.32.2,rke2/v1.36-prerelease,stdlib,v1.26.6,gobinary,CVE-2026-78667,HIGH,https://avd.aquasec.com/nvd/cve-2026-78667,bin/ratelimit,"1.26.9, 1.27.2",true,affected,
rancher/mirrored-calico-envoy-ratelimit:v3.32.2,rke2/v1.36-prerelease,golang.org/x/net,v0.56.0,gobinary,CVE-2026-78669,HIGH,https://avd.aquasec.com/nvd/cve-2026-78669,bin/ratelimit,0.60.0,true,affected,
rancher/mirrored-calico-envoy-ratelimit:v3.32.2,rke2/v1.36-prerelease,stdlib,v1.26.6,gobinary,CVE-2026-78669,HIGH,https://avd.aquasec.com/nvd/cve-2026-78669,bin/ratelimit,"1.26.9, 1.27.2",true,affected,
rancher/mirrored-calico-envoy-ratelimit:v3.32.2,rke2/v1.36-prerelease,google.golang.org/grpc,v1.82.1,gobinary,CVE-2026-84304,HIGH,https://avd.aquasec.com/nvd/cve-2026-84304,bin/ratelimit,1.83.1,true,affected,
rancher/mirrored-calico-envoy-ratelimit:v3.32.2,rke2/v1.36-prerelease,google.golang.org/grpc,v1.82.1,gobinary,CVE-2026-84445,HIGH,https://avd.aquasec.com/nvd/cve-2026-84445,bin/ratelimit,"1.82.2, 1.83.2, 1.84.0-dev.0.20260825144003-d5a41119e0e3, 1.85.0-dev.0.20260825072537-93e31b48545e",true,affected,
rancher/mirrored-calico-envoy-ratelimit:v3.32.2,rke2/v1.36-prerelease,stdlib,v1.26.6,gobinary,CVE-2026-97031,HIGH,https://avd.aquasec.com/nvd/cve-2026-97031,bin/ratelimit,"1.26.9, 1.27.2",true,affected,
rancher/mirrored-calico-goldmane:v3.32.2,rke2/v1.36-prerelease,stdlib,v1.25.14,gobinary,CVE-2026-56866,HIGH,https://avd.aquasec.com/nvd/cve-2026-56866,goldmane,"1.26.9, 1.27.2",true,affected,severity_changed_due_to_suse_cvss_score
rancher/mirrored-calico-goldmane:v3.32.2,rke2/v1.36-prerelease,stdlib,v1.25.14,gobinary,CVE-2026-56866,HIGH,https://avd.aquasec.com/nvd/cve-2026-56866,health,"1.26.9, 1.27.2",true,affected,severity_changed_due_to_suse_cvss_score
rancher/mirrored-calico-goldmane:v3.32.2,rke2/v1.36-prerelease,stdlib,v1.25.14,gobinary,CVE-2026-78667,HIGH,https://avd.aquasec.com/nvd/cve-2026-78667,goldmane,"1.26.9, 1.27.2",true,not_affected,vulnerable_code_not_in_execute_path
rancher/mirrored-calico-goldmane:v3.32.2,rke2/v1.36-prerelease,stdlib,v1.25.14,gobinary,CVE-2026-78667,HIGH,https://avd.aquasec.com/nvd/cve-2026-78667,health,"1.26.9, 1.27.2",true,not_affected,vulnerable_code_not_in_execute_path
rancher/mirrored-calico-goldmane:v3.32.2,rke2/v1.36-prerelease,golang.org/x/net,v0.58.0,gobinary,CVE-2026-78669,HIGH,https://avd.aquasec.com/nvd/cve-2026-78669,goldmane,0.60.0,true,affected,
rancher/mirrored-calico-goldmane:v3.32.2,rke2/v1.36-prerelease,golang.org/x/net,v0.58.0,gobinary,CVE-2026-78669,HIGH,https://avd.aquasec.com/nvd/cve-2026-78669,health,0.60.0,true,affected,
rancher/mirrored-calico-goldmane:v3.32.2,rke2/v1.36-prerelease,stdlib,v1.25.14,gobinary,CVE-2026-78669,HIGH,https://avd.aquasec.com/nvd/cve-2026-78669,goldmane,"1.26.9, 1.27.2",true,affected,
rancher/mirrored-calico-goldmane:v3.32.2,rke2/v1.36-prerelease,stdlib,v1.25.14,gobinary,CVE-2026-78669,HIGH,https://avd.aquasec.com/nvd/cve-2026-78669,health,"1.26.9, 1.27.2",true,affected,
rancher/mirrored-calico-goldmane:v3.32.2,rke2/v1.36-prerelease,google.golang.org/grpc,v1.82.1,gobinary,CVE-2026-84303,MEDIUM,https://avd.aquasec.com/nvd/cve-2026-84303,goldmane,1.83.1,true,not_affected,vulnerable_code_not_present
rancher/mirrored-calico-goldmane:v3.32.2,rke2/v1.36-prerelease,google.golang.org/grpc,v1.82.1,gobinary,CVE-2026-84303,MEDIUM,https://avd.aquasec.com/nvd/cve-2026-84303,health,1.83.1,true,not_affected,vulnerable_code_not_present
rancher/mirrored-calico-goldmane:v3.32.2,rke2/v1.36-prerelease,google.golang.org/grpc,v1.82.1,gobinary,CVE-2026-84304,HIGH,https://avd.aquasec.com/nvd/cve-2026-84304,goldmane,1.83.1,true,affected,
rancher/mirrored-calico-goldmane:v3.32.2,rke2/v1.36-prerelease,google.golang.org/grpc,v1.82.1,gobinary,CVE-2026-84304,HIGH,https://avd.aquasec.com/nvd/cve-2026-84304,health,1.83.1,true,affected,
rancher/mirrored-calico-goldmane:v3.32.2,rke2/v1.36-prerelease,google.golang.org/grpc,v1.82.1,gobinary,CVE-2026-84445,HIGH,https://avd.aquasec.com/nvd/cve-2026-84445,goldmane,"1.82.2, 1.83.2, 1.84.0-dev.0.20260825144003-d5a41119e0e3, 1.85.0-dev.0.20260825072537-93e31b48545e",true,affected,
rancher/mirrored-calico-goldmane:v3.32.2,rke2/v1.36-prerelease,google.golang.org/grpc,v1.82.1,gobinary,CVE-2026-84445,HIGH,https://avd.aquasec.com/nvd/cve-2026-84445,health,"1.82.2, 1.83.2, 1.84.0-dev.0.20260825144003-d5a41119e0e3, 1.85.0-dev.0.20260825072537-93e31b48545e",true,affected,
rancher/mirrored-calico-goldmane:v3.32.2,rke2/v1.36-prerelease,stdlib,v1.25.14,gobinary,CVE-2026-97031,HIGH,https://avd.aquasec.com/nvd/cve-2026-97031,goldmane,"1.26.9, 1.27.2",true,affected,
rancher/mirrored-calico-goldmane:v3.32.2,rke2/v1.36-prerelease,stdlib,v1.25.14,gobinary,CVE-2026-97031,HIGH,https://avd.aquasec.com/nvd/cve-2026-97031,health,"1.26.9, 1.27.2",true,affected,
rancher/mirrored-calico-kube-controllers:v3.32.2,rke2/v1.36-prerelease,golang.org/x/crypto,v0.55.0,gobinary,CVE-2026-56855,MEDIUM,https://avd.aquasec.com/nvd/cve-2026-56855,usr/bin/kube-controllers,0.56.0,true,not_affected,vulnerable_code_not_present
rancher/mirrored-calico-kube-controllers:v3.32.2,rke2/v1.36-prerelease,stdlib,v1.25.14,gobinary,CVE-2026-56866,HIGH,https://avd.aquasec.com/nvd/cve-2026-56866,usr/bin/check-status,"1.26.9, 1.27.2",true,affected,severity_changed_due_to_suse_cvss_score
rancher/mirrored-calico-kube-controllers:v3.32.2,rke2/v1.36-prerelease,stdlib,v1.25.14,gobinary,CVE-2026-56866,HIGH,https://avd.aquasec.com/nvd/cve-2026-56866,usr/bin/kube-controllers,"1.26.9, 1.27.2",true,affected,severity_changed_due_to_suse_cvss_score
rancher/mirrored-calico-kube-controllers:v3.32.2,rke2/v1.36-prerelease,stdlib,v1.25.14,gobinary,CVE-2026-56866,HIGH,https://avd.aquasec.com/nvd/cve-2026-56866,usr/bin/wrapper,"1.26.9, 1.27.2",true,affected,severity_changed_due_to_suse_cvss_score
rancher/mirrored-calico-kube-controllers:v3.32.2,rke2/v1.36-prerelease,golang.org/x/crypto,v0.55.0,gobinary,CVE-2026-78662,MEDIUM,https://avd.aquasec.com/nvd/cve-2026-78662,usr/bin/kube-controllers,0.56.0,true,not_affected,vulnerable_code_not_present
rancher/mirrored-calico-kube-controllers:v3.32.2,rke2/v1.36-prerelease,stdlib,v1.25.14,gobinary,CVE-2026-78667,HIGH,https://avd.aquasec.com/nvd/cve-2026-78667,usr/bin/check-status,"1.26.9, 1.27.2",true,not_affected,vulnerable_code_not_in_execute_path
rancher/mirrored-calico-kube-controllers:v3.32.2,rke2/v1.36-prerelease,stdlib,v1.25.14,gobinary,CVE-2026-78667,HIGH,https://avd.aquasec.com/nvd/cve-2026-78667,usr/bin/kube-controllers,"1.26.9, 1.27.2",true,not_affected,vulnerable_code_not_in_execute_path
rancher/mirrored-calico-kube-controllers:v3.32.2,rke2/v1.36-prerelease,stdlib,v1.25.14,gobinary,CVE-2026-78667,HIGH,https://avd.aquasec.com/nvd/cve-2026-78667,usr/bin/wrapper,"1.26.9, 1.27.2",true,not_affected,vulnerable_code_not_in_execute_path
rancher/mirrored-calico-kube-controllers:v3.32.2,rke2/v1.36-prerelease,golang.org/x/net,v0.58.0,gobinary,CVE-2026-78669,HIGH,https://avd.aquasec.com/nvd/cve-2026-78669,usr/bin/kube-controllers,0.60.0,true,affected,
rancher/mirrored-calico-kube-controllers:v3.32.2,rke2/v1.36-prerelease,golang.org/x/net,v0.58.0,gobinary,CVE-2026-78669,HIGH,https://avd.aquasec.com/nvd/cve-2026-78669,usr/bin/wrapper,0.60.0,true,affected,
rancher/mirrored-calico-kube-controllers:v3.32.2,rke2/v1.36-prerelease,stdlib,v1.25.14,gobinary,CVE-2026-78669,HIGH,https://avd.aquasec.com/nvd/cve-2026-78669,usr/bin/check-status,"1.26.9, 1.27.2",true,affected,
rancher/mirrored-calico-kube-controllers:v3.32.2,rke2/v1.36-prerelease,stdlib,v1.25.14,gobinary,CVE-2026-78669,HIGH,https://avd.aquasec.com/nvd/cve-2026-78669,usr/bin/kube-controllers,"1.26.9, 1.27.2",true,affected,
rancher/mirrored-calico-kube-controllers:v3.32.2,rke2/v1.36-prerelease,stdlib,v1.25.14,gobinary,CVE-2026-78669,HIGH,https://avd.aquasec.com/nvd/cve-2026-78669,usr/bin/wrapper,"1.26.9, 1.27.2",true,affected,
rancher/mirrored-calico-kube-controllers:v3.32.2,rke2/v1.36-prerelease,google.golang.org/grpc,v1.82.1,gobinary,CVE-2026-84303,MEDIUM,https://avd.aquasec.com/nvd/cve-2026-84303,usr/bin/kube-controllers,1.83.1,true,not_affected,vulnerable_code_not_present
rancher/mirrored-calico-kube-controllers:v3.32.2,rke2/v1.36-prerelease,google.golang.org/grpc,v1.82.1,gobinary,CVE-2026-84304,HIGH,https://avd.aquasec.com/nvd/cve-2026-84304,usr/bin/kube-controllers,1.83.1,true,affected,
rancher/mirrored-calico-kube-controllers:v3.32.2,rke2/v1.36-prerelease,google.golang.org/grpc,v1.82.1,gobinary,CVE-2026-84445,HIGH,https://avd.aquasec.com/nvd/cve-2026-84445,usr/bin/kube-controllers,"1.82.2, 1.83.2, 1.84.0-dev.0.20260825144003-d5a41119e0e3, 1.85.0-dev.0.20260825072537-93e31b48545e",true,affected,
rancher/mirrored-calico-kube-controllers:v3.32.2,rke2/v1.36-prerelease,stdlib,v1.25.14,gobinary,CVE-2026-97031,HIGH,https://avd.aquasec.com/nvd/cve-2026-97031,usr/bin/check-status,"1.26.9, 1.27.2",true,affected,
rancher/mirrored-calico-kube-controllers:v3.32.2,rke2/v1.36-prerelease,stdlib,v1.25.14,gobinary,CVE-2026-97031,HIGH,https://avd.aquasec.com/nvd/cve-2026-97031,usr/bin/kube-controllers,"1.26.9, 1.27.2",true,affected,
rancher/mirrored-calico-kube-controllers:v3.32.2,rke2/v1.36-prerelease,stdlib,v1.25.14,gobinary,CVE-2026-97031,HIGH,https://avd.aquasec.com/nvd/cve-2026-97031,usr/bin/wrapper,"1.26.9, 1.27.2",true,affected,
rancher/mirrored-calico-node-driver-registrar:v3.32.2,rke2/v1.36-prerelease,stdlib,v1.25.14,gobinary,CVE-2026-56866,HIGH,https://avd.aquasec.com/nvd/cve-2026-56866,usr/bin/node-driver-registrar,"1.26.9, 1.27.2",true,affected,severity_changed_due_to_suse_cvss_score
rancher/mirrored-calico-node-driver-registrar:v3.32.2,rke2/v1.36-prerelease,stdlib,v1.25.14,gobinary,CVE-2026-78667,HIGH,https://avd.aquasec.com/nvd/cve-2026-78667,usr/bin/node-driver-registrar,"1.26.9, 1.27.2",true,affected,
rancher/mirrored-calico-node-driver-registrar:v3.32.2,rke2/v1.36-prerelease,golang.org/x/net,v0.56.0,gobinary,CVE-2026-78669,HIGH,https://avd.aquasec.com/nvd/cve-2026-78669,usr/bin/node-driver-registrar,0.60.0,true,affected,
rancher/mirrored-calico-node-driver-registrar:v3.32.2,rke2/v1.36-prerelease,stdlib,v1.25.14,gobinary,CVE-2026-78669,HIGH,https://avd.aquasec.com/nvd/cve-2026-78669,usr/bin/node-driver-registrar,"1.26.9, 1.27.2",true,affected,
rancher/mirrored-calico-node-driver-registrar:v3.32.2,rke2/v1.36-prerelease,google.golang.org/grpc,v1.82.1,gobinary,CVE-2026-84304,HIGH,https://avd.aquasec.com/nvd/cve-2026-84304,usr/bin/node-driver-registrar,1.83.1,true,affected,
rancher/mirrored-calico-node-driver-registrar:v3.32.2,rke2/v1.36-prerelease,google.golang.org/grpc,v1.82.1,gobinary,CVE-2026-84445,HIGH,https://avd.aquasec.com/nvd/cve-2026-84445,usr/bin/node-driver-registrar,"1.82.2, 1.83.2, 1.84.0-dev.0.20260825144003-d5a41119e0e3, 1.85.0-dev.0.20260825072537-93e31b48545e",true,affected,
rancher/mirrored-calico-node-driver-registrar:v3.32.2,rke2/v1.36-prerelease,stdlib,v1.25.14,gobinary,CVE-2026-97031,HIGH,https://avd.aquasec.com/nvd/cve-2026-97031,usr/bin/node-driver-registrar,"1.26.9, 1.27.2",true,affected,
rancher/mirrored-calico-node:v3.32.2,rke2/v1.36-prerelease,libpcap,14:1.10.0-4.el9,redhat,CVE-2026-0799,HIGH,https://avd.aquasec.com/nvd/cve-2026-0799,rancher/mirrored-calico-node:v3.32.2 (redhat 9.8),14:1.10.0-4.el9_8.1,true,not_affected,vulnerable_code_not_in_execute_path
rancher/mirrored-calico-node:v3.32.2,rke2/v1.36-prerelease,pcre2,10.40-6.el9,redhat,CVE-2026-103111,HIGH,https://avd.aquasec.com/nvd/cve-2026-103111,rancher/mirrored-calico-node:v3.32.2 (redhat 9.8),,true,not_affected,vulnerable_code_not_in_execute_path
rancher/mirrored-calico-node:v3.32.2,rke2/v1.36-prerelease,pcre2-syntax,10.40-6.el9,redhat,CVE-2026-103111,HIGH,https://avd.aquasec.com/nvd/cve-2026-103111,rancher/mirrored-calico-node:v3.32.2 (redhat 9.8),,true,not_affected,vulnerable_code_not_present
rancher/mirrored-calico-node:v3.32.2,rke2/v1.36-prerelease,openssl-libs,1:3.5.5-6.el9_8,redhat,CVE-2026-14456,HIGH,https://avd.aquasec.com/nvd/cve-2026-14456,rancher/mirrored-calico-node:v3.32.2 (redhat 9.8),1:3.5.8-1.el9_8,true,not_affected,vulnerable_code_not_in_execute_path
rancher/mirrored-calico-node:v3.32.2,rke2/v1.36-prerelease,util-linux,2.37.4-25.el9,redhat,CVE-2026-53613,HIGH,https://avd.aquasec.com/nvd/cve-2026-53613,rancher/mirrored-calico-node:v3.32.2 (redhat 9.8),,true,not_affected,vulnerable_code_not_in_execute_path
rancher/mirrored-calico-node:v3.32.2,rke2/v1.36-prerelease,util-linux-core,2.37.4-25.el9,redhat,CVE-2026-53613,HIGH,https://avd.aquasec.com/nvd/cve-2026-53613,rancher/mirrored-calico-node:v3.32.2 (redhat 9.8),,true,affected,
rancher/mirrored-calico-node:v3.32.2,rke2/v1.36-prerelease,golang.org/x/crypto,v0.55.0,gobinary,CVE-2026-56855,HIGH,https://avd.aquasec.com/nvd/cve-2026-56855,usr/bin/calico-node,0.56.0,true,affected,severity_changed_due_to_suse_cvss_score
rancher/mirrored-calico-node:v3.32.2,rke2/v1.36-prerelease,stdlib,v1.25.14,gobinary,CVE-2026-56866,HIGH,https://avd.aquasec.com/nvd/cve-2026-56866,usr/bin/calico-node,"1.26.9, 1.27.2",true,affected,severity_changed_due_to_suse_cvss_score
rancher/mirrored-calico-node:v3.32.2,rke2/v1.36-prerelease,stdlib,v1.25.14,gobinary,CVE-2026-56866,HIGH,https://avd.aquasec.com/nvd/cve-2026-56866,usr/bin/mountns,"1.26.9, 1.27.2",true,affected,severity_changed_due_to_suse_cvss_score
rancher/mirrored-calico-node:v3.32.2,rke2/v1.36-prerelease,openssl-libs,1:3.5.5-6.el9_8,redhat,CVE-2026-75804,HIGH,https://avd.aquasec.com/nvd/cve-2026-75804,rancher/mirrored-calico-node:v3.32.2 (redhat 9.8),,true,not_affected,vulnerable_code_not_in_execute_path
rancher/mirrored-calico-node:v3.32.2,rke2/v1.36-prerelease,golang.org/x/crypto,v0.55.0,gobinary,CVE-2026-78662,HIGH,https://avd.aquasec.com/nvd/cve-2026-78662,usr/bin/calico-node,0.56.0,true,affected,severity_changed_due_to_suse_cvss_score
rancher/mirrored-calico-node:v3.32.2,rke2/v1.36-prerelease,stdlib,v1.25.14,gobinary,CVE-2026-78667,HIGH,https://avd.aquasec.com/nvd/cve-2026-78667,usr/bin/calico-node,"1.26.9, 1.27.2",true,affected,
rancher/mirrored-calico-node:v3.32.2,rke2/v1.36-prerelease,stdlib,v1.25.14,gobinary,CVE-2026-78667,HIGH,https://avd.aquasec.com/nvd/cve-2026-78667,usr/bin/mountns,"1.26.9, 1.27.2",true,not_affected,vulnerable_code_not_in_execute_path
rancher/mirrored-calico-node:v3.32.2,rke2/v1.36-prerelease,golang.org/x/net,v0.58.0,gobinary,CVE-2026-78669,HIGH,https://avd.aquasec.com/nvd/cve-2026-78669,usr/bin/calico-node,0.60.0,true,affected,
rancher/mirrored-calico-node:v3.32.2,rke2/v1.36-prerelease,stdlib,v1.25.14,gobinary,CVE-2026-78669,HIGH,https://avd.aquasec.com/nvd/cve-2026-78669,usr/bin/calico-node,"1.26.9, 1.27.2",true,affected,
rancher/mirrored-calico-node:v3.32.2,rke2/v1.36-prerelease,stdlib,v1.25.14,gobinary,CVE-2026-78669,HIGH,https://avd.aquasec.com/nvd/cve-2026-78669,usr/bin/mountns,"1.26.9, 1.27.2",true,affected,
rancher/mirrored-calico-node:v3.32.2,rke2/v1.36-prerelease,google.golang.org/grpc,v1.82.1,gobinary,CVE-2026-84304,HIGH,https://avd.aquasec.com/nvd/cve-2026-84304,usr/bin/calico-node,1.83.1,true,affected,
rancher/mirrored-calico-node:v3.32.2,rke2/v1.36-prerelease,google.golang.org/grpc,v1.82.1,gobinary,CVE-2026-84445,HIGH,https://avd.aquasec.com/nvd/cve-2026-84445,usr/bin/calico-node,"1.82.2, 1.83.2, 1.84.0-dev.0.20260825144003-d5a41119e0e3, 1.85.0-dev.0.20260825072537-93e31b48545e",true,affected,
rancher/mirrored-calico-node:v3.32.2,rke2/v1.36-prerelease,openssl-libs,1:3.5.5-6.el9_8,redhat,CVE-2026-84782,HIGH,https://avd.aquasec.com/nvd/cve-2026-84782,rancher/mirrored-calico-node:v3.32.2 (redhat 9.8),1:3.5.8-2.el9_8,true,affected,
rancher/mirrored-calico-node:v3.32.2,rke2/v1.36-prerelease,pcre2,10.40-6.el9,redhat,CVE-2026-86145,HIGH,https://avd.aquasec.com/nvd/cve-2026-86145,rancher/mirrored-calico-node:v3.32.2 (redhat 9.8),,true,not_affected,vulnerable_code_not_in_execute_path
rancher/mirrored-calico-node:v3.32.2,rke2/v1.36-prerelease,pcre2-syntax,10.40-6.el9,redhat,CVE-2026-86145,HIGH,https://avd.aquasec.com/nvd/cve-2026-86145,rancher/mirrored-calico-node:v3.32.2 (redhat 9.8),,true,not_affected,vulnerable_code_not_present
rancher/mirrored-calico-node:v3.32.2,rke2/v1.36-prerelease,pcre2,10.40-6.el9,redhat,CVE-2026-89161,HIGH,https://avd.aquasec.com/nvd/cve-2026-89161,rancher/mirrored-calico-node:v3.32.2 (redhat 9.8),,true,not_affected,vulnerable_code_not_in_execute_path
rancher/mirrored-calico-node:v3.32.2,rke2/v1.36-prerelease,pcre2-syntax,10.40-6.el9,redhat,CVE-2026-89161,HIGH,https://avd.aquasec.com/nvd/cve-2026-89161,rancher/mirrored-calico-node:v3.32.2 (redhat 9.8),,true,not_affected,vulnerable_code_not_present
rancher/mirrored-calico-node:v3.32.2,rke2/v1.36-prerelease,stdlib,v1.25.14,gobinary,CVE-2026-97031,HIGH,https://avd.aquasec.com/nvd/cve-2026-97031,usr/bin/calico-node,"1.26.9, 1.27.2",true,affected,
rancher/mirrored-calico-node:v3.32.2,rke2/v1.36-prerelease,stdlib,v1.25.14,gobinary,CVE-2026-97031,HIGH,https://avd.aquasec.com/nvd/cve-2026-97031,usr/bin/mountns,"1.26.9, 1.27.2",true,affected,
rancher/mirrored-calico-operator:v1.42.6,rke2/v1.36-prerelease,golang.org/x/crypto,v0.55.0,gobinary,CVE-2026-56855,HIGH,https://avd.aquasec.com/nvd/cve-2026-56855,usr/bin/operator,0.56.0,true,affected,severity_changed_due_to_suse_cvss_score
rancher/mirrored-calico-operator:v1.42.6,rke2/v1.36-prerelease,stdlib,v1.26.7,gobinary,CVE-2026-56866,HIGH,https://avd.aquasec.com/nvd/cve-2026-56866,usr/bin/operator,"1.26.9, 1.27.2",true,affected,severity_changed_due_to_suse_cvss_score
rancher/mirrored-calico-operator:v1.42.6,rke2/v1.36-prerelease,golang.org/x/crypto,v0.55.0,gobinary,CVE-2026-78662,HIGH,https://avd.aquasec.com/nvd/cve-2026-78662,usr/bin/operator,0.56.0,true,affected,severity_changed_due_to_suse_cvss_score
rancher/mirrored-calico-operator:v1.42.6,rke2/v1.36-prerelease,stdlib,v1.26.7,gobinary,CVE-2026-78667,HIGH,https://avd.aquasec.com/nvd/cve-2026-78667,usr/bin/operator,"1.26.9, 1.27.2",true,affected,
rancher/mirrored-calico-operator:v1.42.6,rke2/v1.36-prerelease,golang.org/x/net,v0.58.0,gobinary,CVE-2026-78669,HIGH,https://avd.aquasec.com/nvd/cve-2026-78669,usr/bin/operator,0.60.0,true,affected,
rancher/mirrored-calico-operator:v1.42.6,rke2/v1.36-prerelease,stdlib,v1.26.7,gobinary,CVE-2026-78669,HIGH,https://avd.aquasec.com/nvd/cve-2026-78669,usr/bin/operator,"1.26.9, 1.27.2",true,affected,
rancher/mirrored-calico-operator:v1.42.6,rke2/v1.36-prerelease,stdlib,v1.26.7,gobinary,CVE-2026-97031,HIGH,https://avd.aquasec.com/nvd/cve-2026-97031,usr/bin/operator,"1.26.9, 1.27.2",true,affected,
rancher/mirrored-calico-pod2daemon-flexvol:v3.32.2,rke2/v1.36-prerelease,stdlib,v1.25.14,gobinary,CVE-2026-56866,HIGH,https://avd.aquasec.com/nvd/cve-2026-56866,usr/local/bin/flexvol,"1.26.9, 1.27.2",true,affected,severity_changed_due_to_suse_cvss_score
rancher/mirrored-calico-pod2daemon-flexvol:v3.32.2,rke2/v1.36-prerelease,stdlib,v1.25.14,gobinary,CVE-2026-78667,HIGH,https://avd.aquasec.com/nvd/cve-2026-78667,usr/local/bin/flexvol,"1.26.9, 1.27.2",true,affected,
rancher/mirrored-calico-pod2daemon-flexvol:v3.32.2,rke2/v1.36-prerelease,stdlib,v1.25.14,gobinary,CVE-2026-78669,HIGH,https://avd.aquasec.com/nvd/cve-2026-78669,usr/local/bin/flexvol,"1.26.9, 1.27.2",true,affected,
rancher/mirrored-calico-pod2daemon-flexvol:v3.32.2,rke2/v1.36-prerelease,stdlib,v1.25.14,gobinary,CVE-2026-97031,HIGH,https://avd.aquasec.com/nvd/cve-2026-97031,usr/local/bin/flexvol,"1.26.9, 1.27.2",true,affected,
rancher/mirrored-calico-typha:v3.32.2,rke2/v1.36-prerelease,golang.org/x/crypto,v0.55.0,gobinary,CVE-2026-56855,MEDIUM,https://avd.aquasec.com/nvd/cve-2026-56855,usr/bin/calico-typha,0.56.0,true,not_affected,vulnerable_code_not_present
rancher/mirrored-calico-typha:v3.32.2,rke2/v1.36-prerelease,stdlib,v1.25.14,gobinary,CVE-2026-56866,HIGH,https://avd.aquasec.com/nvd/cve-2026-56866,usr/bin/calico-typha,"1.26.9, 1.27.2",true,affected,severity_changed_due_to_suse_cvss_score
rancher/mirrored-calico-typha:v3.32.2,rke2/v1.36-prerelease,golang.org/x/crypto,v0.55.0,gobinary,CVE-2026-78662,MEDIUM,https://avd.aquasec.com/nvd/cve-2026-78662,usr/bin/calico-typha,0.56.0,true,not_affected,vulnerable_code_not_present
rancher/mirrored-calico-typha:v3.32.2,rke2/v1.36-prerelease,stdlib,v1.25.14,gobinary,CVE-2026-78667,HIGH,https://avd.aquasec.com/nvd/cve-2026-78667,usr/bin/calico-typha,"1.26.9, 1.27.2",true,not_affected,vulnerable_code_not_in_execute_path
rancher/mirrored-calico-typha:v3.32.2,rke2/v1.36-prerelease,golang.org/x/net,v0.58.0,gobinary,CVE-2026-78669,HIGH,https://avd.aquasec.com/nvd/cve-2026-78669,usr/bin/calico-typha,0.60.0,true,affected,
rancher/mirrored-calico-typha:v3.32.2,rke2/v1.36-prerelease,stdlib,v1.25.14,gobinary,CVE-2026-78669,HIGH,https://avd.aquasec.com/nvd/cve-2026-78669,usr/bin/calico-typha,"1.26.9, 1.27.2",true,affected,
rancher/mirrored-calico-typha:v3.32.2,rke2/v1.36-prerelease,google.golang.org/grpc,v1.82.1,gobinary,CVE-2026-84303,MEDIUM,https://avd.aquasec.com/nvd/cve-2026-84303,usr/bin/calico-typha,1.83.1,true,not_affected,vulnerable_code_not_present
rancher/mirrored-calico-typha:v3.32.2,rke2/v1.36-prerelease,google.golang.org/grpc,v1.82.1,gobinary,CVE-2026-84304,HIGH,https://avd.aquasec.com/nvd/cve-2026-84304,usr/bin/calico-typha,1.83.1,true,affected,
rancher/mirrored-calico-typha:v3.32.2,rke2/v1.36-prerelease,google.golang.org/grpc,v1.82.1,gobinary,CVE-2026-84445,HIGH,https://avd.aquasec.com/nvd/cve-2026-84445,usr/bin/calico-typha,"1.82.2, 1.83.2, 1.84.0-dev.0.20260825144003-d5a41119e0e3, 1.85.0-dev.0.20260825072537-93e31b48545e",true,affected,
rancher/mirrored-calico-typha:v3.32.2,rke2/v1.36-prerelease,stdlib,v1.25.14,gobinary,CVE-2026-97031,HIGH,https://avd.aquasec.com/nvd/cve-2026-97031,usr/bin/calico-typha,"1.26.9, 1.27.2",true,affected,
rancher/mirrored-calico-whisker-backend:v3.32.2,rke2/v1.36-prerelease,golang.org/x/crypto,v0.55.0,gobinary,CVE-2026-56855,MEDIUM,https://avd.aquasec.com/nvd/cve-2026-56855,whisker-backend,0.56.0,true,not_affected,vulnerable_code_not_present
rancher/mirrored-calico-whisker-backend:v3.32.2,rke2/v1.36-prerelease,stdlib,v1.25.14,gobinary,CVE-2026-56866,HIGH,https://avd.aquasec.com/nvd/cve-2026-56866,whisker-backend,"1.26.9, 1.27.2",true,affected,severity_changed_due_to_suse_cvss_score
rancher/mirrored-calico-whisker-backend:v3.32.2,rke2/v1.36-prerelease,golang.org/x/crypto,v0.55.0,gobinary,CVE-2026-78662,MEDIUM,https://avd.aquasec.com/nvd/cve-2026-78662,whisker-backend,0.56.0,true,not_affected,vulnerable_code_not_present
rancher/mirrored-calico-whisker-backend:v3.32.2,rke2/v1.36-prerelease,stdlib,v1.25.14,gobinary,CVE-2026-78667,HIGH,https://avd.aquasec.com/nvd/cve-2026-78667,whisker-backend,"1.26.9, 1.27.2",true,not_affected,vulnerable_code_not_in_execute_path
rancher/mirrored-calico-whisker-backend:v3.32.2,rke2/v1.36-prerelease,golang.org/x/net,v0.58.0,gobinary,CVE-2026-78669,HIGH,https://avd.aquasec.com/nvd/cve-2026-78669,whisker-backend,0.60.0,true,affected,
rancher/mirrored-calico-whisker-backend:v3.32.2,rke2/v1.36-prerelease,stdlib,v1.25.14,gobinary,CVE-2026-78669,HIGH,https://avd.aquasec.com/nvd/cve-2026-78669,whisker-backend,"1.26.9, 1.27.2",true,affected,
rancher/mirrored-calico-whisker-backend:v3.32.2,rke2/v1.36-prerelease,google.golang.org/grpc,v1.82.1,gobinary,CVE-2026-84303,MEDIUM,https://avd.aquasec.com/nvd/cve-2026-84303,whisker-backend,1.83.1,true,not_affected,vulnerable_code_not_present
rancher/mirrored-calico-whisker-backend:v3.32.2,rke2/v1.36-prerelease,google.golang.org/grpc,v1.82.1,gobinary,CVE-2026-84304,HIGH,https://avd.aquasec.com/nvd/cve-2026-84304,whisker-backend,1.83.1,true,affected,
rancher/mirrored-calico-whisker-backend:v3.32.2,rke2/v1.36-prerelease,google.golang.org/grpc,v1.82.1,gobinary,CVE-2026-84445,HIGH,https://avd.aquasec.com/nvd/cve-2026-84445,whisker-backend,"1.82.2, 1.83.2, 1.84.0-dev.0.20260825144003-d5a41119e0e3, 1.85.0-dev.0.20260825072537-93e31b48545e",true,affected,
rancher/mirrored-calico-whisker-backend:v3.32.2,rke2/v1.36-prerelease,stdlib,v1.25.14,gobinary,CVE-2026-97031,HIGH,https://avd.aquasec.com/nvd/cve-2026-97031,whisker-backend,"1.26.9, 1.27.2",true,affected,
rancher/mirrored-cilium-certgen:v0.4.11,rke2/v1.36-prerelease,golang.org/x/crypto,v0.55.0,gobinary,CVE-2026-56855,HIGH,https://avd.aquasec.com/nvd/cve-2026-56855,usr/bin/cilium-certgen,0.56.0,true,affected,severity_changed_due_to_suse_cvss_score
rancher/mirrored-cilium-certgen:v0.4.11,rke2/v1.36-prerelease,stdlib,v1.26.6,gobinary,CVE-2026-56866,HIGH,https://avd.aquasec.com/nvd/cve-2026-56866,usr/bin/cilium-certgen,"1.26.9, 1.27.2",true,affected,severity_changed_due_to_suse_cvss_score
rancher/mirrored-cilium-certgen:v0.4.11,rke2/v1.36-prerelease,golang.org/x/crypto,v0.55.0,gobinary,CVE-2026-78662,HIGH,https://avd.aquasec.com/nvd/cve-2026-78662,usr/bin/cilium-certgen,0.56.0,true,affected,severity_changed_due_to_suse_cvss_score
rancher/mirrored-cilium-certgen:v0.4.11,rke2/v1.36-prerelease,stdlib,v1.26.6,gobinary,CVE-2026-78667,HIGH,https://avd.aquasec.com/nvd/cve-2026-78667,usr/bin/cilium-certgen,"1.26.9, 1.27.2",true,affected,
rancher/mirrored-cilium-certgen:v0.4.11,rke2/v1.36-prerelease,golang.org/x/net,v0.58.0,gobinary,CVE-2026-78669,HIGH,https://avd.aquasec.com/nvd/cve-2026-78669,usr/bin/cilium-certgen,0.60.0,true,affected,
rancher/mirrored-cilium-certgen:v0.4.11,rke2/v1.36-prerelease,stdlib,v1.26.6,gobinary,CVE-2026-78669,HIGH,https://avd.aquasec.com/nvd/cve-2026-78669,usr/bin/cilium-certgen,"1.26.9, 1.27.2",true,affected,
rancher/mirrored-cilium-certgen:v0.4.11,rke2/v1.36-prerelease,stdlib,v1.26.6,gobinary,CVE-2026-97031,HIGH,https://avd.aquasec.com/nvd/cve-2026-97031,usr/bin/cilium-certgen,"1.26.9, 1.27.2",true,affected,
rancher/mirrored-cilium-cilium-envoy:v1.37.6-1789133542-cbec91f666af0bf742da986d43832932dbb26b82,rke2/v1.36-prerelease,libssl3t64,3.0.13-0ubuntu3.15,ubuntu,CVE-2026-84782,HIGH,https://avd.aquasec.com/nvd/cve-2026-84782,rancher/mirrored-cilium-cilium-envoy:v1.37.6-1789133542-cbec91f666af0bf742da986d43832932dbb26b82 (ubuntu 24.04),3.0.13-0ubuntu3.16,true,affected,
rancher/mirrored-cilium-cilium-envoy:v1.37.6-1789133542-cbec91f666af0bf742da986d43832932dbb26b82,rke2/v1.36-prerelease,openssl,3.0.13-0ubuntu3.15,ubuntu,CVE-2026-84782,HIGH,https://avd.aquasec.com/nvd/cve-2026-84782,rancher/mirrored-cilium-cilium-envoy:v1.37.6-1789133542-cbec91f666af0bf742da986d43832932dbb26b82 (ubuntu 24.04),3.0.13-0ubuntu3.16,true,affected,
rancher/mirrored-cilium-cilium:v1.20.2,rke2/v1.36-prerelease,stdlib,v1.26.5,gobinary,CVE-2026-33818,HIGH,https://avd.aquasec.com/nvd/cve-2026-33818,usr/bin/pebble,"1.25.13, 1.26.6, 1.27.0-rc.3",true,affected,
rancher/mirrored-cilium-cilium:v1.20.2,rke2/v1.36-prerelease,stdlib,v1.26.5,gobinary,CVE-2026-39821,HIGH,https://avd.aquasec.com/nvd/cve-2026-39821,usr/bin/pebble,"1.25.13, 1.26.6, 1.27.0-rc.3",true,affected,
rancher/mirrored-cilium-cilium:v1.20.2,rke2/v1.36-prerelease,github.com/osrg/gobgp/v4,v4.6.1-0.20260630022313-d6dee8360046,gobinary,CVE-2026-49838,MEDIUM,https://avd.aquasec.com/nvd/cve-2026-49838,usr/bin/cilium-agent,4.7.0,true,not_affected,vulnerable_code_not_in_execute_path
rancher/mirrored-cilium-cilium:v1.20.2,rke2/v1.36-prerelease,github.com/osrg/gobgp/v4,v4.6.1-0.20260630022313-d6dee8360046,gobinary,CVE-2026-49838,MEDIUM,https://avd.aquasec.com/nvd/cve-2026-49838,usr/bin/cilium-dbg,4.7.0,true,not_affected,vulnerable_code_not_in_execute_path
rancher/mirrored-cilium-cilium:v1.20.2,rke2/v1.36-prerelease,stdlib,v1.26.5,gobinary,CVE-2026-56853,HIGH,https://avd.aquasec.com/nvd/cve-2026-56853,usr/bin/pebble,"1.25.13, 1.26.6, 1.27.0-rc.3",true,affected,
rancher/mirrored-cilium-cilium:v1.20.2,rke2/v1.36-prerelease,golang.org/x/crypto,v0.53.0,gobinary,CVE-2026-56854,HIGH,https://avd.aquasec.com/nvd/cve-2026-56854,usr/bin/cilium-agent,0.55.0,true,not_affected,vulnerable_code_not_in_execute_path
rancher/mirrored-cilium-cilium:v1.20.2,rke2/v1.36-prerelease,golang.org/x/crypto,v0.53.0,gobinary,CVE-2026-56854,HIGH,https://avd.aquasec.com/nvd/cve-2026-56854,usr/bin/cilium-dbg,0.55.0,true,not_affected,vulnerable_code_not_in_execute_path
rancher/mirrored-cilium-cilium:v1.20.2,rke2/v1.36-prerelease,golang.org/x/crypto,v0.53.0,gobinary,CVE-2026-56855,HIGH,https://avd.aquasec.com/nvd/cve-2026-56855,usr/bin/cilium-agent,0.56.0,true,affected,severity_changed_due_to_suse_cvss_score
rancher/mirrored-cilium-cilium:v1.20.2,rke2/v1.36-prerelease,golang.org/x/crypto,v0.53.0,gobinary,CVE-2026-56855,HIGH,https://avd.aquasec.com/nvd/cve-2026-56855,usr/bin/cilium-dbg,0.56.0,true,affected,severity_changed_due_to_suse_cvss_score
rancher/mirrored-cilium-cilium:v1.20.2,rke2/v1.36-prerelease,stdlib,v1.26.5,gobinary,CVE-2026-56859,HIGH,https://avd.aquasec.com/nvd/cve-2026-56859,usr/bin/pebble,"1.25.13, 1.26.6, 1.27.0-rc.3",true,affected,
rancher/mirrored-cilium-cilium:v1.20.2,rke2/v1.36-prerelease,stdlib,v1.26.5,gobinary,CVE-2026-56862,HIGH,https://avd.aquasec.com/nvd/cve-2026-56862,usr/bin/pebble,"1.25.13, 1.26.6, 1.27.0-rc.3",true,affected,
rancher/mirrored-cilium-cilium:v1.20.2,rke2/v1.36-prerelease,stdlib,v1.26.5,gobinary,CVE-2026-56866,HIGH,https://avd.aquasec.com/nvd/cve-2026-56866,usr/bin/pebble,"1.26.9, 1.27.2",true,affected,severity_changed_due_to_suse_cvss_score
rancher/mirrored-cilium-cilium:v1.20.2,rke2/v1.36-prerelease,stdlib,v1.26.8,gobinary,CVE-2026-56866,HIGH,https://avd.aquasec.com/nvd/cve-2026-56866,cni/loopback,"1.26.9, 1.27.2",true,affected,severity_changed_due_to_suse_cvss_score
rancher/mirrored-cilium-cilium:v1.20.2,rke2/v1.36-prerelease,stdlib,v1.26.8,gobinary,CVE-2026-56866,HIGH,https://avd.aquasec.com/nvd/cve-2026-56866,opt/cni/bin/cilium-cni,"1.26.9, 1.27.2",true,affected,severity_changed_due_to_suse_cvss_score
rancher/mirrored-cilium-cilium:v1.20.2,rke2/v1.36-prerelease,stdlib,v1.26.8,gobinary,CVE-2026-56866,HIGH,https://avd.aquasec.com/nvd/cve-2026-56866,usr/bin/cilium-agent,"1.26.9, 1.27.2",true,affected,severity_changed_due_to_suse_cvss_score
rancher/mirrored-cilium-cilium:v1.20.2,rke2/v1.36-prerelease,stdlib,v1.26.8,gobinary,CVE-2026-56866,HIGH,https://avd.aquasec.com/nvd/cve-2026-56866,usr/bin/cilium-bugtool,"1.26.9, 1.27.2",true,affected,severity_changed_due_to_suse_cvss_score
rancher/mirrored-cilium-cilium:v1.20.2,rke2/v1.36-prerelease,stdlib,v1.26.8,gobinary,CVE-2026-56866,HIGH,https://avd.aquasec.com/nvd/cve-2026-56866,usr/bin/cilium-dbg,"1.26.9, 1.27.2",true,affected,severity_changed_due_to_suse_cvss_score
rancher/mirrored-cilium-cilium:v1.20.2,rke2/v1.36-prerelease,stdlib,v1.26.8,gobinary,CVE-2026-56866,HIGH,https://avd.aquasec.com/nvd/cve-2026-56866,usr/bin/cilium-envoy-bootstrap-locality,"1.26.9, 1.27.2",true,affected,severity_changed_due_to_suse_cvss_score
rancher/mirrored-cilium-cilium:v1.20.2,rke2/v1.36-prerelease,stdlib,v1.26.8,gobinary,CVE-2026-56866,HIGH,https://avd.aquasec.com/nvd/cve-2026-56866,usr/bin/cilium-health,"1.26.9, 1.27.2",true,affected,severity_changed_due_to_suse_cvss_score
rancher/mirrored-cilium-cilium:v1.20.2,rke2/v1.36-prerelease,stdlib,v1.26.8,gobinary,CVE-2026-56866,HIGH,https://avd.aquasec.com/nvd/cve-2026-56866,usr/bin/cilium-health-responder,"1.26.9, 1.27.2",true,affected,severity_changed_due_to_suse_cvss_score
rancher/mirrored-cilium-cilium:v1.20.2,rke2/v1.36-prerelease,stdlib,v1.26.8,gobinary,CVE-2026-56866,HIGH,https://avd.aquasec.com/nvd/cve-2026-56866,usr/bin/cilium-mount,"1.26.9, 1.27.2",true,affected,severity_changed_due_to_suse_cvss_score
rancher/mirrored-cilium-cilium:v1.20.2,rke2/v1.36-prerelease,stdlib,v1.26.8,gobinary,CVE-2026-56866,HIGH,https://avd.aquasec.com/nvd/cve-2026-56866,usr/bin/cilium-sysctlfix,"1.26.9, 1.27.2",true,affected,severity_changed_due_to_suse_cvss_score
rancher/mirrored-cilium-cilium:v1.20.2,rke2/v1.36-prerelease,stdlib,v1.26.8,gobinary,CVE-2026-56866,HIGH,https://avd.aquasec.com/nvd/cve-2026-56866,usr/bin/gops,"1.26.9, 1.27.2",true,affected,severity_changed_due_to_suse_cvss_score
rancher/mirrored-cilium-cilium:v1.20.2,rke2/v1.36-prerelease,stdlib,v1.26.8,gobinary,CVE-2026-56866,HIGH,https://avd.aquasec.com/nvd/cve-2026-56866,usr/bin/hubble,"1.26.9, 1.27.2",true,affected,severity_changed_due_to_suse_cvss_score
rancher/mirrored-cilium-cilium:v1.20.2,rke2/v1.36-prerelease,stdlib,v1.26.8,gobinary,CVE-2026-56866,HIGH,https://avd.aquasec.com/nvd/cve-2026-56866,usr/sbin/iptables-wrapper,"1.26.9, 1.27.2",true,affected,severity_changed_due_to_suse_cvss_score
rancher/mirrored-cilium-cilium:v1.20.2,rke2/v1.36-prerelease,golang.org/x/crypto,v0.53.0,gobinary,CVE-2026-78662,HIGH,https://avd.aquasec.com/nvd/cve-2026-78662,usr/bin/cilium-agent,0.56.0,true,affected,severity_changed_due_to_suse_cvss_score
rancher/mirrored-cilium-cilium:v1.20.2,rke2/v1.36-prerelease,golang.org/x/crypto,v0.53.0,gobinary,CVE-2026-78662,HIGH,https://avd.aquasec.com/nvd/cve-2026-78662,usr/bin/cilium-dbg,0.56.0,true,affected,severity_changed_due_to_suse_cvss_score
rancher/mirrored-cilium-cilium:v1.20.2,rke2/v1.36-prerelease,stdlib,v1.26.5,gobinary,CVE-2026-78667,HIGH,https://avd.aquasec.com/nvd/cve-2026-78667,usr/bin/pebble,"1.26.9, 1.27.2",true,affected,
rancher/mirrored-cilium-cilium:v1.20.2,rke2/v1.36-prerelease,stdlib,v1.26.8,gobinary,CVE-2026-78667,HIGH,https://avd.aquasec.com/nvd/cve-2026-78667,cni/loopback,"1.26.9, 1.27.2",true,affected,
rancher/mirrored-cilium-cilium:v1.20.2,rke2/v1.36-prerelease,stdlib,v1.26.8,gobinary,CVE-2026-78667,HIGH,https://avd.aquasec.com/nvd/cve-2026-78667,opt/cni/bin/cilium-cni,"1.26.9, 1.27.2",true,not_affected,vulnerable_code_not_in_execute_path
rancher/mirrored-cilium-cilium:v1.20.2,rke2/v1.36-prerelease,stdlib,v1.26.8,gobinary,CVE-2026-78667,HIGH,https://avd.aquasec.com/nvd/cve-2026-78667,usr/bin/cilium-agent,"1.26.9, 1.27.2",true,not_affected,vulnerable_code_not_in_execute_path
rancher/mirrored-cilium-cilium:v1.20.2,rke2/v1.36-prerelease,stdlib,v1.26.8,gobinary,CVE-2026-78667,HIGH,https://avd.aquasec.com/nvd/cve-2026-78667,usr/bin/cilium-bugtool,"1.26.9, 1.27.2",true,not_affected,vulnerable_code_not_in_execute_path
rancher/mirrored-cilium-cilium:v1.20.2,rke2/v1.36-prerelease,stdlib,v1.26.8,gobinary,CVE-2026-78667,HIGH,https://avd.aquasec.com/nvd/cve-2026-78667,usr/bin/cilium-dbg,"1.26.9, 1.27.2",true,not_affected,vulnerable_code_not_in_execute_path
rancher/mirrored-cilium-cilium:v1.20.2,rke2/v1.36-prerelease,stdlib,v1.26.8,gobinary,CVE-2026-78667,HIGH,https://avd.aquasec.com/nvd/cve-2026-78667,usr/bin/cilium-envoy-bootstrap-locality,"1.26.9, 1.27.2",true,not_affected,vulnerable_code_not_in_execute_path
rancher/mirrored-cilium-cilium:v1.20.2,rke2/v1.36-prerelease,stdlib,v1.26.8,gobinary,CVE-2026-78667,HIGH,https://avd.aquasec.com/nvd/cve-2026-78667,usr/bin/cilium-health,"1.26.9, 1.27.2",true,not_affected,vulnerable_code_not_in_execute_path
rancher/mirrored-cilium-cilium:v1.20.2,rke2/v1.36-prerelease,stdlib,v1.26.8,gobinary,CVE-2026-78667,HIGH,https://avd.aquasec.com/nvd/cve-2026-78667,usr/bin/cilium-health-responder,"1.26.9, 1.27.2",true,not_affected,vulnerable_code_not_in_execute_path
rancher/mirrored-cilium-cilium:v1.20.2,rke2/v1.36-prerelease,stdlib,v1.26.8,gobinary,CVE-2026-78667,HIGH,https://avd.aquasec.com/nvd/cve-2026-78667,usr/bin/cilium-mount,"1.26.9, 1.27.2",true,not_affected,vulnerable_code_not_in_execute_path
rancher/mirrored-cilium-cilium:v1.20.2,rke2/v1.36-prerelease,stdlib,v1.26.8,gobinary,CVE-2026-78667,HIGH,https://avd.aquasec.com/nvd/cve-2026-78667,usr/bin/cilium-sysctlfix,"1.26.9, 1.27.2",true,not_affected,vulnerable_code_not_in_execute_path
rancher/mirrored-cilium-cilium:v1.20.2,rke2/v1.36-prerelease,stdlib,v1.26.8,gobinary,CVE-2026-78667,HIGH,https://avd.aquasec.com/nvd/cve-2026-78667,usr/bin/gops,"1.26.9, 1.27.2",true,affected,
rancher/mirrored-cilium-cilium:v1.20.2,rke2/v1.36-prerelease,stdlib,v1.26.8,gobinary,CVE-2026-78667,HIGH,https://avd.aquasec.com/nvd/cve-2026-78667,usr/bin/hubble,"1.26.9, 1.27.2",true,not_affected,vulnerable_code_not_in_execute_path
rancher/mirrored-cilium-cilium:v1.20.2,rke2/v1.36-prerelease,stdlib,v1.26.8,gobinary,CVE-2026-78667,HIGH,https://avd.aquasec.com/nvd/cve-2026-78667,usr/sbin/iptables-wrapper,"1.26.9, 1.27.2",true,affected,
rancher/mirrored-cilium-cilium:v1.20.2,rke2/v1.36-prerelease,golang.org/x/net,v0.56.0,gobinary,CVE-2026-78669,HIGH,https://avd.aquasec.com/nvd/cve-2026-78669,opt/cni/bin/cilium-cni,0.60.0,true,affected,
rancher/mirrored-cilium-cilium:v1.20.2,rke2/v1.36-prerelease,golang.org/x/net,v0.56.0,gobinary,CVE-2026-78669,HIGH,https://avd.aquasec.com/nvd/cve-2026-78669,usr/bin/cilium-agent,0.60.0,true,affected,
rancher/mirrored-cilium-cilium:v1.20.2,rke2/v1.36-prerelease,golang.org/x/net,v0.56.0,gobinary,CVE-2026-78669,HIGH,https://avd.aquasec.com/nvd/cve-2026-78669,usr/bin/cilium-bugtool,0.60.0,true,affected,
rancher/mirrored-cilium-cilium:v1.20.2,rke2/v1.36-prerelease,golang.org/x/net,v0.56.0,gobinary,CVE-2026-78669,HIGH,https://avd.aquasec.com/nvd/cve-2026-78669,usr/bin/cilium-dbg,0.60.0,true,affected,
rancher/mirrored-cilium-cilium:v1.20.2,rke2/v1.36-prerelease,golang.org/x/net,v0.56.0,gobinary,CVE-2026-78669,HIGH,https://avd.aquasec.com/nvd/cve-2026-78669,usr/bin/cilium-envoy-bootstrap-locality,0.60.0,true,affected,
rancher/mirrored-cilium-cilium:v1.20.2,rke2/v1.36-prerelease,golang.org/x/net,v0.56.0,gobinary,CVE-2026-78669,HIGH,https://avd.aquasec.com/nvd/cve-2026-78669,usr/bin/cilium-health,0.60.0,true,affected,
rancher/mirrored-cilium-cilium:v1.20.2,rke2/v1.36-prerelease,golang.org/x/net,v0.56.0,gobinary,CVE-2026-78669,HIGH,https://avd.aquasec.com/nvd/cve-2026-78669,usr/bin/cilium-mount,0.60.0,true,affected,
rancher/mirrored-cilium-cilium:v1.20.2,rke2/v1.36-prerelease,golang.org/x/net,v0.56.0,gobinary,CVE-2026-78669,HIGH,https://avd.aquasec.com/nvd/cve-2026-78669,usr/bin/hubble,0.60.0,true,affected,
rancher/mirrored-cilium-cilium:v1.20.2,rke2/v1.36-prerelease,stdlib,v1.26.5,gobinary,CVE-2026-78669,HIGH,https://avd.aquasec.com/nvd/cve-2026-78669,usr/bin/pebble,"1.26.9, 1.27.2",true,affected,
rancher/mirrored-cilium-cilium:v1.20.2,rke2/v1.36-prerelease,stdlib,v1.26.8,gobinary,CVE-2026-78669,HIGH,https://avd.aquasec.com/nvd/cve-2026-78669,cni/loopback,"1.26.9, 1.27.2",true,affected,
rancher/mirrored-cilium-cilium:v1.20.2,rke2/v1.36-prerelease,stdlib,v1.26.8,gobinary,CVE-2026-78669,HIGH,https://avd.aquasec.com/nvd/cve-2026-78669,opt/cni/bin/cilium-cni,"1.26.9, 1.27.2",true,affected,
rancher/mirrored-cilium-cilium:v1.20.2,rke2/v1.36-prerelease,stdlib,v1.26.8,gobinary,CVE-2026-78669,HIGH,https://avd.aquasec.com/nvd/cve-2026-78669,usr/bin/cilium-agent,"1.26.9, 1.27.2",true,affected,
rancher/mirrored-cilium-cilium:v1.20.2,rke2/v1.36-prerelease,stdlib,v1.26.8,gobinary,CVE-2026-78669,HIGH,https://avd.aquasec.com/nvd/cve-2026-78669,usr/bin/cilium-bugtool,"1.26.9, 1.27.2",true,affected,
rancher/mirrored-cilium-cilium:v1.20.2,rke2/v1.36-prerelease,stdlib,v1.26.8,gobinary,CVE-2026-78669,HIGH,https://avd.aquasec.com/nvd/cve-2026-78669,usr/bin/cilium-dbg,"1.26.9, 1.27.2",true,affected,
rancher/mirrored-cilium-cilium:v1.20.2,rke2/v1.36-prerelease,stdlib,v1.26.8,gobinary,CVE-2026-78669,HIGH,https://avd.aquasec.com/nvd/cve-2026-78669,usr/bin/cilium-envoy-bootstrap-locality,"1.26.9, 1.27.2",true,affected,
rancher/mirrored-cilium-cilium:v1.20.2,rke2/v1.36-prerelease,stdlib,v1.26.8,gobinary,CVE-2026-78669,HIGH,https://avd.aquasec.com/nvd/cve-2026-78669,usr/bin/cilium-health,"1.26.9, 1.27.2",true,affected,
rancher/mirrored-cilium-cilium:v1.20.2,rke2/v1.36-prerelease,stdlib,v1.26.8,gobinary,CVE-2026-78669,HIGH,https://avd.aquasec.com/nvd/cve-2026-78669,usr/bin/cilium-health-responder,"1.26.9, 1.27.2",true,affected,
rancher/mirrored-cilium-cilium:v1.20.2,rke2/v1.36-prerelease,stdlib,v1.26.8,gobinary,CVE-2026-78669,HIGH,https://avd.aquasec.com/nvd/cve-2026-78669,usr/bin/cilium-mount,"1.26.9, 1.27.2",true,affected,
rancher/mirrored-cilium-cilium:v1.20.2,rke2/v1.36-prerelease,stdlib,v1.26.8,gobinary,CVE-2026-78669,HIGH,https://avd.aquasec.com/nvd/cve-2026-78669,usr/bin/cilium-sysctlfix,"1.26.9, 1.27.2",true,affected,
rancher/mirrored-cilium-cilium:v1.20.2,rke2/v1.36-prerelease,stdlib,v1.26.8,gobinary,CVE-2026-78669,HIGH,https://avd.aquasec.com/nvd/cve-2026-78669,usr/bin/gops,"1.26.9, 1.27.2",true,affected,
rancher/mirrored-cilium-cilium:v1.20.2,rke2/v1.36-prerelease,stdlib,v1.26.8,gobinary,CVE-2026-78669,HIGH,https://avd.aquasec.com/nvd/cve-2026-78669,usr/bin/hubble,"1.26.9, 1.27.2",true,affected,
rancher/mirrored-cilium-cilium:v1.20.2,rke2/v1.36-prerelease,stdlib,v1.26.8,gobinary,CVE-2026-78669,HIGH,https://avd.aquasec.com/nvd/cve-2026-78669,usr/sbin/iptables-wrapper,"1.26.9, 1.27.2",true,affected,
rancher/mirrored-cilium-cilium:v1.20.2,rke2/v1.36-prerelease,google.golang.org/grpc,v1.83.1,gobinary,CVE-2026-84445,HIGH,https://avd.aquasec.com/nvd/cve-2026-84445,usr/bin/cilium-agent,"1.82.2, 1.83.2, 1.84.0-dev.0.20260825144003-d5a41119e0e3, 1.85.0-dev.0.20260825072537-93e31b48545e",true,affected,
rancher/mirrored-cilium-cilium:v1.20.2,rke2/v1.36-prerelease,google.golang.org/grpc,v1.83.1,gobinary,CVE-2026-84445,HIGH,https://avd.aquasec.com/nvd/cve-2026-84445,usr/bin/cilium-dbg,"1.82.2, 1.83.2, 1.84.0-dev.0.20260825144003-d5a41119e0e3, 1.85.0-dev.0.20260825072537-93e31b48545e",true,affected,
rancher/mirrored-cilium-cilium:v1.20.2,rke2/v1.36-prerelease,google.golang.org/grpc,v1.83.1,gobinary,CVE-2026-84445,HIGH,https://avd.aquasec.com/nvd/cve-2026-84445,usr/bin/hubble,"1.82.2, 1.83.2, 1.84.0-dev.0.20260825144003-d5a41119e0e3, 1.85.0-dev.0.20260825072537-93e31b48545e",true,affected,
rancher/mirrored-cilium-cilium:v1.20.2,rke2/v1.36-prerelease,libssl3t64,3.5.5-1ubuntu3.5,ubuntu,CVE-2026-84782,HIGH,https://avd.aquasec.com/nvd/cve-2026-84782,rancher/mirrored-cilium-cilium:v1.20.2 (ubuntu 26.04),3.5.5-1ubuntu3.6,true,affected,
rancher/mirrored-cilium-cilium:v1.20.2,rke2/v1.36-prerelease,openssl,3.5.5-1ubuntu3.5,ubuntu,CVE-2026-84782,HIGH,https://avd.aquasec.com/nvd/cve-2026-84782,rancher/mirrored-cilium-cilium:v1.20.2 (ubuntu 26.04),3.5.5-1ubuntu3.6,true,affected,
rancher/mirrored-cilium-cilium:v1.20.2,rke2/v1.36-prerelease,openssl-provider-legacy,3.5.5-1ubuntu3.5,ubuntu,CVE-2026-84782,HIGH,https://avd.aquasec.com/nvd/cve-2026-84782,rancher/mirrored-cilium-cilium:v1.20.2 (ubuntu 26.04),3.5.5-1ubuntu3.6,true,affected,
rancher/mirrored-cilium-cilium:v1.20.2,rke2/v1.36-prerelease,stdlib,v1.26.5,gobinary,CVE-2026-97031,HIGH,https://avd.aquasec.com/nvd/cve-2026-97031,usr/bin/pebble,"1.26.9, 1.27.2",true,affected,
rancher/mirrored-cilium-cilium:v1.20.2,rke2/v1.36-prerelease,stdlib,v1.26.8,gobinary,CVE-2026-97031,HIGH,https://avd.aquasec.com/nvd/cve-2026-97031,cni/loopback,"1.26.9, 1.27.2",true,affected,
rancher/mirrored-cilium-cilium:v1.20.2,rke2/v1.36-prerelease,stdlib,v1.26.8,gobinary,CVE-2026-97031,HIGH,https://avd.aquasec.com/nvd/cve-2026-97031,opt/cni/bin/cilium-cni,"1.26.9, 1.27.2",true,affected,
rancher/mirrored-cilium-cilium:v1.20.2,rke2/v1.36-prerelease,stdlib,v1.26.8,gobinary,CVE-2026-97031,HIGH,https://avd.aquasec.com/nvd/cve-2026-97031,usr/bin/cilium-agent,"1.26.9, 1.27.2",true,affected,
rancher/mirrored-cilium-cilium:v1.20.2,rke2/v1.36-prerelease,stdlib,v1.26.8,gobinary,CVE-2026-97031,HIGH,https://avd.aquasec.com/nvd/cve-2026-97031,usr/bin/cilium-bugtool,"1.26.9, 1.27.2",true,affected,
rancher/mirrored-cilium-cilium:v1.20.2,rke2/v1.36-prerelease,stdlib,v1.26.8,gobinary,CVE-2026-97031,HIGH,https://avd.aquasec.com/nvd/cve-2026-97031,usr/bin/cilium-dbg,"1.26.9, 1.27.2",true,affected,
rancher/mirrored-cilium-cilium:v1.20.2,rke2/v1.36-prerelease,stdlib,v1.26.8,gobinary,CVE-2026-97031,HIGH,https://avd.aquasec.com/nvd/cve-2026-97031,usr/bin/cilium-envoy-bootstrap-locality,"1.26.9, 1.27.2",true,affected,
rancher/mirrored-cilium-cilium:v1.20.2,rke2/v1.36-prerelease,stdlib,v1.26.8,gobinary,CVE-2026-97031,HIGH,https://avd.aquasec.com/nvd/cve-2026-97031,usr/bin/cilium-health,"1.26.9, 1.27.2",true,affected,
rancher/mirrored-cilium-cilium:v1.20.2,rke2/v1.36-prerelease,stdlib,v1.26.8,gobinary,CVE-2026-97031,HIGH,https://avd.aquasec.com/nvd/cve-2026-97031,usr/bin/cilium-health-responder,"1.26.9, 1.27.2",true,affected,
rancher/mirrored-cilium-cilium:v1.20.2,rke2/v1.36-prerelease,stdlib,v1.26.8,gobinary,CVE-2026-97031,HIGH,https://avd.aquasec.com/nvd/cve-2026-97031,usr/bin/cilium-mount,"1.26.9, 1.27.2",true,affected,
rancher/mirrored-cilium-cilium:v1.20.2,rke2/v1.36-prerelease,stdlib,v1.26.8,gobinary,CVE-2026-97031,HIGH,https://avd.aquasec.com/nvd/cve-2026-97031,usr/bin/cilium-sysctlfix,"1.26.9, 1.27.2",true,affected,
rancher/mirrored-cilium-cilium:v1.20.2,rke2/v1.36-prerelease,stdlib,v1.26.8,gobinary,CVE-2026-97031,HIGH,https://avd.aquasec.com/nvd/cve-2026-97031,usr/bin/gops,"1.26.9, 1.27.2",true,affected,
rancher/mirrored-cilium-cilium:v1.20.2,rke2/v1.36-prerelease,stdlib,v1.26.8,gobinary,CVE-2026-97031,HIGH,https://avd.aquasec.com/nvd/cve-2026-97031,usr/bin/hubble,"1.26.9, 1.27.2",true,affected,
rancher/mirrored-cilium-cilium:v1.20.2,rke2/v1.36-prerelease,stdlib,v1.26.8,gobinary,CVE-2026-97031,HIGH,https://avd.aquasec.com/nvd/cve-2026-97031,usr/sbin/iptables-wrapper,"1.26.9, 1.27.2",true,affected,
rancher/mirrored-cilium-clustermesh-apiserver:v1.20.2,rke2/v1.36-prerelease,stdlib,v1.26.5,gobinary,CVE-2026-33818,HIGH,https://avd.aquasec.com/nvd/cve-2026-33818,usr/bin/etcd,"1.25.13, 1.26.6, 1.27.0-rc.3",true,affected,
rancher/mirrored-cilium-clustermesh-apiserver:v1.20.2,rke2/v1.36-prerelease,stdlib,v1.26.5,gobinary,CVE-2026-39821,HIGH,https://avd.aquasec.com/nvd/cve-2026-39821,usr/bin/etcd,"1.25.13, 1.26.6, 1.27.0-rc.3",true,affected,
rancher/mirrored-cilium-clustermesh-apiserver:v1.20.2,rke2/v1.36-prerelease,golang.org/x/net,v0.55.0,gobinary,CVE-2026-46600,HIGH,https://avd.aquasec.com/nvd/cve-2026-46600,usr/bin/etcd,0.56.0,true,not_affected,vulnerable_code_not_present
rancher/mirrored-cilium-clustermesh-apiserver:v1.20.2,rke2/v1.36-prerelease,stdlib,v1.26.5,gobinary,CVE-2026-46600,HIGH,https://avd.aquasec.com/nvd/cve-2026-46600,usr/bin/etcd,"1.26.6, 1.27.0-rc.3",true,not_affected,vulnerable_code_not_in_execute_path
rancher/mirrored-cilium-clustermesh-apiserver:v1.20.2,rke2/v1.36-prerelease,golang.org/x/text,v0.37.0,gobinary,CVE-2026-56852,HIGH,https://avd.aquasec.com/nvd/cve-2026-56852,usr/bin/etcd,0.39.0,true,not_affected,vulnerable_code_not_in_execute_path
rancher/mirrored-cilium-clustermesh-apiserver:v1.20.2,rke2/v1.36-prerelease,stdlib,v1.26.5,gobinary,CVE-2026-56853,HIGH,https://avd.aquasec.com/nvd/cve-2026-56853,usr/bin/etcd,"1.25.13, 1.26.6, 1.27.0-rc.3",true,affected,
rancher/mirrored-cilium-clustermesh-apiserver:v1.20.2,rke2/v1.36-prerelease,golang.org/x/crypto,v0.52.0,gobinary,CVE-2026-56854,HIGH,https://avd.aquasec.com/nvd/cve-2026-56854,usr/bin/etcd,0.55.0,true,not_affected,vulnerable_code_not_present
rancher/mirrored-cilium-clustermesh-apiserver:v1.20.2,rke2/v1.36-prerelease,golang.org/x/crypto,v0.52.0,gobinary,CVE-2026-56855,MEDIUM,https://avd.aquasec.com/nvd/cve-2026-56855,usr/bin/etcd,0.56.0,true,not_affected,vulnerable_code_not_present
rancher/mirrored-cilium-clustermesh-apiserver:v1.20.2,rke2/v1.36-prerelease,stdlib,v1.26.5,gobinary,CVE-2026-56859,HIGH,https://avd.aquasec.com/nvd/cve-2026-56859,usr/bin/etcd,"1.25.13, 1.26.6, 1.27.0-rc.3",true,not_affected,vulnerable_code_not_present
rancher/mirrored-cilium-clustermesh-apiserver:v1.20.2,rke2/v1.36-prerelease,stdlib,v1.26.5,gobinary,CVE-2026-56862,HIGH,https://avd.aquasec.com/nvd/cve-2026-56862,usr/bin/etcd,"1.25.13, 1.26.6, 1.27.0-rc.3",true,affected,
rancher/mirrored-cilium-clustermesh-apiserver:v1.20.2,rke2/v1.36-prerelease,stdlib,v1.26.5,gobinary,CVE-2026-56866,HIGH,https://avd.aquasec.com/nvd/cve-2026-56866,usr/bin/etcd,"1.26.9, 1.27.2",true,affected,severity_changed_due_to_suse_cvss_score
rancher/mirrored-cilium-clustermesh-apiserver:v1.20.2,rke2/v1.36-prerelease,stdlib,v1.26.8,gobinary,CVE-2026-56866,HIGH,https://avd.aquasec.com/nvd/cve-2026-56866,usr/bin/clustermesh-apiserver,"1.26.9, 1.27.2",true,affected,severity_changed_due_to_suse_cvss_score
rancher/mirrored-cilium-clustermesh-apiserver:v1.20.2,rke2/v1.36-prerelease,stdlib,v1.26.8,gobinary,CVE-2026-56866,HIGH,https://avd.aquasec.com/nvd/cve-2026-56866,usr/bin/gops,"1.26.9, 1.27.2",true,affected,severity_changed_due_to_suse_cvss_score
rancher/mirrored-cilium-clustermesh-apiserver:v1.20.2,rke2/v1.36-prerelease,golang.org/x/crypto,v0.52.0,gobinary,CVE-2026-78662,MEDIUM,https://avd.aquasec.com/nvd/cve-2026-78662,usr/bin/etcd,0.56.0,true,not_affected,vulnerable_code_not_present
rancher/mirrored-cilium-clustermesh-apiserver:v1.20.2,rke2/v1.36-prerelease,stdlib,v1.26.5,gobinary,CVE-2026-78667,HIGH,https://avd.aquasec.com/nvd/cve-2026-78667,usr/bin/etcd,"1.26.9, 1.27.2",true,not_affected,vulnerable_code_not_in_execute_path
rancher/mirrored-cilium-clustermesh-apiserver:v1.20.2,rke2/v1.36-prerelease,stdlib,v1.26.8,gobinary,CVE-2026-78667,HIGH,https://avd.aquasec.com/nvd/cve-2026-78667,usr/bin/clustermesh-apiserver,"1.26.9, 1.27.2",true,not_affected,vulnerable_code_not_in_execute_path
rancher/mirrored-cilium-clustermesh-apiserver:v1.20.2,rke2/v1.36-prerelease,stdlib,v1.26.8,gobinary,CVE-2026-78667,HIGH,https://avd.aquasec.com/nvd/cve-2026-78667,usr/bin/gops,"1.26.9, 1.27.2",true,affected,
rancher/mirrored-cilium-clustermesh-apiserver:v1.20.2,rke2/v1.36-prerelease,golang.org/x/net,v0.55.0,gobinary,CVE-2026-78669,HIGH,https://avd.aquasec.com/nvd/cve-2026-78669,usr/bin/etcd,0.60.0,true,affected,
rancher/mirrored-cilium-clustermesh-apiserver:v1.20.2,rke2/v1.36-prerelease,golang.org/x/net,v0.56.0,gobinary,CVE-2026-78669,HIGH,https://avd.aquasec.com/nvd/cve-2026-78669,usr/bin/clustermesh-apiserver,0.60.0,true,affected,
rancher/mirrored-cilium-clustermesh-apiserver:v1.20.2,rke2/v1.36-prerelease,stdlib,v1.26.5,gobinary,CVE-2026-78669,HIGH,https://avd.aquasec.com/nvd/cve-2026-78669,usr/bin/etcd,"1.26.9, 1.27.2",true,affected,
rancher/mirrored-cilium-clustermesh-apiserver:v1.20.2,rke2/v1.36-prerelease,stdlib,v1.26.8,gobinary,CVE-2026-78669,HIGH,https://avd.aquasec.com/nvd/cve-2026-78669,usr/bin/clustermesh-apiserver,"1.26.9, 1.27.2",true,affected,
rancher/mirrored-cilium-clustermesh-apiserver:v1.20.2,rke2/v1.36-prerelease,stdlib,v1.26.8,gobinary,CVE-2026-78669,HIGH,https://avd.aquasec.com/nvd/cve-2026-78669,usr/bin/gops,"1.26.9, 1.27.2",true,affected,
rancher/mirrored-cilium-clustermesh-apiserver:v1.20.2,rke2/v1.36-prerelease,google.golang.org/grpc,v1.82.1,gobinary,CVE-2026-84303,MEDIUM,https://avd.aquasec.com/nvd/cve-2026-84303,usr/bin/etcd,1.83.1,true,not_affected,vulnerable_code_not_present
rancher/mirrored-cilium-clustermesh-apiserver:v1.20.2,rke2/v1.36-prerelease,google.golang.org/grpc,v1.82.1,gobinary,CVE-2026-84304,HIGH,https://avd.aquasec.com/nvd/cve-2026-84304,usr/bin/etcd,1.83.1,true,affected,
rancher/mirrored-cilium-clustermesh-apiserver:v1.20.2,rke2/v1.36-prerelease,google.golang.org/grpc,v1.82.1,gobinary,CVE-2026-84445,HIGH,https://avd.aquasec.com/nvd/cve-2026-84445,usr/bin/etcd,"1.82.2, 1.83.2, 1.84.0-dev.0.20260825144003-d5a41119e0e3, 1.85.0-dev.0.20260825072537-93e31b48545e",true,affected,
rancher/mirrored-cilium-clustermesh-apiserver:v1.20.2,rke2/v1.36-prerelease,google.golang.org/grpc,v1.83.1,gobinary,CVE-2026-84445,HIGH,https://avd.aquasec.com/nvd/cve-2026-84445,usr/bin/clustermesh-apiserver,"1.82.2, 1.83.2, 1.84.0-dev.0.20260825144003-d5a41119e0e3, 1.85.0-dev.0.20260825072537-93e31b48545e",true,affected,
rancher/mirrored-cilium-clustermesh-apiserver:v1.20.2,rke2/v1.36-prerelease,stdlib,v1.26.5,gobinary,CVE-2026-97031,HIGH,https://avd.aquasec.com/nvd/cve-2026-97031,usr/bin/etcd,"1.26.9, 1.27.2",true,affected,
rancher/mirrored-cilium-clustermesh-apiserver:v1.20.2,rke2/v1.36-prerelease,stdlib,v1.26.8,gobinary,CVE-2026-97031,HIGH,https://avd.aquasec.com/nvd/cve-2026-97031,usr/bin/clustermesh-apiserver,"1.26.9, 1.27.2",true,affected,
rancher/mirrored-cilium-clustermesh-apiserver:v1.20.2,rke2/v1.36-prerelease,stdlib,v1.26.8,gobinary,CVE-2026-97031,HIGH,https://avd.aquasec.com/nvd/cve-2026-97031,usr/bin/gops,"1.26.9, 1.27.2",true,affected,
rancher/mirrored-cilium-hubble-relay:v1.20.2,rke2/v1.36-prerelease,stdlib,v1.26.8,gobinary,CVE-2026-56866,HIGH,https://avd.aquasec.com/nvd/cve-2026-56866,usr/bin/gops,"1.26.9, 1.27.2",true,affected,severity_changed_due_to_suse_cvss_score
rancher/mirrored-cilium-hubble-relay:v1.20.2,rke2/v1.36-prerelease,stdlib,v1.26.8,gobinary,CVE-2026-56866,HIGH,https://avd.aquasec.com/nvd/cve-2026-56866,usr/bin/hubble-relay,"1.26.9, 1.27.2",true,affected,severity_changed_due_to_suse_cvss_score
rancher/mirrored-cilium-hubble-relay:v1.20.2,rke2/v1.36-prerelease,stdlib,v1.26.8,gobinary,CVE-2026-78667,HIGH,https://avd.aquasec.com/nvd/cve-2026-78667,usr/bin/gops,"1.26.9, 1.27.2",true,affected,
rancher/mirrored-cilium-hubble-relay:v1.20.2,rke2/v1.36-prerelease,stdlib,v1.26.8,gobinary,CVE-2026-78667,HIGH,https://avd.aquasec.com/nvd/cve-2026-78667,usr/bin/hubble-relay,"1.26.9, 1.27.2",true,not_affected,vulnerable_code_not_in_execute_path
rancher/mirrored-cilium-hubble-relay:v1.20.2,rke2/v1.36-prerelease,golang.org/x/net,v0.56.0,gobinary,CVE-2026-78669,HIGH,https://avd.aquasec.com/nvd/cve-2026-78669,usr/bin/hubble-relay,0.60.0,true,affected,
rancher/mirrored-cilium-hubble-relay:v1.20.2,rke2/v1.36-prerelease,stdlib,v1.26.8,gobinary,CVE-2026-78669,HIGH,https://avd.aquasec.com/nvd/cve-2026-78669,usr/bin/gops,"1.26.9, 1.27.2",true,affected,
rancher/mirrored-cilium-hubble-relay:v1.20.2,rke2/v1.36-prerelease,stdlib,v1.26.8,gobinary,CVE-2026-78669,HIGH,https://avd.aquasec.com/nvd/cve-2026-78669,usr/bin/hubble-relay,"1.26.9, 1.27.2",true,affected,
rancher/mirrored-cilium-hubble-relay:v1.20.2,rke2/v1.36-prerelease,google.golang.org/grpc,v1.83.1,gobinary,CVE-2026-84445,HIGH,https://avd.aquasec.com/nvd/cve-2026-84445,usr/bin/hubble-relay,"1.82.2, 1.83.2, 1.84.0-dev.0.20260825144003-d5a41119e0e3, 1.85.0-dev.0.20260825072537-93e31b48545e",true,affected,
rancher/mirrored-cilium-hubble-relay:v1.20.2,rke2/v1.36-prerelease,stdlib,v1.26.8,gobinary,CVE-2026-97031,HIGH,https://avd.aquasec.com/nvd/cve-2026-97031,usr/bin/gops,"1.26.9, 1.27.2",true,affected,
rancher/mirrored-cilium-hubble-relay:v1.20.2,rke2/v1.36-prerelease,stdlib,v1.26.8,gobinary,CVE-2026-97031,HIGH,https://avd.aquasec.com/nvd/cve-2026-97031,usr/bin/hubble-relay,"1.26.9, 1.27.2",true,affected,
rancher/mirrored-cilium-hubble-ui-backend:v0.13.6,rke2/v1.36-prerelease,stdlib,v1.27.1,gobinary,CVE-2026-56866,HIGH,https://avd.aquasec.com/nvd/cve-2026-56866,usr/bin/backend,"1.26.9, 1.27.2",true,affected,severity_changed_due_to_suse_cvss_score
rancher/mirrored-cilium-hubble-ui-backend:v0.13.6,rke2/v1.36-prerelease,stdlib,v1.27.1,gobinary,CVE-2026-78667,HIGH,https://avd.aquasec.com/nvd/cve-2026-78667,usr/bin/backend,"1.26.9, 1.27.2",true,affected,
rancher/mirrored-cilium-hubble-ui-backend:v0.13.6,rke2/v1.36-prerelease,golang.org/x/net,v0.58.0,gobinary,CVE-2026-78669,HIGH,https://avd.aquasec.com/nvd/cve-2026-78669,usr/bin/backend,0.60.0,true,affected,
rancher/mirrored-cilium-hubble-ui-backend:v0.13.6,rke2/v1.36-prerelease,stdlib,v1.27.1,gobinary,CVE-2026-78669,HIGH,https://avd.aquasec.com/nvd/cve-2026-78669,usr/bin/backend,"1.26.9, 1.27.2",true,affected,
rancher/mirrored-cilium-hubble-ui-backend:v0.13.6,rke2/v1.36-prerelease,stdlib,v1.27.1,gobinary,CVE-2026-97031,HIGH,https://avd.aquasec.com/nvd/cve-2026-97031,usr/bin/backend,"1.26.9, 1.27.2",true,affected,
rancher/mirrored-cilium-hubble-ui:v0.13.6,rke2/v1.36-prerelease,pcre2,10.48-r0,alpine,CVE-2026-103111,HIGH,https://avd.aquasec.com/nvd/cve-2026-103111,rancher/mirrored-cilium-hubble-ui:v0.13.6 (alpine 3.24.1),10.49-r0,true,affected,
rancher/mirrored-cilium-operator-aws:v1.20.2,rke2/v1.36-prerelease,github.com/osrg/gobgp/v4,v4.6.1-0.20260630022313-d6dee8360046,gobinary,CVE-2026-49838,MEDIUM,https://avd.aquasec.com/nvd/cve-2026-49838,usr/bin/cilium-operator-aws,4.7.0,true,not_affected,vulnerable_code_not_in_execute_path
rancher/mirrored-cilium-operator-aws:v1.20.2,rke2/v1.36-prerelease,golang.org/x/crypto,v0.53.0,gobinary,CVE-2026-56854,HIGH,https://avd.aquasec.com/nvd/cve-2026-56854,usr/bin/cilium-operator-aws,0.55.0,true,not_affected,vulnerable_code_not_in_execute_path
rancher/mirrored-cilium-operator-aws:v1.20.2,rke2/v1.36-prerelease,golang.org/x/crypto,v0.53.0,gobinary,CVE-2026-56855,HIGH,https://avd.aquasec.com/nvd/cve-2026-56855,usr/bin/cilium-operator-aws,0.56.0,true,affected,severity_changed_due_to_suse_cvss_score
rancher/mirrored-cilium-operator-aws:v1.20.2,rke2/v1.36-prerelease,stdlib,v1.26.8,gobinary,CVE-2026-56866,HIGH,https://avd.aquasec.com/nvd/cve-2026-56866,usr/bin/cilium-operator-aws,"1.26.9, 1.27.2",true,affected,severity_changed_due_to_suse_cvss_score
rancher/mirrored-cilium-operator-aws:v1.20.2,rke2/v1.36-prerelease,stdlib,v1.26.8,gobinary,CVE-2026-56866,HIGH,https://avd.aquasec.com/nvd/cve-2026-56866,usr/bin/gops,"1.26.9, 1.27.2",true,affected,severity_changed_due_to_suse_cvss_score
rancher/mirrored-cilium-operator-aws:v1.20.2,rke2/v1.36-prerelease,golang.org/x/crypto,v0.53.0,gobinary,CVE-2026-78662,HIGH,https://avd.aquasec.com/nvd/cve-2026-78662,usr/bin/cilium-operator-aws,0.56.0,true,affected,severity_changed_due_to_suse_cvss_score
rancher/mirrored-cilium-operator-aws:v1.20.2,rke2/v1.36-prerelease,stdlib,v1.26.8,gobinary,CVE-2026-78667,HIGH,https://avd.aquasec.com/nvd/cve-2026-78667,usr/bin/cilium-operator-aws,"1.26.9, 1.27.2",true,not_affected,vulnerable_code_not_in_execute_path
rancher/mirrored-cilium-operator-aws:v1.20.2,rke2/v1.36-prerelease,stdlib,v1.26.8,gobinary,CVE-2026-78667,HIGH,https://avd.aquasec.com/nvd/cve-2026-78667,usr/bin/gops,"1.26.9, 1.27.2",true,affected,
rancher/mirrored-cilium-operator-aws:v1.20.2,rke2/v1.36-prerelease,golang.org/x/net,v0.56.0,gobinary,CVE-2026-78669,HIGH,https://avd.aquasec.com/nvd/cve-2026-78669,usr/bin/cilium-operator-aws,0.60.0,true,affected,
rancher/mirrored-cilium-operator-aws:v1.20.2,rke2/v1.36-prerelease,stdlib,v1.26.8,gobinary,CVE-2026-78669,HIGH,https://avd.aquasec.com/nvd/cve-2026-78669,usr/bin/cilium-operator-aws,"1.26.9, 1.27.2",true,affected,
rancher/mirrored-cilium-operator-aws:v1.20.2,rke2/v1.36-prerelease,stdlib,v1.26.8,gobinary,CVE-2026-78669,HIGH,https://avd.aquasec.com/nvd/cve-2026-78669,usr/bin/gops,"1.26.9, 1.27.2",true,affected,
rancher/mirrored-cilium-operator-aws:v1.20.2,rke2/v1.36-prerelease,google.golang.org/grpc,v1.83.1,gobinary,CVE-2026-84445,HIGH,https://avd.aquasec.com/nvd/cve-2026-84445,usr/bin/cilium-operator-aws,"1.82.2, 1.83.2, 1.84.0-dev.0.20260825144003-d5a41119e0e3, 1.85.0-dev.0.20260825072537-93e31b48545e",true,affected,
rancher/mirrored-cilium-operator-aws:v1.20.2,rke2/v1.36-prerelease,stdlib,v1.26.8,gobinary,CVE-2026-97031,HIGH,https://avd.aquasec.com/nvd/cve-2026-97031,usr/bin/cilium-operator-aws,"1.26.9, 1.27.2",true,affected,
rancher/mirrored-cilium-operator-aws:v1.20.2,rke2/v1.36-prerelease,stdlib,v1.26.8,gobinary,CVE-2026-97031,HIGH,https://avd.aquasec.com/nvd/cve-2026-97031,usr/bin/gops,"1.26.9, 1.27.2",true,affected,
rancher/mirrored-cilium-operator-azure:v1.20.2,rke2/v1.36-prerelease,github.com/osrg/gobgp/v4,v4.6.1-0.20260630022313-d6dee8360046,gobinary,CVE-2026-49838,MEDIUM,https://avd.aquasec.com/nvd/cve-2026-49838,usr/bin/cilium-operator-azure,4.7.0,true,not_affected,vulnerable_code_not_in_execute_path
rancher/mirrored-cilium-operator-azure:v1.20.2,rke2/v1.36-prerelease,golang.org/x/crypto,v0.53.0,gobinary,CVE-2026-56854,HIGH,https://avd.aquasec.com/nvd/cve-2026-56854,usr/bin/cilium-operator-azure,0.55.0,true,not_affected,vulnerable_code_not_in_execute_path
rancher/mirrored-cilium-operator-azure:v1.20.2,rke2/v1.36-prerelease,golang.org/x/crypto,v0.53.0,gobinary,CVE-2026-56855,HIGH,https://avd.aquasec.com/nvd/cve-2026-56855,usr/bin/cilium-operator-azure,0.56.0,true,affected,severity_changed_due_to_suse_cvss_score
rancher/mirrored-cilium-operator-azure:v1.20.2,rke2/v1.36-prerelease,stdlib,v1.26.8,gobinary,CVE-2026-56866,HIGH,https://avd.aquasec.com/nvd/cve-2026-56866,usr/bin/cilium-operator-azure,"1.26.9, 1.27.2",true,affected,severity_changed_due_to_suse_cvss_score
rancher/mirrored-cilium-operator-azure:v1.20.2,rke2/v1.36-prerelease,stdlib,v1.26.8,gobinary,CVE-2026-56866,HIGH,https://avd.aquasec.com/nvd/cve-2026-56866,usr/bin/gops,"1.26.9, 1.27.2",true,affected,severity_changed_due_to_suse_cvss_score
rancher/mirrored-cilium-operator-azure:v1.20.2,rke2/v1.36-prerelease,golang.org/x/crypto,v0.53.0,gobinary,CVE-2026-78662,HIGH,https://avd.aquasec.com/nvd/cve-2026-78662,usr/bin/cilium-operator-azure,0.56.0,true,affected,severity_changed_due_to_suse_cvss_score
rancher/mirrored-cilium-operator-azure:v1.20.2,rke2/v1.36-prerelease,stdlib,v1.26.8,gobinary,CVE-2026-78667,HIGH,https://avd.aquasec.com/nvd/cve-2026-78667,usr/bin/cilium-operator-azure,"1.26.9, 1.27.2",true,not_affected,vulnerable_code_not_in_execute_path
rancher/mirrored-cilium-operator-azure:v1.20.2,rke2/v1.36-prerelease,stdlib,v1.26.8,gobinary,CVE-2026-78667,HIGH,https://avd.aquasec.com/nvd/cve-2026-78667,usr/bin/gops,"1.26.9, 1.27.2",true,affected,
rancher/mirrored-cilium-operator-azure:v1.20.2,rke2/v1.36-prerelease,golang.org/x/net,v0.56.0,gobinary,CVE-2026-78669,HIGH,https://avd.aquasec.com/nvd/cve-2026-78669,usr/bin/cilium-operator-azure,0.60.0,true,affected,
rancher/mirrored-cilium-operator-azure:v1.20.2,rke2/v1.36-prerelease,stdlib,v1.26.8,gobinary,CVE-2026-78669,HIGH,https://avd.aquasec.com/nvd/cve-2026-78669,usr/bin/cilium-operator-azure,"1.26.9, 1.27.2",true,affected,
rancher/mirrored-cilium-operator-azure:v1.20.2,rke2/v1.36-prerelease,stdlib,v1.26.8,gobinary,CVE-2026-78669,HIGH,https://avd.aquasec.com/nvd/cve-2026-78669,usr/bin/gops,"1.26.9, 1.27.2",true,affected,
rancher/mirrored-cilium-operator-azure:v1.20.2,rke2/v1.36-prerelease,google.golang.org/grpc,v1.83.1,gobinary,CVE-2026-84445,HIGH,https://avd.aquasec.com/nvd/cve-2026-84445,usr/bin/cilium-operator-azure,"1.82.2, 1.83.2, 1.84.0-dev.0.20260825144003-d5a41119e0e3, 1.85.0-dev.0.20260825072537-93e31b48545e",true,affected,
rancher/mirrored-cilium-operator-azure:v1.20.2,rke2/v1.36-prerelease,stdlib,v1.26.8,gobinary,CVE-2026-97031,HIGH,https://avd.aquasec.com/nvd/cve-2026-97031,usr/bin/cilium-operator-azure,"1.26.9, 1.27.2",true,affected,
rancher/mirrored-cilium-operator-azure:v1.20.2,rke2/v1.36-prerelease,stdlib,v1.26.8,gobinary,CVE-2026-97031,HIGH,https://avd.aquasec.com/nvd/cve-2026-97031,usr/bin/gops,"1.26.9, 1.27.2",true,affected,
rancher/mirrored-cilium-operator-generic:v1.20.2,rke2/v1.36-prerelease,github.com/osrg/gobgp/v4,v4.6.1-0.20260630022313-d6dee8360046,gobinary,CVE-2026-49838,MEDIUM,https://avd.aquasec.com/nvd/cve-2026-49838,usr/bin/cilium-operator-generic,4.7.0,true,not_affected,vulnerable_code_not_in_execute_path
rancher/mirrored-cilium-operator-generic:v1.20.2,rke2/v1.36-prerelease,golang.org/x/crypto,v0.53.0,gobinary,CVE-2026-56854,HIGH,https://avd.aquasec.com/nvd/cve-2026-56854,usr/bin/cilium-operator-generic,0.55.0,true,not_affected,vulnerable_code_not_in_execute_path
rancher/mirrored-cilium-operator-generic:v1.20.2,rke2/v1.36-prerelease,golang.org/x/crypto,v0.53.0,gobinary,CVE-2026-56855,HIGH,https://avd.aquasec.com/nvd/cve-2026-56855,usr/bin/cilium-operator-generic,0.56.0,true,affected,severity_changed_due_to_suse_cvss_score
rancher/mirrored-cilium-operator-generic:v1.20.2,rke2/v1.36-prerelease,stdlib,v1.26.8,gobinary,CVE-2026-56866,HIGH,https://avd.aquasec.com/nvd/cve-2026-56866,usr/bin/cilium-operator-generic,"1.26.9, 1.27.2",true,affected,severity_changed_due_to_suse_cvss_score
rancher/mirrored-cilium-operator-generic:v1.20.2,rke2/v1.36-prerelease,stdlib,v1.26.8,gobinary,CVE-2026-56866,HIGH,https://avd.aquasec.com/nvd/cve-2026-56866,usr/bin/gops,"1.26.9, 1.27.2",true,affected,severity_changed_due_to_suse_cvss_score
rancher/mirrored-cilium-operator-generic:v1.20.2,rke2/v1.36-prerelease,golang.org/x/crypto,v0.53.0,gobinary,CVE-2026-78662,HIGH,https://avd.aquasec.com/nvd/cve-2026-78662,usr/bin/cilium-operator-generic,0.56.0,true,affected,severity_changed_due_to_suse_cvss_score
rancher/mirrored-cilium-operator-generic:v1.20.2,rke2/v1.36-prerelease,stdlib,v1.26.8,gobinary,CVE-2026-78667,HIGH,https://avd.aquasec.com/nvd/cve-2026-78667,usr/bin/cilium-operator-generic,"1.26.9, 1.27.2",true,not_affected,vulnerable_code_not_in_execute_path
rancher/mirrored-cilium-operator-generic:v1.20.2,rke2/v1.36-prerelease,stdlib,v1.26.8,gobinary,CVE-2026-78667,HIGH,https://avd.aquasec.com/nvd/cve-2026-78667,usr/bin/gops,"1.26.9, 1.27.2",true,affected,
rancher/mirrored-cilium-operator-generic:v1.20.2,rke2/v1.36-prerelease,golang.org/x/net,v0.56.0,gobinary,CVE-2026-78669,HIGH,https://avd.aquasec.com/nvd/cve-2026-78669,usr/bin/cilium-operator-generic,0.60.0,true,affected,
rancher/mirrored-cilium-operator-generic:v1.20.2,rke2/v1.36-prerelease,stdlib,v1.26.8,gobinary,CVE-2026-78669,HIGH,https://avd.aquasec.com/nvd/cve-2026-78669,usr/bin/cilium-operator-generic,"1.26.9, 1.27.2",true,affected,
rancher/mirrored-cilium-operator-generic:v1.20.2,rke2/v1.36-prerelease,stdlib,v1.26.8,gobinary,CVE-2026-78669,HIGH,https://avd.aquasec.com/nvd/cve-2026-78669,usr/bin/gops,"1.26.9, 1.27.2",true,affected,
rancher/mirrored-cilium-operator-generic:v1.20.2,rke2/v1.36-prerelease,google.golang.org/grpc,v1.83.1,gobinary,CVE-2026-84445,HIGH,https://avd.aquasec.com/nvd/cve-2026-84445,usr/bin/cilium-operator-generic,"1.82.2, 1.83.2, 1.84.0-dev.0.20260825144003-d5a41119e0e3, 1.85.0-dev.0.20260825072537-93e31b48545e",true,affected,
rancher/mirrored-cilium-operator-generic:v1.20.2,rke2/v1.36-prerelease,stdlib,v1.26.8,gobinary,CVE-2026-97031,HIGH,https://avd.aquasec.com/nvd/cve-2026-97031,usr/bin/cilium-operator-generic,"1.26.9, 1.27.2",true,affected,
rancher/mirrored-cilium-operator-generic:v1.20.2,rke2/v1.36-prerelease,stdlib,v1.26.8,gobinary,CVE-2026-97031,HIGH,https://avd.aquasec.com/nvd/cve-2026-97031,usr/bin/gops,"1.26.9, 1.27.2",true,affected,
rancher/mirrored-kube-vip-kube-vip-iptables:v1.2.3,rke2/v1.36-prerelease,libcrypto3,3.5.7-r0,alpine,CVE-2026-14456,HIGH,https://avd.aquasec.com/nvd/cve-2026-14456,rancher/mirrored-kube-vip-kube-vip-iptables:v1.2.3 (alpine 3.24.1),3.5.8-r0,true,affected,
rancher/mirrored-kube-vip-kube-vip-iptables:v1.2.3,rke2/v1.36-prerelease,libssl3,3.5.7-r0,alpine,CVE-2026-14456,HIGH,https://avd.aquasec.com/nvd/cve-2026-14456,rancher/mirrored-kube-vip-kube-vip-iptables:v1.2.3 (alpine 3.24.1),3.5.8-r0,true,affected,
rancher/mirrored-kube-vip-kube-vip-iptables:v1.2.3,rke2/v1.36-prerelease,stdlib,v1.26.5,gobinary,CVE-2026-33818,HIGH,https://avd.aquasec.com/nvd/cve-2026-33818,kube-vip,"1.25.13, 1.26.6, 1.27.0-rc.3",true,affected,
rancher/mirrored-kube-vip-kube-vip-iptables:v1.2.3,rke2/v1.36-prerelease,stdlib,v1.26.5,gobinary,CVE-2026-39821,HIGH,https://avd.aquasec.com/nvd/cve-2026-39821,kube-vip,"1.25.13, 1.26.6, 1.27.0-rc.3",true,affected,
rancher/mirrored-kube-vip-kube-vip-iptables:v1.2.3,rke2/v1.36-prerelease,stdlib,v1.26.5,gobinary,CVE-2026-46600,HIGH,https://avd.aquasec.com/nvd/cve-2026-46600,kube-vip,"1.26.6, 1.27.0-rc.3",true,not_affected,vulnerable_code_not_in_execute_path
rancher/mirrored-kube-vip-kube-vip-iptables:v1.2.3,rke2/v1.36-prerelease,stdlib,v1.26.5,gobinary,CVE-2026-56853,HIGH,https://avd.aquasec.com/nvd/cve-2026-56853,kube-vip,"1.25.13, 1.26.6, 1.27.0-rc.3",true,affected,
rancher/mirrored-kube-vip-kube-vip-iptables:v1.2.3,rke2/v1.36-prerelease,golang.org/x/crypto,v0.54.0,gobinary,CVE-2026-56854,HIGH,https://avd.aquasec.com/nvd/cve-2026-56854,kube-vip,0.55.0,true,not_affected,vulnerable_code_not_present
rancher/mirrored-kube-vip-kube-vip-iptables:v1.2.3,rke2/v1.36-prerelease,golang.org/x/crypto,v0.54.0,gobinary,CVE-2026-56855,MEDIUM,https://avd.aquasec.com/nvd/cve-2026-56855,kube-vip,0.56.0,true,not_affected,vulnerable_code_not_present
rancher/mirrored-kube-vip-kube-vip-iptables:v1.2.3,rke2/v1.36-prerelease,stdlib,v1.26.5,gobinary,CVE-2026-56859,HIGH,https://avd.aquasec.com/nvd/cve-2026-56859,kube-vip,"1.25.13, 1.26.6, 1.27.0-rc.3",true,affected,
rancher/mirrored-kube-vip-kube-vip-iptables:v1.2.3,rke2/v1.36-prerelease,stdlib,v1.26.5,gobinary,CVE-2026-56862,HIGH,https://avd.aquasec.com/nvd/cve-2026-56862,kube-vip,"1.25.13, 1.26.6, 1.27.0-rc.3",true,affected,
rancher/mirrored-kube-vip-kube-vip-iptables:v1.2.3,rke2/v1.36-prerelease,stdlib,v1.26.5,gobinary,CVE-2026-56866,HIGH,https://avd.aquasec.com/nvd/cve-2026-56866,kube-vip,"1.26.9, 1.27.2",true,affected,severity_changed_due_to_suse_cvss_score
rancher/mirrored-kube-vip-kube-vip-iptables:v1.2.3,rke2/v1.36-prerelease,golang.org/x/crypto,v0.54.0,gobinary,CVE-2026-78662,MEDIUM,https://avd.aquasec.com/nvd/cve-2026-78662,kube-vip,0.56.0,true,not_affected,vulnerable_code_not_present
rancher/mirrored-kube-vip-kube-vip-iptables:v1.2.3,rke2/v1.36-prerelease,stdlib,v1.26.5,gobinary,CVE-2026-78667,HIGH,https://avd.aquasec.com/nvd/cve-2026-78667,kube-vip,"1.26.9, 1.27.2",true,not_affected,vulnerable_code_not_in_execute_path
rancher/mirrored-kube-vip-kube-vip-iptables:v1.2.3,rke2/v1.36-prerelease,golang.org/x/net,v0.57.0,gobinary,CVE-2026-78669,HIGH,https://avd.aquasec.com/nvd/cve-2026-78669,kube-vip,0.60.0,true,affected,
rancher/mirrored-kube-vip-kube-vip-iptables:v1.2.3,rke2/v1.36-prerelease,stdlib,v1.26.5,gobinary,CVE-2026-78669,HIGH,https://avd.aquasec.com/nvd/cve-2026-78669,kube-vip,"1.26.9, 1.27.2",true,affected,
rancher/mirrored-kube-vip-kube-vip-iptables:v1.2.3,rke2/v1.36-prerelease,google.golang.org/grpc,v1.83.0,gobinary,CVE-2026-84303,MEDIUM,https://avd.aquasec.com/nvd/cve-2026-84303,kube-vip,1.83.1,true,not_affected,vulnerable_code_not_present
rancher/mirrored-kube-vip-kube-vip-iptables:v1.2.3,rke2/v1.36-prerelease,google.golang.org/grpc,v1.83.0,gobinary,CVE-2026-84304,HIGH,https://avd.aquasec.com/nvd/cve-2026-84304,kube-vip,1.83.1,true,affected,
rancher/mirrored-kube-vip-kube-vip-iptables:v1.2.3,rke2/v1.36-prerelease,google.golang.org/grpc,v1.83.0,gobinary,CVE-2026-84445,HIGH,https://avd.aquasec.com/nvd/cve-2026-84445,kube-vip,"1.82.2, 1.83.2, 1.84.0-dev.0.20260825144003-d5a41119e0e3, 1.85.0-dev.0.20260825072537-93e31b48545e",true,affected,
rancher/mirrored-kube-vip-kube-vip-iptables:v1.2.3,rke2/v1.36-prerelease,stdlib,v1.26.5,gobinary,CVE-2026-97031,HIGH,https://avd.aquasec.com/nvd/cve-2026-97031,kube-vip,"1.26.9, 1.27.2",true,affected,
rancher/mirrored-longhornio-csi-attacher:v4.11.0-20260428,rke2/v1.36-prerelease,golang.org/x/net,v0.48.0,gobinary,CVE-2026-25680,MEDIUM,https://avd.aquasec.com/nvd/cve-2026-25680,csi-attacher,0.55.0,true,not_affected,vulnerable_code_not_present
rancher/mirrored-longhornio-csi-attacher:v4.11.0-20260428,rke2/v1.36-prerelease,golang.org/x/net,v0.48.0,gobinary,CVE-2026-25681,HIGH,https://avd.aquasec.com/nvd/cve-2026-25681,csi-attacher,0.55.0,true,not_affected,vulnerable_code_not_present
rancher/mirrored-longhornio-csi-attacher:v4.11.0-20260428,rke2/v1.36-prerelease,golang.org/x/net,v0.48.0,gobinary,CVE-2026-27136,HIGH,https://avd.aquasec.com/nvd/cve-2026-27136,csi-attacher,0.55.0,true,not_affected,vulnerable_code_not_present
rancher/mirrored-longhornio-csi-attacher:v4.11.0-20260428,rke2/v1.36-prerelease,stdlib,v1.25.9,gobinary,CVE-2026-33811,HIGH,https://avd.aquasec.com/nvd/cve-2026-33811,csi-attacher,"1.25.10, 1.26.3",true,not_affected,vulnerable_code_not_present
rancher/mirrored-longhornio-csi-attacher:v4.11.0-20260428,rke2/v1.36-prerelease,golang.org/x/net,v0.48.0,gobinary,CVE-2026-33814,HIGH,https://avd.aquasec.com/nvd/cve-2026-33814,csi-attacher,0.53.0,true,affected,
rancher/mirrored-longhornio-csi-attacher:v4.11.0-20260428,rke2/v1.36-prerelease,stdlib,v1.25.9,gobinary,CVE-2026-33814,HIGH,https://avd.aquasec.com/nvd/cve-2026-33814,csi-attacher,"1.25.10, 1.26.3",true,affected,
rancher/mirrored-longhornio-csi-attacher:v4.11.0-20260428,rke2/v1.36-prerelease,stdlib,v1.25.9,gobinary,CVE-2026-33818,HIGH,https://avd.aquasec.com/nvd/cve-2026-33818,csi-attacher,"1.25.13, 1.26.6, 1.27.0-rc.3",true,affected,
rancher/mirrored-longhornio-csi-attacher:v4.11.0-20260428,rke2/v1.36-prerelease,stdlib,v1.25.9,gobinary,CVE-2026-39820,HIGH,https://avd.aquasec.com/nvd/cve-2026-39820,csi-attacher,"1.25.10, 1.26.3",true,not_affected,vulnerable_code_not_in_execute_path
rancher/mirrored-longhornio-csi-attacher:v4.11.0-20260428,rke2/v1.36-prerelease,golang.org/x/net,v0.48.0,gobinary,CVE-2026-39821,HIGH,https://avd.aquasec.com/nvd/cve-2026-39821,csi-attacher,0.55.0,true,affected,
rancher/mirrored-longhornio-csi-attacher:v4.11.0-20260428,rke2/v1.36-prerelease,stdlib,v1.25.9,gobinary,CVE-2026-39821,HIGH,https://avd.aquasec.com/nvd/cve-2026-39821,csi-attacher,"1.25.13, 1.26.6, 1.27.0-rc.3",true,affected,
rancher/mirrored-longhornio-csi-attacher:v4.11.0-20260428,rke2/v1.36-prerelease,stdlib,v1.25.9,gobinary,CVE-2026-39822,HIGH,https://avd.aquasec.com/nvd/cve-2026-39822,csi-attacher,"1.25.12, 1.26.5, 1.27.0-rc.2",true,not_affected,vulnerable_code_not_in_execute_path
rancher/mirrored-longhornio-csi-attacher:v4.11.0-20260428,rke2/v1.36-prerelease,stdlib,v1.25.9,gobinary,CVE-2026-39823,MEDIUM,https://avd.aquasec.com/nvd/cve-2026-39823,csi-attacher,"1.25.10, 1.26.3",true,not_affected,vulnerable_code_not_in_execute_path
rancher/mirrored-longhornio-csi-attacher:v4.11.0-20260428,rke2/v1.36-prerelease,stdlib,v1.25.9,gobinary,CVE-2026-39825,MEDIUM,https://avd.aquasec.com/nvd/cve-2026-39825,csi-attacher,"1.25.10, 1.26.3",true,not_affected,vulnerable_code_not_in_execute_path
rancher/mirrored-longhornio-csi-attacher:v4.11.0-20260428,rke2/v1.36-prerelease,stdlib,v1.25.9,gobinary,CVE-2026-39826,MEDIUM,https://avd.aquasec.com/nvd/cve-2026-39826,csi-attacher,"1.25.10, 1.26.3",true,not_affected,vulnerable_code_not_in_execute_path
rancher/mirrored-longhornio-csi-attacher:v4.11.0-20260428,rke2/v1.36-prerelease,golang.org/x/crypto,v0.46.0,gobinary,CVE-2026-39827,MEDIUM,https://avd.aquasec.com/nvd/cve-2026-39827,csi-attacher,0.52.0,true,not_affected,vulnerable_code_not_present
rancher/mirrored-longhornio-csi-attacher:v4.11.0-20260428,rke2/v1.36-prerelease,golang.org/x/crypto,v0.46.0,gobinary,CVE-2026-39828,HIGH,https://avd.aquasec.com/nvd/cve-2026-39828,csi-attacher,0.52.0,true,not_affected,vulnerable_code_not_present
rancher/mirrored-longhornio-csi-attacher:v4.11.0-20260428,rke2/v1.36-prerelease,golang.org/x/crypto,v0.46.0,gobinary,CVE-2026-39829,HIGH,https://avd.aquasec.com/nvd/cve-2026-39829,csi-attacher,0.52.0,true,not_affected,vulnerable_code_not_present
rancher/mirrored-longhornio-csi-attacher:v4.11.0-20260428,rke2/v1.36-prerelease,golang.org/x/crypto,v0.46.0,gobinary,CVE-2026-39830,HIGH,https://avd.aquasec.com/nvd/cve-2026-39830,csi-attacher,0.52.0,true,not_affected,vulnerable_code_not_present
rancher/mirrored-longhornio-csi-attacher:v4.11.0-20260428,rke2/v1.36-prerelease,golang.org/x/crypto,v0.46.0,gobinary,CVE-2026-39831,HIGH,https://avd.aquasec.com/nvd/cve-2026-39831,csi-attacher,0.52.0,true,not_affected,vulnerable_code_not_present
rancher/mirrored-longhornio-csi-attacher:v4.11.0-20260428,rke2/v1.36-prerelease,golang.org/x/crypto,v0.46.0,gobinary,CVE-2026-39832,HIGH,https://avd.aquasec.com/nvd/cve-2026-39832,csi-attacher,0.52.0,true,not_affected,vulnerable_code_not_present
rancher/mirrored-longhornio-csi-attacher:v4.11.0-20260428,rke2/v1.36-prerelease,golang.org/x/crypto,v0.46.0,gobinary,CVE-2026-39833,MEDIUM,https://avd.aquasec.com/nvd/cve-2026-39833,csi-attacher,0.52.0,true,not_affected,vulnerable_code_not_present
rancher/mirrored-longhornio-csi-attacher:v4.11.0-20260428,rke2/v1.36-prerelease,golang.org/x/crypto,v0.46.0,gobinary,CVE-2026-39834,MEDIUM,https://avd.aquasec.com/nvd/cve-2026-39834,csi-attacher,0.52.0,true,not_affected,vulnerable_code_not_present
rancher/mirrored-longhornio-csi-attacher:v4.11.0-20260428,rke2/v1.36-prerelease,golang.org/x/crypto,v0.46.0,gobinary,CVE-2026-39835,HIGH,https://avd.aquasec.com/nvd/cve-2026-39835,csi-attacher,0.52.0,true,not_affected,vulnerable_code_not_present
rancher/mirrored-longhornio-csi-attacher:v4.11.0-20260428,rke2/v1.36-prerelease,stdlib,v1.25.9,gobinary,CVE-2026-39836,HIGH,https://avd.aquasec.com/nvd/cve-2026-39836,csi-attacher,"1.25.10, 1.26.3",true,not_affected,vulnerable_code_not_in_execute_path
rancher/mirrored-longhornio-csi-attacher:v4.11.0-20260428,rke2/v1.36-prerelease,stdlib,v1.25.9,gobinary,CVE-2026-42499,HIGH,https://avd.aquasec.com/nvd/cve-2026-42499,csi-attacher,"1.25.10, 1.26.3",true,affected,
rancher/mirrored-longhornio-csi-attacher:v4.11.0-20260428,rke2/v1.36-prerelease,golang.org/x/net,v0.48.0,gobinary,CVE-2026-42502,MEDIUM,https://avd.aquasec.com/nvd/cve-2026-42502,csi-attacher,0.55.0,true,not_affected,vulnerable_code_not_present
rancher/mirrored-longhornio-csi-attacher:v4.11.0-20260428,rke2/v1.36-prerelease,stdlib,v1.25.9,gobinary,CVE-2026-42504,HIGH,https://avd.aquasec.com/nvd/cve-2026-42504,csi-attacher,"1.25.11, 1.26.4",true,not_affected,vulnerable_code_not_in_execute_path
rancher/mirrored-longhornio-csi-attacher:v4.11.0-20260428,rke2/v1.36-prerelease,golang.org/x/net,v0.48.0,gobinary,CVE-2026-42506,MEDIUM,https://avd.aquasec.com/nvd/cve-2026-42506,csi-attacher,0.55.0,true,not_affected,vulnerable_code_not_present
rancher/mirrored-longhornio-csi-attacher:v4.11.0-20260428,rke2/v1.36-prerelease,stdlib,v1.25.9,gobinary,CVE-2026-42507,MEDIUM,https://avd.aquasec.com/nvd/cve-2026-42507,csi-attacher,"1.25.11, 1.26.4",true,not_affected,vulnerable_code_not_in_execute_path
rancher/mirrored-longhornio-csi-attacher:v4.11.0-20260428,rke2/v1.36-prerelease,golang.org/x/crypto,v0.46.0,gobinary,CVE-2026-42508,HIGH,https://avd.aquasec.com/nvd/cve-2026-42508,csi-attacher,0.52.0,true,not_affected,vulnerable_code_not_present
rancher/mirrored-longhornio-csi-attacher:v4.11.0-20260428,rke2/v1.36-prerelease,golang.org/x/crypto,v0.46.0,gobinary,CVE-2026-46595,HIGH,https://avd.aquasec.com/nvd/cve-2026-46595,csi-attacher,0.52.0,true,not_affected,vulnerable_code_not_present
rancher/mirrored-longhornio-csi-attacher:v4.11.0-20260428,rke2/v1.36-prerelease,golang.org/x/crypto,v0.46.0,gobinary,CVE-2026-46597,HIGH,https://avd.aquasec.com/nvd/cve-2026-46597,csi-attacher,0.52.0,true,not_affected,vulnerable_code_not_present
rancher/mirrored-longhornio-csi-attacher:v4.11.0-20260428,rke2/v1.36-prerelease,golang.org/x/crypto,v0.46.0,gobinary,CVE-2026-46598,MEDIUM,https://avd.aquasec.com/nvd/cve-2026-46598,csi-attacher,0.52.0,true,not_affected,vulnerable_code_not_present
rancher/mirrored-longhornio-csi-attacher:v4.11.0-20260428,rke2/v1.36-prerelease,golang.org/x/net,v0.48.0,gobinary,CVE-2026-46600,HIGH,https://avd.aquasec.com/nvd/cve-2026-46600,csi-attacher,0.56.0,true,not_affected,vulnerable_code_not_present
rancher/mirrored-longhornio-csi-attacher:v4.11.0-20260428,rke2/v1.36-prerelease,stdlib,v1.25.9,gobinary,CVE-2026-56853,HIGH,https://avd.aquasec.com/nvd/cve-2026-56853,csi-attacher,"1.25.13, 1.26.6, 1.27.0-rc.3",true,affected,
rancher/mirrored-longhornio-csi-attacher:v4.11.0-20260428,rke2/v1.36-prerelease,golang.org/x/crypto,v0.46.0,gobinary,CVE-2026-56854,HIGH,https://avd.aquasec.com/nvd/cve-2026-56854,csi-attacher,0.55.0,true,not_affected,vulnerable_code_not_present
rancher/mirrored-longhornio-csi-attacher:v4.11.0-20260428,rke2/v1.36-prerelease,golang.org/x/crypto,v0.46.0,gobinary,CVE-2026-56855,MEDIUM,https://avd.aquasec.com/nvd/cve-2026-56855,csi-attacher,0.56.0,true,not_affected,vulnerable_code_not_present
rancher/mirrored-longhornio-csi-attacher:v4.11.0-20260428,rke2/v1.36-prerelease,stdlib,v1.25.9,gobinary,CVE-2026-56859,HIGH,https://avd.aquasec.com/nvd/cve-2026-56859,csi-attacher,"1.25.13, 1.26.6, 1.27.0-rc.3",true,affected,
rancher/mirrored-longhornio-csi-attacher:v4.11.0-20260428,rke2/v1.36-prerelease,stdlib,v1.25.9,gobinary,CVE-2026-56862,HIGH,https://avd.aquasec.com/nvd/cve-2026-56862,csi-attacher,"1.25.13, 1.26.6, 1.27.0-rc.3",true,affected,
rancher/mirrored-longhornio-csi-attacher:v4.11.0-20260428,rke2/v1.36-prerelease,stdlib,v1.25.9,gobinary,CVE-2026-56866,HIGH,https://avd.aquasec.com/nvd/cve-2026-56866,csi-attacher,"1.26.9, 1.27.2",true,affected,severity_changed_due_to_suse_cvss_score
rancher/mirrored-longhornio-csi-attacher:v4.11.0-20260428,rke2/v1.36-prerelease,golang.org/x/crypto,v0.46.0,gobinary,CVE-2026-78662,MEDIUM,https://avd.aquasec.com/nvd/cve-2026-78662,csi-attacher,0.56.0,true,not_affected,vulnerable_code_not_present
rancher/mirrored-longhornio-csi-attacher:v4.11.0-20260428,rke2/v1.36-prerelease,stdlib,v1.25.9,gobinary,CVE-2026-78667,HIGH,https://avd.aquasec.com/nvd/cve-2026-78667,csi-attacher,"1.26.9, 1.27.2",true,not_affected,vulnerable_code_not_in_execute_path
rancher/mirrored-longhornio-csi-attacher:v4.11.0-20260428,rke2/v1.36-prerelease,golang.org/x/net,v0.48.0,gobinary,CVE-2026-78669,HIGH,https://avd.aquasec.com/nvd/cve-2026-78669,csi-attacher,0.60.0,true,affected,
rancher/mirrored-longhornio-csi-attacher:v4.11.0-20260428,rke2/v1.36-prerelease,stdlib,v1.25.9,gobinary,CVE-2026-78669,HIGH,https://avd.aquasec.com/nvd/cve-2026-78669,csi-attacher,"1.26.9, 1.27.2",true,affected,
rancher/mirrored-longhornio-csi-attacher:v4.11.0-20260428,rke2/v1.36-prerelease,google.golang.org/grpc,v1.79.3,gobinary,CVE-2026-84303,MEDIUM,https://avd.aquasec.com/nvd/cve-2026-84303,csi-attacher,1.83.1,true,not_affected,vulnerable_code_not_present
rancher/mirrored-longhornio-csi-attacher:v4.11.0-20260428,rke2/v1.36-prerelease,google.golang.org/grpc,v1.79.3,gobinary,CVE-2026-84304,HIGH,https://avd.aquasec.com/nvd/cve-2026-84304,csi-attacher,1.83.1,true,affected,
rancher/mirrored-longhornio-csi-attacher:v4.11.0-20260428,rke2/v1.36-prerelease,google.golang.org/grpc,v1.79.3,gobinary,CVE-2026-84445,HIGH,https://avd.aquasec.com/nvd/cve-2026-84445,csi-attacher,"1.82.2, 1.83.2, 1.84.0-dev.0.20260825144003-d5a41119e0e3, 1.85.0-dev.0.20260825072537-93e31b48545e",true,not_affected,vulnerable_code_not_in_execute_path
rancher/mirrored-longhornio-csi-attacher:v4.11.0-20260428,rke2/v1.36-prerelease,stdlib,v1.25.9,gobinary,CVE-2026-97031,HIGH,https://avd.aquasec.com/nvd/cve-2026-97031,csi-attacher,"1.26.9, 1.27.2",true,affected,
rancher/mirrored-longhornio-csi-attacher:v4.11.0-20260428,rke2/v1.36-prerelease,google.golang.org/grpc,v1.79.3,gobinary,GHSA-hrxh-6v49-42gf,HIGH,https://github.com/advisories/GHSA-hrxh-6v49-42gf,csi-attacher,1.82.1,true,affected,
rancher/mirrored-longhornio-csi-node-driver-registrar:v2.16.0-20260428,rke2/v1.36-prerelease,golang.org/x/net,v0.49.0,gobinary,CVE-2026-25680,MEDIUM,https://avd.aquasec.com/nvd/cve-2026-25680,csi-node-driver-registrar,0.55.0,true,not_affected,vulnerable_code_not_present
rancher/mirrored-longhornio-csi-node-driver-registrar:v2.16.0-20260428,rke2/v1.36-prerelease,golang.org/x/net,v0.49.0,gobinary,CVE-2026-25681,HIGH,https://avd.aquasec.com/nvd/cve-2026-25681,csi-node-driver-registrar,0.55.0,true,not_affected,vulnerable_code_not_present
rancher/mirrored-longhornio-csi-node-driver-registrar:v2.16.0-20260428,rke2/v1.36-prerelease,golang.org/x/net,v0.49.0,gobinary,CVE-2026-27136,HIGH,https://avd.aquasec.com/nvd/cve-2026-27136,csi-node-driver-registrar,0.55.0,true,not_affected,vulnerable_code_not_present
rancher/mirrored-longhornio-csi-node-driver-registrar:v2.16.0-20260428,rke2/v1.36-prerelease,go.opentelemetry.io/otel,v1.40.0,gobinary,CVE-2026-29181,HIGH,https://avd.aquasec.com/nvd/cve-2026-29181,csi-node-driver-registrar,1.41.0,true,affected,
rancher/mirrored-longhornio-csi-node-driver-registrar:v2.16.0-20260428,rke2/v1.36-prerelease,stdlib,v1.25.9,gobinary,CVE-2026-33811,HIGH,https://avd.aquasec.com/nvd/cve-2026-33811,csi-node-driver-registrar,"1.25.10, 1.26.3",true,not_affected,vulnerable_code_not_present
rancher/mirrored-longhornio-csi-node-driver-registrar:v2.16.0-20260428,rke2/v1.36-prerelease,golang.org/x/net,v0.49.0,gobinary,CVE-2026-33814,HIGH,https://avd.aquasec.com/nvd/cve-2026-33814,csi-node-driver-registrar,0.53.0,true,not_affected,vulnerable_code_not_in_execute_path
rancher/mirrored-longhornio-csi-node-driver-registrar:v2.16.0-20260428,rke2/v1.36-prerelease,stdlib,v1.25.9,gobinary,CVE-2026-33814,HIGH,https://avd.aquasec.com/nvd/cve-2026-33814,csi-node-driver-registrar,"1.25.10, 1.26.3",true,affected,
rancher/mirrored-longhornio-csi-node-driver-registrar:v2.16.0-20260428,rke2/v1.36-prerelease,stdlib,v1.25.9,gobinary,CVE-2026-33818,HIGH,https://avd.aquasec.com/nvd/cve-2026-33818,csi-node-driver-registrar,"1.25.13, 1.26.6, 1.27.0-rc.3",true,affected,
rancher/mirrored-longhornio-csi-node-driver-registrar:v2.16.0-20260428,rke2/v1.36-prerelease,stdlib,v1.25.9,gobinary,CVE-2026-39820,HIGH,https://avd.aquasec.com/nvd/cve-2026-39820,csi-node-driver-registrar,"1.25.10, 1.26.3",true,not_affected,vulnerable_code_not_present
rancher/mirrored-longhornio-csi-node-driver-registrar:v2.16.0-20260428,rke2/v1.36-prerelease,golang.org/x/net,v0.49.0,gobinary,CVE-2026-39821,HIGH,https://avd.aquasec.com/nvd/cve-2026-39821,csi-node-driver-registrar,0.55.0,true,not_affected,vulnerable_code_not_in_execute_path
rancher/mirrored-longhornio-csi-node-driver-registrar:v2.16.0-20260428,rke2/v1.36-prerelease,stdlib,v1.25.9,gobinary,CVE-2026-39821,HIGH,https://avd.aquasec.com/nvd/cve-2026-39821,csi-node-driver-registrar,"1.25.13, 1.26.6, 1.27.0-rc.3",true,affected,
rancher/mirrored-longhornio-csi-node-driver-registrar:v2.16.0-20260428,rke2/v1.36-prerelease,stdlib,v1.25.9,gobinary,CVE-2026-39822,HIGH,https://avd.aquasec.com/nvd/cve-2026-39822,csi-node-driver-registrar,"1.25.12, 1.26.5, 1.27.0-rc.2",true,not_affected,vulnerable_code_not_in_execute_path
rancher/mirrored-longhornio-csi-node-driver-registrar:v2.16.0-20260428,rke2/v1.36-prerelease,stdlib,v1.25.9,gobinary,CVE-2026-39823,MEDIUM,https://avd.aquasec.com/nvd/cve-2026-39823,csi-node-driver-registrar,"1.25.10, 1.26.3",true,not_affected,vulnerable_code_not_present
rancher/mirrored-longhornio-csi-node-driver-registrar:v2.16.0-20260428,rke2/v1.36-prerelease,stdlib,v1.25.9,gobinary,CVE-2026-39825,MEDIUM,https://avd.aquasec.com/nvd/cve-2026-39825,csi-node-driver-registrar,"1.25.10, 1.26.3",true,not_affected,vulnerable_code_not_in_execute_path
rancher/mirrored-longhornio-csi-node-driver-registrar:v2.16.0-20260428,rke2/v1.36-prerelease,stdlib,v1.25.9,gobinary,CVE-2026-39826,MEDIUM,https://avd.aquasec.com/nvd/cve-2026-39826,csi-node-driver-registrar,"1.25.10, 1.26.3",true,not_affected,vulnerable_code_not_in_execute_path
rancher/mirrored-longhornio-csi-node-driver-registrar:v2.16.0-20260428,rke2/v1.36-prerelease,stdlib,v1.25.9,gobinary,CVE-2026-39836,HIGH,https://avd.aquasec.com/nvd/cve-2026-39836,csi-node-driver-registrar,"1.25.10, 1.26.3",true,affected,
rancher/mirrored-longhornio-csi-node-driver-registrar:v2.16.0-20260428,rke2/v1.36-prerelease,stdlib,v1.25.9,gobinary,CVE-2026-42499,HIGH,https://avd.aquasec.com/nvd/cve-2026-42499,csi-node-driver-registrar,"1.25.10, 1.26.3",true,not_affected,vulnerable_code_not_present
rancher/mirrored-longhornio-csi-node-driver-registrar:v2.16.0-20260428,rke2/v1.36-prerelease,golang.org/x/net,v0.49.0,gobinary,CVE-2026-42502,MEDIUM,https://avd.aquasec.com/nvd/cve-2026-42502,csi-node-driver-registrar,0.55.0,true,not_affected,vulnerable_code_not_present
rancher/mirrored-longhornio-csi-node-driver-registrar:v2.16.0-20260428,rke2/v1.36-prerelease,stdlib,v1.25.9,gobinary,CVE-2026-42504,HIGH,https://avd.aquasec.com/nvd/cve-2026-42504,csi-node-driver-registrar,"1.25.11, 1.26.4",true,not_affected,vulnerable_code_not_in_execute_path
rancher/mirrored-longhornio-csi-node-driver-registrar:v2.16.0-20260428,rke2/v1.36-prerelease,golang.org/x/net,v0.49.0,gobinary,CVE-2026-42506,MEDIUM,https://avd.aquasec.com/nvd/cve-2026-42506,csi-node-driver-registrar,0.55.0,true,not_affected,vulnerable_code_not_present
rancher/mirrored-longhornio-csi-node-driver-registrar:v2.16.0-20260428,rke2/v1.36-prerelease,stdlib,v1.25.9,gobinary,CVE-2026-42507,MEDIUM,https://avd.aquasec.com/nvd/cve-2026-42507,csi-node-driver-registrar,"1.25.11, 1.26.4",true,not_affected,vulnerable_code_not_in_execute_path
rancher/mirrored-longhornio-csi-node-driver-registrar:v2.16.0-20260428,rke2/v1.36-prerelease,golang.org/x/net,v0.49.0,gobinary,CVE-2026-46600,HIGH,https://avd.aquasec.com/nvd/cve-2026-46600,csi-node-driver-registrar,0.56.0,true,not_affected,vulnerable_code_not_present
rancher/mirrored-longhornio-csi-node-driver-registrar:v2.16.0-20260428,rke2/v1.36-prerelease,golang.org/x/text,v0.33.0,gobinary,CVE-2026-56852,HIGH,https://avd.aquasec.com/nvd/cve-2026-56852,csi-node-driver-registrar,0.39.0,true,not_affected,vulnerable_code_not_in_execute_path
rancher/mirrored-longhornio-csi-node-driver-registrar:v2.16.0-20260428,rke2/v1.36-prerelease,stdlib,v1.25.9,gobinary,CVE-2026-56853,HIGH,https://avd.aquasec.com/nvd/cve-2026-56853,csi-node-driver-registrar,"1.25.13, 1.26.6, 1.27.0-rc.3",true,affected,
rancher/mirrored-longhornio-csi-node-driver-registrar:v2.16.0-20260428,rke2/v1.36-prerelease,stdlib,v1.25.9,gobinary,CVE-2026-56859,HIGH,https://avd.aquasec.com/nvd/cve-2026-56859,csi-node-driver-registrar,"1.25.13, 1.26.6, 1.27.0-rc.3",true,not_affected,vulnerable_code_not_present
rancher/mirrored-longhornio-csi-node-driver-registrar:v2.16.0-20260428,rke2/v1.36-prerelease,stdlib,v1.25.9,gobinary,CVE-2026-56862,HIGH,https://avd.aquasec.com/nvd/cve-2026-56862,csi-node-driver-registrar,"1.25.13, 1.26.6, 1.27.0-rc.3",true,affected,
rancher/mirrored-longhornio-csi-node-driver-registrar:v2.16.0-20260428,rke2/v1.36-prerelease,stdlib,v1.25.9,gobinary,CVE-2026-56866,HIGH,https://avd.aquasec.com/nvd/cve-2026-56866,csi-node-driver-registrar,"1.26.9, 1.27.2",true,affected,severity_changed_due_to_suse_cvss_score
rancher/mirrored-longhornio-csi-node-driver-registrar:v2.16.0-20260428,rke2/v1.36-prerelease,stdlib,v1.25.9,gobinary,CVE-2026-78667,HIGH,https://avd.aquasec.com/nvd/cve-2026-78667,csi-node-driver-registrar,"1.26.9, 1.27.2",true,not_affected,vulnerable_code_not_in_execute_path
rancher/mirrored-longhornio-csi-node-driver-registrar:v2.16.0-20260428,rke2/v1.36-prerelease,golang.org/x/net,v0.49.0,gobinary,CVE-2026-78669,HIGH,https://avd.aquasec.com/nvd/cve-2026-78669,csi-node-driver-registrar,0.60.0,true,affected,
rancher/mirrored-longhornio-csi-node-driver-registrar:v2.16.0-20260428,rke2/v1.36-prerelease,stdlib,v1.25.9,gobinary,CVE-2026-78669,HIGH,https://avd.aquasec.com/nvd/cve-2026-78669,csi-node-driver-registrar,"1.26.9, 1.27.2",true,affected,
rancher/mirrored-longhornio-csi-node-driver-registrar:v2.16.0-20260428,rke2/v1.36-prerelease,google.golang.org/grpc,v1.79.3,gobinary,CVE-2026-84303,MEDIUM,https://avd.aquasec.com/nvd/cve-2026-84303,csi-node-driver-registrar,1.83.1,true,not_affected,vulnerable_code_not_present
rancher/mirrored-longhornio-csi-node-driver-registrar:v2.16.0-20260428,rke2/v1.36-prerelease,google.golang.org/grpc,v1.79.3,gobinary,CVE-2026-84304,HIGH,https://avd.aquasec.com/nvd/cve-2026-84304,csi-node-driver-registrar,1.83.1,true,affected,
rancher/mirrored-longhornio-csi-node-driver-registrar:v2.16.0-20260428,rke2/v1.36-prerelease,google.golang.org/grpc,v1.79.3,gobinary,CVE-2026-84445,HIGH,https://avd.aquasec.com/nvd/cve-2026-84445,csi-node-driver-registrar,"1.82.2, 1.83.2, 1.84.0-dev.0.20260825144003-d5a41119e0e3, 1.85.0-dev.0.20260825072537-93e31b48545e",true,not_affected,vulnerable_code_not_in_execute_path
rancher/mirrored-longhornio-csi-node-driver-registrar:v2.16.0-20260428,rke2/v1.36-prerelease,stdlib,v1.25.9,gobinary,CVE-2026-97031,HIGH,https://avd.aquasec.com/nvd/cve-2026-97031,csi-node-driver-registrar,"1.26.9, 1.27.2",true,affected,
rancher/mirrored-longhornio-csi-node-driver-registrar:v2.16.0-20260428,rke2/v1.36-prerelease,google.golang.org/grpc,v1.79.3,gobinary,GHSA-hrxh-6v49-42gf,HIGH,https://github.com/advisories/GHSA-hrxh-6v49-42gf,csi-node-driver-registrar,1.82.1,true,affected,
rancher/mirrored-longhornio-csi-provisioner:v5.3.0-20260428,rke2/v1.36-prerelease,golang.org/x/net,v0.48.0,gobinary,CVE-2026-25680,MEDIUM,https://avd.aquasec.com/nvd/cve-2026-25680,csi-provisioner,0.55.0,true,not_affected,vulnerable_code_not_in_execute_path
rancher/mirrored-longhornio-csi-provisioner:v5.3.0-20260428,rke2/v1.36-prerelease,golang.org/x/net,v0.48.0,gobinary,CVE-2026-25681,HIGH,https://avd.aquasec.com/nvd/cve-2026-25681,csi-provisioner,0.55.0,true,not_affected,vulnerable_code_not_in_execute_path
rancher/mirrored-longhornio-csi-provisioner:v5.3.0-20260428,rke2/v1.36-prerelease,golang.org/x/net,v0.48.0,gobinary,CVE-2026-27136,HIGH,https://avd.aquasec.com/nvd/cve-2026-27136,csi-provisioner,0.55.0,true,not_affected,vulnerable_code_not_in_execute_path
rancher/mirrored-longhornio-csi-provisioner:v5.3.0-20260428,rke2/v1.36-prerelease,go.opentelemetry.io/otel,v1.39.0,gobinary,CVE-2026-29181,HIGH,https://avd.aquasec.com/nvd/cve-2026-29181,csi-provisioner,1.41.0,true,affected,
rancher/mirrored-longhornio-csi-provisioner:v5.3.0-20260428,rke2/v1.36-prerelease,stdlib,v1.25.9,gobinary,CVE-2026-33811,HIGH,https://avd.aquasec.com/nvd/cve-2026-33811,csi-provisioner,"1.25.10, 1.26.3",true,not_affected,vulnerable_code_not_in_execute_path
rancher/mirrored-longhornio-csi-provisioner:v5.3.0-20260428,rke2/v1.36-prerelease,golang.org/x/net,v0.48.0,gobinary,CVE-2026-33814,HIGH,https://avd.aquasec.com/nvd/cve-2026-33814,csi-provisioner,0.53.0,true,affected,
rancher/mirrored-longhornio-csi-provisioner:v5.3.0-20260428,rke2/v1.36-prerelease,stdlib,v1.25.9,gobinary,CVE-2026-33814,HIGH,https://avd.aquasec.com/nvd/cve-2026-33814,csi-provisioner,"1.25.10, 1.26.3",true,affected,
rancher/mirrored-longhornio-csi-provisioner:v5.3.0-20260428,rke2/v1.36-prerelease,stdlib,v1.25.9,gobinary,CVE-2026-33818,HIGH,https://avd.aquasec.com/nvd/cve-2026-33818,csi-provisioner,"1.25.13, 1.26.6, 1.27.0-rc.3",true,affected,
rancher/mirrored-longhornio-csi-provisioner:v5.3.0-20260428,rke2/v1.36-prerelease,stdlib,v1.25.9,gobinary,CVE-2026-39820,HIGH,https://avd.aquasec.com/nvd/cve-2026-39820,csi-provisioner,"1.25.10, 1.26.3",true,not_affected,vulnerable_code_not_present
rancher/mirrored-longhornio-csi-provisioner:v5.3.0-20260428,rke2/v1.36-prerelease,golang.org/x/net,v0.48.0,gobinary,CVE-2026-39821,HIGH,https://avd.aquasec.com/nvd/cve-2026-39821,csi-provisioner,0.55.0,true,affected,
rancher/mirrored-longhornio-csi-provisioner:v5.3.0-20260428,rke2/v1.36-prerelease,stdlib,v1.25.9,gobinary,CVE-2026-39821,HIGH,https://avd.aquasec.com/nvd/cve-2026-39821,csi-provisioner,"1.25.13, 1.26.6, 1.27.0-rc.3",true,affected,
rancher/mirrored-longhornio-csi-provisioner:v5.3.0-20260428,rke2/v1.36-prerelease,stdlib,v1.25.9,gobinary,CVE-2026-39822,HIGH,https://avd.aquasec.com/nvd/cve-2026-39822,csi-provisioner,"1.25.12, 1.26.5, 1.27.0-rc.2",true,not_affected,vulnerable_code_not_in_execute_path
rancher/mirrored-longhornio-csi-provisioner:v5.3.0-20260428,rke2/v1.36-prerelease,stdlib,v1.25.9,gobinary,CVE-2026-39823,MEDIUM,https://avd.aquasec.com/nvd/cve-2026-39823,csi-provisioner,"1.25.10, 1.26.3",true,not_affected,vulnerable_code_not_in_execute_path
rancher/mirrored-longhornio-csi-provisioner:v5.3.0-20260428,rke2/v1.36-prerelease,stdlib,v1.25.9,gobinary,CVE-2026-39825,MEDIUM,https://avd.aquasec.com/nvd/cve-2026-39825,csi-provisioner,"1.25.10, 1.26.3",true,not_affected,vulnerable_code_not_in_execute_path
rancher/mirrored-longhornio-csi-provisioner:v5.3.0-20260428,rke2/v1.36-prerelease,stdlib,v1.25.9,gobinary,CVE-2026-39836,HIGH,https://avd.aquasec.com/nvd/cve-2026-39836,csi-provisioner,"1.25.10, 1.26.3",true,not_affected,vulnerable_code_not_in_execute_path
rancher/mirrored-longhornio-csi-provisioner:v5.3.0-20260428,rke2/v1.36-prerelease,stdlib,v1.25.9,gobinary,CVE-2026-42499,HIGH,https://avd.aquasec.com/nvd/cve-2026-42499,csi-provisioner,"1.25.10, 1.26.3",true,not_affected,vulnerable_code_not_present
rancher/mirrored-longhornio-csi-provisioner:v5.3.0-20260428,rke2/v1.36-prerelease,golang.org/x/net,v0.48.0,gobinary,CVE-2026-42502,MEDIUM,https://avd.aquasec.com/nvd/cve-2026-42502,csi-provisioner,0.55.0,true,not_affected,vulnerable_code_not_in_execute_path
rancher/mirrored-longhornio-csi-provisioner:v5.3.0-20260428,rke2/v1.36-prerelease,golang.org/x/net,v0.48.0,gobinary,CVE-2026-42506,MEDIUM,https://avd.aquasec.com/nvd/cve-2026-42506,csi-provisioner,0.55.0,true,not_affected,vulnerable_code_not_in_execute_path
rancher/mirrored-longhornio-csi-provisioner:v5.3.0-20260428,rke2/v1.36-prerelease,stdlib,v1.25.9,gobinary,CVE-2026-42507,MEDIUM,https://avd.aquasec.com/nvd/cve-2026-42507,csi-provisioner,"1.25.11, 1.26.4",true,not_affected,vulnerable_code_not_in_execute_path
rancher/mirrored-longhornio-csi-provisioner:v5.3.0-20260428,rke2/v1.36-prerelease,golang.org/x/net,v0.48.0,gobinary,CVE-2026-46600,HIGH,https://avd.aquasec.com/nvd/cve-2026-46600,csi-provisioner,0.56.0,true,not_affected,vulnerable_code_not_present
rancher/mirrored-longhornio-csi-provisioner:v5.3.0-20260428,rke2/v1.36-prerelease,golang.org/x/text,v0.32.0,gobinary,CVE-2026-56852,HIGH,https://avd.aquasec.com/nvd/cve-2026-56852,csi-provisioner,0.39.0,true,not_affected,vulnerable_code_not_in_execute_path
rancher/mirrored-longhornio-csi-provisioner:v5.3.0-20260428,rke2/v1.36-prerelease,stdlib,v1.25.9,gobinary,CVE-2026-56853,HIGH,https://avd.aquasec.com/nvd/cve-2026-56853,csi-provisioner,"1.25.13, 1.26.6, 1.27.0-rc.3",true,affected,
rancher/mirrored-longhornio-csi-provisioner:v5.3.0-20260428,rke2/v1.36-prerelease,stdlib,v1.25.9,gobinary,CVE-2026-56859,HIGH,https://avd.aquasec.com/nvd/cve-2026-56859,csi-provisioner,"1.25.13, 1.26.6, 1.27.0-rc.3",true,affected,
rancher/mirrored-longhornio-csi-provisioner:v5.3.0-20260428,rke2/v1.36-prerelease,stdlib,v1.25.9,gobinary,CVE-2026-56862,HIGH,https://avd.aquasec.com/nvd/cve-2026-56862,csi-provisioner,"1.25.13, 1.26.6, 1.27.0-rc.3",true,affected,
rancher/mirrored-longhornio-csi-provisioner:v5.3.0-20260428,rke2/v1.36-prerelease,stdlib,v1.25.9,gobinary,CVE-2026-56866,HIGH,https://avd.aquasec.com/nvd/cve-2026-56866,csi-provisioner,"1.26.9, 1.27.2",true,affected,severity_changed_due_to_suse_cvss_score
rancher/mirrored-longhornio-csi-provisioner:v5.3.0-20260428,rke2/v1.36-prerelease,stdlib,v1.25.9,gobinary,CVE-2026-78667,HIGH,https://avd.aquasec.com/nvd/cve-2026-78667,csi-provisioner,"1.26.9, 1.27.2",true,not_affected,vulnerable_code_not_in_execute_path
rancher/mirrored-longhornio-csi-provisioner:v5.3.0-20260428,rke2/v1.36-prerelease,golang.org/x/net,v0.48.0,gobinary,CVE-2026-78669,HIGH,https://avd.aquasec.com/nvd/cve-2026-78669,csi-provisioner,0.60.0,true,affected,
rancher/mirrored-longhornio-csi-provisioner:v5.3.0-20260428,rke2/v1.36-prerelease,stdlib,v1.25.9,gobinary,CVE-2026-78669,HIGH,https://avd.aquasec.com/nvd/cve-2026-78669,csi-provisioner,"1.26.9, 1.27.2",true,affected,
rancher/mirrored-longhornio-csi-provisioner:v5.3.0-20260428,rke2/v1.36-prerelease,google.golang.org/grpc,v1.79.3,gobinary,CVE-2026-84303,MEDIUM,https://avd.aquasec.com/nvd/cve-2026-84303,csi-provisioner,1.83.1,true,not_affected,vulnerable_code_not_present
rancher/mirrored-longhornio-csi-provisioner:v5.3.0-20260428,rke2/v1.36-prerelease,google.golang.org/grpc,v1.79.3,gobinary,CVE-2026-84304,HIGH,https://avd.aquasec.com/nvd/cve-2026-84304,csi-provisioner,1.83.1,true,affected,
rancher/mirrored-longhornio-csi-provisioner:v5.3.0-20260428,rke2/v1.36-prerelease,google.golang.org/grpc,v1.79.3,gobinary,CVE-2026-84445,HIGH,https://avd.aquasec.com/nvd/cve-2026-84445,csi-provisioner,"1.82.2, 1.83.2, 1.84.0-dev.0.20260825144003-d5a41119e0e3, 1.85.0-dev.0.20260825072537-93e31b48545e",true,not_affected,vulnerable_code_not_in_execute_path
rancher/mirrored-longhornio-csi-provisioner:v5.3.0-20260428,rke2/v1.36-prerelease,stdlib,v1.25.9,gobinary,CVE-2026-97031,HIGH,https://avd.aquasec.com/nvd/cve-2026-97031,csi-provisioner,"1.26.9, 1.27.2",true,affected,
rancher/mirrored-longhornio-csi-provisioner:v5.3.0-20260428,rke2/v1.36-prerelease,google.golang.org/grpc,v1.79.3,gobinary,GHSA-hrxh-6v49-42gf,HIGH,https://github.com/advisories/GHSA-hrxh-6v49-42gf,csi-provisioner,1.82.1,true,affected,
rancher/mirrored-longhornio-csi-resizer:v2.1.0-20260428,rke2/v1.36-prerelease,golang.org/x/net,v0.48.0,gobinary,CVE-2026-25680,MEDIUM,https://avd.aquasec.com/nvd/cve-2026-25680,csi-resizer,0.55.0,true,not_affected,vulnerable_code_not_present
rancher/mirrored-longhornio-csi-resizer:v2.1.0-20260428,rke2/v1.36-prerelease,golang.org/x/net,v0.48.0,gobinary,CVE-2026-25681,HIGH,https://avd.aquasec.com/nvd/cve-2026-25681,csi-resizer,0.55.0,true,not_affected,vulnerable_code_not_present
rancher/mirrored-longhornio-csi-resizer:v2.1.0-20260428,rke2/v1.36-prerelease,golang.org/x/net,v0.48.0,gobinary,CVE-2026-27136,HIGH,https://avd.aquasec.com/nvd/cve-2026-27136,csi-resizer,0.55.0,true,not_affected,vulnerable_code_not_present
rancher/mirrored-longhornio-csi-resizer:v2.1.0-20260428,rke2/v1.36-prerelease,stdlib,v1.25.9,gobinary,CVE-2026-33811,HIGH,https://avd.aquasec.com/nvd/cve-2026-33811,csi-resizer,"1.25.10, 1.26.3",true,not_affected,vulnerable_code_not_in_execute_path
rancher/mirrored-longhornio-csi-resizer:v2.1.0-20260428,rke2/v1.36-prerelease,golang.org/x/net,v0.48.0,gobinary,CVE-2026-33814,HIGH,https://avd.aquasec.com/nvd/cve-2026-33814,csi-resizer,0.53.0,true,affected,
rancher/mirrored-longhornio-csi-resizer:v2.1.0-20260428,rke2/v1.36-prerelease,stdlib,v1.25.9,gobinary,CVE-2026-33814,HIGH,https://avd.aquasec.com/nvd/cve-2026-33814,csi-resizer,"1.25.10, 1.26.3",true,affected,
rancher/mirrored-longhornio-csi-resizer:v2.1.0-20260428,rke2/v1.36-prerelease,stdlib,v1.25.9,gobinary,CVE-2026-33818,HIGH,https://avd.aquasec.com/nvd/cve-2026-33818,csi-resizer,"1.25.13, 1.26.6, 1.27.0-rc.3",true,affected,
rancher/mirrored-longhornio-csi-resizer:v2.1.0-20260428,rke2/v1.36-prerelease,stdlib,v1.25.9,gobinary,CVE-2026-39820,HIGH,https://avd.aquasec.com/nvd/cve-2026-39820,csi-resizer,"1.25.10, 1.26.3",true,not_affected,vulnerable_code_not_in_execute_path
rancher/mirrored-longhornio-csi-resizer:v2.1.0-20260428,rke2/v1.36-prerelease,golang.org/x/net,v0.48.0,gobinary,CVE-2026-39821,HIGH,https://avd.aquasec.com/nvd/cve-2026-39821,csi-resizer,0.55.0,true,affected,
rancher/mirrored-longhornio-csi-resizer:v2.1.0-20260428,rke2/v1.36-prerelease,stdlib,v1.25.9,gobinary,CVE-2026-39821,HIGH,https://avd.aquasec.com/nvd/cve-2026-39821,csi-resizer,"1.25.13, 1.26.6, 1.27.0-rc.3",true,affected,
rancher/mirrored-longhornio-csi-resizer:v2.1.0-20260428,rke2/v1.36-prerelease,stdlib,v1.25.9,gobinary,CVE-2026-39822,HIGH,https://avd.aquasec.com/nvd/cve-2026-39822,csi-resizer,"1.25.12, 1.26.5, 1.27.0-rc.2",true,not_affected,vulnerable_code_not_in_execute_path
rancher/mirrored-longhornio-csi-resizer:v2.1.0-20260428,rke2/v1.36-prerelease,stdlib,v1.25.9,gobinary,CVE-2026-39823,MEDIUM,https://avd.aquasec.com/nvd/cve-2026-39823,csi-resizer,"1.25.10, 1.26.3",true,not_affected,vulnerable_code_not_in_execute_path
rancher/mirrored-longhornio-csi-resizer:v2.1.0-20260428,rke2/v1.36-prerelease,stdlib,v1.25.9,gobinary,CVE-2026-39825,MEDIUM,https://avd.aquasec.com/nvd/cve-2026-39825,csi-resizer,"1.25.10, 1.26.3",true,not_affected,vulnerable_code_not_in_execute_path
rancher/mirrored-longhornio-csi-resizer:v2.1.0-20260428,rke2/v1.36-prerelease,golang.org/x/crypto,v0.46.0,gobinary,CVE-2026-39827,MEDIUM,https://avd.aquasec.com/nvd/cve-2026-39827,csi-resizer,0.52.0,true,not_affected,vulnerable_code_not_present
rancher/mirrored-longhornio-csi-resizer:v2.1.0-20260428,rke2/v1.36-prerelease,golang.org/x/crypto,v0.46.0,gobinary,CVE-2026-39828,HIGH,https://avd.aquasec.com/nvd/cve-2026-39828,csi-resizer,0.52.0,true,not_affected,vulnerable_code_not_present
rancher/mirrored-longhornio-csi-resizer:v2.1.0-20260428,rke2/v1.36-prerelease,golang.org/x/crypto,v0.46.0,gobinary,CVE-2026-39829,HIGH,https://avd.aquasec.com/nvd/cve-2026-39829,csi-resizer,0.52.0,true,not_affected,vulnerable_code_not_present
rancher/mirrored-longhornio-csi-resizer:v2.1.0-20260428,rke2/v1.36-prerelease,golang.org/x/crypto,v0.46.0,gobinary,CVE-2026-39830,HIGH,https://avd.aquasec.com/nvd/cve-2026-39830,csi-resizer,0.52.0,true,not_affected,vulnerable_code_not_present
rancher/mirrored-longhornio-csi-resizer:v2.1.0-20260428,rke2/v1.36-prerelease,golang.org/x/crypto,v0.46.0,gobinary,CVE-2026-39831,HIGH,https://avd.aquasec.com/nvd/cve-2026-39831,csi-resizer,0.52.0,true,not_affected,vulnerable_code_not_present
rancher/mirrored-longhornio-csi-resizer:v2.1.0-20260428,rke2/v1.36-prerelease,golang.org/x/crypto,v0.46.0,gobinary,CVE-2026-39832,HIGH,https://avd.aquasec.com/nvd/cve-2026-39832,csi-resizer,0.52.0,true,not_affected,vulnerable_code_not_present
rancher/mirrored-longhornio-csi-resizer:v2.1.0-20260428,rke2/v1.36-prerelease,golang.org/x/crypto,v0.46.0,gobinary,CVE-2026-39833,MEDIUM,https://avd.aquasec.com/nvd/cve-2026-39833,csi-resizer,0.52.0,true,not_affected,vulnerable_code_not_present
rancher/mirrored-longhornio-csi-resizer:v2.1.0-20260428,rke2/v1.36-prerelease,golang.org/x/crypto,v0.46.0,gobinary,CVE-2026-39834,MEDIUM,https://avd.aquasec.com/nvd/cve-2026-39834,csi-resizer,0.52.0,true,not_affected,vulnerable_code_not_present
rancher/mirrored-longhornio-csi-resizer:v2.1.0-20260428,rke2/v1.36-prerelease,golang.org/x/crypto,v0.46.0,gobinary,CVE-2026-39835,HIGH,https://avd.aquasec.com/nvd/cve-2026-39835,csi-resizer,0.52.0,true,not_affected,vulnerable_code_not_present
rancher/mirrored-longhornio-csi-resizer:v2.1.0-20260428,rke2/v1.36-prerelease,stdlib,v1.25.9,gobinary,CVE-2026-39836,HIGH,https://avd.aquasec.com/nvd/cve-2026-39836,csi-resizer,"1.25.10, 1.26.3",true,not_affected,vulnerable_code_not_in_execute_path
rancher/mirrored-longhornio-csi-resizer:v2.1.0-20260428,rke2/v1.36-prerelease,stdlib,v1.25.9,gobinary,CVE-2026-42499,HIGH,https://avd.aquasec.com/nvd/cve-2026-42499,csi-resizer,"1.25.10, 1.26.3",true,affected,
rancher/mirrored-longhornio-csi-resizer:v2.1.0-20260428,rke2/v1.36-prerelease,golang.org/x/net,v0.48.0,gobinary,CVE-2026-42502,MEDIUM,https://avd.aquasec.com/nvd/cve-2026-42502,csi-resizer,0.55.0,true,not_affected,vulnerable_code_not_present
rancher/mirrored-longhornio-csi-resizer:v2.1.0-20260428,rke2/v1.36-prerelease,golang.org/x/net,v0.48.0,gobinary,CVE-2026-42506,MEDIUM,https://avd.aquasec.com/nvd/cve-2026-42506,csi-resizer,0.55.0,true,not_affected,vulnerable_code_not_present
rancher/mirrored-longhornio-csi-resizer:v2.1.0-20260428,rke2/v1.36-prerelease,stdlib,v1.25.9,gobinary,CVE-2026-42507,MEDIUM,https://avd.aquasec.com/nvd/cve-2026-42507,csi-resizer,"1.25.11, 1.26.4",true,not_affected,vulnerable_code_not_in_execute_path
rancher/mirrored-longhornio-csi-resizer:v2.1.0-20260428,rke2/v1.36-prerelease,golang.org/x/crypto,v0.46.0,gobinary,CVE-2026-42508,HIGH,https://avd.aquasec.com/nvd/cve-2026-42508,csi-resizer,0.52.0,true,not_affected,vulnerable_code_not_present
rancher/mirrored-longhornio-csi-resizer:v2.1.0-20260428,rke2/v1.36-prerelease,golang.org/x/crypto,v0.46.0,gobinary,CVE-2026-46595,HIGH,https://avd.aquasec.com/nvd/cve-2026-46595,csi-resizer,0.52.0,true,not_affected,vulnerable_code_not_present
rancher/mirrored-longhornio-csi-resizer:v2.1.0-20260428,rke2/v1.36-prerelease,golang.org/x/crypto,v0.46.0,gobinary,CVE-2026-46597,HIGH,https://avd.aquasec.com/nvd/cve-2026-46597,csi-resizer,0.52.0,true,not_affected,vulnerable_code_not_present
rancher/mirrored-longhornio-csi-resizer:v2.1.0-20260428,rke2/v1.36-prerelease,golang.org/x/crypto,v0.46.0,gobinary,CVE-2026-46598,MEDIUM,https://avd.aquasec.com/nvd/cve-2026-46598,csi-resizer,0.52.0,true,not_affected,vulnerable_code_not_present
rancher/mirrored-longhornio-csi-resizer:v2.1.0-20260428,rke2/v1.36-prerelease,golang.org/x/net,v0.48.0,gobinary,CVE-2026-46600,HIGH,https://avd.aquasec.com/nvd/cve-2026-46600,csi-resizer,0.56.0,true,not_affected,vulnerable_code_not_present
rancher/mirrored-longhornio-csi-resizer:v2.1.0-20260428,rke2/v1.36-prerelease,stdlib,v1.25.9,gobinary,CVE-2026-56853,HIGH,https://avd.aquasec.com/nvd/cve-2026-56853,csi-resizer,"1.25.13, 1.26.6, 1.27.0-rc.3",true,affected,
rancher/mirrored-longhornio-csi-resizer:v2.1.0-20260428,rke2/v1.36-prerelease,golang.org/x/crypto,v0.46.0,gobinary,CVE-2026-56854,HIGH,https://avd.aquasec.com/nvd/cve-2026-56854,csi-resizer,0.55.0,true,not_affected,vulnerable_code_not_present
rancher/mirrored-longhornio-csi-resizer:v2.1.0-20260428,rke2/v1.36-prerelease,golang.org/x/crypto,v0.46.0,gobinary,CVE-2026-56855,MEDIUM,https://avd.aquasec.com/nvd/cve-2026-56855,csi-resizer,0.56.0,true,not_affected,vulnerable_code_not_present
rancher/mirrored-longhornio-csi-resizer:v2.1.0-20260428,rke2/v1.36-prerelease,stdlib,v1.25.9,gobinary,CVE-2026-56859,HIGH,https://avd.aquasec.com/nvd/cve-2026-56859,csi-resizer,"1.25.13, 1.26.6, 1.27.0-rc.3",true,affected,
rancher/mirrored-longhornio-csi-resizer:v2.1.0-20260428,rke2/v1.36-prerelease,stdlib,v1.25.9,gobinary,CVE-2026-56862,HIGH,https://avd.aquasec.com/nvd/cve-2026-56862,csi-resizer,"1.25.13, 1.26.6, 1.27.0-rc.3",true,affected,
rancher/mirrored-longhornio-csi-resizer:v2.1.0-20260428,rke2/v1.36-prerelease,stdlib,v1.25.9,gobinary,CVE-2026-56866,HIGH,https://avd.aquasec.com/nvd/cve-2026-56866,csi-resizer,"1.26.9, 1.27.2",true,affected,severity_changed_due_to_suse_cvss_score
rancher/mirrored-longhornio-csi-resizer:v2.1.0-20260428,rke2/v1.36-prerelease,golang.org/x/crypto,v0.46.0,gobinary,CVE-2026-78662,MEDIUM,https://avd.aquasec.com/nvd/cve-2026-78662,csi-resizer,0.56.0,true,not_affected,vulnerable_code_not_present
rancher/mirrored-longhornio-csi-resizer:v2.1.0-20260428,rke2/v1.36-prerelease,stdlib,v1.25.9,gobinary,CVE-2026-78667,HIGH,https://avd.aquasec.com/nvd/cve-2026-78667,csi-resizer,"1.26.9, 1.27.2",true,not_affected,vulnerable_code_not_in_execute_path
rancher/mirrored-longhornio-csi-resizer:v2.1.0-20260428,rke2/v1.36-prerelease,golang.org/x/net,v0.48.0,gobinary,CVE-2026-78669,HIGH,https://avd.aquasec.com/nvd/cve-2026-78669,csi-resizer,0.60.0,true,affected,
rancher/mirrored-longhornio-csi-resizer:v2.1.0-20260428,rke2/v1.36-prerelease,stdlib,v1.25.9,gobinary,CVE-2026-78669,HIGH,https://avd.aquasec.com/nvd/cve-2026-78669,csi-resizer,"1.26.9, 1.27.2",true,affected,
rancher/mirrored-longhornio-csi-resizer:v2.1.0-20260428,rke2/v1.36-prerelease,google.golang.org/grpc,v1.79.3,gobinary,CVE-2026-84303,MEDIUM,https://avd.aquasec.com/nvd/cve-2026-84303,csi-resizer,1.83.1,true,not_affected,vulnerable_code_not_present
rancher/mirrored-longhornio-csi-resizer:v2.1.0-20260428,rke2/v1.36-prerelease,google.golang.org/grpc,v1.79.3,gobinary,CVE-2026-84304,HIGH,https://avd.aquasec.com/nvd/cve-2026-84304,csi-resizer,1.83.1,true,affected,
rancher/mirrored-longhornio-csi-resizer:v2.1.0-20260428,rke2/v1.36-prerelease,google.golang.org/grpc,v1.79.3,gobinary,CVE-2026-84445,HIGH,https://avd.aquasec.com/nvd/cve-2026-84445,csi-resizer,"1.82.2, 1.83.2, 1.84.0-dev.0.20260825144003-d5a41119e0e3, 1.85.0-dev.0.20260825072537-93e31b48545e",true,not_affected,vulnerable_code_not_in_execute_path
rancher/mirrored-longhornio-csi-resizer:v2.1.0-20260428,rke2/v1.36-prerelease,stdlib,v1.25.9,gobinary,CVE-2026-97031,HIGH,https://avd.aquasec.com/nvd/cve-2026-97031,csi-resizer,"1.26.9, 1.27.2",true,affected,
rancher/mirrored-longhornio-csi-resizer:v2.1.0-20260428,rke2/v1.36-prerelease,google.golang.org/grpc,v1.79.3,gobinary,GHSA-hrxh-6v49-42gf,HIGH,https://github.com/advisories/GHSA-hrxh-6v49-42gf,csi-resizer,1.82.1,true,affected,
rancher/mirrored-longhornio-csi-snapshotter:v8.5.0-20260428,rke2/v1.36-prerelease,golang.org/x/net,v0.49.0,gobinary,CVE-2026-25680,MEDIUM,https://avd.aquasec.com/nvd/cve-2026-25680,csi-snapshotter,0.55.0,true,not_affected,vulnerable_code_not_present
rancher/mirrored-longhornio-csi-snapshotter:v8.5.0-20260428,rke2/v1.36-prerelease,golang.org/x/net,v0.49.0,gobinary,CVE-2026-25681,HIGH,https://avd.aquasec.com/nvd/cve-2026-25681,csi-snapshotter,0.55.0,true,not_affected,vulnerable_code_not_present
rancher/mirrored-longhornio-csi-snapshotter:v8.5.0-20260428,rke2/v1.36-prerelease,golang.org/x/net,v0.49.0,gobinary,CVE-2026-27136,HIGH,https://avd.aquasec.com/nvd/cve-2026-27136,csi-snapshotter,0.55.0,true,not_affected,vulnerable_code_not_present
rancher/mirrored-longhornio-csi-snapshotter:v8.5.0-20260428,rke2/v1.36-prerelease,stdlib,v1.25.9,gobinary,CVE-2026-33811,HIGH,https://avd.aquasec.com/nvd/cve-2026-33811,csi-snapshotter,"1.25.10, 1.26.3",true,not_affected,vulnerable_code_not_in_execute_path
rancher/mirrored-longhornio-csi-snapshotter:v8.5.0-20260428,rke2/v1.36-prerelease,golang.org/x/net,v0.49.0,gobinary,CVE-2026-33814,HIGH,https://avd.aquasec.com/nvd/cve-2026-33814,csi-snapshotter,0.53.0,true,affected,
rancher/mirrored-longhornio-csi-snapshotter:v8.5.0-20260428,rke2/v1.36-prerelease,stdlib,v1.25.9,gobinary,CVE-2026-33814,HIGH,https://avd.aquasec.com/nvd/cve-2026-33814,csi-snapshotter,"1.25.10, 1.26.3",true,not_affected,vulnerable_code_not_in_execute_path
rancher/mirrored-longhornio-csi-snapshotter:v8.5.0-20260428,rke2/v1.36-prerelease,stdlib,v1.25.9,gobinary,CVE-2026-33818,HIGH,https://avd.aquasec.com/nvd/cve-2026-33818,csi-snapshotter,"1.25.13, 1.26.6, 1.27.0-rc.3",true,affected,
rancher/mirrored-longhornio-csi-snapshotter:v8.5.0-20260428,rke2/v1.36-prerelease,stdlib,v1.25.9,gobinary,CVE-2026-39820,HIGH,https://avd.aquasec.com/nvd/cve-2026-39820,csi-snapshotter,"1.25.10, 1.26.3",true,affected,
rancher/mirrored-longhornio-csi-snapshotter:v8.5.0-20260428,rke2/v1.36-prerelease,golang.org/x/net,v0.49.0,gobinary,CVE-2026-39821,HIGH,https://avd.aquasec.com/nvd/cve-2026-39821,csi-snapshotter,0.55.0,true,affected,
rancher/mirrored-longhornio-csi-snapshotter:v8.5.0-20260428,rke2/v1.36-prerelease,stdlib,v1.25.9,gobinary,CVE-2026-39821,HIGH,https://avd.aquasec.com/nvd/cve-2026-39821,csi-snapshotter,"1.25.13, 1.26.6, 1.27.0-rc.3",true,affected,
rancher/mirrored-longhornio-csi-snapshotter:v8.5.0-20260428,rke2/v1.36-prerelease,stdlib,v1.25.9,gobinary,CVE-2026-39822,HIGH,https://avd.aquasec.com/nvd/cve-2026-39822,csi-snapshotter,"1.25.12, 1.26.5, 1.27.0-rc.2",true,not_affected,vulnerable_code_not_in_execute_path
rancher/mirrored-longhornio-csi-snapshotter:v8.5.0-20260428,rke2/v1.36-prerelease,stdlib,v1.25.9,gobinary,CVE-2026-39825,MEDIUM,https://avd.aquasec.com/nvd/cve-2026-39825,csi-snapshotter,"1.25.10, 1.26.3",true,not_affected,vulnerable_code_not_in_execute_path
rancher/mirrored-longhornio-csi-snapshotter:v8.5.0-20260428,rke2/v1.36-prerelease,stdlib,v1.25.9,gobinary,CVE-2026-39826,MEDIUM,https://avd.aquasec.com/nvd/cve-2026-39826,csi-snapshotter,"1.25.10, 1.26.3",true,not_affected,vulnerable_code_not_in_execute_path
rancher/mirrored-longhornio-csi-snapshotter:v8.5.0-20260428,rke2/v1.36-prerelease,golang.org/x/crypto,v0.47.0,gobinary,CVE-2026-39827,MEDIUM,https://avd.aquasec.com/nvd/cve-2026-39827,csi-snapshotter,0.52.0,true,not_affected,vulnerable_code_not_present
rancher/mirrored-longhornio-csi-snapshotter:v8.5.0-20260428,rke2/v1.36-prerelease,golang.org/x/crypto,v0.47.0,gobinary,CVE-2026-39828,HIGH,https://avd.aquasec.com/nvd/cve-2026-39828,csi-snapshotter,0.52.0,true,not_affected,vulnerable_code_not_present
rancher/mirrored-longhornio-csi-snapshotter:v8.5.0-20260428,rke2/v1.36-prerelease,golang.org/x/crypto,v0.47.0,gobinary,CVE-2026-39829,HIGH,https://avd.aquasec.com/nvd/cve-2026-39829,csi-snapshotter,0.52.0,true,not_affected,vulnerable_code_not_present
rancher/mirrored-longhornio-csi-snapshotter:v8.5.0-20260428,rke2/v1.36-prerelease,golang.org/x/crypto,v0.47.0,gobinary,CVE-2026-39830,HIGH,https://avd.aquasec.com/nvd/cve-2026-39830,csi-snapshotter,0.52.0,true,not_affected,vulnerable_code_not_present
rancher/mirrored-longhornio-csi-snapshotter:v8.5.0-20260428,rke2/v1.36-prerelease,golang.org/x/crypto,v0.47.0,gobinary,CVE-2026-39831,HIGH,https://avd.aquasec.com/nvd/cve-2026-39831,csi-snapshotter,0.52.0,true,not_affected,vulnerable_code_not_present
rancher/mirrored-longhornio-csi-snapshotter:v8.5.0-20260428,rke2/v1.36-prerelease,golang.org/x/crypto,v0.47.0,gobinary,CVE-2026-39832,HIGH,https://avd.aquasec.com/nvd/cve-2026-39832,csi-snapshotter,0.52.0,true,not_affected,vulnerable_code_not_present
rancher/mirrored-longhornio-csi-snapshotter:v8.5.0-20260428,rke2/v1.36-prerelease,golang.org/x/crypto,v0.47.0,gobinary,CVE-2026-39833,MEDIUM,https://avd.aquasec.com/nvd/cve-2026-39833,csi-snapshotter,0.52.0,true,not_affected,vulnerable_code_not_present
rancher/mirrored-longhornio-csi-snapshotter:v8.5.0-20260428,rke2/v1.36-prerelease,golang.org/x/crypto,v0.47.0,gobinary,CVE-2026-39834,MEDIUM,https://avd.aquasec.com/nvd/cve-2026-39834,csi-snapshotter,0.52.0,true,not_affected,vulnerable_code_not_present
rancher/mirrored-longhornio-csi-snapshotter:v8.5.0-20260428,rke2/v1.36-prerelease,golang.org/x/crypto,v0.47.0,gobinary,CVE-2026-39835,HIGH,https://avd.aquasec.com/nvd/cve-2026-39835,csi-snapshotter,0.52.0,true,not_affected,vulnerable_code_not_present
rancher/mirrored-longhornio-csi-snapshotter:v8.5.0-20260428,rke2/v1.36-prerelease,stdlib,v1.25.9,gobinary,CVE-2026-39836,HIGH,https://avd.aquasec.com/nvd/cve-2026-39836,csi-snapshotter,"1.25.10, 1.26.3",true,not_affected,vulnerable_code_not_in_execute_path
rancher/mirrored-longhornio-csi-snapshotter:v8.5.0-20260428,rke2/v1.36-prerelease,stdlib,v1.25.9,gobinary,CVE-2026-42499,HIGH,https://avd.aquasec.com/nvd/cve-2026-42499,csi-snapshotter,"1.25.10, 1.26.3",true,affected,
rancher/mirrored-longhornio-csi-snapshotter:v8.5.0-20260428,rke2/v1.36-prerelease,golang.org/x/net,v0.49.0,gobinary,CVE-2026-42502,MEDIUM,https://avd.aquasec.com/nvd/cve-2026-42502,csi-snapshotter,0.55.0,true,not_affected,vulnerable_code_not_present
rancher/mirrored-longhornio-csi-snapshotter:v8.5.0-20260428,rke2/v1.36-prerelease,golang.org/x/net,v0.49.0,gobinary,CVE-2026-42506,MEDIUM,https://avd.aquasec.com/nvd/cve-2026-42506,csi-snapshotter,0.55.0,true,not_affected,vulnerable_code_not_present
rancher/mirrored-longhornio-csi-snapshotter:v8.5.0-20260428,rke2/v1.36-prerelease,golang.org/x/crypto,v0.47.0,gobinary,CVE-2026-42508,HIGH,https://avd.aquasec.com/nvd/cve-2026-42508,csi-snapshotter,0.52.0,true,not_affected,vulnerable_code_not_present
rancher/mirrored-longhornio-csi-snapshotter:v8.5.0-20260428,rke2/v1.36-prerelease,golang.org/x/crypto,v0.47.0,gobinary,CVE-2026-46595,HIGH,https://avd.aquasec.com/nvd/cve-2026-46595,csi-snapshotter,0.52.0,true,not_affected,vulnerable_code_not_present
rancher/mirrored-longhornio-csi-snapshotter:v8.5.0-20260428,rke2/v1.36-prerelease,golang.org/x/crypto,v0.47.0,gobinary,CVE-2026-46597,HIGH,https://avd.aquasec.com/nvd/cve-2026-46597,csi-snapshotter,0.52.0,true,not_affected,vulnerable_code_not_present
rancher/mirrored-longhornio-csi-snapshotter:v8.5.0-20260428,rke2/v1.36-prerelease,golang.org/x/crypto,v0.47.0,gobinary,CVE-2026-46598,MEDIUM,https://avd.aquasec.com/nvd/cve-2026-46598,csi-snapshotter,0.52.0,true,not_affected,vulnerable_code_not_present
rancher/mirrored-longhornio-csi-snapshotter:v8.5.0-20260428,rke2/v1.36-prerelease,golang.org/x/net,v0.49.0,gobinary,CVE-2026-46600,HIGH,https://avd.aquasec.com/nvd/cve-2026-46600,csi-snapshotter,0.56.0,true,not_affected,vulnerable_code_not_present
rancher/mirrored-longhornio-csi-snapshotter:v8.5.0-20260428,rke2/v1.36-prerelease,stdlib,v1.25.9,gobinary,CVE-2026-56853,HIGH,https://avd.aquasec.com/nvd/cve-2026-56853,csi-snapshotter,"1.25.13, 1.26.6, 1.27.0-rc.3",true,affected,
rancher/mirrored-longhornio-csi-snapshotter:v8.5.0-20260428,rke2/v1.36-prerelease,golang.org/x/crypto,v0.47.0,gobinary,CVE-2026-56854,HIGH,https://avd.aquasec.com/nvd/cve-2026-56854,csi-snapshotter,0.55.0,true,not_affected,vulnerable_code_not_present
rancher/mirrored-longhornio-csi-snapshotter:v8.5.0-20260428,rke2/v1.36-prerelease,golang.org/x/crypto,v0.47.0,gobinary,CVE-2026-56855,MEDIUM,https://avd.aquasec.com/nvd/cve-2026-56855,csi-snapshotter,0.56.0,true,not_affected,vulnerable_code_not_present
rancher/mirrored-longhornio-csi-snapshotter:v8.5.0-20260428,rke2/v1.36-prerelease,stdlib,v1.25.9,gobinary,CVE-2026-56859,HIGH,https://avd.aquasec.com/nvd/cve-2026-56859,csi-snapshotter,"1.25.13, 1.26.6, 1.27.0-rc.3",true,affected,
rancher/mirrored-longhornio-csi-snapshotter:v8.5.0-20260428,rke2/v1.36-prerelease,stdlib,v1.25.9,gobinary,CVE-2026-56862,HIGH,https://avd.aquasec.com/nvd/cve-2026-56862,csi-snapshotter,"1.25.13, 1.26.6, 1.27.0-rc.3",true,affected,
rancher/mirrored-longhornio-csi-snapshotter:v8.5.0-20260428,rke2/v1.36-prerelease,stdlib,v1.25.9,gobinary,CVE-2026-56866,HIGH,https://avd.aquasec.com/nvd/cve-2026-56866,csi-snapshotter,"1.26.9, 1.27.2",true,affected,severity_changed_due_to_suse_cvss_score
rancher/mirrored-longhornio-csi-snapshotter:v8.5.0-20260428,rke2/v1.36-prerelease,golang.org/x/crypto,v0.47.0,gobinary,CVE-2026-78662,MEDIUM,https://avd.aquasec.com/nvd/cve-2026-78662,csi-snapshotter,0.56.0,true,not_affected,vulnerable_code_not_present
rancher/mirrored-longhornio-csi-snapshotter:v8.5.0-20260428,rke2/v1.36-prerelease,stdlib,v1.25.9,gobinary,CVE-2026-78667,HIGH,https://avd.aquasec.com/nvd/cve-2026-78667,csi-snapshotter,"1.26.9, 1.27.2",true,not_affected,vulnerable_code_not_in_execute_path
rancher/mirrored-longhornio-csi-snapshotter:v8.5.0-20260428,rke2/v1.36-prerelease,golang.org/x/net,v0.49.0,gobinary,CVE-2026-78669,HIGH,https://avd.aquasec.com/nvd/cve-2026-78669,csi-snapshotter,0.60.0,true,affected,
rancher/mirrored-longhornio-csi-snapshotter:v8.5.0-20260428,rke2/v1.36-prerelease,stdlib,v1.25.9,gobinary,CVE-2026-78669,HIGH,https://avd.aquasec.com/nvd/cve-2026-78669,csi-snapshotter,"1.26.9, 1.27.2",true,affected,
rancher/mirrored-longhornio-csi-snapshotter:v8.5.0-20260428,rke2/v1.36-prerelease,google.golang.org/grpc,v1.79.3,gobinary,CVE-2026-84303,MEDIUM,https://avd.aquasec.com/nvd/cve-2026-84303,csi-snapshotter,1.83.1,true,not_affected,vulnerable_code_not_present
rancher/mirrored-longhornio-csi-snapshotter:v8.5.0-20260428,rke2/v1.36-prerelease,google.golang.org/grpc,v1.79.3,gobinary,CVE-2026-84304,HIGH,https://avd.aquasec.com/nvd/cve-2026-84304,csi-snapshotter,1.83.1,true,affected,
rancher/mirrored-longhornio-csi-snapshotter:v8.5.0-20260428,rke2/v1.36-prerelease,google.golang.org/grpc,v1.79.3,gobinary,CVE-2026-84445,HIGH,https://avd.aquasec.com/nvd/cve-2026-84445,csi-snapshotter,"1.82.2, 1.83.2, 1.84.0-dev.0.20260825144003-d5a41119e0e3, 1.85.0-dev.0.20260825072537-93e31b48545e",true,not_affected,vulnerable_code_not_in_execute_path
rancher/mirrored-longhornio-csi-snapshotter:v8.5.0-20260428,rke2/v1.36-prerelease,stdlib,v1.25.9,gobinary,CVE-2026-97031,HIGH,https://avd.aquasec.com/nvd/cve-2026-97031,csi-snapshotter,"1.26.9, 1.27.2",true,affected,
rancher/mirrored-longhornio-csi-snapshotter:v8.5.0-20260428,rke2/v1.36-prerelease,google.golang.org/grpc,v1.79.3,gobinary,GHSA-hrxh-6v49-42gf,HIGH,https://github.com/advisories/GHSA-hrxh-6v49-42gf,csi-snapshotter,1.82.1,true,affected,
rancher/rke2-cloud-provider:v1.36.5-0.20260915232631-dca49392c395-build20260916,rke2/v1.36-prerelease,stdlib,v1.26.8,gobinary,CVE-2026-56866,HIGH,https://avd.aquasec.com/nvd/cve-2026-56866,usr/local/bin/rke2-cloud-provider,"1.26.9, 1.27.2",false,affected,severity_changed_due_to_suse_cvss_score
rancher/rke2-cloud-provider:v1.36.5-0.20260915232631-dca49392c395-build20260916,rke2/v1.36-prerelease,stdlib,v1.26.8,gobinary,CVE-2026-78667,HIGH,https://avd.aquasec.com/nvd/cve-2026-78667,usr/local/bin/rke2-cloud-provider,"1.26.9, 1.27.2",false,not_affected,vulnerable_code_not_in_execute_path
rancher/rke2-cloud-provider:v1.36.5-0.20260915232631-dca49392c395-build20260916,rke2/v1.36-prerelease,golang.org/x/net,v0.56.0,gobinary,CVE-2026-78669,HIGH,https://avd.aquasec.com/nvd/cve-2026-78669,usr/local/bin/rke2-cloud-provider,0.60.0,false,affected,
rancher/rke2-cloud-provider:v1.36.5-0.20260915232631-dca49392c395-build20260916,rke2/v1.36-prerelease,stdlib,v1.26.8,gobinary,CVE-2026-78669,HIGH,https://avd.aquasec.com/nvd/cve-2026-78669,usr/local/bin/rke2-cloud-provider,"1.26.9, 1.27.2",false,affected,
rancher/rke2-cloud-provider:v1.36.5-0.20260915232631-dca49392c395-build20260916,rke2/v1.36-prerelease,stdlib,v1.26.8,gobinary,CVE-2026-97031,HIGH,https://avd.aquasec.com/nvd/cve-2026-97031,usr/local/bin/rke2-cloud-provider,"1.26.9, 1.27.2",false,affected,
registry.rancher.com/rancher/hardened-cloud-provider-vsphere:v1.36.0-build20260911,rke2/v1.36-prerelease,stdlib,v1.26.8,gobinary,CVE-2026-56866,HIGH,https://avd.aquasec.com/nvd/cve-2026-56866,vsphere-cloud-controller-manager,"1.26.9, 1.27.2",false,affected,severity_changed_due_to_suse_cvss_score
registry.rancher.com/rancher/hardened-cloud-provider-vsphere:v1.36.0-build20260911,rke2/v1.36-prerelease,stdlib,v1.26.8,gobinary,CVE-2026-78667,HIGH,https://avd.aquasec.com/nvd/cve-2026-78667,vsphere-cloud-controller-manager,"1.26.9, 1.27.2",false,affected,
registry.rancher.com/rancher/hardened-cloud-provider-vsphere:v1.36.0-build20260911,rke2/v1.36-prerelease,golang.org/x/net,v0.58.0,gobinary,CVE-2026-78669,HIGH,https://avd.aquasec.com/nvd/cve-2026-78669,vsphere-cloud-controller-manager,0.60.0,false,affected,
registry.rancher.com/rancher/hardened-cloud-provider-vsphere:v1.36.0-build20260911,rke2/v1.36-prerelease,stdlib,v1.26.8,gobinary,CVE-2026-78669,HIGH,https://avd.aquasec.com/nvd/cve-2026-78669,vsphere-cloud-controller-manager,"1.26.9, 1.27.2",false,affected,
registry.rancher.com/rancher/hardened-cloud-provider-vsphere:v1.36.0-build20260911,rke2/v1.36-prerelease,stdlib,v1.26.8,gobinary,CVE-2026-97031,HIGH,https://avd.aquasec.com/nvd/cve-2026-97031,vsphere-cloud-controller-manager,"1.26.9, 1.27.2",false,affected,
registry.rancher.com/rancher/hardened-csi-attacher:v4.9.0-build20260909,rke2/v1.36-prerelease,stdlib,v1.26.8,gobinary,CVE-2026-56866,HIGH,https://avd.aquasec.com/nvd/cve-2026-56866,csi-attacher,"1.26.9, 1.27.2",false,affected,severity_changed_due_to_suse_cvss_score
registry.rancher.com/rancher/hardened-csi-attacher:v4.9.0-build20260909,rke2/v1.36-prerelease,stdlib,v1.26.8,gobinary,CVE-2026-78667,HIGH,https://avd.aquasec.com/nvd/cve-2026-78667,csi-attacher,"1.26.9, 1.27.2",false,affected,
registry.rancher.com/rancher/hardened-csi-attacher:v4.9.0-build20260909,rke2/v1.36-prerelease,golang.org/x/net,v0.56.0,gobinary,CVE-2026-78669,HIGH,https://avd.aquasec.com/nvd/cve-2026-78669,csi-attacher,0.60.0,false,affected,
registry.rancher.com/rancher/hardened-csi-attacher:v4.9.0-build20260909,rke2/v1.36-prerelease,stdlib,v1.26.8,gobinary,CVE-2026-78669,HIGH,https://avd.aquasec.com/nvd/cve-2026-78669,csi-attacher,"1.26.9, 1.27.2",false,affected,
registry.rancher.com/rancher/hardened-csi-attacher:v4.9.0-build20260909,rke2/v1.36-prerelease,stdlib,v1.26.8,gobinary,CVE-2026-97031,HIGH,https://avd.aquasec.com/nvd/cve-2026-97031,csi-attacher,"1.26.9, 1.27.2",false,affected,
registry.rancher.com/rancher/hardened-csi-node-driver-registrar:v2.13.0-build20260909,rke2/v1.36-prerelease,stdlib,v1.26.8,gobinary,CVE-2026-56866,HIGH,https://avd.aquasec.com/nvd/cve-2026-56866,csi-node-driver-registrar,"1.26.9, 1.27.2",false,affected,severity_changed_due_to_suse_cvss_score
registry.rancher.com/rancher/hardened-csi-node-driver-registrar:v2.13.0-build20260909,rke2/v1.36-prerelease,stdlib,v1.26.8,gobinary,CVE-2026-78667,HIGH,https://avd.aquasec.com/nvd/cve-2026-78667,csi-node-driver-registrar,"1.26.9, 1.27.2",false,affected,
registry.rancher.com/rancher/hardened-csi-node-driver-registrar:v2.13.0-build20260909,rke2/v1.36-prerelease,golang.org/x/net,v0.56.0,gobinary,CVE-2026-78669,HIGH,https://avd.aquasec.com/nvd/cve-2026-78669,csi-node-driver-registrar,0.60.0,false,affected,
registry.rancher.com/rancher/hardened-csi-node-driver-registrar:v2.13.0-build20260909,rke2/v1.36-prerelease,stdlib,v1.26.8,gobinary,CVE-2026-78669,HIGH,https://avd.aquasec.com/nvd/cve-2026-78669,csi-node-driver-registrar,"1.26.9, 1.27.2",false,affected,
registry.rancher.com/rancher/hardened-csi-node-driver-registrar:v2.13.0-build20260909,rke2/v1.36-prerelease,stdlib,v1.26.8,gobinary,CVE-2026-97031,HIGH,https://avd.aquasec.com/nvd/cve-2026-97031,csi-node-driver-registrar,"1.26.9, 1.27.2",false,affected,
registry.rancher.com/rancher/hardened-csi-provisioner:v4.0.1-build20260909,rke2/v1.36-prerelease,stdlib,v1.26.8,gobinary,CVE-2026-56866,HIGH,https://avd.aquasec.com/nvd/cve-2026-56866,csi-provisioner,"1.26.9, 1.27.2",false,affected,severity_changed_due_to_suse_cvss_score
registry.rancher.com/rancher/hardened-csi-provisioner:v4.0.1-build20260909,rke2/v1.36-prerelease,stdlib,v1.26.8,gobinary,CVE-2026-78667,HIGH,https://avd.aquasec.com/nvd/cve-2026-78667,csi-provisioner,"1.26.9, 1.27.2",false,affected,
registry.rancher.com/rancher/hardened-csi-provisioner:v4.0.1-build20260909,rke2/v1.36-prerelease,golang.org/x/net,v0.56.0,gobinary,CVE-2026-78669,HIGH,https://avd.aquasec.com/nvd/cve-2026-78669,csi-provisioner,0.60.0,false,affected,
registry.rancher.com/rancher/hardened-csi-provisioner:v4.0.1-build20260909,rke2/v1.36-prerelease,stdlib,v1.26.8,gobinary,CVE-2026-78669,HIGH,https://avd.aquasec.com/nvd/cve-2026-78669,csi-provisioner,"1.26.9, 1.27.2",false,affected,
registry.rancher.com/rancher/hardened-csi-provisioner:v4.0.1-build20260909,rke2/v1.36-prerelease,stdlib,v1.26.8,gobinary,CVE-2026-97031,HIGH,https://avd.aquasec.com/nvd/cve-2026-97031,csi-provisioner,"1.26.9, 1.27.2",false,affected,
registry.rancher.com/rancher/hardened-csi-resizer:v1.12.0-build20260909,rke2/v1.36-prerelease,stdlib,v1.26.8,gobinary,CVE-2026-56866,HIGH,https://avd.aquasec.com/nvd/cve-2026-56866,csi-resizer,"1.26.9, 1.27.2",false,affected,severity_changed_due_to_suse_cvss_score
registry.rancher.com/rancher/hardened-csi-resizer:v1.12.0-build20260909,rke2/v1.36-prerelease,stdlib,v1.26.8,gobinary,CVE-2026-78667,HIGH,https://avd.aquasec.com/nvd/cve-2026-78667,csi-resizer,"1.26.9, 1.27.2",false,affected,
registry.rancher.com/rancher/hardened-csi-resizer:v1.12.0-build20260909,rke2/v1.36-prerelease,golang.org/x/net,v0.56.0,gobinary,CVE-2026-78669,HIGH,https://avd.aquasec.com/nvd/cve-2026-78669,csi-resizer,0.60.0,false,affected,
registry.rancher.com/rancher/hardened-csi-resizer:v1.12.0-build20260909,rke2/v1.36-prerelease,stdlib,v1.26.8,gobinary,CVE-2026-78669,HIGH,https://avd.aquasec.com/nvd/cve-2026-78669,csi-resizer,"1.26.9, 1.27.2",false,affected,
registry.rancher.com/rancher/hardened-csi-resizer:v1.12.0-build20260909,rke2/v1.36-prerelease,stdlib,v1.26.8,gobinary,CVE-2026-97031,HIGH,https://avd.aquasec.com/nvd/cve-2026-97031,csi-resizer,"1.26.9, 1.27.2",false,affected,
registry.rancher.com/rancher/hardened-livenessprobe:v2.15.0-build20260909,rke2/v1.36-prerelease,stdlib,v1.26.8,gobinary,CVE-2026-56866,HIGH,https://avd.aquasec.com/nvd/cve-2026-56866,livenessprobe,"1.26.9, 1.27.2",false,affected,severity_changed_due_to_suse_cvss_score
registry.rancher.com/rancher/hardened-livenessprobe:v2.15.0-build20260909,rke2/v1.36-prerelease,stdlib,v1.26.8,gobinary,CVE-2026-78667,HIGH,https://avd.aquasec.com/nvd/cve-2026-78667,livenessprobe,"1.26.9, 1.27.2",false,affected,
registry.rancher.com/rancher/hardened-livenessprobe:v2.15.0-build20260909,rke2/v1.36-prerelease,golang.org/x/net,v0.56.0,gobinary,CVE-2026-78669,HIGH,https://avd.aquasec.com/nvd/cve-2026-78669,livenessprobe,0.60.0,false,affected,
registry.rancher.com/rancher/hardened-livenessprobe:v2.15.0-build20260909,rke2/v1.36-prerelease,stdlib,v1.26.8,gobinary,CVE-2026-78669,HIGH,https://avd.aquasec.com/nvd/cve-2026-78669,livenessprobe,"1.26.9, 1.27.2",false,affected,
registry.rancher.com/rancher/hardened-livenessprobe:v2.15.0-build20260909,rke2/v1.36-prerelease,stdlib,v1.26.8,gobinary,CVE-2026-97031,HIGH,https://avd.aquasec.com/nvd/cve-2026-97031,livenessprobe,"1.26.9, 1.27.2",false,affected,
registry.rancher.com/rancher/hardened-vsphere-csi-driver:v3.7.3-build20260909,rke2/v1.36-prerelease,stdlib,v1.26.8,gobinary,CVE-2026-56866,HIGH,https://avd.aquasec.com/nvd/cve-2026-56866,vsphere-csi,"1.26.9, 1.27.2",false,affected,severity_changed_due_to_suse_cvss_score
registry.rancher.com/rancher/hardened-vsphere-csi-driver:v3.7.3-build20260909,rke2/v1.36-prerelease,stdlib,v1.26.8,gobinary,CVE-2026-78667,HIGH,https://avd.aquasec.com/nvd/cve-2026-78667,vsphere-csi,"1.26.9, 1.27.2",false,affected,
registry.rancher.com/rancher/hardened-vsphere-csi-driver:v3.7.3-build20260909,rke2/v1.36-prerelease,golang.org/x/net,v0.58.0,gobinary,CVE-2026-78669,HIGH,https://avd.aquasec.com/nvd/cve-2026-78669,vsphere-csi,0.60.0,false,affected,
registry.rancher.com/rancher/hardened-vsphere-csi-driver:v3.7.3-build20260909,rke2/v1.36-prerelease,stdlib,v1.26.8,gobinary,CVE-2026-78669,HIGH,https://avd.aquasec.com/nvd/cve-2026-78669,vsphere-csi,"1.26.9, 1.27.2",false,affected,
registry.rancher.com/rancher/hardened-vsphere-csi-driver:v3.7.3-build20260909,rke2/v1.36-prerelease,stdlib,v1.26.8,gobinary,CVE-2026-97031,HIGH,https://avd.aquasec.com/nvd/cve-2026-97031,vsphere-csi,"1.26.9, 1.27.2",false,affected,
registry.rancher.com/rancher/hardened-vsphere-csi-driver:v3.7.3-build20260909,rke2/v1.36-prerelease,libopenssl3,3.5.0-160000.9.1,sles,SUSE-SU-2026:23609-1,HIGH,,registry.rancher.com/rancher/hardened-vsphere-csi-driver:v3.7.3-build20260909 (sles 16.0),3.5.0-160000.10.1,false,affected,
registry.rancher.com/rancher/hardened-vsphere-csi-driver:v3.7.3-build20260909,rke2/v1.36-prerelease,libacl1,2.3.2-160000.2.2,sles,SUSE-SU-2026:23705-1,HIGH,,registry.rancher.com/rancher/hardened-vsphere-csi-driver:v3.7.3-build20260909 (sles 16.0),2.4.0-160000.1.1,false,affected,
registry.rancher.com/rancher/hardened-vsphere-csi-driver:v3.7.3-build20260909,rke2/v1.36-prerelease,libattr1,2.5.2-160000.2.2,sles,SUSE-SU-2026:23705-1,HIGH,,registry.rancher.com/rancher/hardened-vsphere-csi-driver:v3.7.3-build20260909 (sles 16.0),2.6.0-160000.1.1,false,affected,
registry.rancher.com/rancher/hardened-vsphere-csi-driver:v3.7.3-build20260909,rke2/v1.36-prerelease,libacl1,2.3.2-160000.2.2,sles,SUSE-SU-2026:23726-1,HIGH,,registry.rancher.com/rancher/hardened-vsphere-csi-driver:v3.7.3-build20260909 (sles 16.0),2.4.0-160000.1.1,false,affected,
registry.rancher.com/rancher/hardened-vsphere-csi-driver:v3.7.3-build20260909,rke2/v1.36-prerelease,libattr1,2.5.2-160000.2.2,sles,SUSE-SU-2026:23726-1,HIGH,,registry.rancher.com/rancher/hardened-vsphere-csi-driver:v3.7.3-build20260909 (sles 16.0),2.6.0-160000.1.1,false,affected,
registry.rancher.com/rancher/hardened-vsphere-csi-driver:v3.7.3-build20260909,rke2/v1.36-prerelease,libblkid1,2.41.1-160000.4.1,sles,SUSE-SU-2026:23861-1,HIGH,,registry.rancher.com/rancher/hardened-vsphere-csi-driver:v3.7.3-build20260909 (sles 16.0),2.41.1-160000.5.1,false,affected,
registry.rancher.com/rancher/hardened-vsphere-csi-driver:v3.7.3-build20260909,rke2/v1.36-prerelease,libfdisk1,2.41.1-160000.4.1,sles,SUSE-SU-2026:23861-1,HIGH,,registry.rancher.com/rancher/hardened-vsphere-csi-driver:v3.7.3-build20260909 (sles 16.0),2.41.1-160000.5.1,false,affected,
registry.rancher.com/rancher/hardened-vsphere-csi-driver:v3.7.3-build20260909,rke2/v1.36-prerelease,libmount1,2.41.1-160000.4.1,sles,SUSE-SU-2026:23861-1,HIGH,,registry.rancher.com/rancher/hardened-vsphere-csi-driver:v3.7.3-build20260909 (sles 16.0),2.41.1-160000.5.1,false,affected,
registry.rancher.com/rancher/hardened-vsphere-csi-driver:v3.7.3-build20260909,rke2/v1.36-prerelease,libsmartcols1,2.41.1-160000.4.1,sles,SUSE-SU-2026:23861-1,HIGH,,registry.rancher.com/rancher/hardened-vsphere-csi-driver:v3.7.3-build20260909 (sles 16.0),2.41.1-160000.5.1,false,affected,
registry.rancher.com/rancher/hardened-vsphere-csi-driver:v3.7.3-build20260909,rke2/v1.36-prerelease,libuuid1,2.41.1-160000.4.1,sles,SUSE-SU-2026:23861-1,HIGH,,registry.rancher.com/rancher/hardened-vsphere-csi-driver:v3.7.3-build20260909 (sles 16.0),2.41.1-160000.5.1,false,affected,
registry.rancher.com/rancher/hardened-vsphere-csi-driver:v3.7.3-build20260909,rke2/v1.36-prerelease,util-linux,2.41.1-160000.4.1,sles,SUSE-SU-2026:23861-1,HIGH,,registry.rancher.com/rancher/hardened-vsphere-csi-driver:v3.7.3-build20260909 (sles 16.0),2.41.1-160000.5.1,false,affected,
registry.rancher.com/rancher/hardened-vsphere-csi-driver:v3.7.3-build20260909,rke2/v1.36-prerelease,util-linux-systemd,2.41.1-160000.4.1,sles,SUSE-SU-2026:23861-1,HIGH,,registry.rancher.com/rancher/hardened-vsphere-csi-driver:v3.7.3-build20260909 (sles 16.0),2.41.1-160000.5.1,false,affected,
registry.rancher.com/rancher/hardened-vsphere-csi-driver:v3.7.3-build20260909,rke2/v1.36-prerelease,libblkid1,2.41.1-160000.4.1,sles,SUSE-SU-2026:23870-1,HIGH,,registry.rancher.com/rancher/hardened-vsphere-csi-driver:v3.7.3-build20260909 (sles 16.0),2.41.1-160000.5.1,false,affected,
registry.rancher.com/rancher/hardened-vsphere-csi-driver:v3.7.3-build20260909,rke2/v1.36-prerelease,libfdisk1,2.41.1-160000.4.1,sles,SUSE-SU-2026:23870-1,HIGH,,registry.rancher.com/rancher/hardened-vsphere-csi-driver:v3.7.3-build20260909 (sles 16.0),2.41.1-160000.5.1,false,affected,
registry.rancher.com/rancher/hardened-vsphere-csi-driver:v3.7.3-build20260909,rke2/v1.36-prerelease,libmount1,2.41.1-160000.4.1,sles,SUSE-SU-2026:23870-1,HIGH,,registry.rancher.com/rancher/hardened-vsphere-csi-driver:v3.7.3-build20260909 (sles 16.0),2.41.1-160000.5.1,false,affected,
registry.rancher.com/rancher/hardened-vsphere-csi-driver:v3.7.3-build20260909,rke2/v1.36-prerelease,libsmartcols1,2.41.1-160000.4.1,sles,SUSE-SU-2026:23870-1,HIGH,,registry.rancher.com/rancher/hardened-vsphere-csi-driver:v3.7.3-build20260909 (sles 16.0),2.41.1-160000.5.1,false,affected,
registry.rancher.com/rancher/hardened-vsphere-csi-driver:v3.7.3-build20260909,rke2/v1.36-prerelease,libuuid1,2.41.1-160000.4.1,sles,SUSE-SU-2026:23870-1,HIGH,,registry.rancher.com/rancher/hardened-vsphere-csi-driver:v3.7.3-build20260909 (sles 16.0),2.41.1-160000.5.1,false,affected,
registry.rancher.com/rancher/hardened-vsphere-csi-driver:v3.7.3-build20260909,rke2/v1.36-prerelease,util-linux,2.41.1-160000.4.1,sles,SUSE-SU-2026:23870-1,HIGH,,registry.rancher.com/rancher/hardened-vsphere-csi-driver:v3.7.3-build20260909 (sles 16.0),2.41.1-160000.5.1,false,affected,
registry.rancher.com/rancher/hardened-vsphere-csi-driver:v3.7.3-build20260909,rke2/v1.36-prerelease,util-linux-systemd,2.41.1-160000.4.1,sles,SUSE-SU-2026:23870-1,HIGH,,registry.rancher.com/rancher/hardened-vsphere-csi-driver:v3.7.3-build20260909 (sles 16.0),2.41.1-160000.5.1,false,affected,
registry.rancher.com/rancher/hardened-vsphere-csi-driver:v3.7.3-build20260909,rke2/v1.36-prerelease,libpcre2-8-0,10.45-160000.3.1,sles,SUSE-SU-2026:23906-1,HIGH,,registry.rancher.com/rancher/hardened-vsphere-csi-driver:v3.7.3-build20260909 (sles 16.0),10.45-160000.4.1,false,not_affected,vulnerable_code_not_in_execute_path
registry.rancher.com/rancher/hardened-vsphere-csi-driver:v3.7.3-build20260909,rke2/v1.36-prerelease,libexpat1,2.7.1-160000.5.1,sles,SUSE-SU-2026:23912-1,HIGH,,registry.rancher.com/rancher/hardened-vsphere-csi-driver:v3.7.3-build20260909 (sles 16.0),2.8.4-160000.1.1,false,not_affected,vulnerable_code_not_in_execute_path
registry.rancher.com/rancher/hardened-vsphere-csi-driver:v3.7.3-build20260909,rke2/v1.36-prerelease,glibc,2.40-160000.6.1,sles,SUSE-SU-2026:23934-1,HIGH,,registry.rancher.com/rancher/hardened-vsphere-csi-driver:v3.7.3-build20260909 (sles 16.0),2.40-160000.7.1,false,affected,
registry.rancher.com/rancher/hardened-vsphere-csi-driver:v3.7.3-build20260909,rke2/v1.36-prerelease,rpcbind,1.2.9-160000.1.1,sles,SUSE-SU-2026:23946-1,HIGH,,registry.rancher.com/rancher/hardened-vsphere-csi-driver:v3.7.3-build20260909 (sles 16.0),1.2.9-160000.3.1,false,affected,
registry.rancher.com/rancher/hardened-vsphere-csi-syncer:v3.7.3-build20260909,rke2/v1.36-prerelease,stdlib,v1.26.8,gobinary,CVE-2026-56866,HIGH,https://avd.aquasec.com/nvd/cve-2026-56866,syncer,"1.26.9, 1.27.2",false,affected,severity_changed_due_to_suse_cvss_score
registry.rancher.com/rancher/hardened-vsphere-csi-syncer:v3.7.3-build20260909,rke2/v1.36-prerelease,stdlib,v1.26.8,gobinary,CVE-2026-78667,HIGH,https://avd.aquasec.com/nvd/cve-2026-78667,syncer,"1.26.9, 1.27.2",false,affected,
registry.rancher.com/rancher/hardened-vsphere-csi-syncer:v3.7.3-build20260909,rke2/v1.36-prerelease,golang.org/x/net,v0.58.0,gobinary,CVE-2026-78669,HIGH,https://avd.aquasec.com/nvd/cve-2026-78669,syncer,0.60.0,false,affected,
registry.rancher.com/rancher/hardened-vsphere-csi-syncer:v3.7.3-build20260909,rke2/v1.36-prerelease,stdlib,v1.26.8,gobinary,CVE-2026-78669,HIGH,https://avd.aquasec.com/nvd/cve-2026-78669,syncer,"1.26.9, 1.27.2",false,affected,
registry.rancher.com/rancher/hardened-vsphere-csi-syncer:v3.7.3-build20260909,rke2/v1.36-prerelease,stdlib,v1.26.8,gobinary,CVE-2026-97031,HIGH,https://avd.aquasec.com/nvd/cve-2026-97031,syncer,"1.26.9, 1.27.2",false,affected,
registry.rancher.com/rancher/kube-webhook-certgen:v1.15.1-prime12,rke2/v1.36-prerelease,golang.org/x/net,v0.55.0,gobinary,CVE-2026-46600,HIGH,https://avd.aquasec.com/nvd/cve-2026-46600,kube-webhook-certgen,0.56.0,false,not_affected,vulnerable_code_not_present
registry.rancher.com/rancher/kube-webhook-certgen:v1.15.1-prime12,rke2/v1.36-prerelease,golang.org/x/text,v0.37.0,gobinary,CVE-2026-56852,HIGH,https://avd.aquasec.com/nvd/cve-2026-56852,kube-webhook-certgen,0.39.0,false,not_affected,vulnerable_code_not_in_execute_path
registry.rancher.com/rancher/kube-webhook-certgen:v1.15.1-prime12,rke2/v1.36-prerelease,stdlib,v1.26.7,gobinary,CVE-2026-56866,HIGH,https://avd.aquasec.com/nvd/cve-2026-56866,kube-webhook-certgen,"1.26.9, 1.27.2",false,affected,severity_changed_due_to_suse_cvss_score
registry.rancher.com/rancher/kube-webhook-certgen:v1.15.1-prime12,rke2/v1.36-prerelease,stdlib,v1.26.7,gobinary,CVE-2026-78667,HIGH,https://avd.aquasec.com/nvd/cve-2026-78667,kube-webhook-certgen,"1.26.9, 1.27.2",false,not_affected,vulnerable_code_not_in_execute_path
registry.rancher.com/rancher/kube-webhook-certgen:v1.15.1-prime12,rke2/v1.36-prerelease,golang.org/x/net,v0.55.0,gobinary,CVE-2026-78669,HIGH,https://avd.aquasec.com/nvd/cve-2026-78669,kube-webhook-certgen,0.60.0,false,affected,
registry.rancher.com/rancher/kube-webhook-certgen:v1.15.1-prime12,rke2/v1.36-prerelease,stdlib,v1.26.7,gobinary,CVE-2026-78669,HIGH,https://avd.aquasec.com/nvd/cve-2026-78669,kube-webhook-certgen,"1.26.9, 1.27.2",false,affected,
registry.rancher.com/rancher/kube-webhook-certgen:v1.15.1-prime12,rke2/v1.36-prerelease,stdlib,v1.26.7,gobinary,CVE-2026-94448,MEDIUM,https://avd.aquasec.com/nvd/cve-2026-94448,kube-webhook-certgen,"1.26.9, 1.27.2",false,not_affected,vulnerable_code_not_present
registry.rancher.com/rancher/kube-webhook-certgen:v1.15.1-prime12,rke2/v1.36-prerelease,stdlib,v1.26.7,gobinary,CVE-2026-97031,HIGH,https://avd.aquasec.com/nvd/cve-2026-97031,kube-webhook-certgen,"1.26.9, 1.27.2",false,affected,
registry.rancher.com/rancher/nginx-ingress-controller:v1.15.1-prime12,rke2/v1.36-prerelease,stdlib,v1.26.7,gobinary,CVE-2026-56866,HIGH,https://avd.aquasec.com/nvd/cve-2026-56866,dbg,"1.26.9, 1.27.2",false,affected,severity_changed_due_to_suse_cvss_score
registry.rancher.com/rancher/nginx-ingress-controller:v1.15.1-prime12,rke2/v1.36-prerelease,stdlib,v1.26.7,gobinary,CVE-2026-56866,HIGH,https://avd.aquasec.com/nvd/cve-2026-56866,nginx-ingress-controller,"1.26.9, 1.27.2",false,affected,severity_changed_due_to_suse_cvss_score
registry.rancher.com/rancher/nginx-ingress-controller:v1.15.1-prime12,rke2/v1.36-prerelease,stdlib,v1.26.7,gobinary,CVE-2026-56866,HIGH,https://avd.aquasec.com/nvd/cve-2026-56866,wait-shutdown,"1.26.9, 1.27.2",false,affected,severity_changed_due_to_suse_cvss_score
registry.rancher.com/rancher/nginx-ingress-controller:v1.15.1-prime12,rke2/v1.36-prerelease,stdlib,v1.26.7,gobinary,CVE-2026-78667,HIGH,https://avd.aquasec.com/nvd/cve-2026-78667,dbg,"1.26.9, 1.27.2",false,not_affected,vulnerable_code_not_in_execute_path
registry.rancher.com/rancher/nginx-ingress-controller:v1.15.1-prime12,rke2/v1.36-prerelease,stdlib,v1.26.7,gobinary,CVE-2026-78667,HIGH,https://avd.aquasec.com/nvd/cve-2026-78667,nginx-ingress-controller,"1.26.9, 1.27.2",false,not_affected,vulnerable_code_not_in_execute_path
registry.rancher.com/rancher/nginx-ingress-controller:v1.15.1-prime12,rke2/v1.36-prerelease,stdlib,v1.26.7,gobinary,CVE-2026-78667,HIGH,https://avd.aquasec.com/nvd/cve-2026-78667,wait-shutdown,"1.26.9, 1.27.2",false,not_affected,vulnerable_code_not_in_execute_path
registry.rancher.com/rancher/nginx-ingress-controller:v1.15.1-prime12,rke2/v1.36-prerelease,golang.org/x/net,v0.57.0,gobinary,CVE-2026-78669,HIGH,https://avd.aquasec.com/nvd/cve-2026-78669,nginx-ingress-controller,0.60.0,false,affected,
registry.rancher.com/rancher/nginx-ingress-controller:v1.15.1-prime12,rke2/v1.36-prerelease,stdlib,v1.26.7,gobinary,CVE-2026-78669,HIGH,https://avd.aquasec.com/nvd/cve-2026-78669,dbg,"1.26.9, 1.27.2",false,affected,
registry.rancher.com/rancher/nginx-ingress-controller:v1.15.1-prime12,rke2/v1.36-prerelease,stdlib,v1.26.7,gobinary,CVE-2026-78669,HIGH,https://avd.aquasec.com/nvd/cve-2026-78669,nginx-ingress-controller,"1.26.9, 1.27.2",false,affected,
registry.rancher.com/rancher/nginx-ingress-controller:v1.15.1-prime12,rke2/v1.36-prerelease,stdlib,v1.26.7,gobinary,CVE-2026-78669,HIGH,https://avd.aquasec.com/nvd/cve-2026-78669,wait-shutdown,"1.26.9, 1.27.2",false,affected,
registry.rancher.com/rancher/nginx-ingress-controller:v1.15.1-prime12,rke2/v1.36-prerelease,stdlib,v1.26.7,gobinary,CVE-2026-97031,HIGH,https://avd.aquasec.com/nvd/cve-2026-97031,dbg,"1.26.9, 1.27.2",false,affected,
registry.rancher.com/rancher/nginx-ingress-controller:v1.15.1-prime12,rke2/v1.36-prerelease,stdlib,v1.26.7,gobinary,CVE-2026-97031,HIGH,https://avd.aquasec.com/nvd/cve-2026-97031,nginx-ingress-controller,"1.26.9, 1.27.2",false,affected,
registry.rancher.com/rancher/nginx-ingress-controller:v1.15.1-prime12,rke2/v1.36-prerelease,stdlib,v1.26.7,gobinary,CVE-2026-97031,HIGH,https://avd.aquasec.com/nvd/cve-2026-97031,wait-shutdown,"1.26.9, 1.27.2",false,affected,
registry.rancher.com/rancher/nginx-ingress-controller:v1.15.1-prime12,rke2/v1.36-prerelease,c-ares-devel,1.34.6-160000.1.1,sles,SUSE-SU-2026:23597-1,HIGH,,registry.rancher.com/rancher/nginx-ingress-controller:v1.15.1-prime12 (sles 16.0),1.34.8-160000.1.1,false,affected,
registry.rancher.com/rancher/nginx-ingress-controller:v1.15.1-prime12,rke2/v1.36-prerelease,libcares2,1.34.6-160000.1.1,sles,SUSE-SU-2026:23597-1,HIGH,,registry.rancher.com/rancher/nginx-ingress-controller:v1.15.1-prime12 (sles 16.0),1.34.8-160000.1.1,false,affected,
registry.rancher.com/rancher/nginx-ingress-controller:v1.15.1-prime12,rke2/v1.36-prerelease,libopenssl-3-devel,3.5.0-160000.9.1,sles,SUSE-SU-2026:23609-1,HIGH,,registry.rancher.com/rancher/nginx-ingress-controller:v1.15.1-prime12 (sles 16.0),3.5.0-160000.10.1,false,affected,
registry.rancher.com/rancher/nginx-ingress-controller:v1.15.1-prime12,rke2/v1.36-prerelease,libopenssl-3-fips-provider,3.5.0-160000.9.1,sles,SUSE-SU-2026:23609-1,HIGH,,registry.rancher.com/rancher/nginx-ingress-controller:v1.15.1-prime12 (sles 16.0),3.5.0-160000.10.1,false,affected,
registry.rancher.com/rancher/nginx-ingress-controller:v1.15.1-prime12,rke2/v1.36-prerelease,libopenssl3,3.5.0-160000.9.1,sles,SUSE-SU-2026:23609-1,HIGH,,registry.rancher.com/rancher/nginx-ingress-controller:v1.15.1-prime12 (sles 16.0),3.5.0-160000.10.1,false,affected,
registry.rancher.com/rancher/nginx-ingress-controller:v1.15.1-prime12,rke2/v1.36-prerelease,openssl-3,3.5.0-160000.9.1,sles,SUSE-SU-2026:23609-1,HIGH,,registry.rancher.com/rancher/nginx-ingress-controller:v1.15.1-prime12 (sles 16.0),3.5.0-160000.10.1,false,affected,
registry.rancher.com/rancher/nginx-ingress-controller:v1.15.1-prime12,rke2/v1.36-prerelease,libacl1,2.3.2-160000.2.2,sles,SUSE-SU-2026:23705-1,HIGH,,registry.rancher.com/rancher/nginx-ingress-controller:v1.15.1-prime12 (sles 16.0),2.4.0-160000.1.1,false,affected,
registry.rancher.com/rancher/nginx-ingress-controller:v1.15.1-prime12,rke2/v1.36-prerelease,libattr1,2.5.2-160000.2.2,sles,SUSE-SU-2026:23705-1,HIGH,,registry.rancher.com/rancher/nginx-ingress-controller:v1.15.1-prime12 (sles 16.0),2.6.0-160000.1.1,false,affected,
registry.rancher.com/rancher/nginx-ingress-controller:v1.15.1-prime12,rke2/v1.36-prerelease,libacl1,2.3.2-160000.2.2,sles,SUSE-SU-2026:23726-1,HIGH,,registry.rancher.com/rancher/nginx-ingress-controller:v1.15.1-prime12 (sles 16.0),2.4.0-160000.1.1,false,affected,
registry.rancher.com/rancher/nginx-ingress-controller:v1.15.1-prime12,rke2/v1.36-prerelease,libattr1,2.5.2-160000.2.2,sles,SUSE-SU-2026:23726-1,HIGH,,registry.rancher.com/rancher/nginx-ingress-controller:v1.15.1-prime12 (sles 16.0),2.6.0-160000.1.1,false,affected,
registry.rancher.com/rancher/nginx-ingress-controller:v1.15.1-prime12,rke2/v1.36-prerelease,rpm,4.20.1-160000.2.2,sles,SUSE-SU-2026:23787-1,HIGH,,registry.rancher.com/rancher/nginx-ingress-controller:v1.15.1-prime12 (sles 16.0),4.20.1-160000.3.1,false,affected,
registry.rancher.com/rancher/nginx-ingress-controller:v1.15.1-prime12,rke2/v1.36-prerelease,libblkid1,2.41.1-160000.4.1,sles,SUSE-SU-2026:23861-1,HIGH,,registry.rancher.com/rancher/nginx-ingress-controller:v1.15.1-prime12 (sles 16.0),2.41.1-160000.5.1,false,affected,
registry.rancher.com/rancher/nginx-ingress-controller:v1.15.1-prime12,rke2/v1.36-prerelease,libfdisk1,2.41.1-160000.4.1,sles,SUSE-SU-2026:23861-1,HIGH,,registry.rancher.com/rancher/nginx-ingress-controller:v1.15.1-prime12 (sles 16.0),2.41.1-160000.5.1,false,affected,
registry.rancher.com/rancher/nginx-ingress-controller:v1.15.1-prime12,rke2/v1.36-prerelease,libmount1,2.41.1-160000.4.1,sles,SUSE-SU-2026:23861-1,HIGH,,registry.rancher.com/rancher/nginx-ingress-controller:v1.15.1-prime12 (sles 16.0),2.41.1-160000.5.1,false,affected,
registry.rancher.com/rancher/nginx-ingress-controller:v1.15.1-prime12,rke2/v1.36-prerelease,libsmartcols1,2.41.1-160000.4.1,sles,SUSE-SU-2026:23861-1,HIGH,,registry.rancher.com/rancher/nginx-ingress-controller:v1.15.1-prime12 (sles 16.0),2.41.1-160000.5.1,false,affected,
registry.rancher.com/rancher/nginx-ingress-controller:v1.15.1-prime12,rke2/v1.36-prerelease,libuuid1,2.41.1-160000.4.1,sles,SUSE-SU-2026:23861-1,HIGH,,registry.rancher.com/rancher/nginx-ingress-controller:v1.15.1-prime12 (sles 16.0),2.41.1-160000.5.1,false,affected,
registry.rancher.com/rancher/nginx-ingress-controller:v1.15.1-prime12,rke2/v1.36-prerelease,util-linux,2.41.1-160000.4.1,sles,SUSE-SU-2026:23861-1,HIGH,,registry.rancher.com/rancher/nginx-ingress-controller:v1.15.1-prime12 (sles 16.0),2.41.1-160000.5.1,false,affected,
registry.rancher.com/rancher/nginx-ingress-controller:v1.15.1-prime12,rke2/v1.36-prerelease,libblkid1,2.41.1-160000.4.1,sles,SUSE-SU-2026:23870-1,HIGH,,registry.rancher.com/rancher/nginx-ingress-controller:v1.15.1-prime12 (sles 16.0),2.41.1-160000.5.1,false,affected,
registry.rancher.com/rancher/nginx-ingress-controller:v1.15.1-prime12,rke2/v1.36-prerelease,libfdisk1,2.41.1-160000.4.1,sles,SUSE-SU-2026:23870-1,HIGH,,registry.rancher.com/rancher/nginx-ingress-controller:v1.15.1-prime12 (sles 16.0),2.41.1-160000.5.1,false,affected,
registry.rancher.com/rancher/nginx-ingress-controller:v1.15.1-prime12,rke2/v1.36-prerelease,libmount1,2.41.1-160000.4.1,sles,SUSE-SU-2026:23870-1,HIGH,,registry.rancher.com/rancher/nginx-ingress-controller:v1.15.1-prime12 (sles 16.0),2.41.1-160000.5.1,false,affected,
registry.rancher.com/rancher/nginx-ingress-controller:v1.15.1-prime12,rke2/v1.36-prerelease,libsmartcols1,2.41.1-160000.4.1,sles,SUSE-SU-2026:23870-1,HIGH,,registry.rancher.com/rancher/nginx-ingress-controller:v1.15.1-prime12 (sles 16.0),2.41.1-160000.5.1,false,affected,
registry.rancher.com/rancher/nginx-ingress-controller:v1.15.1-prime12,rke2/v1.36-prerelease,libuuid1,2.41.1-160000.4.1,sles,SUSE-SU-2026:23870-1,HIGH,,registry.rancher.com/rancher/nginx-ingress-controller:v1.15.1-prime12 (sles 16.0),2.41.1-160000.5.1,false,affected,
registry.rancher.com/rancher/nginx-ingress-controller:v1.15.1-prime12,rke2/v1.36-prerelease,util-linux,2.41.1-160000.4.1,sles,SUSE-SU-2026:23870-1,HIGH,,registry.rancher.com/rancher/nginx-ingress-controller:v1.15.1-prime12 (sles 16.0),2.41.1-160000.5.1,false,affected,
registry.rancher.com/rancher/nginx-ingress-controller:v1.15.1-prime12,rke2/v1.36-prerelease,libpcre2-8-0,10.45-160000.3.1,sles,SUSE-SU-2026:23906-1,HIGH,,registry.rancher.com/rancher/nginx-ingress-controller:v1.15.1-prime12 (sles 16.0),10.45-160000.4.1,false,affected,
registry.rancher.com/rancher/nginx-ingress-controller:v1.15.1-prime12,rke2/v1.36-prerelease,libexpat1,2.7.1-160000.5.1,sles,SUSE-SU-2026:23912-1,HIGH,,registry.rancher.com/rancher/nginx-ingress-controller:v1.15.1-prime12 (sles 16.0),2.8.4-160000.1.1,false,affected,
registry.rancher.com/rancher/nginx-ingress-controller:v1.15.1-prime12,rke2/v1.36-prerelease,glibc,2.40-160000.6.1,sles,SUSE-SU-2026:23934-1,HIGH,,registry.rancher.com/rancher/nginx-ingress-controller:v1.15.1-prime12 (sles 16.0),2.40-160000.7.1,false,affected,
registry.rancher.com/rancher/nginx-ingress-controller:v1.15.1-prime12,rke2/v1.36-prerelease,glibc-devel,2.40-160000.6.1,sles,SUSE-SU-2026:23934-1,HIGH,,registry.rancher.com/rancher/nginx-ingress-controller:v1.15.1-prime12 (sles 16.0),2.40-160000.7.1,false,affected,
registry.rancher.com/rancher/nginx-ingress-controller:v1.15.1-prime12,rke2/v1.36-prerelease,glibc-locale-base,2.40-160000.6.1,sles,SUSE-SU-2026:23934-1,HIGH,,registry.rancher.com/rancher/nginx-ingress-controller:v1.15.1-prime12 (sles 16.0),2.40-160000.7.1,false,affected,
