image,release,package_name,package_version,type,vulnerability_id,severity,url,target,patched_version,mirrored,status,justification
longhornio/backing-image-manager:v1.11.3,longhorn/v1.11.3,stdlib,v1.25.11,gobinary,CVE-2026-33818,HIGH,https://avd.aquasec.com/nvd/cve-2026-33818,usr/local/bin/backing-image-manager,"1.25.13, 1.26.6, 1.27.0-rc.3",false,affected,
longhornio/backing-image-manager:v1.11.3,longhorn/v1.11.3,stdlib,v1.25.11,gobinary,CVE-2026-39821,HIGH,https://avd.aquasec.com/nvd/cve-2026-39821,usr/local/bin/backing-image-manager,"1.25.13, 1.26.6, 1.27.0-rc.3",false,affected,
longhornio/backing-image-manager:v1.11.3,longhorn/v1.11.3,stdlib,v1.25.11,gobinary,CVE-2026-39822,HIGH,https://avd.aquasec.com/nvd/cve-2026-39822,usr/local/bin/backing-image-manager,"1.25.12, 1.26.5, 1.27.0-rc.2",false,not_affected,vulnerable_code_not_in_execute_path
longhornio/backing-image-manager:v1.11.3,longhorn/v1.11.3,stdlib,v1.25.11,gobinary,CVE-2026-42505,MEDIUM,https://avd.aquasec.com/nvd/cve-2026-42505,usr/local/bin/backing-image-manager,"1.25.12, 1.26.5, 1.27.0-rc.2",false,not_affected,vulnerable_code_not_in_execute_path
longhornio/backing-image-manager:v1.11.3,longhorn/v1.11.3,stdlib,v1.25.11,gobinary,CVE-2026-56853,HIGH,https://avd.aquasec.com/nvd/cve-2026-56853,usr/local/bin/backing-image-manager,"1.25.13, 1.26.6, 1.27.0-rc.3",false,affected,
longhornio/backing-image-manager:v1.11.3,longhorn/v1.11.3,stdlib,v1.25.11,gobinary,CVE-2026-56859,HIGH,https://avd.aquasec.com/nvd/cve-2026-56859,usr/local/bin/backing-image-manager,"1.25.13, 1.26.6, 1.27.0-rc.3",false,affected,
longhornio/backing-image-manager:v1.11.3,longhorn/v1.11.3,stdlib,v1.25.11,gobinary,CVE-2026-56862,HIGH,https://avd.aquasec.com/nvd/cve-2026-56862,usr/local/bin/backing-image-manager,"1.25.13, 1.26.6, 1.27.0-rc.3",false,affected,
longhornio/backing-image-manager:v1.11.3,longhorn/v1.11.3,google.golang.org/grpc,v1.81.1,gobinary,CVE-2026-84304,HIGH,https://avd.aquasec.com/nvd/cve-2026-84304,usr/local/bin/backing-image-manager,1.83.1,false,affected,
longhornio/backing-image-manager:v1.11.3,longhorn/v1.11.3,google.golang.org/grpc,v1.81.1,gobinary,GHSA-hrxh-6v49-42gf,HIGH,https://github.com/advisories/GHSA-hrxh-6v49-42gf,usr/local/bin/backing-image-manager,1.82.1,false,affected,
longhornio/backing-image-manager:v1.11.3,longhorn/v1.11.3,tar,1.34-150000.3.37.1,sles,SUSE-SU-2026:2714-1,MEDIUM,,longhornio/backing-image-manager:v1.11.3 (sles 15.7),1.34-150000.3.42.1,false,not_affected,vulnerable_code_not_in_execute_path
longhornio/backing-image-manager:v1.11.3,longhorn/v1.11.3,krb5,1.20.1-150600.11.14.1,sles,SUSE-SU-2026:2848-1,HIGH,,longhornio/backing-image-manager:v1.11.3 (sles 15.7),1.20.1-150600.11.19.1,false,affected,
longhornio/backing-image-manager:v1.11.3,longhorn/v1.11.3,curl,8.14.1-150700.7.17.1,sles,SUSE-SU-2026:2925-1,HIGH,,longhornio/backing-image-manager:v1.11.3 (sles 15.7),8.14.1-150700.7.20.1,false,affected,
longhornio/backing-image-manager:v1.11.3,longhorn/v1.11.3,libcurl4,8.14.1-150700.7.17.1,sles,SUSE-SU-2026:2925-1,HIGH,,longhornio/backing-image-manager:v1.11.3 (sles 15.7),8.14.1-150700.7.20.1,false,not_affected,vulnerable_code_not_in_execute_path
longhornio/backing-image-manager:v1.11.3,longhorn/v1.11.3,qemu-img,9.2.4-150700.3.20.1,sles,SUSE-SU-2026:3038-1,HIGH,,longhornio/backing-image-manager:v1.11.3 (sles 15.7),9.2.4-150700.3.23.1,false,affected,
longhornio/backing-image-manager:v1.11.3,longhorn/v1.11.3,qemu-pr-helper,9.2.4-150700.3.20.1,sles,SUSE-SU-2026:3038-1,HIGH,,longhornio/backing-image-manager:v1.11.3 (sles 15.7),9.2.4-150700.3.23.1,false,not_affected,vulnerable_code_not_in_execute_path
longhornio/backing-image-manager:v1.11.3,longhorn/v1.11.3,qemu-tools,9.2.4-150700.3.20.1,sles,SUSE-SU-2026:3038-1,HIGH,,longhornio/backing-image-manager:v1.11.3 (sles 15.7),9.2.4-150700.3.23.1,false,affected,
longhornio/backing-image-manager:v1.11.3,longhorn/v1.11.3,qemu-vmsr-helper,9.2.4-150700.3.20.1,sles,SUSE-SU-2026:3038-1,HIGH,,longhornio/backing-image-manager:v1.11.3 (sles 15.7),9.2.4-150700.3.23.1,false,not_affected,vulnerable_code_not_in_execute_path
longhornio/backing-image-manager:v1.11.3,longhorn/v1.11.3,libxml2-2,2.12.10-150700.4.11.1,sles,SUSE-SU-2026:3097-1,HIGH,,longhornio/backing-image-manager:v1.11.3 (sles 15.7),2.12.10-150700.4.14.1,false,affected,
longhornio/backing-image-manager:v1.11.3,longhorn/v1.11.3,wget,1.24.5-150700.1.5,sles,SUSE-SU-2026:3148-1,HIGH,,longhornio/backing-image-manager:v1.11.3 (sles 15.7),1.24.5-150700.3.3.1,false,affected,
longhornio/backing-image-manager:v1.11.3,longhorn/v1.11.3,pam,1.3.0-150000.6.86.1,sles,SUSE-SU-2026:3163-1,MEDIUM,,longhornio/backing-image-manager:v1.11.3 (sles 15.7),1.3.0-150000.6.89.1,false,not_affected,vulnerable_code_not_in_execute_path
longhornio/backing-image-manager:v1.11.3,longhorn/v1.11.3,libgcrypt20,1.11.0-150700.5.7.1,sles,SUSE-SU-2026:3182-1,MEDIUM,,longhornio/backing-image-manager:v1.11.3 (sles 15.7),1.11.0-150700.5.10.1,false,not_affected,vulnerable_code_not_in_execute_path
longhornio/backing-image-manager:v1.11.3,longhorn/v1.11.3,libsystemd0,254.27-150600.4.62.1,sles,SUSE-SU-2026:3244-1,MEDIUM,,longhornio/backing-image-manager:v1.11.3 (sles 15.7),254.27-150600.4.71.2,false,not_affected,vulnerable_code_not_in_execute_path
longhornio/backing-image-manager:v1.11.3,longhorn/v1.11.3,udev,254.27-150600.4.62.1,sles,SUSE-SU-2026:3244-1,MEDIUM,,longhornio/backing-image-manager:v1.11.3 (sles 15.7),254.27-150600.4.71.2,false,not_affected,vulnerable_code_not_in_execute_path
longhornio/backing-image-manager:v1.11.3,longhorn/v1.11.3,gzip,1.10-150200.10.1,sles,SUSE-SU-2026:3269-1,HIGH,,longhornio/backing-image-manager:v1.11.3 (sles 15.7),1.10-150200.13.1,false,not_affected,vulnerable_code_not_in_execute_path
longhornio/backing-image-manager:v1.11.3,longhorn/v1.11.3,libssh-config,0.9.8-150600.11.12.1,sles,SUSE-SU-2026:3330-1,MEDIUM,,longhornio/backing-image-manager:v1.11.3 (sles 15.7),0.9.8-150600.11.15.1,false,not_affected,vulnerable_code_not_in_execute_path
longhornio/backing-image-manager:v1.11.3,longhorn/v1.11.3,libssh4,0.9.8-150600.11.12.1,sles,SUSE-SU-2026:3330-1,MEDIUM,,longhornio/backing-image-manager:v1.11.3 (sles 15.7),0.9.8-150600.11.15.1,false,not_affected,vulnerable_code_not_in_execute_path
longhornio/backing-image-manager:v1.11.3,longhorn/v1.11.3,wget,1.24.5-150700.1.5,sles,SUSE-SU-2026:3337-1,HIGH,,longhornio/backing-image-manager:v1.11.3 (sles 15.7),1.24.5-150700.3.6.1,false,affected,
longhornio/backing-image-manager:v1.11.3,longhorn/v1.11.3,glib2-tools,2.78.6-150600.4.35.1,sles,SUSE-SU-2026:3341-1,HIGH,,longhornio/backing-image-manager:v1.11.3 (sles 15.7),2.78.6-150600.4.38.1,false,not_affected,vulnerable_code_not_in_execute_path
longhornio/backing-image-manager:v1.11.3,longhorn/v1.11.3,libgio-2_0-0,2.78.6-150600.4.35.1,sles,SUSE-SU-2026:3341-1,HIGH,,longhornio/backing-image-manager:v1.11.3 (sles 15.7),2.78.6-150600.4.38.1,false,affected,
longhornio/backing-image-manager:v1.11.3,longhorn/v1.11.3,libglib-2_0-0,2.78.6-150600.4.35.1,sles,SUSE-SU-2026:3341-1,HIGH,,longhornio/backing-image-manager:v1.11.3 (sles 15.7),2.78.6-150600.4.38.1,false,affected,
longhornio/backing-image-manager:v1.11.3,longhorn/v1.11.3,libgmodule-2_0-0,2.78.6-150600.4.35.1,sles,SUSE-SU-2026:3341-1,HIGH,,longhornio/backing-image-manager:v1.11.3 (sles 15.7),2.78.6-150600.4.38.1,false,affected,
longhornio/backing-image-manager:v1.11.3,longhorn/v1.11.3,libgobject-2_0-0,2.78.6-150600.4.35.1,sles,SUSE-SU-2026:3341-1,HIGH,,longhornio/backing-image-manager:v1.11.3 (sles 15.7),2.78.6-150600.4.38.1,false,affected,
longhornio/backing-image-manager:v1.11.3,longhorn/v1.11.3,perl,5.26.1-150300.17.20.1,sles,SUSE-SU-2026:3558-1,HIGH,,longhornio/backing-image-manager:v1.11.3 (sles 15.7),5.26.1-150300.17.23.1,false,affected,
longhornio/backing-image-manager:v1.11.3,longhorn/v1.11.3,perl-base,5.26.1-150300.17.20.1,sles,SUSE-SU-2026:3558-1,HIGH,,longhornio/backing-image-manager:v1.11.3 (sles 15.7),5.26.1-150300.17.23.1,false,not_affected,vulnerable_code_not_in_execute_path
longhornio/backing-image-manager:v1.11.3,longhorn/v1.11.3,gzip,1.10-150200.10.1,sles,SUSE-SU-2026:3592-1,MEDIUM,,longhornio/backing-image-manager:v1.11.3 (sles 15.7),1.10-150200.16.1,false,not_affected,vulnerable_code_not_in_execute_path
longhornio/backing-image-manager:v1.11.3,longhorn/v1.11.3,rpm-ndb,4.14.3-150400.59.16.1,sles,SUSE-SU-2026:3600-1,HIGH,,longhornio/backing-image-manager:v1.11.3 (sles 15.7),4.14.3-150400.59.19.1,false,affected,
longhornio/backing-image-manager:v1.11.3,longhorn/v1.11.3,libcurl4,8.14.1-150700.7.17.1,sles,SUSE-SU-2026:3798-1,MEDIUM,,longhornio/backing-image-manager:v1.11.3 (sles 15.7),8.14.1-150700.7.23.1,false,not_affected,vulnerable_code_not_in_execute_path
longhornio/csi-attacher:v4.12.0,longhorn/v1.11.3,golang.org/x/net,v0.54.0,gobinary,CVE-2026-25680,MEDIUM,https://avd.aquasec.com/nvd/cve-2026-25680,csi-attacher,0.55.0,false,not_affected,vulnerable_code_not_present
longhornio/csi-attacher:v4.12.0,longhorn/v1.11.3,golang.org/x/net,v0.54.0,gobinary,CVE-2026-25681,HIGH,https://avd.aquasec.com/nvd/cve-2026-25681,csi-attacher,0.55.0,false,not_affected,vulnerable_code_not_present
longhornio/csi-attacher:v4.12.0,longhorn/v1.11.3,golang.org/x/net,v0.54.0,gobinary,CVE-2026-27136,HIGH,https://avd.aquasec.com/nvd/cve-2026-27136,csi-attacher,0.55.0,false,not_affected,vulnerable_code_not_present
longhornio/csi-attacher:v4.12.0,longhorn/v1.11.3,stdlib,v1.26.3,gobinary,CVE-2026-27145,HIGH,https://avd.aquasec.com/nvd/cve-2026-27145,csi-attacher,"1.25.11, 1.26.4",false,not_affected,vulnerable_code_not_in_execute_path
longhornio/csi-attacher:v4.12.0,longhorn/v1.11.3,stdlib,v1.26.3,gobinary,CVE-2026-33818,HIGH,https://avd.aquasec.com/nvd/cve-2026-33818,csi-attacher,"1.25.13, 1.26.6, 1.27.0-rc.3",false,affected,
longhornio/csi-attacher:v4.12.0,longhorn/v1.11.3,golang.org/x/net,v0.54.0,gobinary,CVE-2026-39821,HIGH,https://avd.aquasec.com/nvd/cve-2026-39821,csi-attacher,0.55.0,false,affected,
longhornio/csi-attacher:v4.12.0,longhorn/v1.11.3,stdlib,v1.26.3,gobinary,CVE-2026-39821,HIGH,https://avd.aquasec.com/nvd/cve-2026-39821,csi-attacher,"1.25.13, 1.26.6, 1.27.0-rc.3",false,affected,
longhornio/csi-attacher:v4.12.0,longhorn/v1.11.3,stdlib,v1.26.3,gobinary,CVE-2026-39822,HIGH,https://avd.aquasec.com/nvd/cve-2026-39822,csi-attacher,"1.25.12, 1.26.5, 1.27.0-rc.2",false,not_affected,vulnerable_code_not_in_execute_path
longhornio/csi-attacher:v4.12.0,longhorn/v1.11.3,golang.org/x/crypto,v0.51.0,gobinary,CVE-2026-39827,MEDIUM,https://avd.aquasec.com/nvd/cve-2026-39827,csi-attacher,0.52.0,false,not_affected,vulnerable_code_not_present
longhornio/csi-attacher:v4.12.0,longhorn/v1.11.3,golang.org/x/crypto,v0.51.0,gobinary,CVE-2026-39828,HIGH,https://avd.aquasec.com/nvd/cve-2026-39828,csi-attacher,0.52.0,false,not_affected,vulnerable_code_not_present
longhornio/csi-attacher:v4.12.0,longhorn/v1.11.3,golang.org/x/crypto,v0.51.0,gobinary,CVE-2026-39829,HIGH,https://avd.aquasec.com/nvd/cve-2026-39829,csi-attacher,0.52.0,false,not_affected,vulnerable_code_not_present
longhornio/csi-attacher:v4.12.0,longhorn/v1.11.3,golang.org/x/crypto,v0.51.0,gobinary,CVE-2026-39830,HIGH,https://avd.aquasec.com/nvd/cve-2026-39830,csi-attacher,0.52.0,false,not_affected,vulnerable_code_not_present
longhornio/csi-attacher:v4.12.0,longhorn/v1.11.3,golang.org/x/crypto,v0.51.0,gobinary,CVE-2026-39831,HIGH,https://avd.aquasec.com/nvd/cve-2026-39831,csi-attacher,0.52.0,false,not_affected,vulnerable_code_not_present
longhornio/csi-attacher:v4.12.0,longhorn/v1.11.3,golang.org/x/crypto,v0.51.0,gobinary,CVE-2026-39832,HIGH,https://avd.aquasec.com/nvd/cve-2026-39832,csi-attacher,0.52.0,false,not_affected,vulnerable_code_not_present
longhornio/csi-attacher:v4.12.0,longhorn/v1.11.3,golang.org/x/crypto,v0.51.0,gobinary,CVE-2026-39833,MEDIUM,https://avd.aquasec.com/nvd/cve-2026-39833,csi-attacher,0.52.0,false,not_affected,vulnerable_code_not_present
longhornio/csi-attacher:v4.12.0,longhorn/v1.11.3,golang.org/x/crypto,v0.51.0,gobinary,CVE-2026-39834,MEDIUM,https://avd.aquasec.com/nvd/cve-2026-39834,csi-attacher,0.52.0,false,not_affected,vulnerable_code_not_present
longhornio/csi-attacher:v4.12.0,longhorn/v1.11.3,golang.org/x/crypto,v0.51.0,gobinary,CVE-2026-39835,HIGH,https://avd.aquasec.com/nvd/cve-2026-39835,csi-attacher,0.52.0,false,not_affected,vulnerable_code_not_present
longhornio/csi-attacher:v4.12.0,longhorn/v1.11.3,golang.org/x/net,v0.54.0,gobinary,CVE-2026-42502,MEDIUM,https://avd.aquasec.com/nvd/cve-2026-42502,csi-attacher,0.55.0,false,not_affected,vulnerable_code_not_present
longhornio/csi-attacher:v4.12.0,longhorn/v1.11.3,stdlib,v1.26.3,gobinary,CVE-2026-42504,HIGH,https://avd.aquasec.com/nvd/cve-2026-42504,csi-attacher,"1.25.11, 1.26.4",false,not_affected,vulnerable_code_not_in_execute_path
longhornio/csi-attacher:v4.12.0,longhorn/v1.11.3,stdlib,v1.26.3,gobinary,CVE-2026-42505,MEDIUM,https://avd.aquasec.com/nvd/cve-2026-42505,csi-attacher,"1.25.12, 1.26.5, 1.27.0-rc.2",false,not_affected,vulnerable_code_not_in_execute_path
longhornio/csi-attacher:v4.12.0,longhorn/v1.11.3,golang.org/x/net,v0.54.0,gobinary,CVE-2026-42506,MEDIUM,https://avd.aquasec.com/nvd/cve-2026-42506,csi-attacher,0.55.0,false,not_affected,vulnerable_code_not_present
longhornio/csi-attacher:v4.12.0,longhorn/v1.11.3,stdlib,v1.26.3,gobinary,CVE-2026-42507,MEDIUM,https://avd.aquasec.com/nvd/cve-2026-42507,csi-attacher,"1.25.11, 1.26.4",false,not_affected,vulnerable_code_not_in_execute_path
longhornio/csi-attacher:v4.12.0,longhorn/v1.11.3,golang.org/x/crypto,v0.51.0,gobinary,CVE-2026-42508,HIGH,https://avd.aquasec.com/nvd/cve-2026-42508,csi-attacher,0.52.0,false,not_affected,vulnerable_code_not_present
longhornio/csi-attacher:v4.12.0,longhorn/v1.11.3,golang.org/x/crypto,v0.51.0,gobinary,CVE-2026-46595,HIGH,https://avd.aquasec.com/nvd/cve-2026-46595,csi-attacher,0.52.0,false,not_affected,vulnerable_code_not_present
longhornio/csi-attacher:v4.12.0,longhorn/v1.11.3,golang.org/x/crypto,v0.51.0,gobinary,CVE-2026-46597,HIGH,https://avd.aquasec.com/nvd/cve-2026-46597,csi-attacher,0.52.0,false,not_affected,vulnerable_code_not_present
longhornio/csi-attacher:v4.12.0,longhorn/v1.11.3,golang.org/x/crypto,v0.51.0,gobinary,CVE-2026-46598,MEDIUM,https://avd.aquasec.com/nvd/cve-2026-46598,csi-attacher,0.52.0,false,not_affected,vulnerable_code_not_present
longhornio/csi-attacher:v4.12.0,longhorn/v1.11.3,golang.org/x/net,v0.54.0,gobinary,CVE-2026-46600,HIGH,https://avd.aquasec.com/nvd/cve-2026-46600,csi-attacher,0.56.0,false,not_affected,vulnerable_code_not_present
longhornio/csi-attacher:v4.12.0,longhorn/v1.11.3,stdlib,v1.26.3,gobinary,CVE-2026-56853,HIGH,https://avd.aquasec.com/nvd/cve-2026-56853,csi-attacher,"1.25.13, 1.26.6, 1.27.0-rc.3",false,affected,
longhornio/csi-attacher:v4.12.0,longhorn/v1.11.3,golang.org/x/crypto,v0.51.0,gobinary,CVE-2026-56854,CRITICAL,https://avd.aquasec.com/nvd/cve-2026-56854,csi-attacher,0.55.0,false,not_affected,vulnerable_code_not_present
longhornio/csi-attacher:v4.12.0,longhorn/v1.11.3,stdlib,v1.26.3,gobinary,CVE-2026-56859,HIGH,https://avd.aquasec.com/nvd/cve-2026-56859,csi-attacher,"1.25.13, 1.26.6, 1.27.0-rc.3",false,affected,
longhornio/csi-attacher:v4.12.0,longhorn/v1.11.3,stdlib,v1.26.3,gobinary,CVE-2026-56862,HIGH,https://avd.aquasec.com/nvd/cve-2026-56862,csi-attacher,"1.25.13, 1.26.6, 1.27.0-rc.3",false,affected,
longhornio/csi-attacher:v4.12.0,longhorn/v1.11.3,google.golang.org/grpc,v1.81.1,gobinary,CVE-2026-84304,HIGH,https://avd.aquasec.com/nvd/cve-2026-84304,csi-attacher,1.83.1,false,affected,
longhornio/csi-attacher:v4.12.0,longhorn/v1.11.3,google.golang.org/grpc,v1.81.1,gobinary,GHSA-hrxh-6v49-42gf,HIGH,https://github.com/advisories/GHSA-hrxh-6v49-42gf,csi-attacher,1.82.1,false,affected,
longhornio/csi-node-driver-registrar:v2.17.0,longhorn/v1.11.3,golang.org/x/net,v0.54.0,gobinary,CVE-2026-25680,MEDIUM,https://avd.aquasec.com/nvd/cve-2026-25680,csi-node-driver-registrar,0.55.0,false,not_affected,vulnerable_code_not_present
longhornio/csi-node-driver-registrar:v2.17.0,longhorn/v1.11.3,golang.org/x/net,v0.54.0,gobinary,CVE-2026-25681,HIGH,https://avd.aquasec.com/nvd/cve-2026-25681,csi-node-driver-registrar,0.55.0,false,not_affected,vulnerable_code_not_present
longhornio/csi-node-driver-registrar:v2.17.0,longhorn/v1.11.3,golang.org/x/net,v0.54.0,gobinary,CVE-2026-27136,HIGH,https://avd.aquasec.com/nvd/cve-2026-27136,csi-node-driver-registrar,0.55.0,false,not_affected,vulnerable_code_not_present
longhornio/csi-node-driver-registrar:v2.17.0,longhorn/v1.11.3,stdlib,v1.26.3,gobinary,CVE-2026-27145,HIGH,https://avd.aquasec.com/nvd/cve-2026-27145,csi-node-driver-registrar,"1.25.11, 1.26.4",false,not_affected,vulnerable_code_not_in_execute_path
longhornio/csi-node-driver-registrar:v2.17.0,longhorn/v1.11.3,stdlib,v1.26.3,gobinary,CVE-2026-33818,HIGH,https://avd.aquasec.com/nvd/cve-2026-33818,csi-node-driver-registrar,"1.25.13, 1.26.6, 1.27.0-rc.3",false,affected,
longhornio/csi-node-driver-registrar:v2.17.0,longhorn/v1.11.3,golang.org/x/net,v0.54.0,gobinary,CVE-2026-39821,HIGH,https://avd.aquasec.com/nvd/cve-2026-39821,csi-node-driver-registrar,0.55.0,false,not_affected,vulnerable_code_not_in_execute_path
longhornio/csi-node-driver-registrar:v2.17.0,longhorn/v1.11.3,stdlib,v1.26.3,gobinary,CVE-2026-39821,HIGH,https://avd.aquasec.com/nvd/cve-2026-39821,csi-node-driver-registrar,"1.25.13, 1.26.6, 1.27.0-rc.3",false,affected,
longhornio/csi-node-driver-registrar:v2.17.0,longhorn/v1.11.3,stdlib,v1.26.3,gobinary,CVE-2026-39822,HIGH,https://avd.aquasec.com/nvd/cve-2026-39822,csi-node-driver-registrar,"1.25.12, 1.26.5, 1.27.0-rc.2",false,not_affected,vulnerable_code_not_in_execute_path
longhornio/csi-node-driver-registrar:v2.17.0,longhorn/v1.11.3,golang.org/x/net,v0.54.0,gobinary,CVE-2026-42502,MEDIUM,https://avd.aquasec.com/nvd/cve-2026-42502,csi-node-driver-registrar,0.55.0,false,not_affected,vulnerable_code_not_present
longhornio/csi-node-driver-registrar:v2.17.0,longhorn/v1.11.3,stdlib,v1.26.3,gobinary,CVE-2026-42504,HIGH,https://avd.aquasec.com/nvd/cve-2026-42504,csi-node-driver-registrar,"1.25.11, 1.26.4",false,not_affected,vulnerable_code_not_in_execute_path
longhornio/csi-node-driver-registrar:v2.17.0,longhorn/v1.11.3,stdlib,v1.26.3,gobinary,CVE-2026-42505,MEDIUM,https://avd.aquasec.com/nvd/cve-2026-42505,csi-node-driver-registrar,"1.25.12, 1.26.5, 1.27.0-rc.2",false,not_affected,vulnerable_code_not_in_execute_path
longhornio/csi-node-driver-registrar:v2.17.0,longhorn/v1.11.3,golang.org/x/net,v0.54.0,gobinary,CVE-2026-42506,MEDIUM,https://avd.aquasec.com/nvd/cve-2026-42506,csi-node-driver-registrar,0.55.0,false,not_affected,vulnerable_code_not_present
longhornio/csi-node-driver-registrar:v2.17.0,longhorn/v1.11.3,stdlib,v1.26.3,gobinary,CVE-2026-42507,MEDIUM,https://avd.aquasec.com/nvd/cve-2026-42507,csi-node-driver-registrar,"1.25.11, 1.26.4",false,not_affected,vulnerable_code_not_in_execute_path
longhornio/csi-node-driver-registrar:v2.17.0,longhorn/v1.11.3,golang.org/x/net,v0.54.0,gobinary,CVE-2026-46600,HIGH,https://avd.aquasec.com/nvd/cve-2026-46600,csi-node-driver-registrar,0.56.0,false,not_affected,vulnerable_code_not_present
longhornio/csi-node-driver-registrar:v2.17.0,longhorn/v1.11.3,golang.org/x/text,v0.37.0,gobinary,CVE-2026-56852,HIGH,https://avd.aquasec.com/nvd/cve-2026-56852,csi-node-driver-registrar,0.39.0,false,not_affected,vulnerable_code_not_in_execute_path
longhornio/csi-node-driver-registrar:v2.17.0,longhorn/v1.11.3,stdlib,v1.26.3,gobinary,CVE-2026-56853,HIGH,https://avd.aquasec.com/nvd/cve-2026-56853,csi-node-driver-registrar,"1.25.13, 1.26.6, 1.27.0-rc.3",false,affected,
longhornio/csi-node-driver-registrar:v2.17.0,longhorn/v1.11.3,stdlib,v1.26.3,gobinary,CVE-2026-56859,HIGH,https://avd.aquasec.com/nvd/cve-2026-56859,csi-node-driver-registrar,"1.25.13, 1.26.6, 1.27.0-rc.3",false,not_affected,vulnerable_code_not_present
longhornio/csi-node-driver-registrar:v2.17.0,longhorn/v1.11.3,stdlib,v1.26.3,gobinary,CVE-2026-56862,HIGH,https://avd.aquasec.com/nvd/cve-2026-56862,csi-node-driver-registrar,"1.25.13, 1.26.6, 1.27.0-rc.3",false,affected,
longhornio/csi-node-driver-registrar:v2.17.0,longhorn/v1.11.3,google.golang.org/grpc,v1.81.1,gobinary,CVE-2026-84304,HIGH,https://avd.aquasec.com/nvd/cve-2026-84304,csi-node-driver-registrar,1.83.1,false,affected,
longhornio/csi-node-driver-registrar:v2.17.0,longhorn/v1.11.3,google.golang.org/grpc,v1.81.1,gobinary,GHSA-hrxh-6v49-42gf,HIGH,https://github.com/advisories/GHSA-hrxh-6v49-42gf,csi-node-driver-registrar,1.82.1,false,affected,
longhornio/csi-provisioner:v6.3.0,longhorn/v1.11.3,stdlib,v1.26.3,gobinary,CVE-2026-27145,HIGH,https://avd.aquasec.com/nvd/cve-2026-27145,csi-provisioner,"1.25.11, 1.26.4",false,not_affected,vulnerable_code_not_in_execute_path
longhornio/csi-provisioner:v6.3.0,longhorn/v1.11.3,stdlib,v1.26.3,gobinary,CVE-2026-33818,HIGH,https://avd.aquasec.com/nvd/cve-2026-33818,csi-provisioner,"1.25.13, 1.26.6, 1.27.0-rc.3",false,affected,
longhornio/csi-provisioner:v6.3.0,longhorn/v1.11.3,stdlib,v1.26.3,gobinary,CVE-2026-39821,HIGH,https://avd.aquasec.com/nvd/cve-2026-39821,csi-provisioner,"1.25.13, 1.26.6, 1.27.0-rc.3",false,affected,
longhornio/csi-provisioner:v6.3.0,longhorn/v1.11.3,stdlib,v1.26.3,gobinary,CVE-2026-39822,HIGH,https://avd.aquasec.com/nvd/cve-2026-39822,csi-provisioner,"1.25.12, 1.26.5, 1.27.0-rc.2",false,not_affected,vulnerable_code_not_in_execute_path
longhornio/csi-provisioner:v6.3.0,longhorn/v1.11.3,stdlib,v1.26.3,gobinary,CVE-2026-42504,HIGH,https://avd.aquasec.com/nvd/cve-2026-42504,csi-provisioner,"1.25.11, 1.26.4",false,not_affected,vulnerable_code_not_in_execute_path
longhornio/csi-provisioner:v6.3.0,longhorn/v1.11.3,stdlib,v1.26.3,gobinary,CVE-2026-42505,MEDIUM,https://avd.aquasec.com/nvd/cve-2026-42505,csi-provisioner,"1.25.12, 1.26.5, 1.27.0-rc.2",false,not_affected,vulnerable_code_not_in_execute_path
longhornio/csi-provisioner:v6.3.0,longhorn/v1.11.3,stdlib,v1.26.3,gobinary,CVE-2026-42507,MEDIUM,https://avd.aquasec.com/nvd/cve-2026-42507,csi-provisioner,"1.25.11, 1.26.4",false,not_affected,vulnerable_code_not_in_execute_path
longhornio/csi-provisioner:v6.3.0,longhorn/v1.11.3,golang.org/x/net,v0.55.0,gobinary,CVE-2026-46600,HIGH,https://avd.aquasec.com/nvd/cve-2026-46600,csi-provisioner,0.56.0,false,not_affected,vulnerable_code_not_present
longhornio/csi-provisioner:v6.3.0,longhorn/v1.11.3,stdlib,v1.26.3,gobinary,CVE-2026-56853,HIGH,https://avd.aquasec.com/nvd/cve-2026-56853,csi-provisioner,"1.25.13, 1.26.6, 1.27.0-rc.3",false,affected,
longhornio/csi-provisioner:v6.3.0,longhorn/v1.11.3,golang.org/x/crypto,v0.52.0,gobinary,CVE-2026-56854,CRITICAL,https://avd.aquasec.com/nvd/cve-2026-56854,csi-provisioner,0.55.0,false,not_affected,vulnerable_code_not_in_execute_path
longhornio/csi-provisioner:v6.3.0,longhorn/v1.11.3,stdlib,v1.26.3,gobinary,CVE-2026-56859,HIGH,https://avd.aquasec.com/nvd/cve-2026-56859,csi-provisioner,"1.25.13, 1.26.6, 1.27.0-rc.3",false,affected,
longhornio/csi-provisioner:v6.3.0,longhorn/v1.11.3,stdlib,v1.26.3,gobinary,CVE-2026-56862,HIGH,https://avd.aquasec.com/nvd/cve-2026-56862,csi-provisioner,"1.25.13, 1.26.6, 1.27.0-rc.3",false,affected,
longhornio/csi-provisioner:v6.3.0,longhorn/v1.11.3,google.golang.org/grpc,v1.81.1,gobinary,CVE-2026-84304,HIGH,https://avd.aquasec.com/nvd/cve-2026-84304,csi-provisioner,1.83.1,false,affected,
longhornio/csi-provisioner:v6.3.0,longhorn/v1.11.3,google.golang.org/grpc,v1.81.1,gobinary,GHSA-hrxh-6v49-42gf,HIGH,https://github.com/advisories/GHSA-hrxh-6v49-42gf,csi-provisioner,1.82.1,false,affected,
longhornio/csi-resizer:v2.2.0,longhorn/v1.11.3,golang.org/x/net,v0.49.0,gobinary,CVE-2026-25680,MEDIUM,https://avd.aquasec.com/nvd/cve-2026-25680,csi-resizer,0.55.0,false,not_affected,vulnerable_code_not_present
longhornio/csi-resizer:v2.2.0,longhorn/v1.11.3,golang.org/x/net,v0.49.0,gobinary,CVE-2026-25681,HIGH,https://avd.aquasec.com/nvd/cve-2026-25681,csi-resizer,0.55.0,false,not_affected,vulnerable_code_not_present
longhornio/csi-resizer:v2.2.0,longhorn/v1.11.3,golang.org/x/net,v0.49.0,gobinary,CVE-2026-27136,HIGH,https://avd.aquasec.com/nvd/cve-2026-27136,csi-resizer,0.55.0,false,not_affected,vulnerable_code_not_present
longhornio/csi-resizer:v2.2.0,longhorn/v1.11.3,stdlib,v1.26.3,gobinary,CVE-2026-27145,HIGH,https://avd.aquasec.com/nvd/cve-2026-27145,csi-resizer,"1.25.11, 1.26.4",false,not_affected,vulnerable_code_not_in_execute_path
longhornio/csi-resizer:v2.2.0,longhorn/v1.11.3,golang.org/x/net,v0.49.0,gobinary,CVE-2026-33814,HIGH,https://avd.aquasec.com/nvd/cve-2026-33814,csi-resizer,0.53.0,false,affected,
longhornio/csi-resizer:v2.2.0,longhorn/v1.11.3,stdlib,v1.26.3,gobinary,CVE-2026-33818,HIGH,https://avd.aquasec.com/nvd/cve-2026-33818,csi-resizer,"1.25.13, 1.26.6, 1.27.0-rc.3",false,affected,
longhornio/csi-resizer:v2.2.0,longhorn/v1.11.3,golang.org/x/net,v0.49.0,gobinary,CVE-2026-39821,HIGH,https://avd.aquasec.com/nvd/cve-2026-39821,csi-resizer,0.55.0,false,affected,
longhornio/csi-resizer:v2.2.0,longhorn/v1.11.3,stdlib,v1.26.3,gobinary,CVE-2026-39821,HIGH,https://avd.aquasec.com/nvd/cve-2026-39821,csi-resizer,"1.25.13, 1.26.6, 1.27.0-rc.3",false,affected,
longhornio/csi-resizer:v2.2.0,longhorn/v1.11.3,stdlib,v1.26.3,gobinary,CVE-2026-39822,HIGH,https://avd.aquasec.com/nvd/cve-2026-39822,csi-resizer,"1.25.12, 1.26.5, 1.27.0-rc.2",false,not_affected,vulnerable_code_not_in_execute_path
longhornio/csi-resizer:v2.2.0,longhorn/v1.11.3,golang.org/x/crypto,v0.47.0,gobinary,CVE-2026-39827,MEDIUM,https://avd.aquasec.com/nvd/cve-2026-39827,csi-resizer,0.52.0,false,not_affected,vulnerable_code_not_present
longhornio/csi-resizer:v2.2.0,longhorn/v1.11.3,golang.org/x/crypto,v0.47.0,gobinary,CVE-2026-39828,HIGH,https://avd.aquasec.com/nvd/cve-2026-39828,csi-resizer,0.52.0,false,not_affected,vulnerable_code_not_present
longhornio/csi-resizer:v2.2.0,longhorn/v1.11.3,golang.org/x/crypto,v0.47.0,gobinary,CVE-2026-39829,HIGH,https://avd.aquasec.com/nvd/cve-2026-39829,csi-resizer,0.52.0,false,not_affected,vulnerable_code_not_present
longhornio/csi-resizer:v2.2.0,longhorn/v1.11.3,golang.org/x/crypto,v0.47.0,gobinary,CVE-2026-39830,HIGH,https://avd.aquasec.com/nvd/cve-2026-39830,csi-resizer,0.52.0,false,not_affected,vulnerable_code_not_present
longhornio/csi-resizer:v2.2.0,longhorn/v1.11.3,golang.org/x/crypto,v0.47.0,gobinary,CVE-2026-39831,HIGH,https://avd.aquasec.com/nvd/cve-2026-39831,csi-resizer,0.52.0,false,not_affected,vulnerable_code_not_present
longhornio/csi-resizer:v2.2.0,longhorn/v1.11.3,golang.org/x/crypto,v0.47.0,gobinary,CVE-2026-39832,HIGH,https://avd.aquasec.com/nvd/cve-2026-39832,csi-resizer,0.52.0,false,not_affected,vulnerable_code_not_present
longhornio/csi-resizer:v2.2.0,longhorn/v1.11.3,golang.org/x/crypto,v0.47.0,gobinary,CVE-2026-39833,MEDIUM,https://avd.aquasec.com/nvd/cve-2026-39833,csi-resizer,0.52.0,false,not_affected,vulnerable_code_not_present
longhornio/csi-resizer:v2.2.0,longhorn/v1.11.3,golang.org/x/crypto,v0.47.0,gobinary,CVE-2026-39834,MEDIUM,https://avd.aquasec.com/nvd/cve-2026-39834,csi-resizer,0.52.0,false,not_affected,vulnerable_code_not_present
longhornio/csi-resizer:v2.2.0,longhorn/v1.11.3,golang.org/x/crypto,v0.47.0,gobinary,CVE-2026-39835,HIGH,https://avd.aquasec.com/nvd/cve-2026-39835,csi-resizer,0.52.0,false,not_affected,vulnerable_code_not_present
longhornio/csi-resizer:v2.2.0,longhorn/v1.11.3,go.opentelemetry.io/otel/sdk,v1.40.0,gobinary,CVE-2026-39883,HIGH,https://avd.aquasec.com/nvd/cve-2026-39883,csi-resizer,1.43.0,false,not_affected,vulnerable_code_not_in_execute_path
longhornio/csi-resizer:v2.2.0,longhorn/v1.11.3,golang.org/x/net,v0.49.0,gobinary,CVE-2026-42502,MEDIUM,https://avd.aquasec.com/nvd/cve-2026-42502,csi-resizer,0.55.0,false,not_affected,vulnerable_code_not_present
longhornio/csi-resizer:v2.2.0,longhorn/v1.11.3,stdlib,v1.26.3,gobinary,CVE-2026-42504,HIGH,https://avd.aquasec.com/nvd/cve-2026-42504,csi-resizer,"1.25.11, 1.26.4",false,not_affected,vulnerable_code_not_in_execute_path
longhornio/csi-resizer:v2.2.0,longhorn/v1.11.3,stdlib,v1.26.3,gobinary,CVE-2026-42505,MEDIUM,https://avd.aquasec.com/nvd/cve-2026-42505,csi-resizer,"1.25.12, 1.26.5, 1.27.0-rc.2",false,not_affected,vulnerable_code_cannot_be_controlled_by_adversary
longhornio/csi-resizer:v2.2.0,longhorn/v1.11.3,golang.org/x/net,v0.49.0,gobinary,CVE-2026-42506,MEDIUM,https://avd.aquasec.com/nvd/cve-2026-42506,csi-resizer,0.55.0,false,not_affected,vulnerable_code_not_present
longhornio/csi-resizer:v2.2.0,longhorn/v1.11.3,stdlib,v1.26.3,gobinary,CVE-2026-42507,MEDIUM,https://avd.aquasec.com/nvd/cve-2026-42507,csi-resizer,"1.25.11, 1.26.4",false,not_affected,vulnerable_code_not_in_execute_path
longhornio/csi-resizer:v2.2.0,longhorn/v1.11.3,golang.org/x/crypto,v0.47.0,gobinary,CVE-2026-42508,HIGH,https://avd.aquasec.com/nvd/cve-2026-42508,csi-resizer,0.52.0,false,not_affected,vulnerable_code_not_present
longhornio/csi-resizer:v2.2.0,longhorn/v1.11.3,golang.org/x/crypto,v0.47.0,gobinary,CVE-2026-46595,HIGH,https://avd.aquasec.com/nvd/cve-2026-46595,csi-resizer,0.52.0,false,not_affected,vulnerable_code_not_present
longhornio/csi-resizer:v2.2.0,longhorn/v1.11.3,golang.org/x/crypto,v0.47.0,gobinary,CVE-2026-46597,HIGH,https://avd.aquasec.com/nvd/cve-2026-46597,csi-resizer,0.52.0,false,not_affected,vulnerable_code_not_present
longhornio/csi-resizer:v2.2.0,longhorn/v1.11.3,golang.org/x/crypto,v0.47.0,gobinary,CVE-2026-46598,MEDIUM,https://avd.aquasec.com/nvd/cve-2026-46598,csi-resizer,0.52.0,false,not_affected,vulnerable_code_not_present
longhornio/csi-resizer:v2.2.0,longhorn/v1.11.3,golang.org/x/net,v0.49.0,gobinary,CVE-2026-46600,HIGH,https://avd.aquasec.com/nvd/cve-2026-46600,csi-resizer,0.56.0,false,not_affected,vulnerable_code_not_present
longhornio/csi-resizer:v2.2.0,longhorn/v1.11.3,stdlib,v1.26.3,gobinary,CVE-2026-56853,HIGH,https://avd.aquasec.com/nvd/cve-2026-56853,csi-resizer,"1.25.13, 1.26.6, 1.27.0-rc.3",false,affected,
longhornio/csi-resizer:v2.2.0,longhorn/v1.11.3,golang.org/x/crypto,v0.47.0,gobinary,CVE-2026-56854,CRITICAL,https://avd.aquasec.com/nvd/cve-2026-56854,csi-resizer,0.55.0,false,not_affected,vulnerable_code_not_present
longhornio/csi-resizer:v2.2.0,longhorn/v1.11.3,stdlib,v1.26.3,gobinary,CVE-2026-56859,HIGH,https://avd.aquasec.com/nvd/cve-2026-56859,csi-resizer,"1.25.13, 1.26.6, 1.27.0-rc.3",false,affected,
longhornio/csi-resizer:v2.2.0,longhorn/v1.11.3,stdlib,v1.26.3,gobinary,CVE-2026-56862,HIGH,https://avd.aquasec.com/nvd/cve-2026-56862,csi-resizer,"1.25.13, 1.26.6, 1.27.0-rc.3",false,affected,
longhornio/csi-resizer:v2.2.0,longhorn/v1.11.3,google.golang.org/grpc,v1.79.3,gobinary,CVE-2026-84304,HIGH,https://avd.aquasec.com/nvd/cve-2026-84304,csi-resizer,1.83.1,false,affected,
longhornio/csi-resizer:v2.2.0,longhorn/v1.11.3,google.golang.org/grpc,v1.79.3,gobinary,GHSA-hrxh-6v49-42gf,HIGH,https://github.com/advisories/GHSA-hrxh-6v49-42gf,csi-resizer,1.82.1,false,affected,
longhornio/csi-snapshotter:v8.6.0,longhorn/v1.11.3,golang.org/x/net,v0.54.0,gobinary,CVE-2026-25680,MEDIUM,https://avd.aquasec.com/nvd/cve-2026-25680,csi-snapshotter,0.55.0,false,not_affected,vulnerable_code_not_present
longhornio/csi-snapshotter:v8.6.0,longhorn/v1.11.3,golang.org/x/net,v0.54.0,gobinary,CVE-2026-25681,HIGH,https://avd.aquasec.com/nvd/cve-2026-25681,csi-snapshotter,0.55.0,false,not_affected,vulnerable_code_not_present
longhornio/csi-snapshotter:v8.6.0,longhorn/v1.11.3,golang.org/x/net,v0.54.0,gobinary,CVE-2026-27136,HIGH,https://avd.aquasec.com/nvd/cve-2026-27136,csi-snapshotter,0.55.0,false,not_affected,vulnerable_code_not_present
longhornio/csi-snapshotter:v8.6.0,longhorn/v1.11.3,stdlib,v1.26.3,gobinary,CVE-2026-27145,HIGH,https://avd.aquasec.com/nvd/cve-2026-27145,csi-snapshotter,"1.25.11, 1.26.4",false,not_affected,vulnerable_code_not_in_execute_path
longhornio/csi-snapshotter:v8.6.0,longhorn/v1.11.3,stdlib,v1.26.3,gobinary,CVE-2026-33818,HIGH,https://avd.aquasec.com/nvd/cve-2026-33818,csi-snapshotter,"1.25.13, 1.26.6, 1.27.0-rc.3",false,affected,
longhornio/csi-snapshotter:v8.6.0,longhorn/v1.11.3,golang.org/x/net,v0.54.0,gobinary,CVE-2026-39821,HIGH,https://avd.aquasec.com/nvd/cve-2026-39821,csi-snapshotter,0.55.0,false,affected,
longhornio/csi-snapshotter:v8.6.0,longhorn/v1.11.3,stdlib,v1.26.3,gobinary,CVE-2026-39821,HIGH,https://avd.aquasec.com/nvd/cve-2026-39821,csi-snapshotter,"1.25.13, 1.26.6, 1.27.0-rc.3",false,affected,
longhornio/csi-snapshotter:v8.6.0,longhorn/v1.11.3,stdlib,v1.26.3,gobinary,CVE-2026-39822,HIGH,https://avd.aquasec.com/nvd/cve-2026-39822,csi-snapshotter,"1.25.12, 1.26.5, 1.27.0-rc.2",false,not_affected,vulnerable_code_not_in_execute_path
longhornio/csi-snapshotter:v8.6.0,longhorn/v1.11.3,golang.org/x/net,v0.54.0,gobinary,CVE-2026-42502,MEDIUM,https://avd.aquasec.com/nvd/cve-2026-42502,csi-snapshotter,0.55.0,false,not_affected,vulnerable_code_not_present
longhornio/csi-snapshotter:v8.6.0,longhorn/v1.11.3,stdlib,v1.26.3,gobinary,CVE-2026-42504,HIGH,https://avd.aquasec.com/nvd/cve-2026-42504,csi-snapshotter,"1.25.11, 1.26.4",false,not_affected,vulnerable_code_not_in_execute_path
longhornio/csi-snapshotter:v8.6.0,longhorn/v1.11.3,stdlib,v1.26.3,gobinary,CVE-2026-42505,MEDIUM,https://avd.aquasec.com/nvd/cve-2026-42505,csi-snapshotter,"1.25.12, 1.26.5, 1.27.0-rc.2",false,not_affected,vulnerable_code_not_in_execute_path
longhornio/csi-snapshotter:v8.6.0,longhorn/v1.11.3,golang.org/x/net,v0.54.0,gobinary,CVE-2026-42506,MEDIUM,https://avd.aquasec.com/nvd/cve-2026-42506,csi-snapshotter,0.55.0,false,not_affected,vulnerable_code_not_present
longhornio/csi-snapshotter:v8.6.0,longhorn/v1.11.3,stdlib,v1.26.3,gobinary,CVE-2026-42507,MEDIUM,https://avd.aquasec.com/nvd/cve-2026-42507,csi-snapshotter,"1.25.11, 1.26.4",false,not_affected,vulnerable_code_not_in_execute_path
longhornio/csi-snapshotter:v8.6.0,longhorn/v1.11.3,golang.org/x/net,v0.54.0,gobinary,CVE-2026-46600,HIGH,https://avd.aquasec.com/nvd/cve-2026-46600,csi-snapshotter,0.56.0,false,not_affected,vulnerable_code_not_present
longhornio/csi-snapshotter:v8.6.0,longhorn/v1.11.3,stdlib,v1.26.3,gobinary,CVE-2026-56853,HIGH,https://avd.aquasec.com/nvd/cve-2026-56853,csi-snapshotter,"1.25.13, 1.26.6, 1.27.0-rc.3",false,affected,
longhornio/csi-snapshotter:v8.6.0,longhorn/v1.11.3,golang.org/x/crypto,v0.52.0,gobinary,CVE-2026-56854,CRITICAL,https://avd.aquasec.com/nvd/cve-2026-56854,csi-snapshotter,0.55.0,false,not_affected,vulnerable_code_not_present
longhornio/csi-snapshotter:v8.6.0,longhorn/v1.11.3,stdlib,v1.26.3,gobinary,CVE-2026-56859,HIGH,https://avd.aquasec.com/nvd/cve-2026-56859,csi-snapshotter,"1.25.13, 1.26.6, 1.27.0-rc.3",false,affected,
longhornio/csi-snapshotter:v8.6.0,longhorn/v1.11.3,stdlib,v1.26.3,gobinary,CVE-2026-56862,HIGH,https://avd.aquasec.com/nvd/cve-2026-56862,csi-snapshotter,"1.25.13, 1.26.6, 1.27.0-rc.3",false,affected,
longhornio/csi-snapshotter:v8.6.0,longhorn/v1.11.3,google.golang.org/grpc,v1.81.1,gobinary,CVE-2026-84304,HIGH,https://avd.aquasec.com/nvd/cve-2026-84304,csi-snapshotter,1.83.1,false,affected,
longhornio/csi-snapshotter:v8.6.0,longhorn/v1.11.3,google.golang.org/grpc,v1.81.1,gobinary,GHSA-hrxh-6v49-42gf,HIGH,https://github.com/advisories/GHSA-hrxh-6v49-42gf,csi-snapshotter,1.82.1,false,affected,
longhornio/livenessprobe:v2.19.0,longhorn/v1.11.3,golang.org/x/net,v0.54.0,gobinary,CVE-2026-25680,MEDIUM,https://avd.aquasec.com/nvd/cve-2026-25680,livenessprobe,0.55.0,false,not_affected,vulnerable_code_not_present
longhornio/livenessprobe:v2.19.0,longhorn/v1.11.3,golang.org/x/net,v0.54.0,gobinary,CVE-2026-25681,HIGH,https://avd.aquasec.com/nvd/cve-2026-25681,livenessprobe,0.55.0,false,not_affected,vulnerable_code_not_present
longhornio/livenessprobe:v2.19.0,longhorn/v1.11.3,golang.org/x/net,v0.54.0,gobinary,CVE-2026-27136,HIGH,https://avd.aquasec.com/nvd/cve-2026-27136,livenessprobe,0.55.0,false,not_affected,vulnerable_code_not_present
longhornio/livenessprobe:v2.19.0,longhorn/v1.11.3,stdlib,v1.26.3,gobinary,CVE-2026-27145,HIGH,https://avd.aquasec.com/nvd/cve-2026-27145,livenessprobe,"1.25.11, 1.26.4",false,not_affected,vulnerable_code_not_in_execute_path
longhornio/livenessprobe:v2.19.0,longhorn/v1.11.3,stdlib,v1.26.3,gobinary,CVE-2026-33818,HIGH,https://avd.aquasec.com/nvd/cve-2026-33818,livenessprobe,"1.25.13, 1.26.6, 1.27.0-rc.3",false,affected,
longhornio/livenessprobe:v2.19.0,longhorn/v1.11.3,golang.org/x/net,v0.54.0,gobinary,CVE-2026-39821,HIGH,https://avd.aquasec.com/nvd/cve-2026-39821,livenessprobe,0.55.0,false,not_affected,vulnerable_code_not_in_execute_path
longhornio/livenessprobe:v2.19.0,longhorn/v1.11.3,stdlib,v1.26.3,gobinary,CVE-2026-39821,HIGH,https://avd.aquasec.com/nvd/cve-2026-39821,livenessprobe,"1.25.13, 1.26.6, 1.27.0-rc.3",false,affected,
longhornio/livenessprobe:v2.19.0,longhorn/v1.11.3,stdlib,v1.26.3,gobinary,CVE-2026-39822,HIGH,https://avd.aquasec.com/nvd/cve-2026-39822,livenessprobe,"1.25.12, 1.26.5, 1.27.0-rc.2",false,not_affected,vulnerable_code_not_in_execute_path
longhornio/livenessprobe:v2.19.0,longhorn/v1.11.3,golang.org/x/net,v0.54.0,gobinary,CVE-2026-42502,MEDIUM,https://avd.aquasec.com/nvd/cve-2026-42502,livenessprobe,0.55.0,false,not_affected,vulnerable_code_not_present
longhornio/livenessprobe:v2.19.0,longhorn/v1.11.3,stdlib,v1.26.3,gobinary,CVE-2026-42504,HIGH,https://avd.aquasec.com/nvd/cve-2026-42504,livenessprobe,"1.25.11, 1.26.4",false,not_affected,vulnerable_code_not_in_execute_path
longhornio/livenessprobe:v2.19.0,longhorn/v1.11.3,stdlib,v1.26.3,gobinary,CVE-2026-42505,MEDIUM,https://avd.aquasec.com/nvd/cve-2026-42505,livenessprobe,"1.25.12, 1.26.5, 1.27.0-rc.2",false,not_affected,vulnerable_code_not_in_execute_path
longhornio/livenessprobe:v2.19.0,longhorn/v1.11.3,golang.org/x/net,v0.54.0,gobinary,CVE-2026-42506,MEDIUM,https://avd.aquasec.com/nvd/cve-2026-42506,livenessprobe,0.55.0,false,not_affected,vulnerable_code_not_present
longhornio/livenessprobe:v2.19.0,longhorn/v1.11.3,stdlib,v1.26.3,gobinary,CVE-2026-42507,MEDIUM,https://avd.aquasec.com/nvd/cve-2026-42507,livenessprobe,"1.25.11, 1.26.4",false,not_affected,vulnerable_code_not_in_execute_path
longhornio/livenessprobe:v2.19.0,longhorn/v1.11.3,golang.org/x/net,v0.54.0,gobinary,CVE-2026-46600,HIGH,https://avd.aquasec.com/nvd/cve-2026-46600,livenessprobe,0.56.0,false,not_affected,vulnerable_code_not_present
longhornio/livenessprobe:v2.19.0,longhorn/v1.11.3,golang.org/x/text,v0.37.0,gobinary,CVE-2026-56852,HIGH,https://avd.aquasec.com/nvd/cve-2026-56852,livenessprobe,0.39.0,false,not_affected,vulnerable_code_not_in_execute_path
longhornio/livenessprobe:v2.19.0,longhorn/v1.11.3,stdlib,v1.26.3,gobinary,CVE-2026-56853,HIGH,https://avd.aquasec.com/nvd/cve-2026-56853,livenessprobe,"1.25.13, 1.26.6, 1.27.0-rc.3",false,affected,
longhornio/livenessprobe:v2.19.0,longhorn/v1.11.3,stdlib,v1.26.3,gobinary,CVE-2026-56859,HIGH,https://avd.aquasec.com/nvd/cve-2026-56859,livenessprobe,"1.25.13, 1.26.6, 1.27.0-rc.3",false,not_affected,vulnerable_code_not_present
longhornio/livenessprobe:v2.19.0,longhorn/v1.11.3,stdlib,v1.26.3,gobinary,CVE-2026-56862,HIGH,https://avd.aquasec.com/nvd/cve-2026-56862,livenessprobe,"1.25.13, 1.26.6, 1.27.0-rc.3",false,affected,
longhornio/livenessprobe:v2.19.0,longhorn/v1.11.3,google.golang.org/grpc,v1.81.1,gobinary,CVE-2026-84304,HIGH,https://avd.aquasec.com/nvd/cve-2026-84304,livenessprobe,1.83.1,false,affected,
longhornio/livenessprobe:v2.19.0,longhorn/v1.11.3,google.golang.org/grpc,v1.81.1,gobinary,GHSA-hrxh-6v49-42gf,HIGH,https://github.com/advisories/GHSA-hrxh-6v49-42gf,livenessprobe,1.82.1,false,affected,
longhornio/longhorn-cli:v1.11.3,longhorn/v1.11.3,stdlib,v1.25.11,gobinary,CVE-2026-33818,HIGH,https://avd.aquasec.com/nvd/cve-2026-33818,usr/local/bin/longhornctl,"1.25.13, 1.26.6, 1.27.0-rc.3",false,affected,
longhornio/longhorn-cli:v1.11.3,longhorn/v1.11.3,stdlib,v1.25.11,gobinary,CVE-2026-33818,HIGH,https://avd.aquasec.com/nvd/cve-2026-33818,usr/local/bin/longhornctl-local,"1.25.13, 1.26.6, 1.27.0-rc.3",false,affected,
longhornio/longhorn-cli:v1.11.3,longhorn/v1.11.3,stdlib,v1.25.11,gobinary,CVE-2026-39821,HIGH,https://avd.aquasec.com/nvd/cve-2026-39821,usr/local/bin/longhornctl,"1.25.13, 1.26.6, 1.27.0-rc.3",false,affected,
longhornio/longhorn-cli:v1.11.3,longhorn/v1.11.3,stdlib,v1.25.11,gobinary,CVE-2026-39821,HIGH,https://avd.aquasec.com/nvd/cve-2026-39821,usr/local/bin/longhornctl-local,"1.25.13, 1.26.6, 1.27.0-rc.3",false,affected,
longhornio/longhorn-cli:v1.11.3,longhorn/v1.11.3,stdlib,v1.25.11,gobinary,CVE-2026-39822,HIGH,https://avd.aquasec.com/nvd/cve-2026-39822,usr/local/bin/longhornctl,"1.25.12, 1.26.5, 1.27.0-rc.2",false,not_affected,vulnerable_code_not_in_execute_path
longhornio/longhorn-cli:v1.11.3,longhorn/v1.11.3,stdlib,v1.25.11,gobinary,CVE-2026-39822,HIGH,https://avd.aquasec.com/nvd/cve-2026-39822,usr/local/bin/longhornctl-local,"1.25.12, 1.26.5, 1.27.0-rc.2",false,not_affected,vulnerable_code_not_in_execute_path
longhornio/longhorn-cli:v1.11.3,longhorn/v1.11.3,stdlib,v1.25.11,gobinary,CVE-2026-56853,HIGH,https://avd.aquasec.com/nvd/cve-2026-56853,usr/local/bin/longhornctl,"1.25.13, 1.26.6, 1.27.0-rc.3",false,not_affected,vulnerable_code_not_in_execute_path
longhornio/longhorn-cli:v1.11.3,longhorn/v1.11.3,stdlib,v1.25.11,gobinary,CVE-2026-56853,HIGH,https://avd.aquasec.com/nvd/cve-2026-56853,usr/local/bin/longhornctl-local,"1.25.13, 1.26.6, 1.27.0-rc.3",false,not_affected,vulnerable_code_not_in_execute_path
longhornio/longhorn-cli:v1.11.3,longhorn/v1.11.3,golang.org/x/crypto,v0.53.0,gobinary,CVE-2026-56854,CRITICAL,https://avd.aquasec.com/nvd/cve-2026-56854,usr/local/bin/longhornctl,0.55.0,false,not_affected,vulnerable_code_not_in_execute_path
longhornio/longhorn-cli:v1.11.3,longhorn/v1.11.3,golang.org/x/crypto,v0.53.0,gobinary,CVE-2026-56854,CRITICAL,https://avd.aquasec.com/nvd/cve-2026-56854,usr/local/bin/longhornctl-local,0.55.0,false,not_affected,vulnerable_code_not_in_execute_path
longhornio/longhorn-cli:v1.11.3,longhorn/v1.11.3,stdlib,v1.25.11,gobinary,CVE-2026-56858,HIGH,https://avd.aquasec.com/nvd/cve-2026-56858,usr/local/bin/longhornctl,"1.25.13, 1.26.6, 1.27.0-rc.3",false,not_affected,vulnerable_code_not_present
longhornio/longhorn-cli:v1.11.3,longhorn/v1.11.3,stdlib,v1.25.11,gobinary,CVE-2026-56858,HIGH,https://avd.aquasec.com/nvd/cve-2026-56858,usr/local/bin/longhornctl-local,"1.25.13, 1.26.6, 1.27.0-rc.3",false,not_affected,vulnerable_code_not_present
longhornio/longhorn-cli:v1.11.3,longhorn/v1.11.3,stdlib,v1.25.11,gobinary,CVE-2026-56859,HIGH,https://avd.aquasec.com/nvd/cve-2026-56859,usr/local/bin/longhornctl,"1.25.13, 1.26.6, 1.27.0-rc.3",false,affected,
longhornio/longhorn-cli:v1.11.3,longhorn/v1.11.3,stdlib,v1.25.11,gobinary,CVE-2026-56859,HIGH,https://avd.aquasec.com/nvd/cve-2026-56859,usr/local/bin/longhornctl-local,"1.25.13, 1.26.6, 1.27.0-rc.3",false,affected,
longhornio/longhorn-cli:v1.11.3,longhorn/v1.11.3,stdlib,v1.25.11,gobinary,CVE-2026-56862,HIGH,https://avd.aquasec.com/nvd/cve-2026-56862,usr/local/bin/longhornctl,"1.25.13, 1.26.6, 1.27.0-rc.3",false,affected,
longhornio/longhorn-cli:v1.11.3,longhorn/v1.11.3,stdlib,v1.25.11,gobinary,CVE-2026-56862,HIGH,https://avd.aquasec.com/nvd/cve-2026-56862,usr/local/bin/longhornctl-local,"1.25.13, 1.26.6, 1.27.0-rc.3",false,affected,
longhornio/longhorn-cli:v1.11.3,longhorn/v1.11.3,tar,1.34-150000.3.37.1,sles,SUSE-SU-2026:2714-1,MEDIUM,,longhornio/longhorn-cli:v1.11.3 (sles 15.7),1.34-150000.3.42.1,false,not_affected,vulnerable_code_not_in_execute_path
longhornio/longhorn-cli:v1.11.3,longhorn/v1.11.3,krb5,1.20.1-150600.11.14.1,sles,SUSE-SU-2026:2848-1,HIGH,,longhornio/longhorn-cli:v1.11.3 (sles 15.7),1.20.1-150600.11.19.1,false,not_affected,vulnerable_code_not_in_execute_path
longhornio/longhorn-cli:v1.11.3,longhorn/v1.11.3,curl,8.14.1-150700.7.17.1,sles,SUSE-SU-2026:2925-1,HIGH,,longhornio/longhorn-cli:v1.11.3 (sles 15.7),8.14.1-150700.7.20.1,false,not_affected,vulnerable_code_not_in_execute_path
longhornio/longhorn-cli:v1.11.3,longhorn/v1.11.3,libcurl4,8.14.1-150700.7.17.1,sles,SUSE-SU-2026:2925-1,HIGH,,longhornio/longhorn-cli:v1.11.3 (sles 15.7),8.14.1-150700.7.20.1,false,not_affected,vulnerable_code_not_in_execute_path
longhornio/longhorn-cli:v1.11.3,longhorn/v1.11.3,glibc,2.38-150600.14.49.1,sles,SUSE-SU-2026:3030-1,MEDIUM,,longhornio/longhorn-cli:v1.11.3 (sles 15.7),2.38-150600.14.52.1,false,not_affected,vulnerable_code_not_in_execute_path
longhornio/longhorn-cli:v1.11.3,longhorn/v1.11.3,libxml2-2,2.12.10-150700.4.11.1,sles,SUSE-SU-2026:3097-1,HIGH,,longhornio/longhorn-cli:v1.11.3 (sles 15.7),2.12.10-150700.4.14.1,false,not_affected,vulnerable_code_not_in_execute_path
longhornio/longhorn-cli:v1.11.3,longhorn/v1.11.3,pam,1.3.0-150000.6.86.1,sles,SUSE-SU-2026:3163-1,MEDIUM,,longhornio/longhorn-cli:v1.11.3 (sles 15.7),1.3.0-150000.6.89.1,false,not_affected,vulnerable_code_not_in_execute_path
longhornio/longhorn-cli:v1.11.3,longhorn/v1.11.3,libgcrypt20,1.11.0-150700.5.7.1,sles,SUSE-SU-2026:3182-1,MEDIUM,,longhornio/longhorn-cli:v1.11.3 (sles 15.7),1.11.0-150700.5.10.1,false,not_affected,vulnerable_code_not_in_execute_path
longhornio/longhorn-cli:v1.11.3,longhorn/v1.11.3,gzip,1.10-150200.10.1,sles,SUSE-SU-2026:3269-1,HIGH,,longhornio/longhorn-cli:v1.11.3 (sles 15.7),1.10-150200.13.1,false,affected,
longhornio/longhorn-cli:v1.11.3,longhorn/v1.11.3,libssh-config,0.9.8-150600.11.12.1,sles,SUSE-SU-2026:3330-1,MEDIUM,,longhornio/longhorn-cli:v1.11.3 (sles 15.7),0.9.8-150600.11.15.1,false,not_affected,vulnerable_code_not_in_execute_path
longhornio/longhorn-cli:v1.11.3,longhorn/v1.11.3,libssh4,0.9.8-150600.11.12.1,sles,SUSE-SU-2026:3330-1,MEDIUM,,longhornio/longhorn-cli:v1.11.3 (sles 15.7),0.9.8-150600.11.15.1,false,not_affected,vulnerable_code_not_in_execute_path
longhornio/longhorn-cli:v1.11.3,longhorn/v1.11.3,libglib-2_0-0,2.78.6-150600.4.35.1,sles,SUSE-SU-2026:3341-1,HIGH,,longhornio/longhorn-cli:v1.11.3 (sles 15.7),2.78.6-150600.4.38.1,false,not_affected,vulnerable_code_not_in_execute_path
longhornio/longhorn-cli:v1.11.3,longhorn/v1.11.3,perl-base,5.26.1-150300.17.20.1,sles,SUSE-SU-2026:3558-1,HIGH,,longhornio/longhorn-cli:v1.11.3 (sles 15.7),5.26.1-150300.17.23.1,false,not_affected,vulnerable_code_not_in_execute_path
longhornio/longhorn-cli:v1.11.3,longhorn/v1.11.3,rpm-ndb,4.14.3-150400.59.16.1,sles,SUSE-SU-2026:3600-1,HIGH,,longhornio/longhorn-cli:v1.11.3 (sles 15.7),4.14.3-150400.59.19.1,false,not_affected,vulnerable_code_not_in_execute_path
longhornio/longhorn-cli:v1.11.3,longhorn/v1.11.3,curl,8.14.1-150700.7.17.1,sles,SUSE-SU-2026:3798-1,MEDIUM,,longhornio/longhorn-cli:v1.11.3 (sles 15.7),8.14.1-150700.7.23.1,false,not_affected,vulnerable_code_not_in_execute_path
longhornio/longhorn-cli:v1.11.3,longhorn/v1.11.3,libcurl4,8.14.1-150700.7.17.1,sles,SUSE-SU-2026:3798-1,MEDIUM,,longhornio/longhorn-cli:v1.11.3 (sles 15.7),8.14.1-150700.7.23.1,false,not_affected,vulnerable_code_not_in_execute_path
longhornio/longhorn-engine:v1.11.3,longhorn/v1.11.3,stdlib,v1.25.11,gobinary,CVE-2026-33818,HIGH,https://avd.aquasec.com/nvd/cve-2026-33818,usr/local/bin/longhorn,"1.25.13, 1.26.6, 1.27.0-rc.3",false,affected,
longhornio/longhorn-engine:v1.11.3,longhorn/v1.11.3,stdlib,v1.25.11,gobinary,CVE-2026-33818,HIGH,https://avd.aquasec.com/nvd/cve-2026-33818,usr/local/bin/longhorn-instance-manager,"1.25.13, 1.26.6, 1.27.0-rc.3",false,affected,
longhornio/longhorn-engine:v1.11.3,longhorn/v1.11.3,stdlib,v1.26.4,gobinary,CVE-2026-33818,HIGH,https://avd.aquasec.com/nvd/cve-2026-33818,usr/local/bin/grpc_health_probe,"1.25.13, 1.26.6, 1.27.0-rc.3",false,affected,
longhornio/longhorn-engine:v1.11.3,longhorn/v1.11.3,stdlib,v1.25.11,gobinary,CVE-2026-39821,HIGH,https://avd.aquasec.com/nvd/cve-2026-39821,usr/local/bin/longhorn,"1.25.13, 1.26.6, 1.27.0-rc.3",false,affected,
longhornio/longhorn-engine:v1.11.3,longhorn/v1.11.3,stdlib,v1.25.11,gobinary,CVE-2026-39821,HIGH,https://avd.aquasec.com/nvd/cve-2026-39821,usr/local/bin/longhorn-instance-manager,"1.25.13, 1.26.6, 1.27.0-rc.3",false,affected,
longhornio/longhorn-engine:v1.11.3,longhorn/v1.11.3,stdlib,v1.26.4,gobinary,CVE-2026-39821,HIGH,https://avd.aquasec.com/nvd/cve-2026-39821,usr/local/bin/grpc_health_probe,"1.25.13, 1.26.6, 1.27.0-rc.3",false,not_affected,vulnerable_code_not_in_execute_path
longhornio/longhorn-engine:v1.11.3,longhorn/v1.11.3,stdlib,v1.25.11,gobinary,CVE-2026-39822,HIGH,https://avd.aquasec.com/nvd/cve-2026-39822,usr/local/bin/longhorn,"1.25.12, 1.26.5, 1.27.0-rc.2",false,not_affected,vulnerable_code_not_in_execute_path
longhornio/longhorn-engine:v1.11.3,longhorn/v1.11.3,stdlib,v1.25.11,gobinary,CVE-2026-39822,HIGH,https://avd.aquasec.com/nvd/cve-2026-39822,usr/local/bin/longhorn-instance-manager,"1.25.12, 1.26.5, 1.27.0-rc.2",false,not_affected,vulnerable_code_not_in_execute_path
longhornio/longhorn-engine:v1.11.3,longhorn/v1.11.3,stdlib,v1.26.4,gobinary,CVE-2026-39822,HIGH,https://avd.aquasec.com/nvd/cve-2026-39822,usr/local/bin/grpc_health_probe,"1.25.12, 1.26.5, 1.27.0-rc.2",false,not_affected,vulnerable_code_not_in_execute_path
longhornio/longhorn-engine:v1.11.3,longhorn/v1.11.3,stdlib,v1.25.11,gobinary,CVE-2026-42505,MEDIUM,https://avd.aquasec.com/nvd/cve-2026-42505,usr/local/bin/longhorn,"1.25.12, 1.26.5, 1.27.0-rc.2",false,not_affected,vulnerable_code_not_in_execute_path
longhornio/longhorn-engine:v1.11.3,longhorn/v1.11.3,stdlib,v1.25.11,gobinary,CVE-2026-42505,MEDIUM,https://avd.aquasec.com/nvd/cve-2026-42505,usr/local/bin/longhorn-instance-manager,"1.25.12, 1.26.5, 1.27.0-rc.2",false,not_affected,vulnerable_code_not_in_execute_path
longhornio/longhorn-engine:v1.11.3,longhorn/v1.11.3,stdlib,v1.26.4,gobinary,CVE-2026-42505,MEDIUM,https://avd.aquasec.com/nvd/cve-2026-42505,usr/local/bin/grpc_health_probe,"1.25.12, 1.26.5, 1.27.0-rc.2",false,not_affected,vulnerable_code_cannot_be_controlled_by_adversary
longhornio/longhorn-engine:v1.11.3,longhorn/v1.11.3,golang.org/x/net,v0.55.0,gobinary,CVE-2026-46600,HIGH,https://avd.aquasec.com/nvd/cve-2026-46600,usr/local/bin/grpc_health_probe,0.56.0,false,not_affected,vulnerable_code_not_present
longhornio/longhorn-engine:v1.11.3,longhorn/v1.11.3,stdlib,v1.26.4,gobinary,CVE-2026-46600,HIGH,https://avd.aquasec.com/nvd/cve-2026-46600,usr/local/bin/grpc_health_probe,"1.26.6, 1.27.0-rc.3",false,not_affected,vulnerable_code_not_in_execute_path
longhornio/longhorn-engine:v1.11.3,longhorn/v1.11.3,golang.org/x/text,v0.37.0,gobinary,CVE-2026-56852,HIGH,https://avd.aquasec.com/nvd/cve-2026-56852,usr/local/bin/grpc_health_probe,0.39.0,false,not_affected,vulnerable_code_not_in_execute_path
longhornio/longhorn-engine:v1.11.3,longhorn/v1.11.3,stdlib,v1.25.11,gobinary,CVE-2026-56853,HIGH,https://avd.aquasec.com/nvd/cve-2026-56853,usr/local/bin/longhorn,"1.25.13, 1.26.6, 1.27.0-rc.3",false,affected,
longhornio/longhorn-engine:v1.11.3,longhorn/v1.11.3,stdlib,v1.25.11,gobinary,CVE-2026-56853,HIGH,https://avd.aquasec.com/nvd/cve-2026-56853,usr/local/bin/longhorn-instance-manager,"1.25.13, 1.26.6, 1.27.0-rc.3",false,affected,
longhornio/longhorn-engine:v1.11.3,longhorn/v1.11.3,stdlib,v1.26.4,gobinary,CVE-2026-56853,HIGH,https://avd.aquasec.com/nvd/cve-2026-56853,usr/local/bin/grpc_health_probe,"1.25.13, 1.26.6, 1.27.0-rc.3",false,not_affected,vulnerable_code_not_in_execute_path
longhornio/longhorn-engine:v1.11.3,longhorn/v1.11.3,stdlib,v1.26.4,gobinary,CVE-2026-56858,HIGH,https://avd.aquasec.com/nvd/cve-2026-56858,usr/local/bin/grpc_health_probe,"1.25.13, 1.26.6, 1.27.0-rc.3",false,not_affected,vulnerable_code_not_in_execute_path
longhornio/longhorn-engine:v1.11.3,longhorn/v1.11.3,stdlib,v1.25.11,gobinary,CVE-2026-56859,HIGH,https://avd.aquasec.com/nvd/cve-2026-56859,usr/local/bin/longhorn,"1.25.13, 1.26.6, 1.27.0-rc.3",false,affected,
longhornio/longhorn-engine:v1.11.3,longhorn/v1.11.3,stdlib,v1.25.11,gobinary,CVE-2026-56859,HIGH,https://avd.aquasec.com/nvd/cve-2026-56859,usr/local/bin/longhorn-instance-manager,"1.25.13, 1.26.6, 1.27.0-rc.3",false,affected,
longhornio/longhorn-engine:v1.11.3,longhorn/v1.11.3,stdlib,v1.26.4,gobinary,CVE-2026-56859,HIGH,https://avd.aquasec.com/nvd/cve-2026-56859,usr/local/bin/grpc_health_probe,"1.25.13, 1.26.6, 1.27.0-rc.3",false,not_affected,vulnerable_code_not_present
longhornio/longhorn-engine:v1.11.3,longhorn/v1.11.3,stdlib,v1.26.4,gobinary,CVE-2026-56860,HIGH,https://avd.aquasec.com/nvd/cve-2026-56860,usr/local/bin/grpc_health_probe,"1.25.13, 1.26.6, 1.27.0-rc.3",false,not_affected,vulnerable_code_not_in_execute_path
longhornio/longhorn-engine:v1.11.3,longhorn/v1.11.3,stdlib,v1.25.11,gobinary,CVE-2026-56862,HIGH,https://avd.aquasec.com/nvd/cve-2026-56862,usr/local/bin/longhorn,"1.25.13, 1.26.6, 1.27.0-rc.3",false,affected,
longhornio/longhorn-engine:v1.11.3,longhorn/v1.11.3,stdlib,v1.25.11,gobinary,CVE-2026-56862,HIGH,https://avd.aquasec.com/nvd/cve-2026-56862,usr/local/bin/longhorn-instance-manager,"1.25.13, 1.26.6, 1.27.0-rc.3",false,affected,
longhornio/longhorn-engine:v1.11.3,longhorn/v1.11.3,stdlib,v1.26.4,gobinary,CVE-2026-56862,HIGH,https://avd.aquasec.com/nvd/cve-2026-56862,usr/local/bin/grpc_health_probe,"1.25.13, 1.26.6, 1.27.0-rc.3",false,affected,
longhornio/longhorn-engine:v1.11.3,longhorn/v1.11.3,google.golang.org/grpc,v1.81.1,gobinary,CVE-2026-84304,HIGH,https://avd.aquasec.com/nvd/cve-2026-84304,usr/local/bin/grpc_health_probe,1.83.1,false,affected,
longhornio/longhorn-engine:v1.11.3,longhorn/v1.11.3,google.golang.org/grpc,v1.81.1,gobinary,CVE-2026-84304,HIGH,https://avd.aquasec.com/nvd/cve-2026-84304,usr/local/bin/longhorn,1.83.1,false,affected,
longhornio/longhorn-engine:v1.11.3,longhorn/v1.11.3,google.golang.org/grpc,v1.81.1,gobinary,CVE-2026-84304,HIGH,https://avd.aquasec.com/nvd/cve-2026-84304,usr/local/bin/longhorn-instance-manager,1.83.1,false,affected,
longhornio/longhorn-engine:v1.11.3,longhorn/v1.11.3,google.golang.org/grpc,v1.81.1,gobinary,GHSA-hrxh-6v49-42gf,HIGH,https://github.com/advisories/GHSA-hrxh-6v49-42gf,usr/local/bin/grpc_health_probe,1.82.1,false,affected,
longhornio/longhorn-engine:v1.11.3,longhorn/v1.11.3,google.golang.org/grpc,v1.81.1,gobinary,GHSA-hrxh-6v49-42gf,HIGH,https://github.com/advisories/GHSA-hrxh-6v49-42gf,usr/local/bin/longhorn,1.82.1,false,affected,
longhornio/longhorn-engine:v1.11.3,longhorn/v1.11.3,google.golang.org/grpc,v1.81.1,gobinary,GHSA-hrxh-6v49-42gf,HIGH,https://github.com/advisories/GHSA-hrxh-6v49-42gf,usr/local/bin/longhorn-instance-manager,1.82.1,false,affected,
longhornio/longhorn-engine:v1.11.3,longhorn/v1.11.3,cifs-utils,6.15-150400.3.18.1,sles,SUSE-SU-2026:2699-1,HIGH,,longhornio/longhorn-engine:v1.11.3 (sles 15.7),6.15-150400.3.21.1,false,affected,
longhornio/longhorn-engine:v1.11.3,longhorn/v1.11.3,tar,1.34-150000.3.37.1,sles,SUSE-SU-2026:2714-1,MEDIUM,,longhornio/longhorn-engine:v1.11.3 (sles 15.7),1.34-150000.3.42.1,false,not_affected,vulnerable_code_not_in_execute_path
longhornio/longhorn-engine:v1.11.3,longhorn/v1.11.3,krb5,1.20.1-150600.11.14.1,sles,SUSE-SU-2026:2848-1,HIGH,,longhornio/longhorn-engine:v1.11.3 (sles 15.7),1.20.1-150600.11.19.1,false,affected,
longhornio/longhorn-engine:v1.11.3,longhorn/v1.11.3,curl,8.14.1-150700.7.17.1,sles,SUSE-SU-2026:2925-1,HIGH,,longhornio/longhorn-engine:v1.11.3 (sles 15.7),8.14.1-150700.7.20.1,false,affected,
longhornio/longhorn-engine:v1.11.3,longhorn/v1.11.3,libcurl4,8.14.1-150700.7.17.1,sles,SUSE-SU-2026:2925-1,HIGH,,longhornio/longhorn-engine:v1.11.3 (sles 15.7),8.14.1-150700.7.20.1,false,not_affected,vulnerable_code_not_in_execute_path
longhornio/longhorn-engine:v1.11.3,longhorn/v1.11.3,jq,1.6-150000.3.15.1,sles,SUSE-SU-2026:2983-1,MEDIUM,,longhornio/longhorn-engine:v1.11.3 (sles 15.7),1.6-150000.3.20.1,false,not_affected,vulnerable_code_not_in_execute_path
longhornio/longhorn-engine:v1.11.3,longhorn/v1.11.3,qemu-img,9.2.4-150700.3.20.1,sles,SUSE-SU-2026:3038-1,HIGH,,longhornio/longhorn-engine:v1.11.3 (sles 15.7),9.2.4-150700.3.23.1,false,affected,
longhornio/longhorn-engine:v1.11.3,longhorn/v1.11.3,qemu-pr-helper,9.2.4-150700.3.20.1,sles,SUSE-SU-2026:3038-1,HIGH,,longhornio/longhorn-engine:v1.11.3 (sles 15.7),9.2.4-150700.3.23.1,false,affected,
longhornio/longhorn-engine:v1.11.3,longhorn/v1.11.3,qemu-tools,9.2.4-150700.3.20.1,sles,SUSE-SU-2026:3038-1,HIGH,,longhornio/longhorn-engine:v1.11.3 (sles 15.7),9.2.4-150700.3.23.1,false,affected,
longhornio/longhorn-engine:v1.11.3,longhorn/v1.11.3,qemu-vmsr-helper,9.2.4-150700.3.20.1,sles,SUSE-SU-2026:3038-1,HIGH,,longhornio/longhorn-engine:v1.11.3 (sles 15.7),9.2.4-150700.3.23.1,false,not_affected,vulnerable_code_not_in_execute_path
longhornio/longhorn-engine:v1.11.3,longhorn/v1.11.3,libxml2-2,2.12.10-150700.4.11.1,sles,SUSE-SU-2026:3097-1,HIGH,,longhornio/longhorn-engine:v1.11.3 (sles 15.7),2.12.10-150700.4.14.1,false,affected,
longhornio/longhorn-engine:v1.11.3,longhorn/v1.11.3,pam,1.3.0-150000.6.86.1,sles,SUSE-SU-2026:3163-1,MEDIUM,,longhornio/longhorn-engine:v1.11.3 (sles 15.7),1.3.0-150000.6.89.1,false,not_affected,vulnerable_code_not_in_execute_path
longhornio/longhorn-engine:v1.11.3,longhorn/v1.11.3,systemd,254.27-150600.4.62.1,sles,SUSE-SU-2026:3244-1,MEDIUM,,longhornio/longhorn-engine:v1.11.3 (sles 15.7),254.27-150600.4.71.2,false,not_affected,vulnerable_code_not_in_execute_path
longhornio/longhorn-engine:v1.11.3,longhorn/v1.11.3,gzip,1.10-150200.10.1,sles,SUSE-SU-2026:3269-1,HIGH,,longhornio/longhorn-engine:v1.11.3 (sles 15.7),1.10-150200.13.1,false,affected,
longhornio/longhorn-engine:v1.11.3,longhorn/v1.11.3,libssh-config,0.9.8-150600.11.12.1,sles,SUSE-SU-2026:3330-1,MEDIUM,,longhornio/longhorn-engine:v1.11.3 (sles 15.7),0.9.8-150600.11.15.1,false,not_affected,vulnerable_code_not_in_execute_path
longhornio/longhorn-engine:v1.11.3,longhorn/v1.11.3,libssh4,0.9.8-150600.11.12.1,sles,SUSE-SU-2026:3330-1,MEDIUM,,longhornio/longhorn-engine:v1.11.3 (sles 15.7),0.9.8-150600.11.15.1,false,not_affected,vulnerable_code_not_in_execute_path
longhornio/longhorn-engine:v1.11.3,longhorn/v1.11.3,libglib-2_0-0,2.78.6-150600.4.35.1,sles,SUSE-SU-2026:3341-1,HIGH,,longhornio/longhorn-engine:v1.11.3 (sles 15.7),2.78.6-150600.4.38.1,false,not_affected,vulnerable_code_not_in_execute_path
longhornio/longhorn-engine:v1.11.3,longhorn/v1.11.3,libgmodule-2_0-0,2.78.6-150600.4.35.1,sles,SUSE-SU-2026:3341-1,HIGH,,longhornio/longhorn-engine:v1.11.3 (sles 15.7),2.78.6-150600.4.38.1,false,affected,
longhornio/longhorn-engine:v1.11.3,longhorn/v1.11.3,libldb2,4.21.10+git.501.277ba349a01-150700.3.26.1,sles,SUSE-SU-2026:3363-1,HIGH,,longhornio/longhorn-engine:v1.11.3 (sles 15.7),4.21.10+git.533.31d7e5508d-150700.3.29.1,false,not_affected,vulnerable_code_not_in_execute_path
longhornio/longhorn-engine:v1.11.3,longhorn/v1.11.3,samba-client-libs,4.21.10+git.501.277ba349a01-150700.3.26.1,sles,SUSE-SU-2026:3363-1,HIGH,,longhornio/longhorn-engine:v1.11.3 (sles 15.7),4.21.10+git.533.31d7e5508d-150700.3.29.1,false,affected,
longhornio/longhorn-engine:v1.11.3,longhorn/v1.11.3,perl-base,5.26.1-150300.17.20.1,sles,SUSE-SU-2026:3558-1,HIGH,,longhornio/longhorn-engine:v1.11.3 (sles 15.7),5.26.1-150300.17.23.1,false,not_affected,vulnerable_code_not_in_execute_path
longhornio/longhorn-engine:v1.11.3,longhorn/v1.11.3,rpm-ndb,4.14.3-150400.59.16.1,sles,SUSE-SU-2026:3600-1,HIGH,,longhornio/longhorn-engine:v1.11.3 (sles 15.7),4.14.3-150400.59.19.1,false,affected,
longhornio/longhorn-engine:v1.11.3,longhorn/v1.11.3,libcurl4,8.14.1-150700.7.17.1,sles,SUSE-SU-2026:3798-1,MEDIUM,,longhornio/longhorn-engine:v1.11.3 (sles 15.7),8.14.1-150700.7.23.1,false,not_affected,vulnerable_code_not_in_execute_path
longhornio/longhorn-instance-manager:v1.11.3,longhorn/v1.11.3,stdlib,v1.25.11,gobinary,CVE-2026-33818,HIGH,https://avd.aquasec.com/nvd/cve-2026-33818,usr/local/bin/go-spdk-helper,"1.25.13, 1.26.6, 1.27.0-rc.3",false,not_affected,vulnerable_code_not_in_execute_path
longhornio/longhorn-instance-manager:v1.11.3,longhorn/v1.11.3,stdlib,v1.25.11,gobinary,CVE-2026-33818,HIGH,https://avd.aquasec.com/nvd/cve-2026-33818,usr/local/bin/longhorn-instance-manager,"1.25.13, 1.26.6, 1.27.0-rc.3",false,affected,
longhornio/longhorn-instance-manager:v1.11.3,longhorn/v1.11.3,stdlib,v1.26.4,gobinary,CVE-2026-33818,HIGH,https://avd.aquasec.com/nvd/cve-2026-33818,usr/local/bin/grpc_health_probe,"1.25.13, 1.26.6, 1.27.0-rc.3",false,affected,
longhornio/longhorn-instance-manager:v1.11.3,longhorn/v1.11.3,stdlib,v1.25.11,gobinary,CVE-2026-39821,HIGH,https://avd.aquasec.com/nvd/cve-2026-39821,usr/local/bin/go-spdk-helper,"1.25.13, 1.26.6, 1.27.0-rc.3",false,not_affected,vulnerable_code_not_in_execute_path
longhornio/longhorn-instance-manager:v1.11.3,longhorn/v1.11.3,stdlib,v1.25.11,gobinary,CVE-2026-39821,HIGH,https://avd.aquasec.com/nvd/cve-2026-39821,usr/local/bin/longhorn-instance-manager,"1.25.13, 1.26.6, 1.27.0-rc.3",false,affected,
longhornio/longhorn-instance-manager:v1.11.3,longhorn/v1.11.3,stdlib,v1.26.4,gobinary,CVE-2026-39821,HIGH,https://avd.aquasec.com/nvd/cve-2026-39821,usr/local/bin/grpc_health_probe,"1.25.13, 1.26.6, 1.27.0-rc.3",false,not_affected,vulnerable_code_not_in_execute_path
longhornio/longhorn-instance-manager:v1.11.3,longhorn/v1.11.3,stdlib,v1.25.11,gobinary,CVE-2026-39822,HIGH,https://avd.aquasec.com/nvd/cve-2026-39822,usr/local/bin/go-spdk-helper,"1.25.12, 1.26.5, 1.27.0-rc.2",false,not_affected,vulnerable_code_not_in_execute_path
longhornio/longhorn-instance-manager:v1.11.3,longhorn/v1.11.3,stdlib,v1.25.11,gobinary,CVE-2026-39822,HIGH,https://avd.aquasec.com/nvd/cve-2026-39822,usr/local/bin/longhorn-instance-manager,"1.25.12, 1.26.5, 1.27.0-rc.2",false,not_affected,vulnerable_code_not_in_execute_path
longhornio/longhorn-instance-manager:v1.11.3,longhorn/v1.11.3,stdlib,v1.26.4,gobinary,CVE-2026-39822,HIGH,https://avd.aquasec.com/nvd/cve-2026-39822,usr/local/bin/grpc_health_probe,"1.25.12, 1.26.5, 1.27.0-rc.2",false,not_affected,vulnerable_code_not_in_execute_path
longhornio/longhorn-instance-manager:v1.11.3,longhorn/v1.11.3,stdlib,v1.25.11,gobinary,CVE-2026-42505,MEDIUM,https://avd.aquasec.com/nvd/cve-2026-42505,usr/local/bin/go-spdk-helper,"1.25.12, 1.26.5, 1.27.0-rc.2",false,not_affected,vulnerable_code_not_in_execute_path
longhornio/longhorn-instance-manager:v1.11.3,longhorn/v1.11.3,stdlib,v1.25.11,gobinary,CVE-2026-42505,MEDIUM,https://avd.aquasec.com/nvd/cve-2026-42505,usr/local/bin/longhorn-instance-manager,"1.25.12, 1.26.5, 1.27.0-rc.2",false,not_affected,vulnerable_code_not_in_execute_path
longhornio/longhorn-instance-manager:v1.11.3,longhorn/v1.11.3,stdlib,v1.26.4,gobinary,CVE-2026-42505,MEDIUM,https://avd.aquasec.com/nvd/cve-2026-42505,usr/local/bin/grpc_health_probe,"1.25.12, 1.26.5, 1.27.0-rc.2",false,not_affected,vulnerable_code_cannot_be_controlled_by_adversary
longhornio/longhorn-instance-manager:v1.11.3,longhorn/v1.11.3,golang.org/x/net,v0.55.0,gobinary,CVE-2026-46600,HIGH,https://avd.aquasec.com/nvd/cve-2026-46600,usr/local/bin/grpc_health_probe,0.56.0,false,not_affected,vulnerable_code_not_present
longhornio/longhorn-instance-manager:v1.11.3,longhorn/v1.11.3,stdlib,v1.26.4,gobinary,CVE-2026-46600,HIGH,https://avd.aquasec.com/nvd/cve-2026-46600,usr/local/bin/grpc_health_probe,"1.26.6, 1.27.0-rc.3",false,not_affected,vulnerable_code_not_in_execute_path
longhornio/longhorn-instance-manager:v1.11.3,longhorn/v1.11.3,golang.org/x/text,v0.37.0,gobinary,CVE-2026-56852,HIGH,https://avd.aquasec.com/nvd/cve-2026-56852,usr/local/bin/grpc_health_probe,0.39.0,false,not_affected,vulnerable_code_not_in_execute_path
longhornio/longhorn-instance-manager:v1.11.3,longhorn/v1.11.3,stdlib,v1.25.11,gobinary,CVE-2026-56853,HIGH,https://avd.aquasec.com/nvd/cve-2026-56853,usr/local/bin/go-spdk-helper,"1.25.13, 1.26.6, 1.27.0-rc.3",false,not_affected,vulnerable_code_not_in_execute_path
longhornio/longhorn-instance-manager:v1.11.3,longhorn/v1.11.3,stdlib,v1.25.11,gobinary,CVE-2026-56853,HIGH,https://avd.aquasec.com/nvd/cve-2026-56853,usr/local/bin/longhorn-instance-manager,"1.25.13, 1.26.6, 1.27.0-rc.3",false,affected,
longhornio/longhorn-instance-manager:v1.11.3,longhorn/v1.11.3,stdlib,v1.26.4,gobinary,CVE-2026-56853,HIGH,https://avd.aquasec.com/nvd/cve-2026-56853,usr/local/bin/grpc_health_probe,"1.25.13, 1.26.6, 1.27.0-rc.3",false,not_affected,vulnerable_code_not_in_execute_path
longhornio/longhorn-instance-manager:v1.11.3,longhorn/v1.11.3,stdlib,v1.25.11,gobinary,CVE-2026-56858,HIGH,https://avd.aquasec.com/nvd/cve-2026-56858,usr/local/bin/go-spdk-helper,"1.25.13, 1.26.6, 1.27.0-rc.3",false,not_affected,vulnerable_code_not_present
longhornio/longhorn-instance-manager:v1.11.3,longhorn/v1.11.3,stdlib,v1.26.4,gobinary,CVE-2026-56858,HIGH,https://avd.aquasec.com/nvd/cve-2026-56858,usr/local/bin/grpc_health_probe,"1.25.13, 1.26.6, 1.27.0-rc.3",false,not_affected,vulnerable_code_not_in_execute_path
longhornio/longhorn-instance-manager:v1.11.3,longhorn/v1.11.3,stdlib,v1.25.11,gobinary,CVE-2026-56859,HIGH,https://avd.aquasec.com/nvd/cve-2026-56859,usr/local/bin/go-spdk-helper,"1.25.13, 1.26.6, 1.27.0-rc.3",false,not_affected,vulnerable_code_not_present
longhornio/longhorn-instance-manager:v1.11.3,longhorn/v1.11.3,stdlib,v1.25.11,gobinary,CVE-2026-56859,HIGH,https://avd.aquasec.com/nvd/cve-2026-56859,usr/local/bin/longhorn-instance-manager,"1.25.13, 1.26.6, 1.27.0-rc.3",false,affected,
longhornio/longhorn-instance-manager:v1.11.3,longhorn/v1.11.3,stdlib,v1.26.4,gobinary,CVE-2026-56859,HIGH,https://avd.aquasec.com/nvd/cve-2026-56859,usr/local/bin/grpc_health_probe,"1.25.13, 1.26.6, 1.27.0-rc.3",false,not_affected,vulnerable_code_not_present
longhornio/longhorn-instance-manager:v1.11.3,longhorn/v1.11.3,stdlib,v1.25.11,gobinary,CVE-2026-56860,HIGH,https://avd.aquasec.com/nvd/cve-2026-56860,usr/local/bin/go-spdk-helper,"1.25.13, 1.26.6, 1.27.0-rc.3",false,not_affected,vulnerable_code_not_in_execute_path
longhornio/longhorn-instance-manager:v1.11.3,longhorn/v1.11.3,stdlib,v1.26.4,gobinary,CVE-2026-56860,HIGH,https://avd.aquasec.com/nvd/cve-2026-56860,usr/local/bin/grpc_health_probe,"1.25.13, 1.26.6, 1.27.0-rc.3",false,not_affected,vulnerable_code_not_in_execute_path
longhornio/longhorn-instance-manager:v1.11.3,longhorn/v1.11.3,stdlib,v1.25.11,gobinary,CVE-2026-56862,HIGH,https://avd.aquasec.com/nvd/cve-2026-56862,usr/local/bin/go-spdk-helper,"1.25.13, 1.26.6, 1.27.0-rc.3",false,not_affected,vulnerable_code_not_in_execute_path
longhornio/longhorn-instance-manager:v1.11.3,longhorn/v1.11.3,stdlib,v1.25.11,gobinary,CVE-2026-56862,HIGH,https://avd.aquasec.com/nvd/cve-2026-56862,usr/local/bin/longhorn-instance-manager,"1.25.13, 1.26.6, 1.27.0-rc.3",false,affected,
longhornio/longhorn-instance-manager:v1.11.3,longhorn/v1.11.3,stdlib,v1.26.4,gobinary,CVE-2026-56862,HIGH,https://avd.aquasec.com/nvd/cve-2026-56862,usr/local/bin/grpc_health_probe,"1.25.13, 1.26.6, 1.27.0-rc.3",false,affected,
longhornio/longhorn-instance-manager:v1.11.3,longhorn/v1.11.3,cryptography,49.0.0,python-pkg,CVE-2026-69247,HIGH,https://avd.aquasec.com/nvd/cve-2026-69247,Python,50.0.0,false,affected,
longhornio/longhorn-instance-manager:v1.11.3,longhorn/v1.11.3,google.golang.org/grpc,v1.81.1,gobinary,CVE-2026-84304,HIGH,https://avd.aquasec.com/nvd/cve-2026-84304,usr/local/bin/grpc_health_probe,1.83.1,false,affected,
longhornio/longhorn-instance-manager:v1.11.3,longhorn/v1.11.3,google.golang.org/grpc,v1.81.1,gobinary,CVE-2026-84304,HIGH,https://avd.aquasec.com/nvd/cve-2026-84304,usr/local/bin/longhorn-instance-manager,1.83.1,false,affected,
longhornio/longhorn-instance-manager:v1.11.3,longhorn/v1.11.3,google.golang.org/grpc,v1.81.1,gobinary,GHSA-hrxh-6v49-42gf,HIGH,https://github.com/advisories/GHSA-hrxh-6v49-42gf,usr/local/bin/grpc_health_probe,1.82.1,false,affected,
longhornio/longhorn-instance-manager:v1.11.3,longhorn/v1.11.3,google.golang.org/grpc,v1.81.1,gobinary,GHSA-hrxh-6v49-42gf,HIGH,https://github.com/advisories/GHSA-hrxh-6v49-42gf,usr/local/bin/longhorn-instance-manager,1.82.1,false,affected,
longhornio/longhorn-instance-manager:v1.11.3,longhorn/v1.11.3,cifs-utils,6.15-150400.3.18.1,sles,SUSE-SU-2026:2699-1,HIGH,,longhornio/longhorn-instance-manager:v1.11.3 (sles 15.7),6.15-150400.3.21.1,false,affected,
longhornio/longhorn-instance-manager:v1.11.3,longhorn/v1.11.3,tar,1.34-150000.3.37.1,sles,SUSE-SU-2026:2714-1,MEDIUM,,longhornio/longhorn-instance-manager:v1.11.3 (sles 15.7),1.34-150000.3.42.1,false,not_affected,vulnerable_code_not_in_execute_path
longhornio/longhorn-instance-manager:v1.11.3,longhorn/v1.11.3,krb5,1.20.1-150600.11.14.1,sles,SUSE-SU-2026:2848-1,HIGH,,longhornio/longhorn-instance-manager:v1.11.3 (sles 15.7),1.20.1-150600.11.19.1,false,not_affected,vulnerable_code_not_in_execute_path
longhornio/longhorn-instance-manager:v1.11.3,longhorn/v1.11.3,curl,8.14.1-150700.7.17.1,sles,SUSE-SU-2026:2925-1,HIGH,,longhornio/longhorn-instance-manager:v1.11.3 (sles 15.7),8.14.1-150700.7.20.1,false,affected,
longhornio/longhorn-instance-manager:v1.11.3,longhorn/v1.11.3,libcurl4,8.14.1-150700.7.17.1,sles,SUSE-SU-2026:2925-1,HIGH,,longhornio/longhorn-instance-manager:v1.11.3 (sles 15.7),8.14.1-150700.7.20.1,false,affected,
longhornio/longhorn-instance-manager:v1.11.3,longhorn/v1.11.3,jq,1.6-150000.3.15.1,sles,SUSE-SU-2026:2983-1,MEDIUM,,longhornio/longhorn-instance-manager:v1.11.3 (sles 15.7),1.6-150000.3.20.1,false,not_affected,vulnerable_code_not_in_execute_path
longhornio/longhorn-instance-manager:v1.11.3,longhorn/v1.11.3,libjq1,1.6-150000.3.15.1,sles,SUSE-SU-2026:2983-1,MEDIUM,,longhornio/longhorn-instance-manager:v1.11.3 (sles 15.7),1.6-150000.3.20.1,false,not_affected,vulnerable_code_not_in_execute_path
longhornio/longhorn-instance-manager:v1.11.3,longhorn/v1.11.3,glibc-devel,2.38-150600.14.49.1,sles,SUSE-SU-2026:3030-1,MEDIUM,,longhornio/longhorn-instance-manager:v1.11.3 (sles 15.7),2.38-150600.14.52.1,false,not_affected,vulnerable_code_not_in_execute_path
longhornio/longhorn-instance-manager:v1.11.3,longhorn/v1.11.3,qemu-img,9.2.4-150700.3.20.1,sles,SUSE-SU-2026:3038-1,HIGH,,longhornio/longhorn-instance-manager:v1.11.3 (sles 15.7),9.2.4-150700.3.23.1,false,affected,
longhornio/longhorn-instance-manager:v1.11.3,longhorn/v1.11.3,qemu-pr-helper,9.2.4-150700.3.20.1,sles,SUSE-SU-2026:3038-1,HIGH,,longhornio/longhorn-instance-manager:v1.11.3 (sles 15.7),9.2.4-150700.3.23.1,false,affected,
longhornio/longhorn-instance-manager:v1.11.3,longhorn/v1.11.3,qemu-tools,9.2.4-150700.3.20.1,sles,SUSE-SU-2026:3038-1,HIGH,,longhornio/longhorn-instance-manager:v1.11.3 (sles 15.7),9.2.4-150700.3.23.1,false,affected,
longhornio/longhorn-instance-manager:v1.11.3,longhorn/v1.11.3,qemu-vmsr-helper,9.2.4-150700.3.20.1,sles,SUSE-SU-2026:3038-1,HIGH,,longhornio/longhorn-instance-manager:v1.11.3 (sles 15.7),9.2.4-150700.3.23.1,false,not_affected,vulnerable_code_not_in_execute_path
longhornio/longhorn-instance-manager:v1.11.3,longhorn/v1.11.3,libxml2-2,2.12.10-150700.4.11.1,sles,SUSE-SU-2026:3097-1,HIGH,,longhornio/longhorn-instance-manager:v1.11.3 (sles 15.7),2.12.10-150700.4.14.1,false,affected,
longhornio/longhorn-instance-manager:v1.11.3,longhorn/v1.11.3,libpython3_11-1_0,3.11.15-150600.3.56.1,sles,SUSE-SU-2026:3104-1,HIGH,,longhornio/longhorn-instance-manager:v1.11.3 (sles 15.7),3.11.15-150600.3.59.3,false,affected,
longhornio/longhorn-instance-manager:v1.11.3,longhorn/v1.11.3,python311-base,3.11.15-150600.3.56.1,sles,SUSE-SU-2026:3104-1,HIGH,,longhornio/longhorn-instance-manager:v1.11.3 (sles 15.7),3.11.15-150600.3.59.3,false,not_affected,vulnerable_code_not_in_execute_path
longhornio/longhorn-instance-manager:v1.11.3,longhorn/v1.11.3,pam,1.3.0-150000.6.86.1,sles,SUSE-SU-2026:3163-1,MEDIUM,,longhornio/longhorn-instance-manager:v1.11.3 (sles 15.7),1.3.0-150000.6.89.1,false,not_affected,vulnerable_code_not_in_execute_path
longhornio/longhorn-instance-manager:v1.11.3,longhorn/v1.11.3,libavahi-client3,0.8-150600.15.18.1,sles,SUSE-SU-2026:3218-1,MEDIUM,,longhornio/longhorn-instance-manager:v1.11.3 (sles 15.7),0.8-150600.15.21.1,false,not_affected,vulnerable_code_not_in_execute_path
longhornio/longhorn-instance-manager:v1.11.3,longhorn/v1.11.3,libavahi-common3,0.8-150600.15.18.1,sles,SUSE-SU-2026:3218-1,MEDIUM,,longhornio/longhorn-instance-manager:v1.11.3 (sles 15.7),0.8-150600.15.21.1,false,not_affected,vulnerable_code_not_in_execute_path
longhornio/longhorn-instance-manager:v1.11.3,longhorn/v1.11.3,systemd,254.27-150600.4.62.1,sles,SUSE-SU-2026:3244-1,MEDIUM,,longhornio/longhorn-instance-manager:v1.11.3 (sles 15.7),254.27-150600.4.71.2,false,not_affected,vulnerable_code_not_in_execute_path
longhornio/longhorn-instance-manager:v1.11.3,longhorn/v1.11.3,gzip,1.10-150200.10.1,sles,SUSE-SU-2026:3269-1,HIGH,,longhornio/longhorn-instance-manager:v1.11.3 (sles 15.7),1.10-150200.13.1,false,affected,
longhornio/longhorn-instance-manager:v1.11.3,longhorn/v1.11.3,libssh-config,0.9.8-150600.11.12.1,sles,SUSE-SU-2026:3330-1,MEDIUM,,longhornio/longhorn-instance-manager:v1.11.3 (sles 15.7),0.9.8-150600.11.15.1,false,not_affected,vulnerable_code_not_in_execute_path
longhornio/longhorn-instance-manager:v1.11.3,longhorn/v1.11.3,libssh4,0.9.8-150600.11.12.1,sles,SUSE-SU-2026:3330-1,MEDIUM,,longhornio/longhorn-instance-manager:v1.11.3 (sles 15.7),0.9.8-150600.11.15.1,false,not_affected,vulnerable_code_not_in_execute_path
longhornio/longhorn-instance-manager:v1.11.3,longhorn/v1.11.3,libglib-2_0-0,2.78.6-150600.4.35.1,sles,SUSE-SU-2026:3341-1,HIGH,,longhornio/longhorn-instance-manager:v1.11.3 (sles 15.7),2.78.6-150600.4.38.1,false,affected,
longhornio/longhorn-instance-manager:v1.11.3,longhorn/v1.11.3,libgmodule-2_0-0,2.78.6-150600.4.35.1,sles,SUSE-SU-2026:3341-1,HIGH,,longhornio/longhorn-instance-manager:v1.11.3 (sles 15.7),2.78.6-150600.4.38.1,false,not_affected,vulnerable_code_not_in_execute_path
longhornio/longhorn-instance-manager:v1.11.3,longhorn/v1.11.3,libldb2,4.21.10+git.501.277ba349a01-150700.3.26.1,sles,SUSE-SU-2026:3363-1,HIGH,,longhornio/longhorn-instance-manager:v1.11.3 (sles 15.7),4.21.10+git.533.31d7e5508d-150700.3.29.1,false,not_affected,vulnerable_code_not_in_execute_path
longhornio/longhorn-instance-manager:v1.11.3,longhorn/v1.11.3,samba-client-libs,4.21.10+git.501.277ba349a01-150700.3.26.1,sles,SUSE-SU-2026:3363-1,HIGH,,longhornio/longhorn-instance-manager:v1.11.3 (sles 15.7),4.21.10+git.533.31d7e5508d-150700.3.29.1,false,affected,
longhornio/longhorn-instance-manager:v1.11.3,longhorn/v1.11.3,perl,5.26.1-150300.17.20.1,sles,SUSE-SU-2026:3558-1,HIGH,,longhornio/longhorn-instance-manager:v1.11.3 (sles 15.7),5.26.1-150300.17.23.1,false,affected,
longhornio/longhorn-instance-manager:v1.11.3,longhorn/v1.11.3,perl-base,5.26.1-150300.17.20.1,sles,SUSE-SU-2026:3558-1,HIGH,,longhornio/longhorn-instance-manager:v1.11.3 (sles 15.7),5.26.1-150300.17.23.1,false,not_affected,vulnerable_code_not_in_execute_path
longhornio/longhorn-instance-manager:v1.11.3,longhorn/v1.11.3,libpython3_11-1_0,3.11.15-150600.3.56.1,sles,SUSE-SU-2026:3560-1,HIGH,,longhornio/longhorn-instance-manager:v1.11.3 (sles 15.7),3.11.15-150600.3.62.2,false,affected,
longhornio/longhorn-instance-manager:v1.11.3,longhorn/v1.11.3,python311-base,3.11.15-150600.3.56.1,sles,SUSE-SU-2026:3560-1,HIGH,,longhornio/longhorn-instance-manager:v1.11.3 (sles 15.7),3.11.15-150600.3.62.2,false,not_affected,vulnerable_code_not_in_execute_path
longhornio/longhorn-instance-manager:v1.11.3,longhorn/v1.11.3,rpm-ndb,4.14.3-150400.59.16.1,sles,SUSE-SU-2026:3600-1,HIGH,,longhornio/longhorn-instance-manager:v1.11.3 (sles 15.7),4.14.3-150400.59.19.1,false,not_affected,vulnerable_code_not_in_execute_path
longhornio/longhorn-instance-manager:v1.11.3,longhorn/v1.11.3,libpython3_11-1_0,3.11.15-150600.3.56.1,sles,SUSE-SU-2026:3648-1,HIGH,,longhornio/longhorn-instance-manager:v1.11.3 (sles 15.7),3.11.15-150600.3.65.1,false,affected,
longhornio/longhorn-instance-manager:v1.11.3,longhorn/v1.11.3,python311-base,3.11.15-150600.3.56.1,sles,SUSE-SU-2026:3648-1,HIGH,,longhornio/longhorn-instance-manager:v1.11.3 (sles 15.7),3.11.15-150600.3.65.1,false,not_affected,vulnerable_code_not_in_execute_path
longhornio/longhorn-manager:v1.11.3,longhorn/v1.11.3,stdlib,v1.25.11,gobinary,CVE-2026-33818,HIGH,https://avd.aquasec.com/nvd/cve-2026-33818,usr/local/sbin/longhorn-manager,"1.25.13, 1.26.6, 1.27.0-rc.3",false,affected,
longhornio/longhorn-manager:v1.11.3,longhorn/v1.11.3,stdlib,v1.25.11,gobinary,CVE-2026-39821,HIGH,https://avd.aquasec.com/nvd/cve-2026-39821,usr/local/sbin/longhorn-manager,"1.25.13, 1.26.6, 1.27.0-rc.3",false,affected,
longhornio/longhorn-manager:v1.11.3,longhorn/v1.11.3,stdlib,v1.25.11,gobinary,CVE-2026-39822,HIGH,https://avd.aquasec.com/nvd/cve-2026-39822,usr/local/sbin/longhorn-manager,"1.25.12, 1.26.5, 1.27.0-rc.2",false,not_affected,vulnerable_code_not_in_execute_path
longhornio/longhorn-manager:v1.11.3,longhorn/v1.11.3,stdlib,v1.25.11,gobinary,CVE-2026-42505,MEDIUM,https://avd.aquasec.com/nvd/cve-2026-42505,usr/local/sbin/longhorn-manager,"1.25.12, 1.26.5, 1.27.0-rc.2",false,not_affected,vulnerable_code_cannot_be_controlled_by_adversary
longhornio/longhorn-manager:v1.11.3,longhorn/v1.11.3,stdlib,v1.25.11,gobinary,CVE-2026-56853,HIGH,https://avd.aquasec.com/nvd/cve-2026-56853,usr/local/sbin/longhorn-manager,"1.25.13, 1.26.6, 1.27.0-rc.3",false,affected,
longhornio/longhorn-manager:v1.11.3,longhorn/v1.11.3,golang.org/x/crypto,v0.53.0,gobinary,CVE-2026-56854,CRITICAL,https://avd.aquasec.com/nvd/cve-2026-56854,usr/local/sbin/longhorn-manager,0.55.0,false,not_affected,vulnerable_code_not_in_execute_path
longhornio/longhorn-manager:v1.11.3,longhorn/v1.11.3,stdlib,v1.25.11,gobinary,CVE-2026-56859,HIGH,https://avd.aquasec.com/nvd/cve-2026-56859,usr/local/sbin/longhorn-manager,"1.25.13, 1.26.6, 1.27.0-rc.3",false,affected,
longhornio/longhorn-manager:v1.11.3,longhorn/v1.11.3,stdlib,v1.25.11,gobinary,CVE-2026-56862,HIGH,https://avd.aquasec.com/nvd/cve-2026-56862,usr/local/sbin/longhorn-manager,"1.25.13, 1.26.6, 1.27.0-rc.3",false,affected,
longhornio/longhorn-manager:v1.11.3,longhorn/v1.11.3,golang.org/x/mod,v0.36.0,gobinary,CVE-2026-56864,HIGH,https://avd.aquasec.com/nvd/cve-2026-56864,usr/local/sbin/longhorn-manager,0.40.0,false,not_affected,vulnerable_code_not_present
longhornio/longhorn-manager:v1.11.3,longhorn/v1.11.3,golang.org/x/mod,v0.36.0,gobinary,CVE-2026-56865,HIGH,https://avd.aquasec.com/nvd/cve-2026-56865,usr/local/sbin/longhorn-manager,0.40.0,false,not_affected,vulnerable_code_not_present
longhornio/longhorn-manager:v1.11.3,longhorn/v1.11.3,google.golang.org/grpc,v1.79.3,gobinary,CVE-2026-84304,HIGH,https://avd.aquasec.com/nvd/cve-2026-84304,usr/local/sbin/longhorn-manager,1.83.1,false,affected,
longhornio/longhorn-manager:v1.11.3,longhorn/v1.11.3,google.golang.org/grpc,v1.79.3,gobinary,GHSA-hrxh-6v49-42gf,HIGH,https://github.com/advisories/GHSA-hrxh-6v49-42gf,usr/local/sbin/longhorn-manager,1.82.1,false,affected,
longhornio/longhorn-manager:v1.11.3,longhorn/v1.11.3,cifs-utils,6.15-150400.3.18.1,sles,SUSE-SU-2026:2699-1,HIGH,,longhornio/longhorn-manager:v1.11.3 (sles 15.7),6.15-150400.3.21.1,false,affected,
longhornio/longhorn-manager:v1.11.3,longhorn/v1.11.3,tar,1.34-150000.3.37.1,sles,SUSE-SU-2026:2714-1,MEDIUM,,longhornio/longhorn-manager:v1.11.3 (sles 15.7),1.34-150000.3.42.1,false,not_affected,vulnerable_code_not_in_execute_path
longhornio/longhorn-manager:v1.11.3,longhorn/v1.11.3,krb5,1.20.1-150600.11.14.1,sles,SUSE-SU-2026:2848-1,HIGH,,longhornio/longhorn-manager:v1.11.3 (sles 15.7),1.20.1-150600.11.19.1,false,not_affected,vulnerable_code_not_in_execute_path
longhornio/longhorn-manager:v1.11.3,longhorn/v1.11.3,curl,8.14.1-150700.7.17.1,sles,SUSE-SU-2026:2925-1,HIGH,,longhornio/longhorn-manager:v1.11.3 (sles 15.7),8.14.1-150700.7.20.1,false,not_affected,vulnerable_code_not_in_execute_path
longhornio/longhorn-manager:v1.11.3,longhorn/v1.11.3,libcurl4,8.14.1-150700.7.17.1,sles,SUSE-SU-2026:2925-1,HIGH,,longhornio/longhorn-manager:v1.11.3 (sles 15.7),8.14.1-150700.7.20.1,false,not_affected,vulnerable_code_not_in_execute_path
longhornio/longhorn-manager:v1.11.3,longhorn/v1.11.3,libxml2-2,2.12.10-150700.4.11.1,sles,SUSE-SU-2026:3097-1,HIGH,,longhornio/longhorn-manager:v1.11.3 (sles 15.7),2.12.10-150700.4.14.1,false,affected,
longhornio/longhorn-manager:v1.11.3,longhorn/v1.11.3,pam,1.3.0-150000.6.86.1,sles,SUSE-SU-2026:3163-1,MEDIUM,,longhornio/longhorn-manager:v1.11.3 (sles 15.7),1.3.0-150000.6.89.1,false,not_affected,vulnerable_code_not_in_execute_path
longhornio/longhorn-manager:v1.11.3,longhorn/v1.11.3,libsystemd0,254.27-150600.4.62.1,sles,SUSE-SU-2026:3244-1,MEDIUM,,longhornio/longhorn-manager:v1.11.3 (sles 15.7),254.27-150600.4.71.2,false,not_affected,vulnerable_code_not_in_execute_path
longhornio/longhorn-manager:v1.11.3,longhorn/v1.11.3,systemd,254.27-150600.4.62.1,sles,SUSE-SU-2026:3244-1,MEDIUM,,longhornio/longhorn-manager:v1.11.3 (sles 15.7),254.27-150600.4.71.2,false,not_affected,vulnerable_code_not_in_execute_path
longhornio/longhorn-manager:v1.11.3,longhorn/v1.11.3,gzip,1.10-150200.10.1,sles,SUSE-SU-2026:3269-1,HIGH,,longhornio/longhorn-manager:v1.11.3 (sles 15.7),1.10-150200.13.1,false,affected,
longhornio/longhorn-manager:v1.11.3,longhorn/v1.11.3,libssh-config,0.9.8-150600.11.12.1,sles,SUSE-SU-2026:3330-1,MEDIUM,,longhornio/longhorn-manager:v1.11.3 (sles 15.7),0.9.8-150600.11.15.1,false,not_affected,vulnerable_code_not_in_execute_path
longhornio/longhorn-manager:v1.11.3,longhorn/v1.11.3,libssh4,0.9.8-150600.11.12.1,sles,SUSE-SU-2026:3330-1,MEDIUM,,longhornio/longhorn-manager:v1.11.3 (sles 15.7),0.9.8-150600.11.15.1,false,not_affected,vulnerable_code_not_in_execute_path
longhornio/longhorn-manager:v1.11.3,longhorn/v1.11.3,libglib-2_0-0,2.78.6-150600.4.35.1,sles,SUSE-SU-2026:3341-1,HIGH,,longhornio/longhorn-manager:v1.11.3 (sles 15.7),2.78.6-150600.4.38.1,false,affected,
longhornio/longhorn-manager:v1.11.3,longhorn/v1.11.3,libldb2,4.21.10+git.501.277ba349a01-150700.3.26.1,sles,SUSE-SU-2026:3363-1,HIGH,,longhornio/longhorn-manager:v1.11.3 (sles 15.7),4.21.10+git.533.31d7e5508d-150700.3.29.1,false,affected,
longhornio/longhorn-manager:v1.11.3,longhorn/v1.11.3,samba-client-libs,4.21.10+git.501.277ba349a01-150700.3.26.1,sles,SUSE-SU-2026:3363-1,HIGH,,longhornio/longhorn-manager:v1.11.3 (sles 15.7),4.21.10+git.533.31d7e5508d-150700.3.29.1,false,not_affected,vulnerable_code_not_in_execute_path
longhornio/longhorn-manager:v1.11.3,longhorn/v1.11.3,bind-utils,9.20.23-150700.3.25.1,sles,SUSE-SU-2026:3426-1,HIGH,,longhornio/longhorn-manager:v1.11.3 (sles 15.7),9.20.26-150700.3.29.1,false,not_affected,vulnerable_code_not_in_execute_path
longhornio/longhorn-manager:v1.11.3,longhorn/v1.11.3,perl-base,5.26.1-150300.17.20.1,sles,SUSE-SU-2026:3558-1,HIGH,,longhornio/longhorn-manager:v1.11.3 (sles 15.7),5.26.1-150300.17.23.1,false,not_affected,vulnerable_code_not_in_execute_path
longhornio/longhorn-manager:v1.11.3,longhorn/v1.11.3,rpm-ndb,4.14.3-150400.59.16.1,sles,SUSE-SU-2026:3600-1,HIGH,,longhornio/longhorn-manager:v1.11.3 (sles 15.7),4.14.3-150400.59.19.1,false,not_affected,vulnerable_code_not_in_execute_path
longhornio/longhorn-manager:v1.11.3,longhorn/v1.11.3,curl,8.14.1-150700.7.17.1,sles,SUSE-SU-2026:3798-1,MEDIUM,,longhornio/longhorn-manager:v1.11.3 (sles 15.7),8.14.1-150700.7.23.1,false,not_affected,vulnerable_code_not_in_execute_path
longhornio/longhorn-manager:v1.11.3,longhorn/v1.11.3,libcurl4,8.14.1-150700.7.17.1,sles,SUSE-SU-2026:3798-1,MEDIUM,,longhornio/longhorn-manager:v1.11.3 (sles 15.7),8.14.1-150700.7.23.1,false,not_affected,vulnerable_code_not_in_execute_path
longhornio/longhorn-share-manager:v1.11.3,longhorn/v1.11.3,stdlib,v1.25.11,gobinary,CVE-2026-33818,HIGH,https://avd.aquasec.com/nvd/cve-2026-33818,longhorn-share-manager,"1.25.13, 1.26.6, 1.27.0-rc.3",false,affected,
longhornio/longhorn-share-manager:v1.11.3,longhorn/v1.11.3,stdlib,v1.25.11,gobinary,CVE-2026-39821,HIGH,https://avd.aquasec.com/nvd/cve-2026-39821,longhorn-share-manager,"1.25.13, 1.26.6, 1.27.0-rc.3",false,affected,
longhornio/longhorn-share-manager:v1.11.3,longhorn/v1.11.3,stdlib,v1.25.11,gobinary,CVE-2026-39822,HIGH,https://avd.aquasec.com/nvd/cve-2026-39822,longhorn-share-manager,"1.25.12, 1.26.5, 1.27.0-rc.2",false,not_affected,vulnerable_code_not_in_execute_path
longhornio/longhorn-share-manager:v1.11.3,longhorn/v1.11.3,stdlib,v1.25.11,gobinary,CVE-2026-42505,MEDIUM,https://avd.aquasec.com/nvd/cve-2026-42505,longhorn-share-manager,"1.25.12, 1.26.5, 1.27.0-rc.2",false,not_affected,vulnerable_code_not_in_execute_path
longhornio/longhorn-share-manager:v1.11.3,longhorn/v1.11.3,stdlib,v1.25.11,gobinary,CVE-2026-56853,HIGH,https://avd.aquasec.com/nvd/cve-2026-56853,longhorn-share-manager,"1.25.13, 1.26.6, 1.27.0-rc.3",false,not_affected,vulnerable_code_not_in_execute_path
longhornio/longhorn-share-manager:v1.11.3,longhorn/v1.11.3,stdlib,v1.25.11,gobinary,CVE-2026-56859,HIGH,https://avd.aquasec.com/nvd/cve-2026-56859,longhorn-share-manager,"1.25.13, 1.26.6, 1.27.0-rc.3",false,affected,
longhornio/longhorn-share-manager:v1.11.3,longhorn/v1.11.3,stdlib,v1.25.11,gobinary,CVE-2026-56862,HIGH,https://avd.aquasec.com/nvd/cve-2026-56862,longhorn-share-manager,"1.25.13, 1.26.6, 1.27.0-rc.3",false,affected,
longhornio/longhorn-share-manager:v1.11.3,longhorn/v1.11.3,google.golang.org/grpc,v1.81.1,gobinary,CVE-2026-84304,HIGH,https://avd.aquasec.com/nvd/cve-2026-84304,longhorn-share-manager,1.83.1,false,affected,
longhornio/longhorn-share-manager:v1.11.3,longhorn/v1.11.3,google.golang.org/grpc,v1.81.1,gobinary,GHSA-hrxh-6v49-42gf,HIGH,https://github.com/advisories/GHSA-hrxh-6v49-42gf,longhorn-share-manager,1.82.1,false,affected,
longhornio/longhorn-share-manager:v1.11.3,longhorn/v1.11.3,tar,1.34-150000.3.37.1,sles,SUSE-SU-2026:2714-1,MEDIUM,,longhornio/longhorn-share-manager:v1.11.3 (sles 15.7),1.34-150000.3.42.1,false,not_affected,vulnerable_code_not_in_execute_path
longhornio/longhorn-share-manager:v1.11.3,longhorn/v1.11.3,krb5,1.20.1-150600.11.14.1,sles,SUSE-SU-2026:2848-1,HIGH,,longhornio/longhorn-share-manager:v1.11.3 (sles 15.7),1.20.1-150600.11.19.1,false,affected,
longhornio/longhorn-share-manager:v1.11.3,longhorn/v1.11.3,curl,8.14.1-150700.7.17.1,sles,SUSE-SU-2026:2925-1,HIGH,,longhornio/longhorn-share-manager:v1.11.3 (sles 15.7),8.14.1-150700.7.20.1,false,affected,
longhornio/longhorn-share-manager:v1.11.3,longhorn/v1.11.3,libcurl4,8.14.1-150700.7.17.1,sles,SUSE-SU-2026:2925-1,HIGH,,longhornio/longhorn-share-manager:v1.11.3 (sles 15.7),8.14.1-150700.7.20.1,false,affected,
longhornio/longhorn-share-manager:v1.11.3,longhorn/v1.11.3,libxml2-2,2.12.10-150700.4.11.1,sles,SUSE-SU-2026:3097-1,HIGH,,longhornio/longhorn-share-manager:v1.11.3 (sles 15.7),2.12.10-150700.4.14.1,false,not_affected,vulnerable_code_not_in_execute_path
longhornio/longhorn-share-manager:v1.11.3,longhorn/v1.11.3,pam,1.3.0-150000.6.86.1,sles,SUSE-SU-2026:3163-1,MEDIUM,,longhornio/longhorn-share-manager:v1.11.3 (sles 15.7),1.3.0-150000.6.89.1,false,not_affected,vulnerable_code_not_in_execute_path
longhornio/longhorn-share-manager:v1.11.3,longhorn/v1.11.3,gzip,1.10-150200.10.1,sles,SUSE-SU-2026:3269-1,HIGH,,longhornio/longhorn-share-manager:v1.11.3 (sles 15.7),1.10-150200.13.1,false,not_affected,vulnerable_code_not_in_execute_path
longhornio/longhorn-share-manager:v1.11.3,longhorn/v1.11.3,libssh-config,0.9.8-150600.11.12.1,sles,SUSE-SU-2026:3330-1,MEDIUM,,longhornio/longhorn-share-manager:v1.11.3 (sles 15.7),0.9.8-150600.11.15.1,false,not_affected,vulnerable_code_not_in_execute_path
longhornio/longhorn-share-manager:v1.11.3,longhorn/v1.11.3,libssh4,0.9.8-150600.11.12.1,sles,SUSE-SU-2026:3330-1,MEDIUM,,longhornio/longhorn-share-manager:v1.11.3 (sles 15.7),0.9.8-150600.11.15.1,false,not_affected,vulnerable_code_not_in_execute_path
longhornio/longhorn-share-manager:v1.11.3,longhorn/v1.11.3,libglib-2_0-0,2.78.6-150600.4.35.1,sles,SUSE-SU-2026:3341-1,HIGH,,longhornio/longhorn-share-manager:v1.11.3 (sles 15.7),2.78.6-150600.4.38.1,false,affected,
longhornio/longhorn-share-manager:v1.11.3,longhorn/v1.11.3,perl-base,5.26.1-150300.17.20.1,sles,SUSE-SU-2026:3558-1,HIGH,,longhornio/longhorn-share-manager:v1.11.3 (sles 15.7),5.26.1-150300.17.23.1,false,not_affected,vulnerable_code_not_in_execute_path
longhornio/longhorn-share-manager:v1.11.3,longhorn/v1.11.3,gzip,1.10-150200.10.1,sles,SUSE-SU-2026:3592-1,MEDIUM,,longhornio/longhorn-share-manager:v1.11.3 (sles 15.7),1.10-150200.16.1,false,not_affected,vulnerable_code_not_in_execute_path
longhornio/longhorn-share-manager:v1.11.3,longhorn/v1.11.3,rpm-ndb,4.14.3-150400.59.16.1,sles,SUSE-SU-2026:3600-1,HIGH,,longhornio/longhorn-share-manager:v1.11.3 (sles 15.7),4.14.3-150400.59.19.1,false,not_affected,vulnerable_code_not_in_execute_path
longhornio/longhorn-ui:v1.11.3,longhorn/v1.11.3,krb5,1.20.1-150600.11.14.1,sles,SUSE-SU-2026:2848-1,HIGH,,longhornio/longhorn-ui:v1.11.3 (sles 15.7),1.20.1-150600.11.19.1,false,affected,
longhornio/longhorn-ui:v1.11.3,longhorn/v1.11.3,curl,8.14.1-150700.7.17.1,sles,SUSE-SU-2026:2925-1,HIGH,,longhornio/longhorn-ui:v1.11.3 (sles 15.7),8.14.1-150700.7.20.1,false,affected,
longhornio/longhorn-ui:v1.11.3,longhorn/v1.11.3,libcurl4,8.14.1-150700.7.17.1,sles,SUSE-SU-2026:2925-1,HIGH,,longhornio/longhorn-ui:v1.11.3 (sles 15.7),8.14.1-150700.7.20.1,false,not_affected,vulnerable_code_not_in_execute_path
longhornio/longhorn-ui:v1.11.3,longhorn/v1.11.3,libtiff5,4.0.9-150000.45.66.1,sles,SUSE-SU-2026:3054-1,HIGH,,longhornio/longhorn-ui:v1.11.3 (sles 15.7),4.0.9-150000.45.69.1,false,affected,
longhornio/longhorn-ui:v1.11.3,longhorn/v1.11.3,libxml2-2,2.12.10-150700.4.11.1,sles,SUSE-SU-2026:3097-1,HIGH,,longhornio/longhorn-ui:v1.11.3 (sles 15.7),2.12.10-150700.4.14.1,false,not_affected,vulnerable_code_not_in_execute_path
longhornio/longhorn-ui:v1.11.3,longhorn/v1.11.3,libxml2-tools,2.12.10-150700.4.11.1,sles,SUSE-SU-2026:3097-1,HIGH,,longhornio/longhorn-ui:v1.11.3 (sles 15.7),2.12.10-150700.4.14.1,false,not_affected,vulnerable_code_not_in_execute_path
longhornio/longhorn-ui:v1.11.3,longhorn/v1.11.3,pam,1.3.0-150000.6.86.1,sles,SUSE-SU-2026:3163-1,MEDIUM,,longhornio/longhorn-ui:v1.11.3 (sles 15.7),1.3.0-150000.6.89.1,false,not_affected,vulnerable_code_not_in_execute_path
longhornio/longhorn-ui:v1.11.3,longhorn/v1.11.3,libgcrypt20,1.11.0-150700.5.7.1,sles,SUSE-SU-2026:3182-1,MEDIUM,,longhornio/longhorn-ui:v1.11.3 (sles 15.7),1.11.0-150700.5.10.1,false,not_affected,vulnerable_code_not_in_execute_path
longhornio/longhorn-ui:v1.11.3,longhorn/v1.11.3,gzip,1.10-150200.10.1,sles,SUSE-SU-2026:3269-1,HIGH,,longhornio/longhorn-ui:v1.11.3 (sles 15.7),1.10-150200.13.1,false,affected,
longhornio/longhorn-ui:v1.11.3,longhorn/v1.11.3,nginx,1.21.5-150600.10.21.1,sles,SUSE-SU-2026:3329-1,HIGH,,longhornio/longhorn-ui:v1.11.3 (sles 15.7),1.21.5-150600.10.24.1,false,affected,
longhornio/longhorn-ui:v1.11.3,longhorn/v1.11.3,libssh-config,0.9.8-150600.11.12.1,sles,SUSE-SU-2026:3330-1,MEDIUM,,longhornio/longhorn-ui:v1.11.3 (sles 15.7),0.9.8-150600.11.15.1,false,not_affected,vulnerable_code_not_in_execute_path
longhornio/longhorn-ui:v1.11.3,longhorn/v1.11.3,libssh4,0.9.8-150600.11.12.1,sles,SUSE-SU-2026:3330-1,MEDIUM,,longhornio/longhorn-ui:v1.11.3 (sles 15.7),0.9.8-150600.11.15.1,false,not_affected,vulnerable_code_not_in_execute_path
longhornio/longhorn-ui:v1.11.3,longhorn/v1.11.3,libglib-2_0-0,2.78.6-150600.4.35.1,sles,SUSE-SU-2026:3341-1,HIGH,,longhornio/longhorn-ui:v1.11.3 (sles 15.7),2.78.6-150600.4.38.1,false,not_affected,vulnerable_code_not_in_execute_path
longhornio/longhorn-ui:v1.11.3,longhorn/v1.11.3,nginx,1.21.5-150600.10.21.1,sles,SUSE-SU-2026:3469-1,HIGH,,longhornio/longhorn-ui:v1.11.3 (sles 15.7),1.21.5-150600.10.27.1,false,affected,
longhornio/longhorn-ui:v1.11.3,longhorn/v1.11.3,libgd3,2.2.5-11.3.1,sles,SUSE-SU-2026:3553-1,HIGH,,longhornio/longhorn-ui:v1.11.3 (sles 15.7),2.2.5-150200.11.8.1,false,affected,
longhornio/longhorn-ui:v1.11.3,longhorn/v1.11.3,perl,5.26.1-150300.17.20.1,sles,SUSE-SU-2026:3558-1,HIGH,,longhornio/longhorn-ui:v1.11.3 (sles 15.7),5.26.1-150300.17.23.1,false,not_affected,vulnerable_code_not_in_execute_path
longhornio/longhorn-ui:v1.11.3,longhorn/v1.11.3,perl-base,5.26.1-150300.17.20.1,sles,SUSE-SU-2026:3558-1,HIGH,,longhornio/longhorn-ui:v1.11.3 (sles 15.7),5.26.1-150300.17.23.1,false,not_affected,vulnerable_code_not_in_execute_path
longhornio/longhorn-ui:v1.11.3,longhorn/v1.11.3,rpm-ndb,4.14.3-150400.59.16.1,sles,SUSE-SU-2026:3600-1,HIGH,,longhornio/longhorn-ui:v1.11.3 (sles 15.7),4.14.3-150400.59.19.1,false,not_affected,vulnerable_code_not_in_execute_path
longhornio/longhorn-ui:v1.11.3,longhorn/v1.11.3,libcurl4,8.14.1-150700.7.17.1,sles,SUSE-SU-2026:3798-1,MEDIUM,,longhornio/longhorn-ui:v1.11.3 (sles 15.7),8.14.1-150700.7.23.1,false,not_affected,vulnerable_code_not_in_execute_path
longhornio/support-bundle-kit:v0.0.88,longhorn/v1.11.3,stdlib,v1.26.4,gobinary,CVE-2026-33818,HIGH,https://avd.aquasec.com/nvd/cve-2026-33818,usr/bin/support-bundle-kit,"1.25.13, 1.26.6, 1.27.0-rc.3",false,affected,
longhornio/support-bundle-kit:v0.0.88,longhorn/v1.11.3,stdlib,v1.26.4,gobinary,CVE-2026-33818,HIGH,https://avd.aquasec.com/nvd/cve-2026-33818,usr/bin/yq,"1.25.13, 1.26.6, 1.27.0-rc.3",false,affected,
longhornio/support-bundle-kit:v0.0.88,longhorn/v1.11.3,stdlib,v1.26.4,gobinary,CVE-2026-39821,HIGH,https://avd.aquasec.com/nvd/cve-2026-39821,usr/bin/support-bundle-kit,"1.25.13, 1.26.6, 1.27.0-rc.3",false,affected,
longhornio/support-bundle-kit:v0.0.88,longhorn/v1.11.3,stdlib,v1.26.4,gobinary,CVE-2026-39821,HIGH,https://avd.aquasec.com/nvd/cve-2026-39821,usr/bin/yq,"1.25.13, 1.26.6, 1.27.0-rc.3",false,not_affected,vulnerable_code_not_in_execute_path
longhornio/support-bundle-kit:v0.0.88,longhorn/v1.11.3,stdlib,v1.26.4,gobinary,CVE-2026-39822,HIGH,https://avd.aquasec.com/nvd/cve-2026-39822,usr/bin/support-bundle-kit,"1.25.12, 1.26.5, 1.27.0-rc.2",false,not_affected,vulnerable_code_not_in_execute_path
longhornio/support-bundle-kit:v0.0.88,longhorn/v1.11.3,stdlib,v1.26.4,gobinary,CVE-2026-39822,HIGH,https://avd.aquasec.com/nvd/cve-2026-39822,usr/bin/yq,"1.25.12, 1.26.5, 1.27.0-rc.2",false,not_affected,vulnerable_code_not_in_execute_path
longhornio/support-bundle-kit:v0.0.88,longhorn/v1.11.3,stdlib,v1.26.4,gobinary,CVE-2026-42505,MEDIUM,https://avd.aquasec.com/nvd/cve-2026-42505,usr/bin/support-bundle-kit,"1.25.12, 1.26.5, 1.27.0-rc.2",false,not_affected,vulnerable_code_cannot_be_controlled_by_adversary
longhornio/support-bundle-kit:v0.0.88,longhorn/v1.11.3,stdlib,v1.26.4,gobinary,CVE-2026-42505,MEDIUM,https://avd.aquasec.com/nvd/cve-2026-42505,usr/bin/yq,"1.25.12, 1.26.5, 1.27.0-rc.2",false,not_affected,vulnerable_code_not_in_execute_path
longhornio/support-bundle-kit:v0.0.88,longhorn/v1.11.3,golang.org/x/net,v0.55.0,gobinary,CVE-2026-46600,HIGH,https://avd.aquasec.com/nvd/cve-2026-46600,usr/bin/yq,0.56.0,false,not_affected,vulnerable_code_not_present
longhornio/support-bundle-kit:v0.0.88,longhorn/v1.11.3,stdlib,v1.26.4,gobinary,CVE-2026-46600,HIGH,https://avd.aquasec.com/nvd/cve-2026-46600,usr/bin/support-bundle-kit,"1.26.6, 1.27.0-rc.3",false,not_affected,vulnerable_code_not_in_execute_path
longhornio/support-bundle-kit:v0.0.88,longhorn/v1.11.3,stdlib,v1.26.4,gobinary,CVE-2026-46600,HIGH,https://avd.aquasec.com/nvd/cve-2026-46600,usr/bin/yq,"1.26.6, 1.27.0-rc.3",false,not_affected,vulnerable_code_not_in_execute_path
longhornio/support-bundle-kit:v0.0.88,longhorn/v1.11.3,stdlib,v1.26.4,gobinary,CVE-2026-56853,HIGH,https://avd.aquasec.com/nvd/cve-2026-56853,usr/bin/support-bundle-kit,"1.25.13, 1.26.6, 1.27.0-rc.3",false,affected,
longhornio/support-bundle-kit:v0.0.88,longhorn/v1.11.3,stdlib,v1.26.4,gobinary,CVE-2026-56853,HIGH,https://avd.aquasec.com/nvd/cve-2026-56853,usr/bin/yq,"1.25.13, 1.26.6, 1.27.0-rc.3",false,not_affected,vulnerable_code_not_in_execute_path
longhornio/support-bundle-kit:v0.0.88,longhorn/v1.11.3,golang.org/x/crypto,v0.53.0,gobinary,CVE-2026-56854,CRITICAL,https://avd.aquasec.com/nvd/cve-2026-56854,usr/bin/support-bundle-kit,0.55.0,false,not_affected,vulnerable_code_not_present
longhornio/support-bundle-kit:v0.0.88,longhorn/v1.11.3,stdlib,v1.26.4,gobinary,CVE-2026-56858,HIGH,https://avd.aquasec.com/nvd/cve-2026-56858,usr/bin/yq,"1.25.13, 1.26.6, 1.27.0-rc.3",false,not_affected,vulnerable_code_not_present
longhornio/support-bundle-kit:v0.0.88,longhorn/v1.11.3,stdlib,v1.26.4,gobinary,CVE-2026-56859,HIGH,https://avd.aquasec.com/nvd/cve-2026-56859,usr/bin/support-bundle-kit,"1.25.13, 1.26.6, 1.27.0-rc.3",false,not_affected,vulnerable_code_not_in_execute_path
longhornio/support-bundle-kit:v0.0.88,longhorn/v1.11.3,stdlib,v1.26.4,gobinary,CVE-2026-56859,HIGH,https://avd.aquasec.com/nvd/cve-2026-56859,usr/bin/yq,"1.25.13, 1.26.6, 1.27.0-rc.3",false,affected,
longhornio/support-bundle-kit:v0.0.88,longhorn/v1.11.3,stdlib,v1.26.4,gobinary,CVE-2026-56860,HIGH,https://avd.aquasec.com/nvd/cve-2026-56860,usr/bin/yq,"1.25.13, 1.26.6, 1.27.0-rc.3",false,not_affected,vulnerable_code_not_in_execute_path
longhornio/support-bundle-kit:v0.0.88,longhorn/v1.11.3,stdlib,v1.26.4,gobinary,CVE-2026-56862,HIGH,https://avd.aquasec.com/nvd/cve-2026-56862,usr/bin/support-bundle-kit,"1.25.13, 1.26.6, 1.27.0-rc.3",false,affected,
longhornio/support-bundle-kit:v0.0.88,longhorn/v1.11.3,stdlib,v1.26.4,gobinary,CVE-2026-56862,HIGH,https://avd.aquasec.com/nvd/cve-2026-56862,usr/bin/yq,"1.25.13, 1.26.6, 1.27.0-rc.3",false,not_affected,vulnerable_code_not_in_execute_path
longhornio/support-bundle-kit:v0.0.88,longhorn/v1.11.3,google.golang.org/grpc,v1.79.3,gobinary,CVE-2026-84304,HIGH,https://avd.aquasec.com/nvd/cve-2026-84304,usr/bin/support-bundle-kit,1.83.1,false,affected,
longhornio/support-bundle-kit:v0.0.88,longhorn/v1.11.3,google.golang.org/grpc,v1.79.3,gobinary,GHSA-hrxh-6v49-42gf,HIGH,https://github.com/advisories/GHSA-hrxh-6v49-42gf,usr/bin/support-bundle-kit,1.82.1,false,affected,
longhornio/support-bundle-kit:v0.0.88,longhorn/v1.11.3,libmount1,2.40.4-150700.4.10.1,sles,SUSE-SU-2026:2485-1,MEDIUM,,longhornio/support-bundle-kit:v0.0.88 (sles 15.7),2.40.4-150700.4.13.1,false,not_affected,vulnerable_code_not_in_execute_path
longhornio/support-bundle-kit:v0.0.88,longhorn/v1.11.3,libsmartcols1,2.40.4-150700.4.10.1,sles,SUSE-SU-2026:2485-1,MEDIUM,,longhornio/support-bundle-kit:v0.0.88 (sles 15.7),2.40.4-150700.4.13.1,false,not_affected,vulnerable_code_not_in_execute_path
longhornio/support-bundle-kit:v0.0.88,longhorn/v1.11.3,libsqlite3-0,3.51.3-150000.3.39.1,sles,SUSE-SU-2026:2528-1,HIGH,,longhornio/support-bundle-kit:v0.0.88 (sles 15.7),3.53.2-150000.3.42.1,false,not_affected,vulnerable_code_not_in_execute_path
longhornio/support-bundle-kit:v0.0.88,longhorn/v1.11.3,libsolv-tools-base,0.7.35-150700.11.5.2,sles,SUSE-SU-2026:2531-1,HIGH,,longhornio/support-bundle-kit:v0.0.88 (sles 15.7),0.7.39-150700.11.10.1,false,not_affected,vulnerable_code_not_in_execute_path
longhornio/support-bundle-kit:v0.0.88,longhorn/v1.11.3,libzypp,17.37.18-150700.6.3.1,sles,SUSE-SU-2026:2531-1,HIGH,,longhornio/support-bundle-kit:v0.0.88 (sles 15.7),17.38.13-150700.6.13.1,false,not_affected,vulnerable_code_not_in_execute_path
longhornio/support-bundle-kit:v0.0.88,longhorn/v1.11.3,zypper,1.14.94-150700.13.3.1,sles,SUSE-SU-2026:2531-1,HIGH,,longhornio/support-bundle-kit:v0.0.88 (sles 15.7),1.14.98-150700.13.6.1,false,not_affected,vulnerable_code_not_in_execute_path
longhornio/support-bundle-kit:v0.0.88,longhorn/v1.11.3,libopenssl-3-fips-provider,3.2.3-150700.5.31.1,sles,SUSE-SU-2026:2648-1,HIGH,,longhornio/support-bundle-kit:v0.0.88 (sles 15.7),3.2.3-150700.5.36.1,false,not_affected,vulnerable_code_not_in_execute_path
longhornio/support-bundle-kit:v0.0.88,longhorn/v1.11.3,libopenssl3,3.2.3-150700.5.31.1,sles,SUSE-SU-2026:2648-1,HIGH,,longhornio/support-bundle-kit:v0.0.88 (sles 15.7),3.2.3-150700.5.36.1,false,not_affected,vulnerable_code_not_in_execute_path
longhornio/support-bundle-kit:v0.0.88,longhorn/v1.11.3,openssl-3,3.2.3-150700.5.31.1,sles,SUSE-SU-2026:2648-1,HIGH,,longhornio/support-bundle-kit:v0.0.88 (sles 15.7),3.2.3-150700.5.36.1,false,affected,
longhornio/support-bundle-kit:v0.0.88,longhorn/v1.11.3,tar,1.34-150000.3.37.1,sles,SUSE-SU-2026:2714-1,MEDIUM,,longhornio/support-bundle-kit:v0.0.88 (sles 15.7),1.34-150000.3.42.1,false,not_affected,vulnerable_code_not_in_execute_path
longhornio/support-bundle-kit:v0.0.88,longhorn/v1.11.3,krb5,1.20.1-150600.11.14.1,sles,SUSE-SU-2026:2848-1,HIGH,,longhornio/support-bundle-kit:v0.0.88 (sles 15.7),1.20.1-150600.11.19.1,false,affected,
longhornio/support-bundle-kit:v0.0.88,longhorn/v1.11.3,curl,8.14.1-150700.7.14.1,sles,SUSE-SU-2026:2925-1,HIGH,,longhornio/support-bundle-kit:v0.0.88 (sles 15.7),8.14.1-150700.7.20.1,false,not_affected,vulnerable_code_not_in_execute_path
longhornio/support-bundle-kit:v0.0.88,longhorn/v1.11.3,libcurl4,8.14.1-150700.7.14.1,sles,SUSE-SU-2026:2925-1,HIGH,,longhornio/support-bundle-kit:v0.0.88 (sles 15.7),8.14.1-150700.7.20.1,false,affected,
longhornio/support-bundle-kit:v0.0.88,longhorn/v1.11.3,libxml2-2,2.12.10-150700.4.11.1,sles,SUSE-SU-2026:3097-1,HIGH,,longhornio/support-bundle-kit:v0.0.88 (sles 15.7),2.12.10-150700.4.14.1,false,not_affected,vulnerable_code_not_in_execute_path
longhornio/support-bundle-kit:v0.0.88,longhorn/v1.11.3,pam,1.3.0-150000.6.86.1,sles,SUSE-SU-2026:3163-1,MEDIUM,,longhornio/support-bundle-kit:v0.0.88 (sles 15.7),1.3.0-150000.6.89.1,false,not_affected,vulnerable_code_not_in_execute_path
longhornio/support-bundle-kit:v0.0.88,longhorn/v1.11.3,libgcrypt20,1.11.0-150700.5.7.1,sles,SUSE-SU-2026:3182-1,MEDIUM,,longhornio/support-bundle-kit:v0.0.88 (sles 15.7),1.11.0-150700.5.10.1,false,not_affected,vulnerable_code_not_in_execute_path
longhornio/support-bundle-kit:v0.0.88,longhorn/v1.11.3,gzip,1.10-150200.10.1,sles,SUSE-SU-2026:3269-1,HIGH,,longhornio/support-bundle-kit:v0.0.88 (sles 15.7),1.10-150200.13.1,false,affected,
longhornio/support-bundle-kit:v0.0.88,longhorn/v1.11.3,libssh-config,0.9.8-150600.11.12.1,sles,SUSE-SU-2026:3330-1,MEDIUM,,longhornio/support-bundle-kit:v0.0.88 (sles 15.7),0.9.8-150600.11.15.1,false,not_affected,vulnerable_code_not_in_execute_path
longhornio/support-bundle-kit:v0.0.88,longhorn/v1.11.3,libssh4,0.9.8-150600.11.12.1,sles,SUSE-SU-2026:3330-1,MEDIUM,,longhornio/support-bundle-kit:v0.0.88 (sles 15.7),0.9.8-150600.11.15.1,false,not_affected,vulnerable_code_not_in_execute_path
longhornio/support-bundle-kit:v0.0.88,longhorn/v1.11.3,libglib-2_0-0,2.78.6-150600.4.35.1,sles,SUSE-SU-2026:3341-1,HIGH,,longhornio/support-bundle-kit:v0.0.88 (sles 15.7),2.78.6-150600.4.38.1,false,affected,
longhornio/support-bundle-kit:v0.0.88,longhorn/v1.11.3,perl-base,5.26.1-150300.17.20.1,sles,SUSE-SU-2026:3558-1,HIGH,,longhornio/support-bundle-kit:v0.0.88 (sles 15.7),5.26.1-150300.17.23.1,false,not_affected,vulnerable_code_not_in_execute_path
longhornio/support-bundle-kit:v0.0.88,longhorn/v1.11.3,rpm-ndb,4.14.3-150400.59.16.1,sles,SUSE-SU-2026:3600-1,HIGH,,longhornio/support-bundle-kit:v0.0.88 (sles 15.7),4.14.3-150400.59.19.1,false,affected,
longhornio/support-bundle-kit:v0.0.88,longhorn/v1.11.3,curl,8.14.1-150700.7.14.1,sles,SUSE-SU-2026:3798-1,MEDIUM,,longhornio/support-bundle-kit:v0.0.88 (sles 15.7),8.14.1-150700.7.23.1,false,not_affected,vulnerable_code_not_in_execute_path
