image,release,package_name,package_version,type,vulnerability_id,severity,url,target,patched_version,mirrored,status,justification
rancher/cluster-api-controller:v1.13.3,rancher/v2.16-head,stdlib,v1.25.9,gobinary,CVE-2026-33811,HIGH,https://avd.aquasec.com/nvd/cve-2026-33811,manager,"1.25.10, 1.26.3",false,affected,
rancher/cluster-api-controller:v1.13.3,rancher/v2.16-head,stdlib,v1.25.9,gobinary,CVE-2026-33814,HIGH,https://avd.aquasec.com/nvd/cve-2026-33814,manager,"1.25.10, 1.26.3",false,not_affected,vulnerable_code_not_in_execute_path
rancher/cluster-api-controller:v1.13.3,rancher/v2.16-head,stdlib,v1.25.9,gobinary,CVE-2026-33818,HIGH,https://avd.aquasec.com/nvd/cve-2026-33818,manager,"1.25.13, 1.26.6, 1.27.0-rc.3",false,affected,
rancher/cluster-api-controller:v1.13.3,rancher/v2.16-head,stdlib,v1.25.9,gobinary,CVE-2026-39820,HIGH,https://avd.aquasec.com/nvd/cve-2026-39820,manager,"1.25.10, 1.26.3",false,not_affected,vulnerable_code_not_in_execute_path
rancher/cluster-api-controller:v1.13.3,rancher/v2.16-head,stdlib,v1.25.9,gobinary,CVE-2026-39821,HIGH,https://avd.aquasec.com/nvd/cve-2026-39821,manager,"1.25.13, 1.26.6, 1.27.0-rc.3",false,affected,
rancher/cluster-api-controller:v1.13.3,rancher/v2.16-head,stdlib,v1.25.9,gobinary,CVE-2026-39822,HIGH,https://avd.aquasec.com/nvd/cve-2026-39822,manager,"1.25.12, 1.26.5, 1.27.0-rc.2",false,not_affected,vulnerable_code_not_in_execute_path
rancher/cluster-api-controller:v1.13.3,rancher/v2.16-head,stdlib,v1.25.9,gobinary,CVE-2026-39825,MEDIUM,https://avd.aquasec.com/nvd/cve-2026-39825,manager,"1.25.10, 1.26.3",false,not_affected,vulnerable_code_not_in_execute_path
rancher/cluster-api-controller:v1.13.3,rancher/v2.16-head,golang.org/x/crypto,v0.51.0,gobinary,CVE-2026-39827,MEDIUM,https://avd.aquasec.com/nvd/cve-2026-39827,manager,0.52.0,false,not_affected,vulnerable_code_not_present
rancher/cluster-api-controller:v1.13.3,rancher/v2.16-head,golang.org/x/crypto,v0.51.0,gobinary,CVE-2026-39828,HIGH,https://avd.aquasec.com/nvd/cve-2026-39828,manager,0.52.0,false,not_affected,vulnerable_code_not_present
rancher/cluster-api-controller:v1.13.3,rancher/v2.16-head,golang.org/x/crypto,v0.51.0,gobinary,CVE-2026-39829,HIGH,https://avd.aquasec.com/nvd/cve-2026-39829,manager,0.52.0,false,not_affected,vulnerable_code_not_present
rancher/cluster-api-controller:v1.13.3,rancher/v2.16-head,golang.org/x/crypto,v0.51.0,gobinary,CVE-2026-39830,HIGH,https://avd.aquasec.com/nvd/cve-2026-39830,manager,0.52.0,false,not_affected,vulnerable_code_not_present
rancher/cluster-api-controller:v1.13.3,rancher/v2.16-head,golang.org/x/crypto,v0.51.0,gobinary,CVE-2026-39831,HIGH,https://avd.aquasec.com/nvd/cve-2026-39831,manager,0.52.0,false,not_affected,vulnerable_code_not_present
rancher/cluster-api-controller:v1.13.3,rancher/v2.16-head,golang.org/x/crypto,v0.51.0,gobinary,CVE-2026-39832,HIGH,https://avd.aquasec.com/nvd/cve-2026-39832,manager,0.52.0,false,not_affected,vulnerable_code_not_present
rancher/cluster-api-controller:v1.13.3,rancher/v2.16-head,golang.org/x/crypto,v0.51.0,gobinary,CVE-2026-39833,MEDIUM,https://avd.aquasec.com/nvd/cve-2026-39833,manager,0.52.0,false,not_affected,vulnerable_code_not_present
rancher/cluster-api-controller:v1.13.3,rancher/v2.16-head,golang.org/x/crypto,v0.51.0,gobinary,CVE-2026-39834,MEDIUM,https://avd.aquasec.com/nvd/cve-2026-39834,manager,0.52.0,false,not_affected,vulnerable_code_not_present
rancher/cluster-api-controller:v1.13.3,rancher/v2.16-head,golang.org/x/crypto,v0.51.0,gobinary,CVE-2026-39835,HIGH,https://avd.aquasec.com/nvd/cve-2026-39835,manager,0.52.0,false,not_affected,vulnerable_code_not_present
rancher/cluster-api-controller:v1.13.3,rancher/v2.16-head,stdlib,v1.25.9,gobinary,CVE-2026-39836,HIGH,https://avd.aquasec.com/nvd/cve-2026-39836,manager,"1.25.10, 1.26.3",false,affected,
rancher/cluster-api-controller:v1.13.3,rancher/v2.16-head,stdlib,v1.25.9,gobinary,CVE-2026-42499,HIGH,https://avd.aquasec.com/nvd/cve-2026-42499,manager,"1.25.10, 1.26.3",false,not_affected,vulnerable_code_not_in_execute_path
rancher/cluster-api-controller:v1.13.3,rancher/v2.16-head,stdlib,v1.25.9,gobinary,CVE-2026-42504,HIGH,https://avd.aquasec.com/nvd/cve-2026-42504,manager,"1.25.11, 1.26.4",false,not_affected,vulnerable_code_not_in_execute_path
rancher/cluster-api-controller:v1.13.3,rancher/v2.16-head,golang.org/x/crypto,v0.51.0,gobinary,CVE-2026-42508,HIGH,https://avd.aquasec.com/nvd/cve-2026-42508,manager,0.52.0,false,not_affected,vulnerable_code_not_present
rancher/cluster-api-controller:v1.13.3,rancher/v2.16-head,golang.org/x/crypto,v0.51.0,gobinary,CVE-2026-46595,HIGH,https://avd.aquasec.com/nvd/cve-2026-46595,manager,0.52.0,false,not_affected,vulnerable_code_not_present
rancher/cluster-api-controller:v1.13.3,rancher/v2.16-head,golang.org/x/crypto,v0.51.0,gobinary,CVE-2026-46597,HIGH,https://avd.aquasec.com/nvd/cve-2026-46597,manager,0.52.0,false,not_affected,vulnerable_code_not_present
rancher/cluster-api-controller:v1.13.3,rancher/v2.16-head,golang.org/x/crypto,v0.51.0,gobinary,CVE-2026-46598,MEDIUM,https://avd.aquasec.com/nvd/cve-2026-46598,manager,0.52.0,false,not_affected,vulnerable_code_not_present
rancher/cluster-api-controller:v1.13.3,rancher/v2.16-head,golang.org/x/net,v0.55.0,gobinary,CVE-2026-46600,HIGH,https://avd.aquasec.com/nvd/cve-2026-46600,manager,0.56.0,false,not_affected,vulnerable_code_not_present
rancher/cluster-api-controller:v1.13.3,rancher/v2.16-head,stdlib,v1.25.9,gobinary,CVE-2026-56853,HIGH,https://avd.aquasec.com/nvd/cve-2026-56853,manager,"1.25.13, 1.26.6, 1.27.0-rc.3",false,affected,
rancher/cluster-api-controller:v1.13.3,rancher/v2.16-head,golang.org/x/crypto,v0.51.0,gobinary,CVE-2026-56854,HIGH,https://avd.aquasec.com/nvd/cve-2026-56854,manager,0.55.0,false,not_affected,vulnerable_code_not_present
rancher/cluster-api-controller:v1.13.3,rancher/v2.16-head,golang.org/x/crypto,v0.51.0,gobinary,CVE-2026-56855,MEDIUM,https://avd.aquasec.com/nvd/cve-2026-56855,manager,0.56.0,false,not_affected,vulnerable_code_not_present
rancher/cluster-api-controller:v1.13.3,rancher/v2.16-head,stdlib,v1.25.9,gobinary,CVE-2026-56859,HIGH,https://avd.aquasec.com/nvd/cve-2026-56859,manager,"1.25.13, 1.26.6, 1.27.0-rc.3",false,affected,
rancher/cluster-api-controller:v1.13.3,rancher/v2.16-head,stdlib,v1.25.9,gobinary,CVE-2026-56862,HIGH,https://avd.aquasec.com/nvd/cve-2026-56862,manager,"1.25.13, 1.26.6, 1.27.0-rc.3",false,affected,
rancher/cluster-api-controller:v1.13.3,rancher/v2.16-head,golang.org/x/crypto,v0.51.0,gobinary,CVE-2026-78662,MEDIUM,https://avd.aquasec.com/nvd/cve-2026-78662,manager,0.56.0,false,not_affected,vulnerable_code_not_present
rancher/cluster-api-controller:v1.13.3,rancher/v2.16-head,google.golang.org/grpc,v1.80.0,gobinary,CVE-2026-84303,MEDIUM,https://avd.aquasec.com/nvd/cve-2026-84303,manager,1.83.1,false,not_affected,vulnerable_code_not_present
rancher/cluster-api-controller:v1.13.3,rancher/v2.16-head,google.golang.org/grpc,v1.80.0,gobinary,CVE-2026-84304,HIGH,https://avd.aquasec.com/nvd/cve-2026-84304,manager,1.83.1,false,affected,
rancher/cluster-api-controller:v1.13.3,rancher/v2.16-head,google.golang.org/grpc,v1.80.0,gobinary,CVE-2026-84445,HIGH,https://avd.aquasec.com/nvd/cve-2026-84445,manager,"1.82.2, 1.83.2, 1.85.0-dev.0.20260825072537-93e31b48545e",false,not_affected,vulnerable_code_not_in_execute_path
rancher/cluster-api-controller:v1.13.3,rancher/v2.16-head,google.golang.org/grpc,v1.80.0,gobinary,GHSA-hrxh-6v49-42gf,HIGH,https://github.com/advisories/GHSA-hrxh-6v49-42gf,manager,1.82.1,false,affected,
rancher/hardened-csi-snapshotter:v8.6.0-build20260909,rancher/v2.16-head,golang.org/x/crypto,v0.55.0,gobinary,CVE-2026-56855,MEDIUM,https://avd.aquasec.com/nvd/cve-2026-56855,csi-snapshotter,0.56.0,false,not_affected,vulnerable_code_not_present
rancher/hardened-csi-snapshotter:v8.6.0-build20260909,rancher/v2.16-head,golang.org/x/crypto,v0.55.0,gobinary,CVE-2026-78662,MEDIUM,https://avd.aquasec.com/nvd/cve-2026-78662,csi-snapshotter,0.56.0,false,not_affected,vulnerable_code_not_present
rancher/hardened-dns-node-cache:1.26.8-build20260909,rancher/v2.16-head,golang.org/x/crypto,v0.52.0,gobinary,CVE-2026-56854,HIGH,https://avd.aquasec.com/nvd/cve-2026-56854,node-cache,0.55.0,false,not_affected,vulnerable_code_not_present
rancher/hardened-dns-node-cache:1.26.8-build20260909,rancher/v2.16-head,golang.org/x/crypto,v0.52.0,gobinary,CVE-2026-56855,MEDIUM,https://avd.aquasec.com/nvd/cve-2026-56855,node-cache,0.56.0,false,not_affected,vulnerable_code_not_present
rancher/hardened-dns-node-cache:1.26.8-build20260909,rancher/v2.16-head,golang.org/x/mod,v0.37.0,gobinary,CVE-2026-56864,HIGH,https://avd.aquasec.com/nvd/cve-2026-56864,node-cache,0.40.0,false,not_affected,vulnerable_code_not_present
rancher/hardened-dns-node-cache:1.26.8-build20260909,rancher/v2.16-head,golang.org/x/mod,v0.37.0,gobinary,CVE-2026-56865,HIGH,https://avd.aquasec.com/nvd/cve-2026-56865,node-cache,0.40.0,false,not_affected,vulnerable_code_not_present
rancher/hardened-dns-node-cache:1.26.8-build20260909,rancher/v2.16-head,golang.org/x/crypto,v0.52.0,gobinary,CVE-2026-78662,MEDIUM,https://avd.aquasec.com/nvd/cve-2026-78662,node-cache,0.56.0,false,not_affected,vulnerable_code_not_present
rancher/hardened-dns-node-cache:1.26.8-build20260909,rancher/v2.16-head,github.com/coredns/coredns,v1.14.3,gobinary,CVE-2026-82399,HIGH,https://avd.aquasec.com/nvd/cve-2026-82399,node-cache,1.14.7,false,affected,
rancher/hardened-dns-node-cache:1.26.8-build20260909,rancher/v2.16-head,github.com/coredns/coredns,v1.14.3,gobinary,CVE-2026-86003,HIGH,https://avd.aquasec.com/nvd/cve-2026-86003,node-cache,1.14.7,false,affected,
rancher/hardened-dns-node-cache:1.26.8-build20260909,rancher/v2.16-head,libpcre2-8-0,10.42-150600.1.26,sles,SUSE-SU-2026:4241-1,HIGH,,rancher/hardened-dns-node-cache:1.26.8-build20260909 (sles 15.7),10.42-150600.3.3.1,false,affected,
rancher/hardened-kubernetes:v1.35.8-rke2r1-build20260821,rancher/v2.16-head,golang.org/x/crypto,v0.53.0,gobinary,CVE-2026-56854,HIGH,https://avd.aquasec.com/nvd/cve-2026-56854,usr/local/bin/kube-apiserver,0.55.0,false,not_affected,vulnerable_code_not_in_execute_path
rancher/hardened-kubernetes:v1.35.8-rke2r1-build20260821,rancher/v2.16-head,golang.org/x/crypto,v0.53.0,gobinary,CVE-2026-56854,HIGH,https://avd.aquasec.com/nvd/cve-2026-56854,usr/local/bin/kube-controller-manager,0.55.0,false,not_affected,vulnerable_code_not_in_execute_path
rancher/hardened-kubernetes:v1.35.8-rke2r1-build20260821,rancher/v2.16-head,golang.org/x/crypto,v0.53.0,gobinary,CVE-2026-56854,HIGH,https://avd.aquasec.com/nvd/cve-2026-56854,usr/local/bin/kube-proxy,0.55.0,false,not_affected,vulnerable_code_not_in_execute_path
rancher/hardened-kubernetes:v1.35.8-rke2r1-build20260821,rancher/v2.16-head,golang.org/x/crypto,v0.53.0,gobinary,CVE-2026-56854,HIGH,https://avd.aquasec.com/nvd/cve-2026-56854,usr/local/bin/kube-scheduler,0.55.0,false,not_affected,vulnerable_code_not_in_execute_path
rancher/hardened-kubernetes:v1.35.8-rke2r1-build20260821,rancher/v2.16-head,golang.org/x/crypto,v0.53.0,gobinary,CVE-2026-56854,HIGH,https://avd.aquasec.com/nvd/cve-2026-56854,usr/local/bin/kubelet,0.55.0,false,not_affected,vulnerable_code_not_in_execute_path
rancher/hardened-kubernetes:v1.35.8-rke2r1-build20260821,rancher/v2.16-head,golang.org/x/crypto,v0.53.0,gobinary,CVE-2026-56855,MEDIUM,https://avd.aquasec.com/nvd/cve-2026-56855,usr/local/bin/kube-apiserver,0.56.0,false,not_affected,vulnerable_code_not_present
rancher/hardened-kubernetes:v1.35.8-rke2r1-build20260821,rancher/v2.16-head,golang.org/x/crypto,v0.53.0,gobinary,CVE-2026-56855,MEDIUM,https://avd.aquasec.com/nvd/cve-2026-56855,usr/local/bin/kube-controller-manager,0.56.0,false,not_affected,vulnerable_code_not_present
rancher/hardened-kubernetes:v1.35.8-rke2r1-build20260821,rancher/v2.16-head,golang.org/x/crypto,v0.53.0,gobinary,CVE-2026-56855,MEDIUM,https://avd.aquasec.com/nvd/cve-2026-56855,usr/local/bin/kube-proxy,0.56.0,false,not_affected,vulnerable_code_not_present
rancher/hardened-kubernetes:v1.35.8-rke2r1-build20260821,rancher/v2.16-head,golang.org/x/crypto,v0.53.0,gobinary,CVE-2026-56855,MEDIUM,https://avd.aquasec.com/nvd/cve-2026-56855,usr/local/bin/kube-scheduler,0.56.0,false,not_affected,vulnerable_code_not_present
rancher/hardened-kubernetes:v1.35.8-rke2r1-build20260821,rancher/v2.16-head,golang.org/x/crypto,v0.53.0,gobinary,CVE-2026-56855,MEDIUM,https://avd.aquasec.com/nvd/cve-2026-56855,usr/local/bin/kubelet,0.56.0,false,not_affected,vulnerable_code_not_present
rancher/hardened-kubernetes:v1.35.8-rke2r1-build20260821,rancher/v2.16-head,golang.org/x/crypto,v0.53.0,gobinary,CVE-2026-78662,MEDIUM,https://avd.aquasec.com/nvd/cve-2026-78662,usr/local/bin/kube-apiserver,0.56.0,false,not_affected,vulnerable_code_not_present
rancher/hardened-kubernetes:v1.35.8-rke2r1-build20260821,rancher/v2.16-head,golang.org/x/crypto,v0.53.0,gobinary,CVE-2026-78662,MEDIUM,https://avd.aquasec.com/nvd/cve-2026-78662,usr/local/bin/kube-controller-manager,0.56.0,false,not_affected,vulnerable_code_not_present
rancher/hardened-kubernetes:v1.35.8-rke2r1-build20260821,rancher/v2.16-head,golang.org/x/crypto,v0.53.0,gobinary,CVE-2026-78662,MEDIUM,https://avd.aquasec.com/nvd/cve-2026-78662,usr/local/bin/kube-proxy,0.56.0,false,not_affected,vulnerable_code_not_present
rancher/hardened-kubernetes:v1.35.8-rke2r1-build20260821,rancher/v2.16-head,golang.org/x/crypto,v0.53.0,gobinary,CVE-2026-78662,MEDIUM,https://avd.aquasec.com/nvd/cve-2026-78662,usr/local/bin/kube-scheduler,0.56.0,false,not_affected,vulnerable_code_not_present
rancher/hardened-kubernetes:v1.35.8-rke2r1-build20260821,rancher/v2.16-head,golang.org/x/crypto,v0.53.0,gobinary,CVE-2026-78662,MEDIUM,https://avd.aquasec.com/nvd/cve-2026-78662,usr/local/bin/kubelet,0.56.0,false,not_affected,vulnerable_code_not_present
rancher/hardened-kubernetes:v1.35.8-rke2r1-build20260821,rancher/v2.16-head,google.golang.org/grpc,v1.82.1,gobinary,CVE-2026-84303,MEDIUM,https://avd.aquasec.com/nvd/cve-2026-84303,usr/local/bin/kube-apiserver,1.83.1,false,not_affected,vulnerable_code_not_present
rancher/hardened-kubernetes:v1.35.8-rke2r1-build20260821,rancher/v2.16-head,google.golang.org/grpc,v1.82.1,gobinary,CVE-2026-84303,MEDIUM,https://avd.aquasec.com/nvd/cve-2026-84303,usr/local/bin/kube-controller-manager,1.83.1,false,not_affected,vulnerable_code_not_present
rancher/hardened-kubernetes:v1.35.8-rke2r1-build20260821,rancher/v2.16-head,google.golang.org/grpc,v1.82.1,gobinary,CVE-2026-84303,MEDIUM,https://avd.aquasec.com/nvd/cve-2026-84303,usr/local/bin/kube-proxy,1.83.1,false,not_affected,vulnerable_code_not_present
rancher/hardened-kubernetes:v1.35.8-rke2r1-build20260821,rancher/v2.16-head,google.golang.org/grpc,v1.82.1,gobinary,CVE-2026-84303,MEDIUM,https://avd.aquasec.com/nvd/cve-2026-84303,usr/local/bin/kube-scheduler,1.83.1,false,not_affected,vulnerable_code_not_present
rancher/hardened-kubernetes:v1.35.8-rke2r1-build20260821,rancher/v2.16-head,google.golang.org/grpc,v1.82.1,gobinary,CVE-2026-84303,MEDIUM,https://avd.aquasec.com/nvd/cve-2026-84303,usr/local/bin/kubelet,1.83.1,false,not_affected,vulnerable_code_not_present
rancher/hardened-kubernetes:v1.35.8-rke2r1-build20260821,rancher/v2.16-head,google.golang.org/grpc,v1.82.1,gobinary,CVE-2026-84304,HIGH,https://avd.aquasec.com/nvd/cve-2026-84304,usr/local/bin/kube-apiserver,1.83.1,false,affected,
rancher/hardened-kubernetes:v1.35.8-rke2r1-build20260821,rancher/v2.16-head,google.golang.org/grpc,v1.82.1,gobinary,CVE-2026-84304,HIGH,https://avd.aquasec.com/nvd/cve-2026-84304,usr/local/bin/kube-controller-manager,1.83.1,false,affected,
rancher/hardened-kubernetes:v1.35.8-rke2r1-build20260821,rancher/v2.16-head,google.golang.org/grpc,v1.82.1,gobinary,CVE-2026-84304,HIGH,https://avd.aquasec.com/nvd/cve-2026-84304,usr/local/bin/kube-proxy,1.83.1,false,affected,
rancher/hardened-kubernetes:v1.35.8-rke2r1-build20260821,rancher/v2.16-head,google.golang.org/grpc,v1.82.1,gobinary,CVE-2026-84304,HIGH,https://avd.aquasec.com/nvd/cve-2026-84304,usr/local/bin/kube-scheduler,1.83.1,false,affected,
rancher/hardened-kubernetes:v1.35.8-rke2r1-build20260821,rancher/v2.16-head,google.golang.org/grpc,v1.82.1,gobinary,CVE-2026-84304,HIGH,https://avd.aquasec.com/nvd/cve-2026-84304,usr/local/bin/kubelet,1.83.1,false,affected,
rancher/hardened-kubernetes:v1.35.8-rke2r1-build20260821,rancher/v2.16-head,google.golang.org/grpc,v1.82.1,gobinary,CVE-2026-84445,HIGH,https://avd.aquasec.com/nvd/cve-2026-84445,usr/local/bin/kube-apiserver,"1.82.2, 1.83.2, 1.85.0-dev.0.20260825072537-93e31b48545e",false,affected,
rancher/hardened-kubernetes:v1.35.8-rke2r1-build20260821,rancher/v2.16-head,google.golang.org/grpc,v1.82.1,gobinary,CVE-2026-84445,HIGH,https://avd.aquasec.com/nvd/cve-2026-84445,usr/local/bin/kube-controller-manager,"1.82.2, 1.83.2, 1.85.0-dev.0.20260825072537-93e31b48545e",false,affected,
rancher/hardened-kubernetes:v1.35.8-rke2r1-build20260821,rancher/v2.16-head,google.golang.org/grpc,v1.82.1,gobinary,CVE-2026-84445,HIGH,https://avd.aquasec.com/nvd/cve-2026-84445,usr/local/bin/kube-proxy,"1.82.2, 1.83.2, 1.85.0-dev.0.20260825072537-93e31b48545e",false,affected,
rancher/hardened-kubernetes:v1.35.8-rke2r1-build20260821,rancher/v2.16-head,google.golang.org/grpc,v1.82.1,gobinary,CVE-2026-84445,HIGH,https://avd.aquasec.com/nvd/cve-2026-84445,usr/local/bin/kube-scheduler,"1.82.2, 1.83.2, 1.85.0-dev.0.20260825072537-93e31b48545e",false,affected,
rancher/hardened-kubernetes:v1.35.8-rke2r1-build20260821,rancher/v2.16-head,google.golang.org/grpc,v1.82.1,gobinary,CVE-2026-84445,HIGH,https://avd.aquasec.com/nvd/cve-2026-84445,usr/local/bin/kubelet,"1.82.2, 1.83.2, 1.85.0-dev.0.20260825072537-93e31b48545e",false,affected,
rancher/hardened-kubernetes:v1.36.4-rke2r1-build20260821,rancher/v2.16-head,golang.org/x/crypto,v0.53.0,gobinary,CVE-2026-56854,HIGH,https://avd.aquasec.com/nvd/cve-2026-56854,usr/local/bin/kube-apiserver,0.55.0,false,not_affected,vulnerable_code_not_in_execute_path
rancher/hardened-kubernetes:v1.36.4-rke2r1-build20260821,rancher/v2.16-head,golang.org/x/crypto,v0.53.0,gobinary,CVE-2026-56854,HIGH,https://avd.aquasec.com/nvd/cve-2026-56854,usr/local/bin/kube-controller-manager,0.55.0,false,not_affected,vulnerable_code_not_in_execute_path
rancher/hardened-kubernetes:v1.36.4-rke2r1-build20260821,rancher/v2.16-head,golang.org/x/crypto,v0.53.0,gobinary,CVE-2026-56854,HIGH,https://avd.aquasec.com/nvd/cve-2026-56854,usr/local/bin/kube-proxy,0.55.0,false,not_affected,vulnerable_code_not_in_execute_path
rancher/hardened-kubernetes:v1.36.4-rke2r1-build20260821,rancher/v2.16-head,golang.org/x/crypto,v0.53.0,gobinary,CVE-2026-56854,HIGH,https://avd.aquasec.com/nvd/cve-2026-56854,usr/local/bin/kube-scheduler,0.55.0,false,not_affected,vulnerable_code_not_in_execute_path
rancher/hardened-kubernetes:v1.36.4-rke2r1-build20260821,rancher/v2.16-head,golang.org/x/crypto,v0.53.0,gobinary,CVE-2026-56854,HIGH,https://avd.aquasec.com/nvd/cve-2026-56854,usr/local/bin/kubelet,0.55.0,false,not_affected,vulnerable_code_not_in_execute_path
rancher/hardened-kubernetes:v1.36.4-rke2r1-build20260821,rancher/v2.16-head,golang.org/x/crypto,v0.53.0,gobinary,CVE-2026-56855,MEDIUM,https://avd.aquasec.com/nvd/cve-2026-56855,usr/local/bin/kube-apiserver,0.56.0,false,not_affected,vulnerable_code_not_present
rancher/hardened-kubernetes:v1.36.4-rke2r1-build20260821,rancher/v2.16-head,golang.org/x/crypto,v0.53.0,gobinary,CVE-2026-56855,MEDIUM,https://avd.aquasec.com/nvd/cve-2026-56855,usr/local/bin/kube-controller-manager,0.56.0,false,not_affected,vulnerable_code_not_present
rancher/hardened-kubernetes:v1.36.4-rke2r1-build20260821,rancher/v2.16-head,golang.org/x/crypto,v0.53.0,gobinary,CVE-2026-56855,MEDIUM,https://avd.aquasec.com/nvd/cve-2026-56855,usr/local/bin/kube-proxy,0.56.0,false,not_affected,vulnerable_code_not_present
rancher/hardened-kubernetes:v1.36.4-rke2r1-build20260821,rancher/v2.16-head,golang.org/x/crypto,v0.53.0,gobinary,CVE-2026-56855,MEDIUM,https://avd.aquasec.com/nvd/cve-2026-56855,usr/local/bin/kube-scheduler,0.56.0,false,not_affected,vulnerable_code_not_present
rancher/hardened-kubernetes:v1.36.4-rke2r1-build20260821,rancher/v2.16-head,golang.org/x/crypto,v0.53.0,gobinary,CVE-2026-56855,MEDIUM,https://avd.aquasec.com/nvd/cve-2026-56855,usr/local/bin/kubelet,0.56.0,false,not_affected,vulnerable_code_not_present
rancher/hardened-kubernetes:v1.36.4-rke2r1-build20260821,rancher/v2.16-head,golang.org/x/crypto,v0.53.0,gobinary,CVE-2026-78662,MEDIUM,https://avd.aquasec.com/nvd/cve-2026-78662,usr/local/bin/kube-apiserver,0.56.0,false,not_affected,vulnerable_code_not_present
rancher/hardened-kubernetes:v1.36.4-rke2r1-build20260821,rancher/v2.16-head,golang.org/x/crypto,v0.53.0,gobinary,CVE-2026-78662,MEDIUM,https://avd.aquasec.com/nvd/cve-2026-78662,usr/local/bin/kube-controller-manager,0.56.0,false,not_affected,vulnerable_code_not_present
rancher/hardened-kubernetes:v1.36.4-rke2r1-build20260821,rancher/v2.16-head,golang.org/x/crypto,v0.53.0,gobinary,CVE-2026-78662,MEDIUM,https://avd.aquasec.com/nvd/cve-2026-78662,usr/local/bin/kube-proxy,0.56.0,false,not_affected,vulnerable_code_not_present
rancher/hardened-kubernetes:v1.36.4-rke2r1-build20260821,rancher/v2.16-head,golang.org/x/crypto,v0.53.0,gobinary,CVE-2026-78662,MEDIUM,https://avd.aquasec.com/nvd/cve-2026-78662,usr/local/bin/kube-scheduler,0.56.0,false,not_affected,vulnerable_code_not_present
rancher/hardened-kubernetes:v1.36.4-rke2r1-build20260821,rancher/v2.16-head,golang.org/x/crypto,v0.53.0,gobinary,CVE-2026-78662,MEDIUM,https://avd.aquasec.com/nvd/cve-2026-78662,usr/local/bin/kubelet,0.56.0,false,not_affected,vulnerable_code_not_present
rancher/hardened-kubernetes:v1.36.4-rke2r1-build20260821,rancher/v2.16-head,google.golang.org/grpc,v1.82.1,gobinary,CVE-2026-84303,MEDIUM,https://avd.aquasec.com/nvd/cve-2026-84303,usr/local/bin/kube-apiserver,1.83.1,false,not_affected,vulnerable_code_not_present
rancher/hardened-kubernetes:v1.36.4-rke2r1-build20260821,rancher/v2.16-head,google.golang.org/grpc,v1.82.1,gobinary,CVE-2026-84303,MEDIUM,https://avd.aquasec.com/nvd/cve-2026-84303,usr/local/bin/kube-controller-manager,1.83.1,false,not_affected,vulnerable_code_not_present
rancher/hardened-kubernetes:v1.36.4-rke2r1-build20260821,rancher/v2.16-head,google.golang.org/grpc,v1.82.1,gobinary,CVE-2026-84303,MEDIUM,https://avd.aquasec.com/nvd/cve-2026-84303,usr/local/bin/kube-proxy,1.83.1,false,not_affected,vulnerable_code_not_present
rancher/hardened-kubernetes:v1.36.4-rke2r1-build20260821,rancher/v2.16-head,google.golang.org/grpc,v1.82.1,gobinary,CVE-2026-84303,MEDIUM,https://avd.aquasec.com/nvd/cve-2026-84303,usr/local/bin/kube-scheduler,1.83.1,false,not_affected,vulnerable_code_not_present
rancher/hardened-kubernetes:v1.36.4-rke2r1-build20260821,rancher/v2.16-head,google.golang.org/grpc,v1.82.1,gobinary,CVE-2026-84303,MEDIUM,https://avd.aquasec.com/nvd/cve-2026-84303,usr/local/bin/kubelet,1.83.1,false,not_affected,vulnerable_code_not_present
rancher/hardened-kubernetes:v1.36.4-rke2r1-build20260821,rancher/v2.16-head,google.golang.org/grpc,v1.82.1,gobinary,CVE-2026-84304,HIGH,https://avd.aquasec.com/nvd/cve-2026-84304,usr/local/bin/kube-apiserver,1.83.1,false,affected,
rancher/hardened-kubernetes:v1.36.4-rke2r1-build20260821,rancher/v2.16-head,google.golang.org/grpc,v1.82.1,gobinary,CVE-2026-84304,HIGH,https://avd.aquasec.com/nvd/cve-2026-84304,usr/local/bin/kube-controller-manager,1.83.1,false,affected,
rancher/hardened-kubernetes:v1.36.4-rke2r1-build20260821,rancher/v2.16-head,google.golang.org/grpc,v1.82.1,gobinary,CVE-2026-84304,HIGH,https://avd.aquasec.com/nvd/cve-2026-84304,usr/local/bin/kube-proxy,1.83.1,false,affected,
rancher/hardened-kubernetes:v1.36.4-rke2r1-build20260821,rancher/v2.16-head,google.golang.org/grpc,v1.82.1,gobinary,CVE-2026-84304,HIGH,https://avd.aquasec.com/nvd/cve-2026-84304,usr/local/bin/kube-scheduler,1.83.1,false,affected,
rancher/hardened-kubernetes:v1.36.4-rke2r1-build20260821,rancher/v2.16-head,google.golang.org/grpc,v1.82.1,gobinary,CVE-2026-84304,HIGH,https://avd.aquasec.com/nvd/cve-2026-84304,usr/local/bin/kubelet,1.83.1,false,affected,
rancher/hardened-kubernetes:v1.36.4-rke2r1-build20260821,rancher/v2.16-head,google.golang.org/grpc,v1.82.1,gobinary,CVE-2026-84445,HIGH,https://avd.aquasec.com/nvd/cve-2026-84445,usr/local/bin/kube-apiserver,"1.82.2, 1.83.2, 1.85.0-dev.0.20260825072537-93e31b48545e",false,affected,
rancher/hardened-kubernetes:v1.36.4-rke2r1-build20260821,rancher/v2.16-head,google.golang.org/grpc,v1.82.1,gobinary,CVE-2026-84445,HIGH,https://avd.aquasec.com/nvd/cve-2026-84445,usr/local/bin/kube-controller-manager,"1.82.2, 1.83.2, 1.85.0-dev.0.20260825072537-93e31b48545e",false,affected,
rancher/hardened-kubernetes:v1.36.4-rke2r1-build20260821,rancher/v2.16-head,google.golang.org/grpc,v1.82.1,gobinary,CVE-2026-84445,HIGH,https://avd.aquasec.com/nvd/cve-2026-84445,usr/local/bin/kube-proxy,"1.82.2, 1.83.2, 1.85.0-dev.0.20260825072537-93e31b48545e",false,affected,
rancher/hardened-kubernetes:v1.36.4-rke2r1-build20260821,rancher/v2.16-head,google.golang.org/grpc,v1.82.1,gobinary,CVE-2026-84445,HIGH,https://avd.aquasec.com/nvd/cve-2026-84445,usr/local/bin/kube-scheduler,"1.82.2, 1.83.2, 1.85.0-dev.0.20260825072537-93e31b48545e",false,affected,
rancher/hardened-kubernetes:v1.36.4-rke2r1-build20260821,rancher/v2.16-head,google.golang.org/grpc,v1.82.1,gobinary,CVE-2026-84445,HIGH,https://avd.aquasec.com/nvd/cve-2026-84445,usr/local/bin/kubelet,"1.82.2, 1.83.2, 1.85.0-dev.0.20260825072537-93e31b48545e",false,affected,
rancher/hardened-kubernetes:v1.37.0-rke2r1-build20260909,rancher/v2.16-head,golang.org/x/crypto,v0.55.0,gobinary,CVE-2026-56855,MEDIUM,https://avd.aquasec.com/nvd/cve-2026-56855,usr/local/bin/kube-apiserver,0.56.0,false,not_affected,vulnerable_code_not_present
rancher/hardened-kubernetes:v1.37.0-rke2r1-build20260909,rancher/v2.16-head,golang.org/x/crypto,v0.55.0,gobinary,CVE-2026-56855,MEDIUM,https://avd.aquasec.com/nvd/cve-2026-56855,usr/local/bin/kube-controller-manager,0.56.0,false,not_affected,vulnerable_code_not_present
rancher/hardened-kubernetes:v1.37.0-rke2r1-build20260909,rancher/v2.16-head,golang.org/x/crypto,v0.55.0,gobinary,CVE-2026-56855,MEDIUM,https://avd.aquasec.com/nvd/cve-2026-56855,usr/local/bin/kube-proxy,0.56.0,false,not_affected,vulnerable_code_not_present
rancher/hardened-kubernetes:v1.37.0-rke2r1-build20260909,rancher/v2.16-head,golang.org/x/crypto,v0.55.0,gobinary,CVE-2026-56855,MEDIUM,https://avd.aquasec.com/nvd/cve-2026-56855,usr/local/bin/kube-scheduler,0.56.0,false,not_affected,vulnerable_code_not_present
rancher/hardened-kubernetes:v1.37.0-rke2r1-build20260909,rancher/v2.16-head,golang.org/x/crypto,v0.55.0,gobinary,CVE-2026-56855,MEDIUM,https://avd.aquasec.com/nvd/cve-2026-56855,usr/local/bin/kubelet,0.56.0,false,not_affected,vulnerable_code_not_present
rancher/hardened-kubernetes:v1.37.0-rke2r1-build20260909,rancher/v2.16-head,golang.org/x/crypto,v0.55.0,gobinary,CVE-2026-78662,MEDIUM,https://avd.aquasec.com/nvd/cve-2026-78662,usr/local/bin/kube-apiserver,0.56.0,false,not_affected,vulnerable_code_not_present
rancher/hardened-kubernetes:v1.37.0-rke2r1-build20260909,rancher/v2.16-head,golang.org/x/crypto,v0.55.0,gobinary,CVE-2026-78662,MEDIUM,https://avd.aquasec.com/nvd/cve-2026-78662,usr/local/bin/kube-controller-manager,0.56.0,false,not_affected,vulnerable_code_not_present
rancher/hardened-kubernetes:v1.37.0-rke2r1-build20260909,rancher/v2.16-head,golang.org/x/crypto,v0.55.0,gobinary,CVE-2026-78662,MEDIUM,https://avd.aquasec.com/nvd/cve-2026-78662,usr/local/bin/kube-proxy,0.56.0,false,not_affected,vulnerable_code_not_present
rancher/hardened-kubernetes:v1.37.0-rke2r1-build20260909,rancher/v2.16-head,golang.org/x/crypto,v0.55.0,gobinary,CVE-2026-78662,MEDIUM,https://avd.aquasec.com/nvd/cve-2026-78662,usr/local/bin/kube-scheduler,0.56.0,false,not_affected,vulnerable_code_not_present
rancher/hardened-kubernetes:v1.37.0-rke2r1-build20260909,rancher/v2.16-head,golang.org/x/crypto,v0.55.0,gobinary,CVE-2026-78662,MEDIUM,https://avd.aquasec.com/nvd/cve-2026-78662,usr/local/bin/kubelet,0.56.0,false,not_affected,vulnerable_code_not_present
rancher/hardened-multus-thick:v4.3.1-build20260910,rancher/v2.16-head,libpcre2-8-0,10.42-150600.1.26,sles,SUSE-SU-2026:4241-1,HIGH,,rancher/hardened-multus-thick:v4.3.1-build20260910 (sles 15.7),10.42-150600.3.3.1,false,affected,
rancher/hardened-snapshot-controller:v8.6.0-build20260909,rancher/v2.16-head,golang.org/x/crypto,v0.55.0,gobinary,CVE-2026-56855,MEDIUM,https://avd.aquasec.com/nvd/cve-2026-56855,snapshot-controller,0.56.0,false,not_affected,vulnerable_code_not_present
rancher/hardened-snapshot-controller:v8.6.0-build20260909,rancher/v2.16-head,golang.org/x/crypto,v0.55.0,gobinary,CVE-2026-78662,MEDIUM,https://avd.aquasec.com/nvd/cve-2026-78662,snapshot-controller,0.56.0,false,not_affected,vulnerable_code_not_present
rancher/hardened-whereabouts:v0.9.4-build20260819,rancher/v2.16-head,libpcre2-8-0,10.42-150600.1.26,sles,SUSE-SU-2026:4241-1,HIGH,,rancher/hardened-whereabouts:v0.9.4-build20260819 (sles 15.7),10.42-150600.3.3.1,false,affected,
rancher/harvester-cloud-provider:v0.2.8,rancher/v2.16-head,stdlib,v1.26.5,gobinary,CVE-2026-33818,HIGH,https://avd.aquasec.com/nvd/cve-2026-33818,usr/bin/harvester-cloud-provider,"1.25.13, 1.26.6, 1.27.0-rc.3",false,affected,
rancher/harvester-cloud-provider:v0.2.8,rancher/v2.16-head,stdlib,v1.26.5,gobinary,CVE-2026-39821,HIGH,https://avd.aquasec.com/nvd/cve-2026-39821,usr/bin/harvester-cloud-provider,"1.25.13, 1.26.6, 1.27.0-rc.3",false,affected,
rancher/harvester-cloud-provider:v0.2.8,rancher/v2.16-head,stdlib,v1.26.5,gobinary,CVE-2026-56853,HIGH,https://avd.aquasec.com/nvd/cve-2026-56853,usr/bin/harvester-cloud-provider,"1.25.13, 1.26.6, 1.27.0-rc.3",false,affected,
rancher/harvester-cloud-provider:v0.2.8,rancher/v2.16-head,golang.org/x/crypto,v0.53.0,gobinary,CVE-2026-56854,HIGH,https://avd.aquasec.com/nvd/cve-2026-56854,usr/bin/harvester-cloud-provider,0.55.0,false,not_affected,vulnerable_code_not_in_execute_path
rancher/harvester-cloud-provider:v0.2.8,rancher/v2.16-head,golang.org/x/crypto,v0.53.0,gobinary,CVE-2026-56855,MEDIUM,https://avd.aquasec.com/nvd/cve-2026-56855,usr/bin/harvester-cloud-provider,0.56.0,false,not_affected,vulnerable_code_not_in_execute_path
rancher/harvester-cloud-provider:v0.2.8,rancher/v2.16-head,stdlib,v1.26.5,gobinary,CVE-2026-56859,HIGH,https://avd.aquasec.com/nvd/cve-2026-56859,usr/bin/harvester-cloud-provider,"1.25.13, 1.26.6, 1.27.0-rc.3",false,affected,
rancher/harvester-cloud-provider:v0.2.8,rancher/v2.16-head,stdlib,v1.26.5,gobinary,CVE-2026-56862,HIGH,https://avd.aquasec.com/nvd/cve-2026-56862,usr/bin/harvester-cloud-provider,"1.25.13, 1.26.6, 1.27.0-rc.3",false,affected,
rancher/harvester-cloud-provider:v0.2.8,rancher/v2.16-head,golang.org/x/crypto,v0.53.0,gobinary,CVE-2026-78662,MEDIUM,https://avd.aquasec.com/nvd/cve-2026-78662,usr/bin/harvester-cloud-provider,0.56.0,false,not_affected,vulnerable_code_not_in_execute_path
rancher/harvester-cloud-provider:v0.2.8,rancher/v2.16-head,google.golang.org/grpc,v1.82.1,gobinary,CVE-2026-84303,MEDIUM,https://avd.aquasec.com/nvd/cve-2026-84303,usr/bin/harvester-cloud-provider,1.83.1,false,not_affected,vulnerable_code_not_present
rancher/harvester-cloud-provider:v0.2.8,rancher/v2.16-head,google.golang.org/grpc,v1.82.1,gobinary,CVE-2026-84304,HIGH,https://avd.aquasec.com/nvd/cve-2026-84304,usr/bin/harvester-cloud-provider,1.83.1,false,not_affected,vulnerable_code_not_in_execute_path
rancher/harvester-cloud-provider:v0.2.8,rancher/v2.16-head,google.golang.org/grpc,v1.82.1,gobinary,CVE-2026-84445,HIGH,https://avd.aquasec.com/nvd/cve-2026-84445,usr/bin/harvester-cloud-provider,"1.82.2, 1.83.2, 1.85.0-dev.0.20260825072537-93e31b48545e",false,not_affected,vulnerable_code_not_in_execute_path
rancher/harvester-cloud-provider:v0.2.8,rancher/v2.16-head,kubevirt.io/kubevirt,v1.7.4,gobinary,CVE-2026-9804,HIGH,https://avd.aquasec.com/nvd/cve-2026-9804,usr/bin/harvester-cloud-provider,,false,affected,
rancher/harvester-csi-driver:v0.2.9,rancher/v2.16-head,k8s.io/kubernetes,v1.34.1,gobinary,CVE-2025-13281,MEDIUM,https://avd.aquasec.com/nvd/cve-2025-13281,usr/bin/harvester-csi-driver,"1.32.10, 1.33.6, 1.34.2",false,not_affected,vulnerable_code_not_in_execute_path
rancher/harvester-csi-driver:v0.2.9,rancher/v2.16-head,kubevirt.io/kubevirt,v1.7.0,gobinary,CVE-2025-14525,MEDIUM,https://avd.aquasec.com/nvd/cve-2025-14525,usr/bin/harvester-csi-driver,,false,not_affected,vulnerable_code_not_in_execute_path
rancher/harvester-csi-driver:v0.2.9,rancher/v2.16-head,golang.org/x/net,v0.49.0,gobinary,CVE-2026-25680,MEDIUM,https://avd.aquasec.com/nvd/cve-2026-25680,usr/bin/harvester-csi-driver,0.55.0,false,not_affected,vulnerable_code_not_in_execute_path
rancher/harvester-csi-driver:v0.2.9,rancher/v2.16-head,golang.org/x/net,v0.49.0,gobinary,CVE-2026-25681,HIGH,https://avd.aquasec.com/nvd/cve-2026-25681,usr/bin/harvester-csi-driver,0.55.0,false,not_affected,vulnerable_code_not_in_execute_path
rancher/harvester-csi-driver:v0.2.9,rancher/v2.16-head,golang.org/x/net,v0.49.0,gobinary,CVE-2026-27136,HIGH,https://avd.aquasec.com/nvd/cve-2026-27136,usr/bin/harvester-csi-driver,0.55.0,false,not_affected,vulnerable_code_not_in_execute_path
rancher/harvester-csi-driver:v0.2.9,rancher/v2.16-head,stdlib,v1.26.3,gobinary,CVE-2026-27145,HIGH,https://avd.aquasec.com/nvd/cve-2026-27145,usr/bin/harvester-csi-driver,"1.25.11, 1.26.4",false,not_affected,vulnerable_code_not_in_execute_path
rancher/harvester-csi-driver:v0.2.9,rancher/v2.16-head,golang.org/x/net,v0.49.0,gobinary,CVE-2026-33814,HIGH,https://avd.aquasec.com/nvd/cve-2026-33814,usr/bin/harvester-csi-driver,0.53.0,false,affected,
rancher/harvester-csi-driver:v0.2.9,rancher/v2.16-head,stdlib,v1.26.3,gobinary,CVE-2026-33818,HIGH,https://avd.aquasec.com/nvd/cve-2026-33818,usr/bin/harvester-csi-driver,"1.25.13, 1.26.6, 1.27.0-rc.3",false,affected,
rancher/harvester-csi-driver:v0.2.9,rancher/v2.16-head,golang.org/x/net,v0.49.0,gobinary,CVE-2026-39821,HIGH,https://avd.aquasec.com/nvd/cve-2026-39821,usr/bin/harvester-csi-driver,0.55.0,false,affected,
rancher/harvester-csi-driver:v0.2.9,rancher/v2.16-head,stdlib,v1.26.3,gobinary,CVE-2026-39821,HIGH,https://avd.aquasec.com/nvd/cve-2026-39821,usr/bin/harvester-csi-driver,"1.25.13, 1.26.6, 1.27.0-rc.3",false,affected,
rancher/harvester-csi-driver:v0.2.9,rancher/v2.16-head,stdlib,v1.26.3,gobinary,CVE-2026-39822,HIGH,https://avd.aquasec.com/nvd/cve-2026-39822,usr/bin/harvester-csi-driver,"1.25.12, 1.26.5, 1.27.0-rc.2",false,not_affected,vulnerable_code_not_in_execute_path
rancher/harvester-csi-driver:v0.2.9,rancher/v2.16-head,golang.org/x/crypto,v0.47.0,gobinary,CVE-2026-39827,MEDIUM,https://avd.aquasec.com/nvd/cve-2026-39827,usr/bin/harvester-csi-driver,0.52.0,false,not_affected,vulnerable_code_not_in_execute_path
rancher/harvester-csi-driver:v0.2.9,rancher/v2.16-head,golang.org/x/crypto,v0.47.0,gobinary,CVE-2026-39828,HIGH,https://avd.aquasec.com/nvd/cve-2026-39828,usr/bin/harvester-csi-driver,0.52.0,false,not_affected,vulnerable_code_not_in_execute_path
rancher/harvester-csi-driver:v0.2.9,rancher/v2.16-head,golang.org/x/crypto,v0.47.0,gobinary,CVE-2026-39829,HIGH,https://avd.aquasec.com/nvd/cve-2026-39829,usr/bin/harvester-csi-driver,0.52.0,false,not_affected,vulnerable_code_not_in_execute_path
rancher/harvester-csi-driver:v0.2.9,rancher/v2.16-head,golang.org/x/crypto,v0.47.0,gobinary,CVE-2026-39830,HIGH,https://avd.aquasec.com/nvd/cve-2026-39830,usr/bin/harvester-csi-driver,0.52.0,false,not_affected,vulnerable_code_not_in_execute_path
rancher/harvester-csi-driver:v0.2.9,rancher/v2.16-head,golang.org/x/crypto,v0.47.0,gobinary,CVE-2026-39831,HIGH,https://avd.aquasec.com/nvd/cve-2026-39831,usr/bin/harvester-csi-driver,0.52.0,false,not_affected,vulnerable_code_not_in_execute_path
rancher/harvester-csi-driver:v0.2.9,rancher/v2.16-head,golang.org/x/crypto,v0.47.0,gobinary,CVE-2026-39832,HIGH,https://avd.aquasec.com/nvd/cve-2026-39832,usr/bin/harvester-csi-driver,0.52.0,false,not_affected,vulnerable_code_not_present
rancher/harvester-csi-driver:v0.2.9,rancher/v2.16-head,golang.org/x/crypto,v0.47.0,gobinary,CVE-2026-39833,MEDIUM,https://avd.aquasec.com/nvd/cve-2026-39833,usr/bin/harvester-csi-driver,0.52.0,false,not_affected,vulnerable_code_not_present
rancher/harvester-csi-driver:v0.2.9,rancher/v2.16-head,golang.org/x/crypto,v0.47.0,gobinary,CVE-2026-39834,MEDIUM,https://avd.aquasec.com/nvd/cve-2026-39834,usr/bin/harvester-csi-driver,0.52.0,false,not_affected,vulnerable_code_not_in_execute_path
rancher/harvester-csi-driver:v0.2.9,rancher/v2.16-head,golang.org/x/crypto,v0.47.0,gobinary,CVE-2026-39835,HIGH,https://avd.aquasec.com/nvd/cve-2026-39835,usr/bin/harvester-csi-driver,0.52.0,false,not_affected,vulnerable_code_not_in_execute_path
rancher/harvester-csi-driver:v0.2.9,rancher/v2.16-head,golang.org/x/net,v0.49.0,gobinary,CVE-2026-42502,MEDIUM,https://avd.aquasec.com/nvd/cve-2026-42502,usr/bin/harvester-csi-driver,0.55.0,false,not_affected,vulnerable_code_not_in_execute_path
rancher/harvester-csi-driver:v0.2.9,rancher/v2.16-head,stdlib,v1.26.3,gobinary,CVE-2026-42504,HIGH,https://avd.aquasec.com/nvd/cve-2026-42504,usr/bin/harvester-csi-driver,"1.25.11, 1.26.4",false,not_affected,vulnerable_code_not_in_execute_path
rancher/harvester-csi-driver:v0.2.9,rancher/v2.16-head,stdlib,v1.26.3,gobinary,CVE-2026-42505,MEDIUM,https://avd.aquasec.com/nvd/cve-2026-42505,usr/bin/harvester-csi-driver,"1.25.12, 1.26.5, 1.27.0-rc.2",false,not_affected,vulnerable_code_not_in_execute_path
rancher/harvester-csi-driver:v0.2.9,rancher/v2.16-head,golang.org/x/net,v0.49.0,gobinary,CVE-2026-42506,MEDIUM,https://avd.aquasec.com/nvd/cve-2026-42506,usr/bin/harvester-csi-driver,0.55.0,false,not_affected,vulnerable_code_not_in_execute_path
rancher/harvester-csi-driver:v0.2.9,rancher/v2.16-head,stdlib,v1.26.3,gobinary,CVE-2026-42507,MEDIUM,https://avd.aquasec.com/nvd/cve-2026-42507,usr/bin/harvester-csi-driver,"1.25.11, 1.26.4",false,not_affected,vulnerable_code_not_in_execute_path
rancher/harvester-csi-driver:v0.2.9,rancher/v2.16-head,golang.org/x/crypto,v0.47.0,gobinary,CVE-2026-42508,HIGH,https://avd.aquasec.com/nvd/cve-2026-42508,usr/bin/harvester-csi-driver,0.52.0,false,not_affected,vulnerable_code_not_present
rancher/harvester-csi-driver:v0.2.9,rancher/v2.16-head,golang.org/x/crypto,v0.47.0,gobinary,CVE-2026-46595,HIGH,https://avd.aquasec.com/nvd/cve-2026-46595,usr/bin/harvester-csi-driver,0.52.0,false,not_affected,vulnerable_code_not_in_execute_path
rancher/harvester-csi-driver:v0.2.9,rancher/v2.16-head,golang.org/x/crypto,v0.47.0,gobinary,CVE-2026-46597,HIGH,https://avd.aquasec.com/nvd/cve-2026-46597,usr/bin/harvester-csi-driver,0.52.0,false,not_affected,vulnerable_code_not_in_execute_path
rancher/harvester-csi-driver:v0.2.9,rancher/v2.16-head,golang.org/x/crypto,v0.47.0,gobinary,CVE-2026-46598,MEDIUM,https://avd.aquasec.com/nvd/cve-2026-46598,usr/bin/harvester-csi-driver,0.52.0,false,not_affected,vulnerable_code_not_present
rancher/harvester-csi-driver:v0.2.9,rancher/v2.16-head,golang.org/x/net,v0.49.0,gobinary,CVE-2026-46600,HIGH,https://avd.aquasec.com/nvd/cve-2026-46600,usr/bin/harvester-csi-driver,0.56.0,false,not_affected,vulnerable_code_not_present
rancher/harvester-csi-driver:v0.2.9,rancher/v2.16-head,stdlib,v1.26.3,gobinary,CVE-2026-46600,HIGH,https://avd.aquasec.com/nvd/cve-2026-46600,usr/bin/harvester-csi-driver,"1.26.6, 1.27.0-rc.3",false,not_affected,vulnerable_code_not_in_execute_path
rancher/harvester-csi-driver:v0.2.9,rancher/v2.16-head,github.com/kube-logging/logging-operator,v0.0.0-20250424202944-7e1f9aad6e21,gobinary,CVE-2026-54680,CRITICAL,https://avd.aquasec.com/nvd/cve-2026-54680,usr/bin/harvester-csi-driver,0.0.0-20260608145523-cf437d7f1e05,false,not_affected,vulnerable_code_not_in_execute_path
rancher/harvester-csi-driver:v0.2.9,rancher/v2.16-head,stdlib,v1.26.3,gobinary,CVE-2026-56853,HIGH,https://avd.aquasec.com/nvd/cve-2026-56853,usr/bin/harvester-csi-driver,"1.25.13, 1.26.6, 1.27.0-rc.3",false,not_affected,vulnerable_code_not_in_execute_path
rancher/harvester-csi-driver:v0.2.9,rancher/v2.16-head,golang.org/x/crypto,v0.47.0,gobinary,CVE-2026-56854,HIGH,https://avd.aquasec.com/nvd/cve-2026-56854,usr/bin/harvester-csi-driver,0.55.0,false,not_affected,vulnerable_code_not_in_execute_path
rancher/harvester-csi-driver:v0.2.9,rancher/v2.16-head,golang.org/x/crypto,v0.47.0,gobinary,CVE-2026-56855,MEDIUM,https://avd.aquasec.com/nvd/cve-2026-56855,usr/bin/harvester-csi-driver,0.56.0,false,not_affected,vulnerable_code_not_in_execute_path
rancher/harvester-csi-driver:v0.2.9,rancher/v2.16-head,stdlib,v1.26.3,gobinary,CVE-2026-56858,HIGH,https://avd.aquasec.com/nvd/cve-2026-56858,usr/bin/harvester-csi-driver,"1.25.13, 1.26.6, 1.27.0-rc.3",false,not_affected,vulnerable_code_not_in_execute_path
rancher/harvester-csi-driver:v0.2.9,rancher/v2.16-head,stdlib,v1.26.3,gobinary,CVE-2026-56859,HIGH,https://avd.aquasec.com/nvd/cve-2026-56859,usr/bin/harvester-csi-driver,"1.25.13, 1.26.6, 1.27.0-rc.3",false,not_affected,vulnerable_code_not_in_execute_path
rancher/harvester-csi-driver:v0.2.9,rancher/v2.16-head,stdlib,v1.26.3,gobinary,CVE-2026-56862,HIGH,https://avd.aquasec.com/nvd/cve-2026-56862,usr/bin/harvester-csi-driver,"1.25.13, 1.26.6, 1.27.0-rc.3",false,affected,
rancher/harvester-csi-driver:v0.2.9,rancher/v2.16-head,golang.org/x/mod,v0.32.0,gobinary,CVE-2026-56864,HIGH,https://avd.aquasec.com/nvd/cve-2026-56864,usr/bin/harvester-csi-driver,0.40.0,false,not_affected,vulnerable_code_not_present
rancher/harvester-csi-driver:v0.2.9,rancher/v2.16-head,golang.org/x/mod,v0.32.0,gobinary,CVE-2026-56865,HIGH,https://avd.aquasec.com/nvd/cve-2026-56865,usr/bin/harvester-csi-driver,0.40.0,false,not_affected,vulnerable_code_not_present
rancher/harvester-csi-driver:v0.2.9,rancher/v2.16-head,kubevirt.io/kubevirt,v1.7.0,gobinary,CVE-2026-6383,MEDIUM,https://avd.aquasec.com/nvd/cve-2026-6383,usr/bin/harvester-csi-driver,,false,not_affected,vulnerable_code_not_in_execute_path
rancher/harvester-csi-driver:v0.2.9,rancher/v2.16-head,kubevirt.io/kubevirt,v1.7.0,gobinary,CVE-2026-7374,CRITICAL,https://avd.aquasec.com/nvd/cve-2026-7374,usr/bin/harvester-csi-driver,"1.8.3, 1.7.4, 1.6.6",false,not_affected,vulnerable_code_not_in_execute_path
rancher/harvester-csi-driver:v0.2.9,rancher/v2.16-head,golang.org/x/crypto,v0.47.0,gobinary,CVE-2026-78662,MEDIUM,https://avd.aquasec.com/nvd/cve-2026-78662,usr/bin/harvester-csi-driver,0.56.0,false,not_affected,vulnerable_code_not_in_execute_path
rancher/harvester-csi-driver:v0.2.9,rancher/v2.16-head,google.golang.org/grpc,v1.79.3,gobinary,CVE-2026-84303,MEDIUM,https://avd.aquasec.com/nvd/cve-2026-84303,usr/bin/harvester-csi-driver,1.83.1,false,not_affected,vulnerable_code_not_present
rancher/harvester-csi-driver:v0.2.9,rancher/v2.16-head,google.golang.org/grpc,v1.79.3,gobinary,CVE-2026-84304,HIGH,https://avd.aquasec.com/nvd/cve-2026-84304,usr/bin/harvester-csi-driver,1.83.1,false,not_affected,vulnerable_code_not_in_execute_path
rancher/harvester-csi-driver:v0.2.9,rancher/v2.16-head,google.golang.org/grpc,v1.79.3,gobinary,CVE-2026-84445,HIGH,https://avd.aquasec.com/nvd/cve-2026-84445,usr/bin/harvester-csi-driver,"1.82.2, 1.83.2, 1.85.0-dev.0.20260825072537-93e31b48545e",false,not_affected,vulnerable_code_not_in_execute_path
rancher/harvester-csi-driver:v0.2.9,rancher/v2.16-head,kubevirt.io/kubevirt,v1.7.0,gobinary,CVE-2026-9804,HIGH,https://avd.aquasec.com/nvd/cve-2026-9804,usr/bin/harvester-csi-driver,,false,not_affected,vulnerable_code_not_in_execute_path
rancher/harvester-csi-driver:v0.2.9,rancher/v2.16-head,google.golang.org/grpc,v1.79.3,gobinary,GHSA-hrxh-6v49-42gf,HIGH,https://github.com/advisories/GHSA-hrxh-6v49-42gf,usr/bin/harvester-csi-driver,1.82.1,false,not_affected,vulnerable_code_not_in_execute_path
rancher/harvester-csi-driver:v0.2.9,rancher/v2.16-head,libcurl4,8.14.1-160000.5.1,sles,SUSE-SU-2026:22156-1,MEDIUM,,rancher/harvester-csi-driver:v0.2.9 (sles 16.0),8.14.1-160000.6.1,false,not_affected,vulnerable_code_not_in_execute_path
rancher/harvester-csi-driver:v0.2.9,rancher/v2.16-head,libsqlite3-0,3.51.3-160000.1.1,sles,SUSE-SU-2026:22166-1,HIGH,,rancher/harvester-csi-driver:v0.2.9 (sles 16.0),3.53.2-160000.1.1,false,affected,
rancher/harvester-csi-driver:v0.2.9,rancher/v2.16-head,libsolv-tools-base,0.7.36-160000.1.1,sles,SUSE-SU-2026:22172-1,HIGH,,rancher/harvester-csi-driver:v0.2.9 (sles 16.0),0.7.39-160000.1.1,false,not_affected,vulnerable_code_not_in_execute_path
rancher/harvester-csi-driver:v0.2.9,rancher/v2.16-head,libzypp,17.38.5-160000.1.1,sles,SUSE-SU-2026:22172-1,HIGH,,rancher/harvester-csi-driver:v0.2.9 (sles 16.0),17.38.13-160000.1.1,false,not_affected,vulnerable_code_not_in_execute_path
rancher/harvester-csi-driver:v0.2.9,rancher/v2.16-head,zypper,1.14.95-160000.1.1,sles,SUSE-SU-2026:22172-1,HIGH,,rancher/harvester-csi-driver:v0.2.9 (sles 16.0),1.14.98-160000.1.1,false,not_affected,vulnerable_code_not_in_execute_path
rancher/harvester-csi-driver:v0.2.9,rancher/v2.16-head,libncurses6,6.5.20250531-160000.2.2,sles,SUSE-SU-2026:22294-1,MEDIUM,,rancher/harvester-csi-driver:v0.2.9 (sles 16.0),6.5.20250531-160000.3.1,false,not_affected,vulnerable_code_not_in_execute_path
rancher/harvester-csi-driver:v0.2.9,rancher/v2.16-head,ncurses-utils,6.5.20250531-160000.2.2,sles,SUSE-SU-2026:22294-1,MEDIUM,,rancher/harvester-csi-driver:v0.2.9 (sles 16.0),6.5.20250531-160000.3.1,false,not_affected,vulnerable_code_not_in_execute_path
rancher/harvester-csi-driver:v0.2.9,rancher/v2.16-head,terminfo-base,6.5.20250531-160000.2.2,sles,SUSE-SU-2026:22294-1,MEDIUM,,rancher/harvester-csi-driver:v0.2.9 (sles 16.0),6.5.20250531-160000.3.1,false,not_affected,vulnerable_code_not_in_execute_path
rancher/harvester-csi-driver:v0.2.9,rancher/v2.16-head,libopenssl-3-fips-provider,3.5.0-160000.7.1,sles,SUSE-SU-2026:22315-1,HIGH,,rancher/harvester-csi-driver:v0.2.9 (sles 16.0),3.5.0-160000.8.1,false,affected,
rancher/harvester-csi-driver:v0.2.9,rancher/v2.16-head,libopenssl3,3.5.0-160000.7.1,sles,SUSE-SU-2026:22315-1,HIGH,,rancher/harvester-csi-driver:v0.2.9 (sles 16.0),3.5.0-160000.8.1,false,not_affected,vulnerable_code_not_in_execute_path
rancher/harvester-csi-driver:v0.2.9,rancher/v2.16-head,openssl-3,3.5.0-160000.7.1,sles,SUSE-SU-2026:22315-1,HIGH,,rancher/harvester-csi-driver:v0.2.9 (sles 16.0),3.5.0-160000.8.1,false,affected,
rancher/harvester-csi-driver:v0.2.9,rancher/v2.16-head,krb5,1.21.3-160000.2.2,sles,SUSE-SU-2026:22322-1,MEDIUM,,rancher/harvester-csi-driver:v0.2.9 (sles 16.0),1.21.3-160000.3.1,false,not_affected,vulnerable_code_not_in_execute_path
rancher/harvester-csi-driver:v0.2.9,rancher/v2.16-head,libuuid1,2.41.1-160000.3.1,sles,SUSE-SU-2026:22332-1,MEDIUM,,rancher/harvester-csi-driver:v0.2.9 (sles 16.0),2.41.1-160000.4.1,false,not_affected,vulnerable_code_not_in_execute_path
rancher/harvester-csi-driver:v0.2.9,rancher/v2.16-head,tar,1.35-160000.3.1,sles,SUSE-SU-2026:22377-1,HIGH,,rancher/harvester-csi-driver:v0.2.9 (sles 16.0),1.35-160000.4.1,false,not_affected,vulnerable_code_not_in_execute_path
rancher/harvester-csi-driver:v0.2.9,rancher/v2.16-head,curl,8.14.1-160000.5.1,sles,SUSE-SU-2026:22582-1,HIGH,,rancher/harvester-csi-driver:v0.2.9 (sles 16.0),8.14.1-160000.8.1,false,affected,
rancher/harvester-csi-driver:v0.2.9,rancher/v2.16-head,libcurl4,8.14.1-160000.5.1,sles,SUSE-SU-2026:22582-1,HIGH,,rancher/harvester-csi-driver:v0.2.9 (sles 16.0),8.14.1-160000.8.1,false,not_affected,vulnerable_code_not_in_execute_path
rancher/harvester-csi-driver:v0.2.9,rancher/v2.16-head,libnghttp2-14,1.64.0-160000.3.1,sles,SUSE-SU-2026:22630-1,MEDIUM,,rancher/harvester-csi-driver:v0.2.9 (sles 16.0),1.64.0-160000.4.1,false,not_affected,vulnerable_code_not_in_execute_path
rancher/harvester-csi-driver:v0.2.9,rancher/v2.16-head,libxml2-2,2.13.8-160000.4.1,sles,SUSE-SU-2026:22636-1,HIGH,,rancher/harvester-csi-driver:v0.2.9 (sles 16.0),2.13.8-160000.5.1,false,not_affected,vulnerable_code_not_in_execute_path
rancher/harvester-csi-driver:v0.2.9,rancher/v2.16-head,pam,1.7.1-160000.3.1,sles,SUSE-SU-2026:22639-1,MEDIUM,,rancher/harvester-csi-driver:v0.2.9 (sles 16.0),1.7.1-160000.5.1,false,not_affected,vulnerable_code_not_in_execute_path
rancher/harvester-csi-driver:v0.2.9,rancher/v2.16-head,gzip,1.13-160000.2.2,sles,SUSE-SU-2026:22818-1,HIGH,,rancher/harvester-csi-driver:v0.2.9 (sles 16.0),1.13-160000.3.1,false,not_affected,vulnerable_code_not_in_execute_path
rancher/harvester-csi-driver:v0.2.9,rancher/v2.16-head,vim,9.2.0530-160000.1.1,sles,SUSE-SU-2026:22821-1,HIGH,,rancher/harvester-csi-driver:v0.2.9 (sles 16.0),9.2.0780-160000.1.1,false,not_affected,vulnerable_code_not_in_execute_path
rancher/harvester-csi-driver:v0.2.9,rancher/v2.16-head,vim-data-common,9.2.0530-160000.1.1,sles,SUSE-SU-2026:22821-1,HIGH,,rancher/harvester-csi-driver:v0.2.9 (sles 16.0),9.2.0780-160000.1.1,false,not_affected,vulnerable_code_not_in_execute_path
rancher/harvester-csi-driver:v0.2.9,rancher/v2.16-head,xxd,9.2.0530-160000.1.1,sles,SUSE-SU-2026:22821-1,HIGH,,rancher/harvester-csi-driver:v0.2.9 (sles 16.0),9.2.0780-160000.1.1,false,not_affected,vulnerable_code_not_in_execute_path
rancher/harvester-csi-driver:v0.2.9,rancher/v2.16-head,libglib-2_0-0,2.84.4-160000.2.1,sles,SUSE-SU-2026:22846-1,HIGH,,rancher/harvester-csi-driver:v0.2.9 (sles 16.0),2.84.4-160000.4.1,false,not_affected,vulnerable_code_not_in_execute_path
rancher/harvester-csi-driver:v0.2.9,rancher/v2.16-head,perl,5.42.0-160000.2.2,sles,SUSE-SU-2026:22847-1,HIGH,,rancher/harvester-csi-driver:v0.2.9 (sles 16.0),5.42.0-160000.3.1,false,not_affected,vulnerable_code_not_in_execute_path
rancher/harvester-csi-driver:v0.2.9,rancher/v2.16-head,perl-base,5.42.0-160000.2.2,sles,SUSE-SU-2026:22847-1,HIGH,,rancher/harvester-csi-driver:v0.2.9 (sles 16.0),5.42.0-160000.3.1,false,not_affected,vulnerable_code_not_in_execute_path
rancher/harvester-csi-driver:v0.2.9,rancher/v2.16-head,libssh-config,0.11.4-160000.1.1,sles,SUSE-SU-2026:22948-1,MEDIUM,,rancher/harvester-csi-driver:v0.2.9 (sles 16.0),0.11.5-160000.1.1,false,not_affected,vulnerable_code_not_in_execute_path
rancher/harvester-csi-driver:v0.2.9,rancher/v2.16-head,libssh4,0.11.4-160000.1.1,sles,SUSE-SU-2026:22948-1,MEDIUM,,rancher/harvester-csi-driver:v0.2.9 (sles 16.0),0.11.5-160000.1.1,false,not_affected,vulnerable_code_not_in_execute_path
rancher/harvester-csi-driver:v0.2.9,rancher/v2.16-head,libssh-config,0.11.4-160000.1.1,sles,SUSE-SU-2026:22956-1,MEDIUM,,rancher/harvester-csi-driver:v0.2.9 (sles 16.0),0.11.5-160000.1.1,false,not_affected,vulnerable_code_not_in_execute_path
rancher/harvester-csi-driver:v0.2.9,rancher/v2.16-head,libssh4,0.11.4-160000.1.1,sles,SUSE-SU-2026:22956-1,MEDIUM,,rancher/harvester-csi-driver:v0.2.9 (sles 16.0),0.11.5-160000.1.1,false,not_affected,vulnerable_code_not_in_execute_path
rancher/harvester-csi-driver:v0.2.9,rancher/v2.16-head,libpython3_13-1_0,3.13.13-160000.1.1,sles,SUSE-SU-2026:23303-1,HIGH,,rancher/harvester-csi-driver:v0.2.9 (sles 16.0),3.13.14-160000.2.1,false,affected,
rancher/harvester-csi-driver:v0.2.9,rancher/v2.16-head,python313-base,3.13.13-160000.1.1,sles,SUSE-SU-2026:23303-1,HIGH,,rancher/harvester-csi-driver:v0.2.9 (sles 16.0),3.13.14-160000.2.1,false,not_affected,vulnerable_code_not_in_execute_path
rancher/k3s-upgrade:v1.35.8-k3s1,rancher/v2.16-head,jq,1.8.1-r0,alpine,CVE-2026-32316,HIGH,https://avd.aquasec.com/nvd/cve-2026-32316,rancher/k3s-upgrade:v1.35.8-k3s1 (alpine 3.23.5),1.8.2-r0,false,affected,
rancher/k3s-upgrade:v1.35.8-k3s1,rancher/v2.16-head,google.golang.org/grpc,v1.72.2,gobinary,CVE-2026-33186,CRITICAL,https://avd.aquasec.com/nvd/cve-2026-33186,opt/k3s,1.79.3,false,not_affected,vulnerable_code_not_present
rancher/k3s-upgrade:v1.35.8-k3s1,rancher/v2.16-head,jq,1.8.1-r0,alpine,CVE-2026-40164,HIGH,https://avd.aquasec.com/nvd/cve-2026-40164,rancher/k3s-upgrade:v1.35.8-k3s1 (alpine 3.23.5),1.8.2-r0,false,affected,
rancher/k3s-upgrade:v1.35.8-k3s1,rancher/v2.16-head,google.golang.org/grpc,v1.72.2,gobinary,CVE-2026-84303,MEDIUM,https://avd.aquasec.com/nvd/cve-2026-84303,opt/k3s,1.83.1,false,not_affected,vulnerable_code_not_present
rancher/k3s-upgrade:v1.35.8-k3s1,rancher/v2.16-head,google.golang.org/grpc,v1.72.2,gobinary,CVE-2026-84304,HIGH,https://avd.aquasec.com/nvd/cve-2026-84304,opt/k3s,1.83.1,false,affected,
rancher/k3s-upgrade:v1.35.8-k3s1,rancher/v2.16-head,google.golang.org/grpc,v1.72.2,gobinary,CVE-2026-84445,HIGH,https://avd.aquasec.com/nvd/cve-2026-84445,opt/k3s,"1.82.2, 1.83.2, 1.85.0-dev.0.20260825072537-93e31b48545e",false,affected,
rancher/k3s-upgrade:v1.35.8-k3s1,rancher/v2.16-head,google.golang.org/grpc,v1.72.2,gobinary,GHSA-hrxh-6v49-42gf,HIGH,https://github.com/advisories/GHSA-hrxh-6v49-42gf,opt/k3s,1.82.1,false,affected,
rancher/k3s-upgrade:v1.36.4-k3s1,rancher/v2.16-head,jq,1.8.1-r0,alpine,CVE-2026-32316,HIGH,https://avd.aquasec.com/nvd/cve-2026-32316,rancher/k3s-upgrade:v1.36.4-k3s1 (alpine 3.23.5),1.8.2-r0,false,affected,
rancher/k3s-upgrade:v1.36.4-k3s1,rancher/v2.16-head,jq,1.8.1-r0,alpine,CVE-2026-40164,HIGH,https://avd.aquasec.com/nvd/cve-2026-40164,rancher/k3s-upgrade:v1.36.4-k3s1 (alpine 3.23.5),1.8.2-r0,false,affected,
rancher/k3s-upgrade:v1.36.4-k3s1,rancher/v2.16-head,google.golang.org/grpc,v1.79.3,gobinary,CVE-2026-84303,MEDIUM,https://avd.aquasec.com/nvd/cve-2026-84303,opt/k3s,1.83.1,false,not_affected,vulnerable_code_not_present
rancher/k3s-upgrade:v1.36.4-k3s1,rancher/v2.16-head,google.golang.org/grpc,v1.79.3,gobinary,CVE-2026-84304,HIGH,https://avd.aquasec.com/nvd/cve-2026-84304,opt/k3s,1.83.1,false,affected,
rancher/k3s-upgrade:v1.36.4-k3s1,rancher/v2.16-head,google.golang.org/grpc,v1.79.3,gobinary,CVE-2026-84445,HIGH,https://avd.aquasec.com/nvd/cve-2026-84445,opt/k3s,"1.82.2, 1.83.2, 1.85.0-dev.0.20260825072537-93e31b48545e",false,affected,
rancher/k3s-upgrade:v1.36.4-k3s1,rancher/v2.16-head,google.golang.org/grpc,v1.79.3,gobinary,GHSA-hrxh-6v49-42gf,HIGH,https://github.com/advisories/GHSA-hrxh-6v49-42gf,opt/k3s,1.82.1,false,affected,
rancher/klipper-helm:v0.13.3-build20260727,rancher/v2.16-head,jq,1.8.1-r0,alpine,CVE-2026-32316,HIGH,https://avd.aquasec.com/nvd/cve-2026-32316,rancher/klipper-helm:v0.13.3-build20260727 (alpine 3.24.1),1.8.2-r0,false,affected,
rancher/klipper-helm:v0.13.3-build20260727,rancher/v2.16-head,stdlib,v1.26.5,gobinary,CVE-2026-33818,HIGH,https://avd.aquasec.com/nvd/cve-2026-33818,home/klipper-helm/.local/share/helm/plugins/helm-mapkubeapis/bin/mapkubeapis,"1.25.13, 1.26.6, 1.27.0-rc.3",false,affected,
rancher/klipper-helm:v0.13.3-build20260727,rancher/v2.16-head,stdlib,v1.26.5,gobinary,CVE-2026-33818,HIGH,https://avd.aquasec.com/nvd/cve-2026-33818,home/klipper-helm/.local/share/helm/plugins/helm-set-status/helm-set-status,"1.25.13, 1.26.6, 1.27.0-rc.3",false,affected,
rancher/klipper-helm:v0.13.3-build20260727,rancher/v2.16-head,stdlib,v1.26.5,gobinary,CVE-2026-33818,HIGH,https://avd.aquasec.com/nvd/cve-2026-33818,usr/bin/helm,"1.25.13, 1.26.6, 1.27.0-rc.3",false,affected,
rancher/klipper-helm:v0.13.3-build20260727,rancher/v2.16-head,stdlib,v1.26.5,gobinary,CVE-2026-39821,HIGH,https://avd.aquasec.com/nvd/cve-2026-39821,home/klipper-helm/.local/share/helm/plugins/helm-mapkubeapis/bin/mapkubeapis,"1.25.13, 1.26.6, 1.27.0-rc.3",false,affected,
rancher/klipper-helm:v0.13.3-build20260727,rancher/v2.16-head,stdlib,v1.26.5,gobinary,CVE-2026-39821,HIGH,https://avd.aquasec.com/nvd/cve-2026-39821,home/klipper-helm/.local/share/helm/plugins/helm-set-status/helm-set-status,"1.25.13, 1.26.6, 1.27.0-rc.3",false,affected,
rancher/klipper-helm:v0.13.3-build20260727,rancher/v2.16-head,stdlib,v1.26.5,gobinary,CVE-2026-39821,HIGH,https://avd.aquasec.com/nvd/cve-2026-39821,usr/bin/helm,"1.25.13, 1.26.6, 1.27.0-rc.3",false,affected,
rancher/klipper-helm:v0.13.3-build20260727,rancher/v2.16-head,golang.org/x/crypto,v0.51.0,gobinary,CVE-2026-39827,MEDIUM,https://avd.aquasec.com/nvd/cve-2026-39827,home/klipper-helm/.local/share/helm/plugins/helm-mapkubeapis/bin/mapkubeapis,0.52.0,false,not_affected,vulnerable_code_not_present
rancher/klipper-helm:v0.13.3-build20260727,rancher/v2.16-head,golang.org/x/crypto,v0.51.0,gobinary,CVE-2026-39828,HIGH,https://avd.aquasec.com/nvd/cve-2026-39828,home/klipper-helm/.local/share/helm/plugins/helm-mapkubeapis/bin/mapkubeapis,0.52.0,false,not_affected,vulnerable_code_not_present
rancher/klipper-helm:v0.13.3-build20260727,rancher/v2.16-head,golang.org/x/crypto,v0.51.0,gobinary,CVE-2026-39828,HIGH,https://avd.aquasec.com/nvd/cve-2026-39828,home/klipper-helm/.local/share/helm/plugins/helm-set-status/helm-set-status,0.52.0,false,not_affected,vulnerable_code_not_present
rancher/klipper-helm:v0.13.3-build20260727,rancher/v2.16-head,golang.org/x/crypto,v0.51.0,gobinary,CVE-2026-39828,HIGH,https://avd.aquasec.com/nvd/cve-2026-39828,usr/bin/helm,0.52.0,false,not_affected,vulnerable_code_not_present
rancher/klipper-helm:v0.13.3-build20260727,rancher/v2.16-head,golang.org/x/crypto,v0.51.0,gobinary,CVE-2026-39829,HIGH,https://avd.aquasec.com/nvd/cve-2026-39829,home/klipper-helm/.local/share/helm/plugins/helm-mapkubeapis/bin/mapkubeapis,0.52.0,false,not_affected,vulnerable_code_not_present
rancher/klipper-helm:v0.13.3-build20260727,rancher/v2.16-head,golang.org/x/crypto,v0.51.0,gobinary,CVE-2026-39829,HIGH,https://avd.aquasec.com/nvd/cve-2026-39829,home/klipper-helm/.local/share/helm/plugins/helm-set-status/helm-set-status,0.52.0,false,not_affected,vulnerable_code_not_present
rancher/klipper-helm:v0.13.3-build20260727,rancher/v2.16-head,golang.org/x/crypto,v0.51.0,gobinary,CVE-2026-39829,HIGH,https://avd.aquasec.com/nvd/cve-2026-39829,usr/bin/helm,0.52.0,false,not_affected,vulnerable_code_not_present
rancher/klipper-helm:v0.13.3-build20260727,rancher/v2.16-head,golang.org/x/crypto,v0.51.0,gobinary,CVE-2026-39830,HIGH,https://avd.aquasec.com/nvd/cve-2026-39830,home/klipper-helm/.local/share/helm/plugins/helm-mapkubeapis/bin/mapkubeapis,0.52.0,false,not_affected,vulnerable_code_not_present
rancher/klipper-helm:v0.13.3-build20260727,rancher/v2.16-head,golang.org/x/crypto,v0.51.0,gobinary,CVE-2026-39830,HIGH,https://avd.aquasec.com/nvd/cve-2026-39830,home/klipper-helm/.local/share/helm/plugins/helm-set-status/helm-set-status,0.52.0,false,not_affected,vulnerable_code_not_present
rancher/klipper-helm:v0.13.3-build20260727,rancher/v2.16-head,golang.org/x/crypto,v0.51.0,gobinary,CVE-2026-39830,HIGH,https://avd.aquasec.com/nvd/cve-2026-39830,usr/bin/helm,0.52.0,false,not_affected,vulnerable_code_not_present
rancher/klipper-helm:v0.13.3-build20260727,rancher/v2.16-head,golang.org/x/crypto,v0.51.0,gobinary,CVE-2026-39831,HIGH,https://avd.aquasec.com/nvd/cve-2026-39831,home/klipper-helm/.local/share/helm/plugins/helm-mapkubeapis/bin/mapkubeapis,0.52.0,false,not_affected,vulnerable_code_not_present
rancher/klipper-helm:v0.13.3-build20260727,rancher/v2.16-head,golang.org/x/crypto,v0.51.0,gobinary,CVE-2026-39831,HIGH,https://avd.aquasec.com/nvd/cve-2026-39831,home/klipper-helm/.local/share/helm/plugins/helm-set-status/helm-set-status,0.52.0,false,not_affected,vulnerable_code_not_present
rancher/klipper-helm:v0.13.3-build20260727,rancher/v2.16-head,golang.org/x/crypto,v0.51.0,gobinary,CVE-2026-39831,HIGH,https://avd.aquasec.com/nvd/cve-2026-39831,usr/bin/helm,0.52.0,false,not_affected,vulnerable_code_not_present
rancher/klipper-helm:v0.13.3-build20260727,rancher/v2.16-head,golang.org/x/crypto,v0.51.0,gobinary,CVE-2026-39832,HIGH,https://avd.aquasec.com/nvd/cve-2026-39832,home/klipper-helm/.local/share/helm/plugins/helm-mapkubeapis/bin/mapkubeapis,0.52.0,false,not_affected,vulnerable_code_not_present
rancher/klipper-helm:v0.13.3-build20260727,rancher/v2.16-head,golang.org/x/crypto,v0.51.0,gobinary,CVE-2026-39832,HIGH,https://avd.aquasec.com/nvd/cve-2026-39832,home/klipper-helm/.local/share/helm/plugins/helm-set-status/helm-set-status,0.52.0,false,not_affected,vulnerable_code_not_present
rancher/klipper-helm:v0.13.3-build20260727,rancher/v2.16-head,golang.org/x/crypto,v0.51.0,gobinary,CVE-2026-39832,HIGH,https://avd.aquasec.com/nvd/cve-2026-39832,usr/bin/helm,0.52.0,false,not_affected,vulnerable_code_not_present
rancher/klipper-helm:v0.13.3-build20260727,rancher/v2.16-head,golang.org/x/crypto,v0.51.0,gobinary,CVE-2026-39833,MEDIUM,https://avd.aquasec.com/nvd/cve-2026-39833,home/klipper-helm/.local/share/helm/plugins/helm-mapkubeapis/bin/mapkubeapis,0.52.0,false,not_affected,vulnerable_code_not_present
rancher/klipper-helm:v0.13.3-build20260727,rancher/v2.16-head,golang.org/x/crypto,v0.51.0,gobinary,CVE-2026-39833,MEDIUM,https://avd.aquasec.com/nvd/cve-2026-39833,home/klipper-helm/.local/share/helm/plugins/helm-set-status/helm-set-status,0.52.0,false,not_affected,vulnerable_code_not_present
rancher/klipper-helm:v0.13.3-build20260727,rancher/v2.16-head,golang.org/x/crypto,v0.51.0,gobinary,CVE-2026-39833,MEDIUM,https://avd.aquasec.com/nvd/cve-2026-39833,usr/bin/helm,0.52.0,false,not_affected,vulnerable_code_not_present
rancher/klipper-helm:v0.13.3-build20260727,rancher/v2.16-head,golang.org/x/crypto,v0.51.0,gobinary,CVE-2026-39834,MEDIUM,https://avd.aquasec.com/nvd/cve-2026-39834,home/klipper-helm/.local/share/helm/plugins/helm-mapkubeapis/bin/mapkubeapis,0.52.0,false,not_affected,vulnerable_code_not_present
rancher/klipper-helm:v0.13.3-build20260727,rancher/v2.16-head,golang.org/x/crypto,v0.51.0,gobinary,CVE-2026-39834,MEDIUM,https://avd.aquasec.com/nvd/cve-2026-39834,home/klipper-helm/.local/share/helm/plugins/helm-set-status/helm-set-status,0.52.0,false,not_affected,vulnerable_code_not_present
rancher/klipper-helm:v0.13.3-build20260727,rancher/v2.16-head,golang.org/x/crypto,v0.51.0,gobinary,CVE-2026-39834,MEDIUM,https://avd.aquasec.com/nvd/cve-2026-39834,usr/bin/helm,0.52.0,false,not_affected,vulnerable_code_not_present
rancher/klipper-helm:v0.13.3-build20260727,rancher/v2.16-head,golang.org/x/crypto,v0.51.0,gobinary,CVE-2026-39835,HIGH,https://avd.aquasec.com/nvd/cve-2026-39835,home/klipper-helm/.local/share/helm/plugins/helm-mapkubeapis/bin/mapkubeapis,0.52.0,false,not_affected,vulnerable_code_not_present
rancher/klipper-helm:v0.13.3-build20260727,rancher/v2.16-head,golang.org/x/crypto,v0.51.0,gobinary,CVE-2026-39835,HIGH,https://avd.aquasec.com/nvd/cve-2026-39835,home/klipper-helm/.local/share/helm/plugins/helm-set-status/helm-set-status,0.52.0,false,not_affected,vulnerable_code_not_present
rancher/klipper-helm:v0.13.3-build20260727,rancher/v2.16-head,golang.org/x/crypto,v0.51.0,gobinary,CVE-2026-39835,HIGH,https://avd.aquasec.com/nvd/cve-2026-39835,usr/bin/helm,0.52.0,false,not_affected,vulnerable_code_not_present
rancher/klipper-helm:v0.13.3-build20260727,rancher/v2.16-head,jq,1.8.1-r0,alpine,CVE-2026-40164,HIGH,https://avd.aquasec.com/nvd/cve-2026-40164,rancher/klipper-helm:v0.13.3-build20260727 (alpine 3.24.1),1.8.2-r0,false,affected,
rancher/klipper-helm:v0.13.3-build20260727,rancher/v2.16-head,golang.org/x/crypto,v0.51.0,gobinary,CVE-2026-42508,HIGH,https://avd.aquasec.com/nvd/cve-2026-42508,home/klipper-helm/.local/share/helm/plugins/helm-mapkubeapis/bin/mapkubeapis,0.52.0,false,not_affected,vulnerable_code_not_present
rancher/klipper-helm:v0.13.3-build20260727,rancher/v2.16-head,golang.org/x/crypto,v0.51.0,gobinary,CVE-2026-42508,HIGH,https://avd.aquasec.com/nvd/cve-2026-42508,home/klipper-helm/.local/share/helm/plugins/helm-set-status/helm-set-status,0.52.0,false,not_affected,vulnerable_code_not_present
rancher/klipper-helm:v0.13.3-build20260727,rancher/v2.16-head,golang.org/x/crypto,v0.51.0,gobinary,CVE-2026-42508,HIGH,https://avd.aquasec.com/nvd/cve-2026-42508,usr/bin/helm,0.52.0,false,not_affected,vulnerable_code_not_present
rancher/klipper-helm:v0.13.3-build20260727,rancher/v2.16-head,golang.org/x/crypto,v0.51.0,gobinary,CVE-2026-46595,HIGH,https://avd.aquasec.com/nvd/cve-2026-46595,home/klipper-helm/.local/share/helm/plugins/helm-mapkubeapis/bin/mapkubeapis,0.52.0,false,not_affected,vulnerable_code_not_present
rancher/klipper-helm:v0.13.3-build20260727,rancher/v2.16-head,golang.org/x/crypto,v0.51.0,gobinary,CVE-2026-46595,HIGH,https://avd.aquasec.com/nvd/cve-2026-46595,home/klipper-helm/.local/share/helm/plugins/helm-set-status/helm-set-status,0.52.0,false,not_affected,vulnerable_code_not_present
rancher/klipper-helm:v0.13.3-build20260727,rancher/v2.16-head,golang.org/x/crypto,v0.51.0,gobinary,CVE-2026-46595,HIGH,https://avd.aquasec.com/nvd/cve-2026-46595,usr/bin/helm,0.52.0,false,not_affected,vulnerable_code_not_present
rancher/klipper-helm:v0.13.3-build20260727,rancher/v2.16-head,golang.org/x/crypto,v0.51.0,gobinary,CVE-2026-46597,HIGH,https://avd.aquasec.com/nvd/cve-2026-46597,home/klipper-helm/.local/share/helm/plugins/helm-mapkubeapis/bin/mapkubeapis,0.52.0,false,not_affected,vulnerable_code_not_present
rancher/klipper-helm:v0.13.3-build20260727,rancher/v2.16-head,golang.org/x/crypto,v0.51.0,gobinary,CVE-2026-46597,HIGH,https://avd.aquasec.com/nvd/cve-2026-46597,home/klipper-helm/.local/share/helm/plugins/helm-set-status/helm-set-status,0.52.0,false,not_affected,vulnerable_code_not_present
rancher/klipper-helm:v0.13.3-build20260727,rancher/v2.16-head,golang.org/x/crypto,v0.51.0,gobinary,CVE-2026-46597,HIGH,https://avd.aquasec.com/nvd/cve-2026-46597,usr/bin/helm,0.52.0,false,not_affected,vulnerable_code_not_present
rancher/klipper-helm:v0.13.3-build20260727,rancher/v2.16-head,golang.org/x/crypto,v0.51.0,gobinary,CVE-2026-46598,MEDIUM,https://avd.aquasec.com/nvd/cve-2026-46598,home/klipper-helm/.local/share/helm/plugins/helm-mapkubeapis/bin/mapkubeapis,0.52.0,false,not_affected,vulnerable_code_not_present
rancher/klipper-helm:v0.13.3-build20260727,rancher/v2.16-head,golang.org/x/crypto,v0.51.0,gobinary,CVE-2026-46598,MEDIUM,https://avd.aquasec.com/nvd/cve-2026-46598,home/klipper-helm/.local/share/helm/plugins/helm-set-status/helm-set-status,0.52.0,false,not_affected,vulnerable_code_not_present
rancher/klipper-helm:v0.13.3-build20260727,rancher/v2.16-head,golang.org/x/crypto,v0.51.0,gobinary,CVE-2026-46598,MEDIUM,https://avd.aquasec.com/nvd/cve-2026-46598,usr/bin/helm,0.52.0,false,not_affected,vulnerable_code_not_present
rancher/klipper-helm:v0.13.3-build20260727,rancher/v2.16-head,golang.org/x/net,v0.55.0,gobinary,CVE-2026-46600,HIGH,https://avd.aquasec.com/nvd/cve-2026-46600,home/klipper-helm/.local/share/helm/plugins/helm-mapkubeapis/bin/mapkubeapis,0.56.0,false,not_affected,vulnerable_code_not_present
rancher/klipper-helm:v0.13.3-build20260727,rancher/v2.16-head,stdlib,v1.26.5,gobinary,CVE-2026-46600,HIGH,https://avd.aquasec.com/nvd/cve-2026-46600,home/klipper-helm/.local/share/helm/plugins/helm-set-status/helm-set-status,"1.26.6, 1.27.0-rc.3",false,not_affected,vulnerable_code_not_in_execute_path
rancher/klipper-helm:v0.13.3-build20260727,rancher/v2.16-head,stdlib,v1.26.5,gobinary,CVE-2026-46600,HIGH,https://avd.aquasec.com/nvd/cve-2026-46600,usr/bin/helm,"1.26.6, 1.27.0-rc.3",false,not_affected,vulnerable_code_not_in_execute_path
rancher/klipper-helm:v0.13.3-build20260727,rancher/v2.16-head,oras.land/oras-go/v2,v2.6.0,gobinary,CVE-2026-50151,HIGH,https://avd.aquasec.com/nvd/cve-2026-50151,home/klipper-helm/.local/share/helm/plugins/helm-mapkubeapis/bin/mapkubeapis,2.6.1,false,not_affected,vulnerable_code_not_in_execute_path
rancher/klipper-helm:v0.13.3-build20260727,rancher/v2.16-head,oras.land/oras-go/v2,v2.6.0,gobinary,CVE-2026-50151,HIGH,https://avd.aquasec.com/nvd/cve-2026-50151,home/klipper-helm/.local/share/helm/plugins/helm-set-status/helm-set-status,2.6.1,false,not_affected,vulnerable_code_not_in_execute_path
rancher/klipper-helm:v0.13.3-build20260727,rancher/v2.16-head,oras.land/oras-go/v2,v2.6.0,gobinary,CVE-2026-50151,HIGH,https://avd.aquasec.com/nvd/cve-2026-50151,usr/bin/helm,2.6.1,false,not_affected,vulnerable_code_not_in_execute_path
rancher/klipper-helm:v0.13.3-build20260727,rancher/v2.16-head,oras.land/oras-go/v2,v2.6.0,gobinary,CVE-2026-50162,MEDIUM,https://avd.aquasec.com/nvd/cve-2026-50162,home/klipper-helm/.local/share/helm/plugins/helm-mapkubeapis/bin/mapkubeapis,2.6.1,false,not_affected,vulnerable_code_not_present
rancher/klipper-helm:v0.13.3-build20260727,rancher/v2.16-head,oras.land/oras-go/v2,v2.6.0,gobinary,CVE-2026-50162,MEDIUM,https://avd.aquasec.com/nvd/cve-2026-50162,home/klipper-helm/.local/share/helm/plugins/helm-set-status/helm-set-status,2.6.1,false,not_affected,vulnerable_code_not_present
rancher/klipper-helm:v0.13.3-build20260727,rancher/v2.16-head,oras.land/oras-go/v2,v2.6.0,gobinary,CVE-2026-50162,MEDIUM,https://avd.aquasec.com/nvd/cve-2026-50162,usr/bin/helm,2.6.1,false,not_affected,vulnerable_code_not_present
rancher/klipper-helm:v0.13.3-build20260727,rancher/v2.16-head,oras.land/oras-go/v2,v2.6.0,gobinary,CVE-2026-50163,HIGH,https://avd.aquasec.com/nvd/cve-2026-50163,home/klipper-helm/.local/share/helm/plugins/helm-mapkubeapis/bin/mapkubeapis,2.6.2,false,not_affected,vulnerable_code_not_present
rancher/klipper-helm:v0.13.3-build20260727,rancher/v2.16-head,oras.land/oras-go/v2,v2.6.0,gobinary,CVE-2026-50163,HIGH,https://avd.aquasec.com/nvd/cve-2026-50163,home/klipper-helm/.local/share/helm/plugins/helm-set-status/helm-set-status,2.6.2,false,not_affected,vulnerable_code_not_present
rancher/klipper-helm:v0.13.3-build20260727,rancher/v2.16-head,oras.land/oras-go/v2,v2.6.0,gobinary,CVE-2026-50163,HIGH,https://avd.aquasec.com/nvd/cve-2026-50163,usr/bin/helm,2.6.2,false,not_affected,vulnerable_code_not_present
rancher/klipper-helm:v0.13.3-build20260727,rancher/v2.16-head,golang.org/x/text,v0.37.0,gobinary,CVE-2026-56852,HIGH,https://avd.aquasec.com/nvd/cve-2026-56852,home/klipper-helm/.local/share/helm/plugins/helm-mapkubeapis/bin/mapkubeapis,0.39.0,false,not_affected,vulnerable_code_not_in_execute_path
rancher/klipper-helm:v0.13.3-build20260727,rancher/v2.16-head,stdlib,v1.26.5,gobinary,CVE-2026-56853,HIGH,https://avd.aquasec.com/nvd/cve-2026-56853,home/klipper-helm/.local/share/helm/plugins/helm-mapkubeapis/bin/mapkubeapis,"1.25.13, 1.26.6, 1.27.0-rc.3",false,not_affected,vulnerable_code_not_in_execute_path
rancher/klipper-helm:v0.13.3-build20260727,rancher/v2.16-head,stdlib,v1.26.5,gobinary,CVE-2026-56853,HIGH,https://avd.aquasec.com/nvd/cve-2026-56853,home/klipper-helm/.local/share/helm/plugins/helm-set-status/helm-set-status,"1.25.13, 1.26.6, 1.27.0-rc.3",false,not_affected,vulnerable_code_not_in_execute_path
rancher/klipper-helm:v0.13.3-build20260727,rancher/v2.16-head,stdlib,v1.26.5,gobinary,CVE-2026-56853,HIGH,https://avd.aquasec.com/nvd/cve-2026-56853,usr/bin/helm,"1.25.13, 1.26.6, 1.27.0-rc.3",false,affected,
rancher/klipper-helm:v0.13.3-build20260727,rancher/v2.16-head,golang.org/x/crypto,v0.51.0,gobinary,CVE-2026-56854,HIGH,https://avd.aquasec.com/nvd/cve-2026-56854,home/klipper-helm/.local/share/helm/plugins/helm-mapkubeapis/bin/mapkubeapis,0.55.0,false,not_affected,vulnerable_code_not_present
rancher/klipper-helm:v0.13.3-build20260727,rancher/v2.16-head,golang.org/x/crypto,v0.51.0,gobinary,CVE-2026-56854,HIGH,https://avd.aquasec.com/nvd/cve-2026-56854,home/klipper-helm/.local/share/helm/plugins/helm-set-status/helm-set-status,0.55.0,false,not_affected,vulnerable_code_not_present
rancher/klipper-helm:v0.13.3-build20260727,rancher/v2.16-head,golang.org/x/crypto,v0.51.0,gobinary,CVE-2026-56854,HIGH,https://avd.aquasec.com/nvd/cve-2026-56854,usr/bin/helm,0.55.0,false,not_affected,vulnerable_code_not_present
rancher/klipper-helm:v0.13.3-build20260727,rancher/v2.16-head,golang.org/x/crypto,v0.51.0,gobinary,CVE-2026-56855,MEDIUM,https://avd.aquasec.com/nvd/cve-2026-56855,home/klipper-helm/.local/share/helm/plugins/helm-mapkubeapis/bin/mapkubeapis,0.56.0,false,not_affected,vulnerable_code_not_present
rancher/klipper-helm:v0.13.3-build20260727,rancher/v2.16-head,golang.org/x/crypto,v0.51.0,gobinary,CVE-2026-56855,MEDIUM,https://avd.aquasec.com/nvd/cve-2026-56855,home/klipper-helm/.local/share/helm/plugins/helm-set-status/helm-set-status,0.56.0,false,not_affected,vulnerable_code_not_present
rancher/klipper-helm:v0.13.3-build20260727,rancher/v2.16-head,golang.org/x/crypto,v0.51.0,gobinary,CVE-2026-56855,MEDIUM,https://avd.aquasec.com/nvd/cve-2026-56855,usr/bin/helm,0.56.0,false,not_affected,vulnerable_code_not_present
rancher/klipper-helm:v0.13.3-build20260727,rancher/v2.16-head,stdlib,v1.26.5,gobinary,CVE-2026-56858,HIGH,https://avd.aquasec.com/nvd/cve-2026-56858,home/klipper-helm/.local/share/helm/plugins/helm-mapkubeapis/bin/mapkubeapis,"1.25.13, 1.26.6, 1.27.0-rc.3",false,not_affected,vulnerable_code_not_in_execute_path
rancher/klipper-helm:v0.13.3-build20260727,rancher/v2.16-head,stdlib,v1.26.5,gobinary,CVE-2026-56858,HIGH,https://avd.aquasec.com/nvd/cve-2026-56858,home/klipper-helm/.local/share/helm/plugins/helm-set-status/helm-set-status,"1.25.13, 1.26.6, 1.27.0-rc.3",false,not_affected,vulnerable_code_not_in_execute_path
rancher/klipper-helm:v0.13.3-build20260727,rancher/v2.16-head,stdlib,v1.26.5,gobinary,CVE-2026-56859,HIGH,https://avd.aquasec.com/nvd/cve-2026-56859,home/klipper-helm/.local/share/helm/plugins/helm-mapkubeapis/bin/mapkubeapis,"1.25.13, 1.26.6, 1.27.0-rc.3",false,affected,
rancher/klipper-helm:v0.13.3-build20260727,rancher/v2.16-head,stdlib,v1.26.5,gobinary,CVE-2026-56859,HIGH,https://avd.aquasec.com/nvd/cve-2026-56859,home/klipper-helm/.local/share/helm/plugins/helm-set-status/helm-set-status,"1.25.13, 1.26.6, 1.27.0-rc.3",false,not_affected,vulnerable_code_not_in_execute_path
rancher/klipper-helm:v0.13.3-build20260727,rancher/v2.16-head,stdlib,v1.26.5,gobinary,CVE-2026-56859,HIGH,https://avd.aquasec.com/nvd/cve-2026-56859,usr/bin/helm,"1.25.13, 1.26.6, 1.27.0-rc.3",false,affected,
rancher/klipper-helm:v0.13.3-build20260727,rancher/v2.16-head,stdlib,v1.26.5,gobinary,CVE-2026-56862,HIGH,https://avd.aquasec.com/nvd/cve-2026-56862,home/klipper-helm/.local/share/helm/plugins/helm-mapkubeapis/bin/mapkubeapis,"1.25.13, 1.26.6, 1.27.0-rc.3",false,affected,
rancher/klipper-helm:v0.13.3-build20260727,rancher/v2.16-head,stdlib,v1.26.5,gobinary,CVE-2026-56862,HIGH,https://avd.aquasec.com/nvd/cve-2026-56862,home/klipper-helm/.local/share/helm/plugins/helm-set-status/helm-set-status,"1.25.13, 1.26.6, 1.27.0-rc.3",false,affected,
rancher/klipper-helm:v0.13.3-build20260727,rancher/v2.16-head,stdlib,v1.26.5,gobinary,CVE-2026-56862,HIGH,https://avd.aquasec.com/nvd/cve-2026-56862,usr/bin/helm,"1.25.13, 1.26.6, 1.27.0-rc.3",false,affected,
rancher/klipper-helm:v0.13.3-build20260727,rancher/v2.16-head,golang.org/x/mod,v0.35.0,gobinary,CVE-2026-56864,HIGH,https://avd.aquasec.com/nvd/cve-2026-56864,home/klipper-helm/.local/share/helm/plugins/helm-mapkubeapis/bin/mapkubeapis,0.40.0,false,not_affected,vulnerable_code_not_present
rancher/klipper-helm:v0.13.3-build20260727,rancher/v2.16-head,golang.org/x/mod,v0.35.0,gobinary,CVE-2026-56865,HIGH,https://avd.aquasec.com/nvd/cve-2026-56865,home/klipper-helm/.local/share/helm/plugins/helm-mapkubeapis/bin/mapkubeapis,0.40.0,false,not_affected,vulnerable_code_not_present
rancher/klipper-helm:v0.13.3-build20260727,rancher/v2.16-head,golang.org/x/crypto,v0.51.0,gobinary,CVE-2026-78662,MEDIUM,https://avd.aquasec.com/nvd/cve-2026-78662,home/klipper-helm/.local/share/helm/plugins/helm-mapkubeapis/bin/mapkubeapis,0.56.0,false,not_affected,vulnerable_code_not_present
rancher/klipper-helm:v0.13.3-build20260727,rancher/v2.16-head,golang.org/x/crypto,v0.51.0,gobinary,CVE-2026-78662,MEDIUM,https://avd.aquasec.com/nvd/cve-2026-78662,home/klipper-helm/.local/share/helm/plugins/helm-set-status/helm-set-status,0.56.0,false,not_affected,vulnerable_code_not_present
rancher/klipper-helm:v0.13.3-build20260727,rancher/v2.16-head,golang.org/x/crypto,v0.51.0,gobinary,CVE-2026-78662,MEDIUM,https://avd.aquasec.com/nvd/cve-2026-78662,usr/bin/helm,0.56.0,false,not_affected,vulnerable_code_not_present
rancher/klipper-helm:v0.13.3-build20260727,rancher/v2.16-head,oras.land/oras-go/v2,v2.6.0,gobinary,CVE-2026-85731,HIGH,https://avd.aquasec.com/nvd/cve-2026-85731,home/klipper-helm/.local/share/helm/plugins/helm-mapkubeapis/bin/mapkubeapis,2.6.2,false,affected,
rancher/klipper-helm:v0.13.3-build20260727,rancher/v2.16-head,oras.land/oras-go/v2,v2.6.0,gobinary,CVE-2026-85731,HIGH,https://avd.aquasec.com/nvd/cve-2026-85731,home/klipper-helm/.local/share/helm/plugins/helm-set-status/helm-set-status,2.6.2,false,affected,
rancher/klipper-helm:v0.13.3-build20260727,rancher/v2.16-head,oras.land/oras-go/v2,v2.6.0,gobinary,CVE-2026-85731,HIGH,https://avd.aquasec.com/nvd/cve-2026-85731,usr/bin/helm,2.6.2,false,affected,
rancher/klipper-helm:v0.13.3-build20260727,rancher/v2.16-head,oras.land/oras-go/v2,v2.6.0,gobinary,GHSA-vh4v-2xq2-g5cg,MEDIUM,https://github.com/advisories/GHSA-vh4v-2xq2-g5cg,home/klipper-helm/.local/share/helm/plugins/helm-mapkubeapis/bin/mapkubeapis,2.6.1,false,not_affected,vulnerable_code_not_in_execute_path
rancher/klipper-helm:v0.13.3-build20260727,rancher/v2.16-head,oras.land/oras-go/v2,v2.6.0,gobinary,GHSA-vh4v-2xq2-g5cg,MEDIUM,https://github.com/advisories/GHSA-vh4v-2xq2-g5cg,home/klipper-helm/.local/share/helm/plugins/helm-set-status/helm-set-status,2.6.1,false,not_affected,vulnerable_code_not_in_execute_path
rancher/klipper-helm:v0.13.3-build20260727,rancher/v2.16-head,oras.land/oras-go/v2,v2.6.0,gobinary,GHSA-vh4v-2xq2-g5cg,MEDIUM,https://github.com/advisories/GHSA-vh4v-2xq2-g5cg,usr/bin/helm,2.6.1,false,not_affected,vulnerable_code_not_in_execute_path
rancher/kube-api-auth:v0.16.0-rc.1,rancher/v2.16-head,libacl1,2.2.52-4.3.1,sles,SUSE-SU-2026:4176-1,HIGH,,rancher/kube-api-auth:v0.16.0-rc.1 (sles 15.7),2.4.0-150000.4.6.1,false,affected,
rancher/kube-api-auth:v0.16.0-rc.1,rancher/v2.16-head,libattr1,2.4.47-2.19,sles,SUSE-SU-2026:4176-1,HIGH,,rancher/kube-api-auth:v0.16.0-rc.1 (sles 15.7),2.6.0-150000.4.3.1,false,affected,
rancher/kube-api-auth:v0.16.0-rc.1,rancher/v2.16-head,libpcre2-8-0,10.42-150600.1.26,sles,SUSE-SU-2026:4241-1,HIGH,,rancher/kube-api-auth:v0.16.0-rc.1 (sles 15.7),10.42-150600.3.3.1,false,affected,
rancher/kube-webhook-certgen:v1.14.5-hardened2,rancher/v2.16-head,golang.org/x/net,v0.52.0,gobinary,CVE-2026-25680,HIGH,https://avd.aquasec.com/nvd/cve-2026-25680,kube-webhook-certgen,0.55.0,false,affected,severity_changed_due_to_suse_cvss_score
rancher/kube-webhook-certgen:v1.14.5-hardened2,rancher/v2.16-head,stdlib,v1.26.2,gobinary,CVE-2026-33811,HIGH,https://avd.aquasec.com/nvd/cve-2026-33811,kube-webhook-certgen,"1.25.10, 1.26.3",false,affected,
rancher/kube-webhook-certgen:v1.14.5-hardened2,rancher/v2.16-head,golang.org/x/net,v0.52.0,gobinary,CVE-2026-33814,HIGH,https://avd.aquasec.com/nvd/cve-2026-33814,kube-webhook-certgen,0.53.0,false,affected,
rancher/kube-webhook-certgen:v1.14.5-hardened2,rancher/v2.16-head,stdlib,v1.26.2,gobinary,CVE-2026-33814,HIGH,https://avd.aquasec.com/nvd/cve-2026-33814,kube-webhook-certgen,"1.25.10, 1.26.3",false,affected,
rancher/kube-webhook-certgen:v1.14.5-hardened2,rancher/v2.16-head,stdlib,v1.26.2,gobinary,CVE-2026-33818,HIGH,https://avd.aquasec.com/nvd/cve-2026-33818,kube-webhook-certgen,"1.25.13, 1.26.6, 1.27.0-rc.3",false,affected,
rancher/kube-webhook-certgen:v1.14.5-hardened2,rancher/v2.16-head,stdlib,v1.26.2,gobinary,CVE-2026-39820,HIGH,https://avd.aquasec.com/nvd/cve-2026-39820,kube-webhook-certgen,"1.25.10, 1.26.3",false,affected,
rancher/kube-webhook-certgen:v1.14.5-hardened2,rancher/v2.16-head,golang.org/x/net,v0.52.0,gobinary,CVE-2026-39821,HIGH,https://avd.aquasec.com/nvd/cve-2026-39821,kube-webhook-certgen,0.55.0,false,affected,
rancher/kube-webhook-certgen:v1.14.5-hardened2,rancher/v2.16-head,stdlib,v1.26.2,gobinary,CVE-2026-39821,HIGH,https://avd.aquasec.com/nvd/cve-2026-39821,kube-webhook-certgen,"1.25.13, 1.26.6, 1.27.0-rc.3",false,affected,
rancher/kube-webhook-certgen:v1.14.5-hardened2,rancher/v2.16-head,stdlib,v1.26.2,gobinary,CVE-2026-39822,HIGH,https://avd.aquasec.com/nvd/cve-2026-39822,kube-webhook-certgen,"1.25.12, 1.26.5, 1.27.0-rc.2",false,affected,
rancher/kube-webhook-certgen:v1.14.5-hardened2,rancher/v2.16-head,stdlib,v1.26.2,gobinary,CVE-2026-39836,HIGH,https://avd.aquasec.com/nvd/cve-2026-39836,kube-webhook-certgen,"1.25.10, 1.26.3",false,affected,
rancher/kube-webhook-certgen:v1.14.5-hardened2,rancher/v2.16-head,stdlib,v1.26.2,gobinary,CVE-2026-42499,HIGH,https://avd.aquasec.com/nvd/cve-2026-42499,kube-webhook-certgen,"1.25.10, 1.26.3",false,affected,
rancher/kube-webhook-certgen:v1.14.5-hardened2,rancher/v2.16-head,stdlib,v1.26.2,gobinary,CVE-2026-56853,HIGH,https://avd.aquasec.com/nvd/cve-2026-56853,kube-webhook-certgen,"1.25.13, 1.26.6, 1.27.0-rc.3",false,affected,
rancher/kube-webhook-certgen:v1.14.5-hardened2,rancher/v2.16-head,stdlib,v1.26.2,gobinary,CVE-2026-56859,HIGH,https://avd.aquasec.com/nvd/cve-2026-56859,kube-webhook-certgen,"1.25.13, 1.26.6, 1.27.0-rc.3",false,affected,
rancher/kube-webhook-certgen:v1.14.5-hardened2,rancher/v2.16-head,stdlib,v1.26.2,gobinary,CVE-2026-56862,HIGH,https://avd.aquasec.com/nvd/cve-2026-56862,kube-webhook-certgen,"1.25.13, 1.26.6, 1.27.0-rc.3",false,affected,
rancher/local-path-provisioner:v0.0.37,rancher/v2.16-head,stdlib,v1.26.5,gobinary,CVE-2026-33818,HIGH,https://avd.aquasec.com/nvd/cve-2026-33818,usr/bin/local-path-provisioner,"1.25.13, 1.26.6, 1.27.0-rc.3",false,affected,
rancher/local-path-provisioner:v0.0.37,rancher/v2.16-head,stdlib,v1.26.5,gobinary,CVE-2026-39821,HIGH,https://avd.aquasec.com/nvd/cve-2026-39821,usr/bin/local-path-provisioner,"1.25.13, 1.26.6, 1.27.0-rc.3",false,affected,
rancher/local-path-provisioner:v0.0.37,rancher/v2.16-head,stdlib,v1.26.5,gobinary,CVE-2026-46600,HIGH,https://avd.aquasec.com/nvd/cve-2026-46600,usr/bin/local-path-provisioner,"1.26.6, 1.27.0-rc.3",false,not_affected,vulnerable_code_not_in_execute_path
rancher/local-path-provisioner:v0.0.37,rancher/v2.16-head,stdlib,v1.26.5,gobinary,CVE-2026-56853,HIGH,https://avd.aquasec.com/nvd/cve-2026-56853,usr/bin/local-path-provisioner,"1.25.13, 1.26.6, 1.27.0-rc.3",false,affected,
rancher/local-path-provisioner:v0.0.37,rancher/v2.16-head,stdlib,v1.26.5,gobinary,CVE-2026-56858,HIGH,https://avd.aquasec.com/nvd/cve-2026-56858,usr/bin/local-path-provisioner,"1.25.13, 1.26.6, 1.27.0-rc.3",false,not_affected,vulnerable_code_not_present
rancher/local-path-provisioner:v0.0.37,rancher/v2.16-head,stdlib,v1.26.5,gobinary,CVE-2026-56859,HIGH,https://avd.aquasec.com/nvd/cve-2026-56859,usr/bin/local-path-provisioner,"1.25.13, 1.26.6, 1.27.0-rc.3",false,not_affected,vulnerable_code_not_in_execute_path
rancher/local-path-provisioner:v0.0.37,rancher/v2.16-head,stdlib,v1.26.5,gobinary,CVE-2026-56862,HIGH,https://avd.aquasec.com/nvd/cve-2026-56862,usr/bin/local-path-provisioner,"1.25.13, 1.26.6, 1.27.0-rc.3",false,affected,
rancher/machine:v0.15.0-rancher146-rc.4,rancher/v2.16-head,libpcre2-8-0,10.42-150600.1.26,sles,SUSE-SU-2026:4241-1,HIGH,,rancher/machine:v0.15.0-rancher146-rc.4 (sles 15.7),10.42-150600.3.3.1,false,affected,
rancher/mirrored-bci-micro:16.0-15.11,rancher/v2.16-head,libncurses6,6.5.20250531-160000.2.2,sles,SUSE-SU-2026:22294-1,MEDIUM,,rancher/mirrored-bci-micro:16.0-15.11 (sles 16.0),6.5.20250531-160000.3.1,true,not_affected,vulnerable_code_not_in_execute_path
rancher/mirrored-bci-micro:16.0-15.11,rancher/v2.16-head,terminfo-base,6.5.20250531-160000.2.2,sles,SUSE-SU-2026:22294-1,MEDIUM,,rancher/mirrored-bci-micro:16.0-15.11 (sles 16.0),6.5.20250531-160000.3.1,true,not_affected,vulnerable_code_not_in_execute_path
rancher/mirrored-calico-apiserver:v3.32.2,rancher/v2.16-head,golang.org/x/crypto,v0.55.0,gobinary,CVE-2026-56855,MEDIUM,https://avd.aquasec.com/nvd/cve-2026-56855,code/apiserver,0.56.0,true,not_affected,vulnerable_code_not_present
rancher/mirrored-calico-apiserver:v3.32.2,rancher/v2.16-head,golang.org/x/crypto,v0.55.0,gobinary,CVE-2026-78662,MEDIUM,https://avd.aquasec.com/nvd/cve-2026-78662,code/apiserver,0.56.0,true,not_affected,vulnerable_code_not_present
rancher/mirrored-calico-apiserver:v3.32.2,rancher/v2.16-head,google.golang.org/grpc,v1.82.1,gobinary,CVE-2026-84303,MEDIUM,https://avd.aquasec.com/nvd/cve-2026-84303,code/apiserver,1.83.1,true,not_affected,vulnerable_code_not_present
rancher/mirrored-calico-apiserver:v3.32.2,rancher/v2.16-head,google.golang.org/grpc,v1.82.1,gobinary,CVE-2026-84304,HIGH,https://avd.aquasec.com/nvd/cve-2026-84304,code/apiserver,1.83.1,true,affected,
rancher/mirrored-calico-apiserver:v3.32.2,rancher/v2.16-head,google.golang.org/grpc,v1.82.1,gobinary,CVE-2026-84445,HIGH,https://avd.aquasec.com/nvd/cve-2026-84445,code/apiserver,"1.82.2, 1.83.2, 1.85.0-dev.0.20260825072537-93e31b48545e",true,affected,
rancher/mirrored-calico-cni:v3.32.2,rancher/v2.16-head,golang.org/x/crypto,v0.55.0,gobinary,CVE-2026-56855,MEDIUM,https://avd.aquasec.com/nvd/cve-2026-56855,opt/cni/bin/calico,0.56.0,true,not_affected,vulnerable_code_not_present
rancher/mirrored-calico-cni:v3.32.2,rancher/v2.16-head,golang.org/x/crypto,v0.55.0,gobinary,CVE-2026-78662,MEDIUM,https://avd.aquasec.com/nvd/cve-2026-78662,opt/cni/bin/calico,0.56.0,true,not_affected,vulnerable_code_not_present
rancher/mirrored-calico-cni:v3.32.2,rancher/v2.16-head,google.golang.org/grpc,v1.82.1,gobinary,CVE-2026-84303,MEDIUM,https://avd.aquasec.com/nvd/cve-2026-84303,opt/cni/bin/calico,1.83.1,true,not_affected,vulnerable_code_not_present
rancher/mirrored-calico-cni:v3.32.2,rancher/v2.16-head,google.golang.org/grpc,v1.82.1,gobinary,CVE-2026-84304,HIGH,https://avd.aquasec.com/nvd/cve-2026-84304,opt/cni/bin/calico,1.83.1,true,affected,
rancher/mirrored-calico-cni:v3.32.2,rancher/v2.16-head,google.golang.org/grpc,v1.82.1,gobinary,CVE-2026-84445,HIGH,https://avd.aquasec.com/nvd/cve-2026-84445,opt/cni/bin/calico,"1.82.2, 1.83.2, 1.85.0-dev.0.20260825072537-93e31b48545e",true,affected,
rancher/mirrored-calico-csi:v3.32.2,rancher/v2.16-head,google.golang.org/grpc,v1.82.1,gobinary,CVE-2026-84303,CRITICAL,https://avd.aquasec.com/nvd/cve-2026-84303,usr/bin/csi-driver,1.83.1,true,affected,severity_changed_due_to_suse_cvss_score
rancher/mirrored-calico-csi:v3.32.2,rancher/v2.16-head,google.golang.org/grpc,v1.82.1,gobinary,CVE-2026-84304,HIGH,https://avd.aquasec.com/nvd/cve-2026-84304,usr/bin/csi-driver,1.83.1,true,affected,
rancher/mirrored-calico-csi:v3.32.2,rancher/v2.16-head,google.golang.org/grpc,v1.82.1,gobinary,CVE-2026-84445,HIGH,https://avd.aquasec.com/nvd/cve-2026-84445,usr/bin/csi-driver,"1.82.2, 1.83.2, 1.85.0-dev.0.20260825072537-93e31b48545e",true,affected,
rancher/mirrored-calico-ctl:v3.32.2,rancher/v2.16-head,golang.org/x/crypto,v0.55.0,gobinary,CVE-2026-56855,HIGH,https://avd.aquasec.com/nvd/cve-2026-56855,usr/bin/calicoctl,0.56.0,true,affected,severity_changed_due_to_suse_cvss_score
rancher/mirrored-calico-ctl:v3.32.2,rancher/v2.16-head,golang.org/x/crypto,v0.55.0,gobinary,CVE-2026-78662,HIGH,https://avd.aquasec.com/nvd/cve-2026-78662,usr/bin/calicoctl,0.56.0,true,affected,severity_changed_due_to_suse_cvss_score
rancher/mirrored-calico-ctl:v3.32.2,rancher/v2.16-head,google.golang.org/grpc,v1.82.1,gobinary,CVE-2026-84303,CRITICAL,https://avd.aquasec.com/nvd/cve-2026-84303,usr/bin/calicoctl,1.83.1,true,affected,severity_changed_due_to_suse_cvss_score
rancher/mirrored-calico-ctl:v3.32.2,rancher/v2.16-head,google.golang.org/grpc,v1.82.1,gobinary,CVE-2026-84304,HIGH,https://avd.aquasec.com/nvd/cve-2026-84304,usr/bin/calicoctl,1.83.1,true,affected,
rancher/mirrored-calico-ctl:v3.32.2,rancher/v2.16-head,google.golang.org/grpc,v1.82.1,gobinary,CVE-2026-84445,HIGH,https://avd.aquasec.com/nvd/cve-2026-84445,usr/bin/calicoctl,"1.82.2, 1.83.2, 1.85.0-dev.0.20260825072537-93e31b48545e",true,affected,
rancher/mirrored-calico-envoy-gateway:v3.32.2,rancher/v2.16-head,golang.org/x/crypto,v0.54.0,gobinary,CVE-2026-56854,HIGH,https://avd.aquasec.com/nvd/cve-2026-56854,usr/local/bin/envoy-gateway,0.55.0,true,affected,
rancher/mirrored-calico-envoy-gateway:v3.32.2,rancher/v2.16-head,golang.org/x/crypto,v0.54.0,gobinary,CVE-2026-56855,HIGH,https://avd.aquasec.com/nvd/cve-2026-56855,usr/local/bin/envoy-gateway,0.56.0,true,affected,severity_changed_due_to_suse_cvss_score
rancher/mirrored-calico-envoy-gateway:v3.32.2,rancher/v2.16-head,golang.org/x/crypto,v0.54.0,gobinary,CVE-2026-78662,HIGH,https://avd.aquasec.com/nvd/cve-2026-78662,usr/local/bin/envoy-gateway,0.56.0,true,affected,severity_changed_due_to_suse_cvss_score
rancher/mirrored-calico-envoy-gateway:v3.32.2,rancher/v2.16-head,google.golang.org/grpc,v1.82.1,gobinary,CVE-2026-84303,CRITICAL,https://avd.aquasec.com/nvd/cve-2026-84303,usr/local/bin/envoy-gateway,1.83.1,true,affected,severity_changed_due_to_suse_cvss_score
rancher/mirrored-calico-envoy-gateway:v3.32.2,rancher/v2.16-head,google.golang.org/grpc,v1.82.1,gobinary,CVE-2026-84304,HIGH,https://avd.aquasec.com/nvd/cve-2026-84304,usr/local/bin/envoy-gateway,1.83.1,true,affected,
rancher/mirrored-calico-envoy-gateway:v3.32.2,rancher/v2.16-head,google.golang.org/grpc,v1.82.1,gobinary,CVE-2026-84445,HIGH,https://avd.aquasec.com/nvd/cve-2026-84445,usr/local/bin/envoy-gateway,"1.82.2, 1.83.2, 1.85.0-dev.0.20260825072537-93e31b48545e",true,affected,
rancher/mirrored-calico-envoy-ratelimit:v3.32.2,rancher/v2.16-head,google.golang.org/grpc,v1.82.1,gobinary,CVE-2026-84303,CRITICAL,https://avd.aquasec.com/nvd/cve-2026-84303,bin/ratelimit,1.83.1,true,affected,severity_changed_due_to_suse_cvss_score
rancher/mirrored-calico-envoy-ratelimit:v3.32.2,rancher/v2.16-head,google.golang.org/grpc,v1.82.1,gobinary,CVE-2026-84304,HIGH,https://avd.aquasec.com/nvd/cve-2026-84304,bin/ratelimit,1.83.1,true,affected,
rancher/mirrored-calico-envoy-ratelimit:v3.32.2,rancher/v2.16-head,google.golang.org/grpc,v1.82.1,gobinary,CVE-2026-84445,HIGH,https://avd.aquasec.com/nvd/cve-2026-84445,bin/ratelimit,"1.82.2, 1.83.2, 1.85.0-dev.0.20260825072537-93e31b48545e",true,affected,
rancher/mirrored-calico-goldmane:v3.32.2,rancher/v2.16-head,google.golang.org/grpc,v1.82.1,gobinary,CVE-2026-84303,MEDIUM,https://avd.aquasec.com/nvd/cve-2026-84303,goldmane,1.83.1,true,not_affected,vulnerable_code_not_present
rancher/mirrored-calico-goldmane:v3.32.2,rancher/v2.16-head,google.golang.org/grpc,v1.82.1,gobinary,CVE-2026-84303,MEDIUM,https://avd.aquasec.com/nvd/cve-2026-84303,health,1.83.1,true,not_affected,vulnerable_code_not_present
rancher/mirrored-calico-goldmane:v3.32.2,rancher/v2.16-head,google.golang.org/grpc,v1.82.1,gobinary,CVE-2026-84304,HIGH,https://avd.aquasec.com/nvd/cve-2026-84304,goldmane,1.83.1,true,affected,
rancher/mirrored-calico-goldmane:v3.32.2,rancher/v2.16-head,google.golang.org/grpc,v1.82.1,gobinary,CVE-2026-84304,HIGH,https://avd.aquasec.com/nvd/cve-2026-84304,health,1.83.1,true,affected,
rancher/mirrored-calico-goldmane:v3.32.2,rancher/v2.16-head,google.golang.org/grpc,v1.82.1,gobinary,CVE-2026-84445,HIGH,https://avd.aquasec.com/nvd/cve-2026-84445,goldmane,"1.82.2, 1.83.2, 1.85.0-dev.0.20260825072537-93e31b48545e",true,affected,
rancher/mirrored-calico-goldmane:v3.32.2,rancher/v2.16-head,google.golang.org/grpc,v1.82.1,gobinary,CVE-2026-84445,HIGH,https://avd.aquasec.com/nvd/cve-2026-84445,health,"1.82.2, 1.83.2, 1.85.0-dev.0.20260825072537-93e31b48545e",true,affected,
rancher/mirrored-calico-kube-controllers:v3.32.2,rancher/v2.16-head,golang.org/x/crypto,v0.55.0,gobinary,CVE-2026-56855,MEDIUM,https://avd.aquasec.com/nvd/cve-2026-56855,usr/bin/kube-controllers,0.56.0,true,not_affected,vulnerable_code_not_present
rancher/mirrored-calico-kube-controllers:v3.32.2,rancher/v2.16-head,golang.org/x/crypto,v0.55.0,gobinary,CVE-2026-78662,MEDIUM,https://avd.aquasec.com/nvd/cve-2026-78662,usr/bin/kube-controllers,0.56.0,true,not_affected,vulnerable_code_not_present
rancher/mirrored-calico-kube-controllers:v3.32.2,rancher/v2.16-head,google.golang.org/grpc,v1.82.1,gobinary,CVE-2026-84303,MEDIUM,https://avd.aquasec.com/nvd/cve-2026-84303,usr/bin/kube-controllers,1.83.1,true,not_affected,vulnerable_code_not_present
rancher/mirrored-calico-kube-controllers:v3.32.2,rancher/v2.16-head,google.golang.org/grpc,v1.82.1,gobinary,CVE-2026-84304,HIGH,https://avd.aquasec.com/nvd/cve-2026-84304,usr/bin/kube-controllers,1.83.1,true,affected,
rancher/mirrored-calico-kube-controllers:v3.32.2,rancher/v2.16-head,google.golang.org/grpc,v1.82.1,gobinary,CVE-2026-84445,HIGH,https://avd.aquasec.com/nvd/cve-2026-84445,usr/bin/kube-controllers,"1.82.2, 1.83.2, 1.85.0-dev.0.20260825072537-93e31b48545e",true,affected,
rancher/mirrored-calico-node-driver-registrar:v3.32.2,rancher/v2.16-head,google.golang.org/grpc,v1.82.1,gobinary,CVE-2026-84303,CRITICAL,https://avd.aquasec.com/nvd/cve-2026-84303,usr/bin/node-driver-registrar,1.83.1,true,affected,severity_changed_due_to_suse_cvss_score
rancher/mirrored-calico-node-driver-registrar:v3.32.2,rancher/v2.16-head,google.golang.org/grpc,v1.82.1,gobinary,CVE-2026-84304,HIGH,https://avd.aquasec.com/nvd/cve-2026-84304,usr/bin/node-driver-registrar,1.83.1,true,affected,
rancher/mirrored-calico-node-driver-registrar:v3.32.2,rancher/v2.16-head,google.golang.org/grpc,v1.82.1,gobinary,CVE-2026-84445,HIGH,https://avd.aquasec.com/nvd/cve-2026-84445,usr/bin/node-driver-registrar,"1.82.2, 1.83.2, 1.85.0-dev.0.20260825072537-93e31b48545e",true,affected,
rancher/mirrored-calico-node:v3.32.2,rancher/v2.16-head,openssl-libs,1:3.5.5-6.el9_8,redhat,CVE-2026-14456,HIGH,https://avd.aquasec.com/nvd/cve-2026-14456,rancher/mirrored-calico-node:v3.32.2 (redhat 9.8),1:3.5.8-1.el9_8,true,affected,
rancher/mirrored-calico-node:v3.32.2,rancher/v2.16-head,golang.org/x/crypto,v0.55.0,gobinary,CVE-2026-56855,HIGH,https://avd.aquasec.com/nvd/cve-2026-56855,usr/bin/calico-node,0.56.0,true,affected,severity_changed_due_to_suse_cvss_score
rancher/mirrored-calico-node:v3.32.2,rancher/v2.16-head,golang.org/x/crypto,v0.55.0,gobinary,CVE-2026-78662,HIGH,https://avd.aquasec.com/nvd/cve-2026-78662,usr/bin/calico-node,0.56.0,true,affected,severity_changed_due_to_suse_cvss_score
rancher/mirrored-calico-node:v3.32.2,rancher/v2.16-head,google.golang.org/grpc,v1.82.1,gobinary,CVE-2026-84303,CRITICAL,https://avd.aquasec.com/nvd/cve-2026-84303,usr/bin/calico-node,1.83.1,true,affected,severity_changed_due_to_suse_cvss_score
rancher/mirrored-calico-node:v3.32.2,rancher/v2.16-head,google.golang.org/grpc,v1.82.1,gobinary,CVE-2026-84304,HIGH,https://avd.aquasec.com/nvd/cve-2026-84304,usr/bin/calico-node,1.83.1,true,affected,
rancher/mirrored-calico-node:v3.32.2,rancher/v2.16-head,google.golang.org/grpc,v1.82.1,gobinary,CVE-2026-84445,HIGH,https://avd.aquasec.com/nvd/cve-2026-84445,usr/bin/calico-node,"1.82.2, 1.83.2, 1.85.0-dev.0.20260825072537-93e31b48545e",true,affected,
rancher/mirrored-calico-operator:v1.42.6,rancher/v2.16-head,golang.org/x/crypto,v0.55.0,gobinary,CVE-2026-56855,HIGH,https://avd.aquasec.com/nvd/cve-2026-56855,usr/bin/operator,0.56.0,true,affected,severity_changed_due_to_suse_cvss_score
rancher/mirrored-calico-operator:v1.42.6,rancher/v2.16-head,golang.org/x/crypto,v0.55.0,gobinary,CVE-2026-78662,HIGH,https://avd.aquasec.com/nvd/cve-2026-78662,usr/bin/operator,0.56.0,true,affected,severity_changed_due_to_suse_cvss_score
rancher/mirrored-calico-typha:v3.32.2,rancher/v2.16-head,golang.org/x/crypto,v0.55.0,gobinary,CVE-2026-56855,MEDIUM,https://avd.aquasec.com/nvd/cve-2026-56855,usr/bin/calico-typha,0.56.0,true,not_affected,vulnerable_code_not_present
rancher/mirrored-calico-typha:v3.32.2,rancher/v2.16-head,golang.org/x/crypto,v0.55.0,gobinary,CVE-2026-78662,MEDIUM,https://avd.aquasec.com/nvd/cve-2026-78662,usr/bin/calico-typha,0.56.0,true,not_affected,vulnerable_code_not_present
rancher/mirrored-calico-typha:v3.32.2,rancher/v2.16-head,google.golang.org/grpc,v1.82.1,gobinary,CVE-2026-84303,MEDIUM,https://avd.aquasec.com/nvd/cve-2026-84303,usr/bin/calico-typha,1.83.1,true,not_affected,vulnerable_code_not_present
rancher/mirrored-calico-typha:v3.32.2,rancher/v2.16-head,google.golang.org/grpc,v1.82.1,gobinary,CVE-2026-84304,HIGH,https://avd.aquasec.com/nvd/cve-2026-84304,usr/bin/calico-typha,1.83.1,true,affected,
rancher/mirrored-calico-typha:v3.32.2,rancher/v2.16-head,google.golang.org/grpc,v1.82.1,gobinary,CVE-2026-84445,HIGH,https://avd.aquasec.com/nvd/cve-2026-84445,usr/bin/calico-typha,"1.82.2, 1.83.2, 1.85.0-dev.0.20260825072537-93e31b48545e",true,affected,
rancher/mirrored-calico-whisker-backend:v3.32.2,rancher/v2.16-head,golang.org/x/crypto,v0.55.0,gobinary,CVE-2026-56855,MEDIUM,https://avd.aquasec.com/nvd/cve-2026-56855,whisker-backend,0.56.0,true,not_affected,vulnerable_code_not_present
rancher/mirrored-calico-whisker-backend:v3.32.2,rancher/v2.16-head,golang.org/x/crypto,v0.55.0,gobinary,CVE-2026-78662,MEDIUM,https://avd.aquasec.com/nvd/cve-2026-78662,whisker-backend,0.56.0,true,not_affected,vulnerable_code_not_present
rancher/mirrored-calico-whisker-backend:v3.32.2,rancher/v2.16-head,google.golang.org/grpc,v1.82.1,gobinary,CVE-2026-84303,MEDIUM,https://avd.aquasec.com/nvd/cve-2026-84303,whisker-backend,1.83.1,true,not_affected,vulnerable_code_not_present
rancher/mirrored-calico-whisker-backend:v3.32.2,rancher/v2.16-head,google.golang.org/grpc,v1.82.1,gobinary,CVE-2026-84304,HIGH,https://avd.aquasec.com/nvd/cve-2026-84304,whisker-backend,1.83.1,true,affected,
rancher/mirrored-calico-whisker-backend:v3.32.2,rancher/v2.16-head,google.golang.org/grpc,v1.82.1,gobinary,CVE-2026-84445,HIGH,https://avd.aquasec.com/nvd/cve-2026-84445,whisker-backend,"1.82.2, 1.83.2, 1.85.0-dev.0.20260825072537-93e31b48545e",true,affected,
rancher/mirrored-cilium-certgen:v0.4.9,rancher/v2.16-head,stdlib,v1.26.5,gobinary,CVE-2026-33818,HIGH,https://avd.aquasec.com/nvd/cve-2026-33818,usr/bin/cilium-certgen,"1.25.13, 1.26.6, 1.27.0-rc.3",true,affected,
rancher/mirrored-cilium-certgen:v0.4.9,rancher/v2.16-head,stdlib,v1.26.5,gobinary,CVE-2026-39821,HIGH,https://avd.aquasec.com/nvd/cve-2026-39821,usr/bin/cilium-certgen,"1.25.13, 1.26.6, 1.27.0-rc.3",true,affected,
rancher/mirrored-cilium-certgen:v0.4.9,rancher/v2.16-head,golang.org/x/net,v0.55.0,gobinary,CVE-2026-46600,HIGH,https://avd.aquasec.com/nvd/cve-2026-46600,usr/bin/cilium-certgen,0.56.0,true,not_affected,vulnerable_code_not_present
rancher/mirrored-cilium-certgen:v0.4.9,rancher/v2.16-head,stdlib,v1.26.5,gobinary,CVE-2026-56853,HIGH,https://avd.aquasec.com/nvd/cve-2026-56853,usr/bin/cilium-certgen,"1.25.13, 1.26.6, 1.27.0-rc.3",true,affected,
rancher/mirrored-cilium-certgen:v0.4.9,rancher/v2.16-head,golang.org/x/crypto,v0.52.0,gobinary,CVE-2026-56854,HIGH,https://avd.aquasec.com/nvd/cve-2026-56854,usr/bin/cilium-certgen,0.55.0,true,affected,
rancher/mirrored-cilium-certgen:v0.4.9,rancher/v2.16-head,golang.org/x/crypto,v0.52.0,gobinary,CVE-2026-56855,HIGH,https://avd.aquasec.com/nvd/cve-2026-56855,usr/bin/cilium-certgen,0.56.0,true,affected,severity_changed_due_to_suse_cvss_score
rancher/mirrored-cilium-certgen:v0.4.9,rancher/v2.16-head,stdlib,v1.26.5,gobinary,CVE-2026-56859,HIGH,https://avd.aquasec.com/nvd/cve-2026-56859,usr/bin/cilium-certgen,"1.25.13, 1.26.6, 1.27.0-rc.3",true,affected,
rancher/mirrored-cilium-certgen:v0.4.9,rancher/v2.16-head,stdlib,v1.26.5,gobinary,CVE-2026-56862,HIGH,https://avd.aquasec.com/nvd/cve-2026-56862,usr/bin/cilium-certgen,"1.25.13, 1.26.6, 1.27.0-rc.3",true,affected,
rancher/mirrored-cilium-certgen:v0.4.9,rancher/v2.16-head,golang.org/x/crypto,v0.52.0,gobinary,CVE-2026-78662,HIGH,https://avd.aquasec.com/nvd/cve-2026-78662,usr/bin/cilium-certgen,0.56.0,true,affected,severity_changed_due_to_suse_cvss_score
rancher/mirrored-cilium-cilium:v1.20.1,rancher/v2.16-head,stdlib,v1.26.5,gobinary,CVE-2026-33818,HIGH,https://avd.aquasec.com/nvd/cve-2026-33818,cni/loopback,"1.25.13, 1.26.6, 1.27.0-rc.3",true,affected,
rancher/mirrored-cilium-cilium:v1.20.1,rancher/v2.16-head,stdlib,v1.26.5,gobinary,CVE-2026-33818,HIGH,https://avd.aquasec.com/nvd/cve-2026-33818,opt/cni/bin/cilium-cni,"1.25.13, 1.26.6, 1.27.0-rc.3",true,affected,
rancher/mirrored-cilium-cilium:v1.20.1,rancher/v2.16-head,stdlib,v1.26.5,gobinary,CVE-2026-33818,HIGH,https://avd.aquasec.com/nvd/cve-2026-33818,usr/bin/cilium-agent,"1.25.13, 1.26.6, 1.27.0-rc.3",true,affected,
rancher/mirrored-cilium-cilium:v1.20.1,rancher/v2.16-head,stdlib,v1.26.5,gobinary,CVE-2026-33818,HIGH,https://avd.aquasec.com/nvd/cve-2026-33818,usr/bin/cilium-bugtool,"1.25.13, 1.26.6, 1.27.0-rc.3",true,affected,
rancher/mirrored-cilium-cilium:v1.20.1,rancher/v2.16-head,stdlib,v1.26.5,gobinary,CVE-2026-33818,HIGH,https://avd.aquasec.com/nvd/cve-2026-33818,usr/bin/cilium-dbg,"1.25.13, 1.26.6, 1.27.0-rc.3",true,affected,
rancher/mirrored-cilium-cilium:v1.20.1,rancher/v2.16-head,stdlib,v1.26.5,gobinary,CVE-2026-33818,HIGH,https://avd.aquasec.com/nvd/cve-2026-33818,usr/bin/cilium-envoy-bootstrap-locality,"1.25.13, 1.26.6, 1.27.0-rc.3",true,affected,
rancher/mirrored-cilium-cilium:v1.20.1,rancher/v2.16-head,stdlib,v1.26.5,gobinary,CVE-2026-33818,HIGH,https://avd.aquasec.com/nvd/cve-2026-33818,usr/bin/cilium-health,"1.25.13, 1.26.6, 1.27.0-rc.3",true,affected,
rancher/mirrored-cilium-cilium:v1.20.1,rancher/v2.16-head,stdlib,v1.26.5,gobinary,CVE-2026-33818,HIGH,https://avd.aquasec.com/nvd/cve-2026-33818,usr/bin/cilium-health-responder,"1.25.13, 1.26.6, 1.27.0-rc.3",true,affected,
rancher/mirrored-cilium-cilium:v1.20.1,rancher/v2.16-head,stdlib,v1.26.5,gobinary,CVE-2026-33818,HIGH,https://avd.aquasec.com/nvd/cve-2026-33818,usr/bin/cilium-mount,"1.25.13, 1.26.6, 1.27.0-rc.3",true,affected,
rancher/mirrored-cilium-cilium:v1.20.1,rancher/v2.16-head,stdlib,v1.26.5,gobinary,CVE-2026-33818,HIGH,https://avd.aquasec.com/nvd/cve-2026-33818,usr/bin/cilium-sysctlfix,"1.25.13, 1.26.6, 1.27.0-rc.3",true,affected,
rancher/mirrored-cilium-cilium:v1.20.1,rancher/v2.16-head,stdlib,v1.26.5,gobinary,CVE-2026-33818,HIGH,https://avd.aquasec.com/nvd/cve-2026-33818,usr/bin/gops,"1.25.13, 1.26.6, 1.27.0-rc.3",true,affected,
rancher/mirrored-cilium-cilium:v1.20.1,rancher/v2.16-head,stdlib,v1.26.5,gobinary,CVE-2026-33818,HIGH,https://avd.aquasec.com/nvd/cve-2026-33818,usr/bin/hubble,"1.25.13, 1.26.6, 1.27.0-rc.3",true,affected,
rancher/mirrored-cilium-cilium:v1.20.1,rancher/v2.16-head,stdlib,v1.26.5,gobinary,CVE-2026-33818,HIGH,https://avd.aquasec.com/nvd/cve-2026-33818,usr/bin/pebble,"1.25.13, 1.26.6, 1.27.0-rc.3",true,affected,
rancher/mirrored-cilium-cilium:v1.20.1,rancher/v2.16-head,stdlib,v1.26.5,gobinary,CVE-2026-33818,HIGH,https://avd.aquasec.com/nvd/cve-2026-33818,usr/sbin/iptables-wrapper,"1.25.13, 1.26.6, 1.27.0-rc.3",true,affected,
rancher/mirrored-cilium-cilium:v1.20.1,rancher/v2.16-head,stdlib,v1.26.5,gobinary,CVE-2026-39821,HIGH,https://avd.aquasec.com/nvd/cve-2026-39821,cni/loopback,"1.25.13, 1.26.6, 1.27.0-rc.3",true,not_affected,vulnerable_code_not_in_execute_path
rancher/mirrored-cilium-cilium:v1.20.1,rancher/v2.16-head,stdlib,v1.26.5,gobinary,CVE-2026-39821,HIGH,https://avd.aquasec.com/nvd/cve-2026-39821,opt/cni/bin/cilium-cni,"1.25.13, 1.26.6, 1.27.0-rc.3",true,affected,
rancher/mirrored-cilium-cilium:v1.20.1,rancher/v2.16-head,stdlib,v1.26.5,gobinary,CVE-2026-39821,HIGH,https://avd.aquasec.com/nvd/cve-2026-39821,usr/bin/cilium-agent,"1.25.13, 1.26.6, 1.27.0-rc.3",true,affected,
rancher/mirrored-cilium-cilium:v1.20.1,rancher/v2.16-head,stdlib,v1.26.5,gobinary,CVE-2026-39821,HIGH,https://avd.aquasec.com/nvd/cve-2026-39821,usr/bin/cilium-bugtool,"1.25.13, 1.26.6, 1.27.0-rc.3",true,affected,
rancher/mirrored-cilium-cilium:v1.20.1,rancher/v2.16-head,stdlib,v1.26.5,gobinary,CVE-2026-39821,HIGH,https://avd.aquasec.com/nvd/cve-2026-39821,usr/bin/cilium-dbg,"1.25.13, 1.26.6, 1.27.0-rc.3",true,affected,
rancher/mirrored-cilium-cilium:v1.20.1,rancher/v2.16-head,stdlib,v1.26.5,gobinary,CVE-2026-39821,HIGH,https://avd.aquasec.com/nvd/cve-2026-39821,usr/bin/cilium-envoy-bootstrap-locality,"1.25.13, 1.26.6, 1.27.0-rc.3",true,affected,
rancher/mirrored-cilium-cilium:v1.20.1,rancher/v2.16-head,stdlib,v1.26.5,gobinary,CVE-2026-39821,HIGH,https://avd.aquasec.com/nvd/cve-2026-39821,usr/bin/cilium-health,"1.25.13, 1.26.6, 1.27.0-rc.3",true,affected,
rancher/mirrored-cilium-cilium:v1.20.1,rancher/v2.16-head,stdlib,v1.26.5,gobinary,CVE-2026-39821,HIGH,https://avd.aquasec.com/nvd/cve-2026-39821,usr/bin/cilium-health-responder,"1.25.13, 1.26.6, 1.27.0-rc.3",true,affected,
rancher/mirrored-cilium-cilium:v1.20.1,rancher/v2.16-head,stdlib,v1.26.5,gobinary,CVE-2026-39821,HIGH,https://avd.aquasec.com/nvd/cve-2026-39821,usr/bin/cilium-mount,"1.25.13, 1.26.6, 1.27.0-rc.3",true,affected,
rancher/mirrored-cilium-cilium:v1.20.1,rancher/v2.16-head,stdlib,v1.26.5,gobinary,CVE-2026-39821,HIGH,https://avd.aquasec.com/nvd/cve-2026-39821,usr/bin/cilium-sysctlfix,"1.25.13, 1.26.6, 1.27.0-rc.3",true,affected,
rancher/mirrored-cilium-cilium:v1.20.1,rancher/v2.16-head,stdlib,v1.26.5,gobinary,CVE-2026-39821,HIGH,https://avd.aquasec.com/nvd/cve-2026-39821,usr/bin/gops,"1.25.13, 1.26.6, 1.27.0-rc.3",true,affected,
rancher/mirrored-cilium-cilium:v1.20.1,rancher/v2.16-head,stdlib,v1.26.5,gobinary,CVE-2026-39821,HIGH,https://avd.aquasec.com/nvd/cve-2026-39821,usr/bin/hubble,"1.25.13, 1.26.6, 1.27.0-rc.3",true,affected,
rancher/mirrored-cilium-cilium:v1.20.1,rancher/v2.16-head,stdlib,v1.26.5,gobinary,CVE-2026-39821,HIGH,https://avd.aquasec.com/nvd/cve-2026-39821,usr/bin/pebble,"1.25.13, 1.26.6, 1.27.0-rc.3",true,affected,
rancher/mirrored-cilium-cilium:v1.20.1,rancher/v2.16-head,stdlib,v1.26.5,gobinary,CVE-2026-39821,HIGH,https://avd.aquasec.com/nvd/cve-2026-39821,usr/sbin/iptables-wrapper,"1.25.13, 1.26.6, 1.27.0-rc.3",true,affected,
rancher/mirrored-cilium-cilium:v1.20.1,rancher/v2.16-head,stdlib,v1.26.5,gobinary,CVE-2026-46600,HIGH,https://avd.aquasec.com/nvd/cve-2026-46600,cni/loopback,"1.26.6, 1.27.0-rc.3",true,not_affected,vulnerable_code_not_in_execute_path
rancher/mirrored-cilium-cilium:v1.20.1,rancher/v2.16-head,stdlib,v1.26.5,gobinary,CVE-2026-46600,HIGH,https://avd.aquasec.com/nvd/cve-2026-46600,opt/cni/bin/cilium-cni,"1.26.6, 1.27.0-rc.3",true,not_affected,vulnerable_code_not_in_execute_path
rancher/mirrored-cilium-cilium:v1.20.1,rancher/v2.16-head,stdlib,v1.26.5,gobinary,CVE-2026-46600,HIGH,https://avd.aquasec.com/nvd/cve-2026-46600,usr/bin/cilium-agent,"1.26.6, 1.27.0-rc.3",true,not_affected,vulnerable_code_not_in_execute_path
rancher/mirrored-cilium-cilium:v1.20.1,rancher/v2.16-head,stdlib,v1.26.5,gobinary,CVE-2026-46600,HIGH,https://avd.aquasec.com/nvd/cve-2026-46600,usr/bin/cilium-bugtool,"1.26.6, 1.27.0-rc.3",true,not_affected,vulnerable_code_not_in_execute_path
rancher/mirrored-cilium-cilium:v1.20.1,rancher/v2.16-head,stdlib,v1.26.5,gobinary,CVE-2026-46600,HIGH,https://avd.aquasec.com/nvd/cve-2026-46600,usr/bin/cilium-dbg,"1.26.6, 1.27.0-rc.3",true,not_affected,vulnerable_code_not_in_execute_path
rancher/mirrored-cilium-cilium:v1.20.1,rancher/v2.16-head,stdlib,v1.26.5,gobinary,CVE-2026-46600,HIGH,https://avd.aquasec.com/nvd/cve-2026-46600,usr/bin/cilium-envoy-bootstrap-locality,"1.26.6, 1.27.0-rc.3",true,not_affected,vulnerable_code_not_in_execute_path
rancher/mirrored-cilium-cilium:v1.20.1,rancher/v2.16-head,stdlib,v1.26.5,gobinary,CVE-2026-46600,HIGH,https://avd.aquasec.com/nvd/cve-2026-46600,usr/bin/cilium-health,"1.26.6, 1.27.0-rc.3",true,not_affected,vulnerable_code_not_in_execute_path
rancher/mirrored-cilium-cilium:v1.20.1,rancher/v2.16-head,stdlib,v1.26.5,gobinary,CVE-2026-46600,HIGH,https://avd.aquasec.com/nvd/cve-2026-46600,usr/bin/cilium-health-responder,"1.26.6, 1.27.0-rc.3",true,not_affected,vulnerable_code_not_in_execute_path
rancher/mirrored-cilium-cilium:v1.20.1,rancher/v2.16-head,stdlib,v1.26.5,gobinary,CVE-2026-46600,HIGH,https://avd.aquasec.com/nvd/cve-2026-46600,usr/bin/cilium-mount,"1.26.6, 1.27.0-rc.3",true,not_affected,vulnerable_code_not_in_execute_path
rancher/mirrored-cilium-cilium:v1.20.1,rancher/v2.16-head,stdlib,v1.26.5,gobinary,CVE-2026-46600,HIGH,https://avd.aquasec.com/nvd/cve-2026-46600,usr/bin/cilium-sysctlfix,"1.26.6, 1.27.0-rc.3",true,not_affected,vulnerable_code_not_in_execute_path
rancher/mirrored-cilium-cilium:v1.20.1,rancher/v2.16-head,stdlib,v1.26.5,gobinary,CVE-2026-46600,HIGH,https://avd.aquasec.com/nvd/cve-2026-46600,usr/bin/hubble,"1.26.6, 1.27.0-rc.3",true,not_affected,vulnerable_code_not_in_execute_path
rancher/mirrored-cilium-cilium:v1.20.1,rancher/v2.16-head,github.com/osrg/gobgp/v4,v4.6.1-0.20260630022313-d6dee8360046,gobinary,CVE-2026-49838,MEDIUM,https://avd.aquasec.com/nvd/cve-2026-49838,usr/bin/cilium-agent,4.7.0,true,not_affected,vulnerable_code_not_in_execute_path
rancher/mirrored-cilium-cilium:v1.20.1,rancher/v2.16-head,github.com/osrg/gobgp/v4,v4.6.1-0.20260630022313-d6dee8360046,gobinary,CVE-2026-49838,MEDIUM,https://avd.aquasec.com/nvd/cve-2026-49838,usr/bin/cilium-dbg,4.7.0,true,not_affected,vulnerable_code_not_in_execute_path
rancher/mirrored-cilium-cilium:v1.20.1,rancher/v2.16-head,stdlib,v1.26.5,gobinary,CVE-2026-56853,HIGH,https://avd.aquasec.com/nvd/cve-2026-56853,cni/loopback,"1.25.13, 1.26.6, 1.27.0-rc.3",true,affected,
rancher/mirrored-cilium-cilium:v1.20.1,rancher/v2.16-head,stdlib,v1.26.5,gobinary,CVE-2026-56853,HIGH,https://avd.aquasec.com/nvd/cve-2026-56853,opt/cni/bin/cilium-cni,"1.25.13, 1.26.6, 1.27.0-rc.3",true,affected,
rancher/mirrored-cilium-cilium:v1.20.1,rancher/v2.16-head,stdlib,v1.26.5,gobinary,CVE-2026-56853,HIGH,https://avd.aquasec.com/nvd/cve-2026-56853,usr/bin/cilium-agent,"1.25.13, 1.26.6, 1.27.0-rc.3",true,affected,
rancher/mirrored-cilium-cilium:v1.20.1,rancher/v2.16-head,stdlib,v1.26.5,gobinary,CVE-2026-56853,HIGH,https://avd.aquasec.com/nvd/cve-2026-56853,usr/bin/cilium-bugtool,"1.25.13, 1.26.6, 1.27.0-rc.3",true,affected,
rancher/mirrored-cilium-cilium:v1.20.1,rancher/v2.16-head,stdlib,v1.26.5,gobinary,CVE-2026-56853,HIGH,https://avd.aquasec.com/nvd/cve-2026-56853,usr/bin/cilium-dbg,"1.25.13, 1.26.6, 1.27.0-rc.3",true,affected,
rancher/mirrored-cilium-cilium:v1.20.1,rancher/v2.16-head,stdlib,v1.26.5,gobinary,CVE-2026-56853,HIGH,https://avd.aquasec.com/nvd/cve-2026-56853,usr/bin/cilium-envoy-bootstrap-locality,"1.25.13, 1.26.6, 1.27.0-rc.3",true,affected,
rancher/mirrored-cilium-cilium:v1.20.1,rancher/v2.16-head,stdlib,v1.26.5,gobinary,CVE-2026-56853,HIGH,https://avd.aquasec.com/nvd/cve-2026-56853,usr/bin/cilium-health,"1.25.13, 1.26.6, 1.27.0-rc.3",true,affected,
rancher/mirrored-cilium-cilium:v1.20.1,rancher/v2.16-head,stdlib,v1.26.5,gobinary,CVE-2026-56853,HIGH,https://avd.aquasec.com/nvd/cve-2026-56853,usr/bin/cilium-health-responder,"1.25.13, 1.26.6, 1.27.0-rc.3",true,affected,
rancher/mirrored-cilium-cilium:v1.20.1,rancher/v2.16-head,stdlib,v1.26.5,gobinary,CVE-2026-56853,HIGH,https://avd.aquasec.com/nvd/cve-2026-56853,usr/bin/cilium-mount,"1.25.13, 1.26.6, 1.27.0-rc.3",true,affected,
rancher/mirrored-cilium-cilium:v1.20.1,rancher/v2.16-head,stdlib,v1.26.5,gobinary,CVE-2026-56853,HIGH,https://avd.aquasec.com/nvd/cve-2026-56853,usr/bin/cilium-sysctlfix,"1.25.13, 1.26.6, 1.27.0-rc.3",true,affected,
rancher/mirrored-cilium-cilium:v1.20.1,rancher/v2.16-head,stdlib,v1.26.5,gobinary,CVE-2026-56853,HIGH,https://avd.aquasec.com/nvd/cve-2026-56853,usr/bin/gops,"1.25.13, 1.26.6, 1.27.0-rc.3",true,affected,
rancher/mirrored-cilium-cilium:v1.20.1,rancher/v2.16-head,stdlib,v1.26.5,gobinary,CVE-2026-56853,HIGH,https://avd.aquasec.com/nvd/cve-2026-56853,usr/bin/hubble,"1.25.13, 1.26.6, 1.27.0-rc.3",true,affected,
rancher/mirrored-cilium-cilium:v1.20.1,rancher/v2.16-head,stdlib,v1.26.5,gobinary,CVE-2026-56853,HIGH,https://avd.aquasec.com/nvd/cve-2026-56853,usr/bin/pebble,"1.25.13, 1.26.6, 1.27.0-rc.3",true,affected,
rancher/mirrored-cilium-cilium:v1.20.1,rancher/v2.16-head,stdlib,v1.26.5,gobinary,CVE-2026-56853,HIGH,https://avd.aquasec.com/nvd/cve-2026-56853,usr/sbin/iptables-wrapper,"1.25.13, 1.26.6, 1.27.0-rc.3",true,affected,
rancher/mirrored-cilium-cilium:v1.20.1,rancher/v2.16-head,golang.org/x/crypto,v0.53.0,gobinary,CVE-2026-56854,HIGH,https://avd.aquasec.com/nvd/cve-2026-56854,usr/bin/cilium-agent,0.55.0,true,not_affected,vulnerable_code_not_in_execute_path
rancher/mirrored-cilium-cilium:v1.20.1,rancher/v2.16-head,golang.org/x/crypto,v0.53.0,gobinary,CVE-2026-56854,HIGH,https://avd.aquasec.com/nvd/cve-2026-56854,usr/bin/cilium-dbg,0.55.0,true,not_affected,vulnerable_code_not_in_execute_path
rancher/mirrored-cilium-cilium:v1.20.1,rancher/v2.16-head,golang.org/x/crypto,v0.53.0,gobinary,CVE-2026-56855,HIGH,https://avd.aquasec.com/nvd/cve-2026-56855,usr/bin/cilium-agent,0.56.0,true,affected,severity_changed_due_to_suse_cvss_score
rancher/mirrored-cilium-cilium:v1.20.1,rancher/v2.16-head,golang.org/x/crypto,v0.53.0,gobinary,CVE-2026-56855,HIGH,https://avd.aquasec.com/nvd/cve-2026-56855,usr/bin/cilium-dbg,0.56.0,true,affected,severity_changed_due_to_suse_cvss_score
rancher/mirrored-cilium-cilium:v1.20.1,rancher/v2.16-head,stdlib,v1.26.5,gobinary,CVE-2026-56859,HIGH,https://avd.aquasec.com/nvd/cve-2026-56859,cni/loopback,"1.25.13, 1.26.6, 1.27.0-rc.3",true,not_affected,vulnerable_code_not_present
rancher/mirrored-cilium-cilium:v1.20.1,rancher/v2.16-head,stdlib,v1.26.5,gobinary,CVE-2026-56859,HIGH,https://avd.aquasec.com/nvd/cve-2026-56859,opt/cni/bin/cilium-cni,"1.25.13, 1.26.6, 1.27.0-rc.3",true,affected,
rancher/mirrored-cilium-cilium:v1.20.1,rancher/v2.16-head,stdlib,v1.26.5,gobinary,CVE-2026-56859,HIGH,https://avd.aquasec.com/nvd/cve-2026-56859,usr/bin/cilium-agent,"1.25.13, 1.26.6, 1.27.0-rc.3",true,affected,
rancher/mirrored-cilium-cilium:v1.20.1,rancher/v2.16-head,stdlib,v1.26.5,gobinary,CVE-2026-56859,HIGH,https://avd.aquasec.com/nvd/cve-2026-56859,usr/bin/cilium-bugtool,"1.25.13, 1.26.6, 1.27.0-rc.3",true,affected,
rancher/mirrored-cilium-cilium:v1.20.1,rancher/v2.16-head,stdlib,v1.26.5,gobinary,CVE-2026-56859,HIGH,https://avd.aquasec.com/nvd/cve-2026-56859,usr/bin/cilium-dbg,"1.25.13, 1.26.6, 1.27.0-rc.3",true,affected,
rancher/mirrored-cilium-cilium:v1.20.1,rancher/v2.16-head,stdlib,v1.26.5,gobinary,CVE-2026-56859,HIGH,https://avd.aquasec.com/nvd/cve-2026-56859,usr/bin/cilium-envoy-bootstrap-locality,"1.25.13, 1.26.6, 1.27.0-rc.3",true,affected,
rancher/mirrored-cilium-cilium:v1.20.1,rancher/v2.16-head,stdlib,v1.26.5,gobinary,CVE-2026-56859,HIGH,https://avd.aquasec.com/nvd/cve-2026-56859,usr/bin/cilium-health,"1.25.13, 1.26.6, 1.27.0-rc.3",true,affected,
rancher/mirrored-cilium-cilium:v1.20.1,rancher/v2.16-head,stdlib,v1.26.5,gobinary,CVE-2026-56859,HIGH,https://avd.aquasec.com/nvd/cve-2026-56859,usr/bin/cilium-health-responder,"1.25.13, 1.26.6, 1.27.0-rc.3",true,affected,
rancher/mirrored-cilium-cilium:v1.20.1,rancher/v2.16-head,stdlib,v1.26.5,gobinary,CVE-2026-56859,HIGH,https://avd.aquasec.com/nvd/cve-2026-56859,usr/bin/cilium-mount,"1.25.13, 1.26.6, 1.27.0-rc.3",true,affected,
rancher/mirrored-cilium-cilium:v1.20.1,rancher/v2.16-head,stdlib,v1.26.5,gobinary,CVE-2026-56859,HIGH,https://avd.aquasec.com/nvd/cve-2026-56859,usr/bin/cilium-sysctlfix,"1.25.13, 1.26.6, 1.27.0-rc.3",true,affected,
rancher/mirrored-cilium-cilium:v1.20.1,rancher/v2.16-head,stdlib,v1.26.5,gobinary,CVE-2026-56859,HIGH,https://avd.aquasec.com/nvd/cve-2026-56859,usr/bin/gops,"1.25.13, 1.26.6, 1.27.0-rc.3",true,affected,
rancher/mirrored-cilium-cilium:v1.20.1,rancher/v2.16-head,stdlib,v1.26.5,gobinary,CVE-2026-56859,HIGH,https://avd.aquasec.com/nvd/cve-2026-56859,usr/bin/hubble,"1.25.13, 1.26.6, 1.27.0-rc.3",true,affected,
rancher/mirrored-cilium-cilium:v1.20.1,rancher/v2.16-head,stdlib,v1.26.5,gobinary,CVE-2026-56859,HIGH,https://avd.aquasec.com/nvd/cve-2026-56859,usr/bin/pebble,"1.25.13, 1.26.6, 1.27.0-rc.3",true,affected,
rancher/mirrored-cilium-cilium:v1.20.1,rancher/v2.16-head,stdlib,v1.26.5,gobinary,CVE-2026-56859,HIGH,https://avd.aquasec.com/nvd/cve-2026-56859,usr/sbin/iptables-wrapper,"1.25.13, 1.26.6, 1.27.0-rc.3",true,affected,
rancher/mirrored-cilium-cilium:v1.20.1,rancher/v2.16-head,stdlib,v1.26.5,gobinary,CVE-2026-56860,HIGH,https://avd.aquasec.com/nvd/cve-2026-56860,cni/loopback,"1.25.13, 1.26.6, 1.27.0-rc.3",true,not_affected,vulnerable_code_not_in_execute_path
rancher/mirrored-cilium-cilium:v1.20.1,rancher/v2.16-head,stdlib,v1.26.5,gobinary,CVE-2026-56862,HIGH,https://avd.aquasec.com/nvd/cve-2026-56862,cni/loopback,"1.25.13, 1.26.6, 1.27.0-rc.3",true,affected,
rancher/mirrored-cilium-cilium:v1.20.1,rancher/v2.16-head,stdlib,v1.26.5,gobinary,CVE-2026-56862,HIGH,https://avd.aquasec.com/nvd/cve-2026-56862,opt/cni/bin/cilium-cni,"1.25.13, 1.26.6, 1.27.0-rc.3",true,affected,
rancher/mirrored-cilium-cilium:v1.20.1,rancher/v2.16-head,stdlib,v1.26.5,gobinary,CVE-2026-56862,HIGH,https://avd.aquasec.com/nvd/cve-2026-56862,usr/bin/cilium-agent,"1.25.13, 1.26.6, 1.27.0-rc.3",true,affected,
rancher/mirrored-cilium-cilium:v1.20.1,rancher/v2.16-head,stdlib,v1.26.5,gobinary,CVE-2026-56862,HIGH,https://avd.aquasec.com/nvd/cve-2026-56862,usr/bin/cilium-bugtool,"1.25.13, 1.26.6, 1.27.0-rc.3",true,affected,
rancher/mirrored-cilium-cilium:v1.20.1,rancher/v2.16-head,stdlib,v1.26.5,gobinary,CVE-2026-56862,HIGH,https://avd.aquasec.com/nvd/cve-2026-56862,usr/bin/cilium-dbg,"1.25.13, 1.26.6, 1.27.0-rc.3",true,affected,
rancher/mirrored-cilium-cilium:v1.20.1,rancher/v2.16-head,stdlib,v1.26.5,gobinary,CVE-2026-56862,HIGH,https://avd.aquasec.com/nvd/cve-2026-56862,usr/bin/cilium-envoy-bootstrap-locality,"1.25.13, 1.26.6, 1.27.0-rc.3",true,affected,
rancher/mirrored-cilium-cilium:v1.20.1,rancher/v2.16-head,stdlib,v1.26.5,gobinary,CVE-2026-56862,HIGH,https://avd.aquasec.com/nvd/cve-2026-56862,usr/bin/cilium-health,"1.25.13, 1.26.6, 1.27.0-rc.3",true,affected,
rancher/mirrored-cilium-cilium:v1.20.1,rancher/v2.16-head,stdlib,v1.26.5,gobinary,CVE-2026-56862,HIGH,https://avd.aquasec.com/nvd/cve-2026-56862,usr/bin/cilium-health-responder,"1.25.13, 1.26.6, 1.27.0-rc.3",true,affected,
rancher/mirrored-cilium-cilium:v1.20.1,rancher/v2.16-head,stdlib,v1.26.5,gobinary,CVE-2026-56862,HIGH,https://avd.aquasec.com/nvd/cve-2026-56862,usr/bin/cilium-mount,"1.25.13, 1.26.6, 1.27.0-rc.3",true,affected,
rancher/mirrored-cilium-cilium:v1.20.1,rancher/v2.16-head,stdlib,v1.26.5,gobinary,CVE-2026-56862,HIGH,https://avd.aquasec.com/nvd/cve-2026-56862,usr/bin/cilium-sysctlfix,"1.25.13, 1.26.6, 1.27.0-rc.3",true,affected,
rancher/mirrored-cilium-cilium:v1.20.1,rancher/v2.16-head,stdlib,v1.26.5,gobinary,CVE-2026-56862,HIGH,https://avd.aquasec.com/nvd/cve-2026-56862,usr/bin/gops,"1.25.13, 1.26.6, 1.27.0-rc.3",true,affected,
rancher/mirrored-cilium-cilium:v1.20.1,rancher/v2.16-head,stdlib,v1.26.5,gobinary,CVE-2026-56862,HIGH,https://avd.aquasec.com/nvd/cve-2026-56862,usr/bin/hubble,"1.25.13, 1.26.6, 1.27.0-rc.3",true,affected,
rancher/mirrored-cilium-cilium:v1.20.1,rancher/v2.16-head,stdlib,v1.26.5,gobinary,CVE-2026-56862,HIGH,https://avd.aquasec.com/nvd/cve-2026-56862,usr/bin/pebble,"1.25.13, 1.26.6, 1.27.0-rc.3",true,affected,
rancher/mirrored-cilium-cilium:v1.20.1,rancher/v2.16-head,stdlib,v1.26.5,gobinary,CVE-2026-56862,HIGH,https://avd.aquasec.com/nvd/cve-2026-56862,usr/sbin/iptables-wrapper,"1.25.13, 1.26.6, 1.27.0-rc.3",true,affected,
rancher/mirrored-cilium-cilium:v1.20.1,rancher/v2.16-head,golang.org/x/crypto,v0.53.0,gobinary,CVE-2026-78662,HIGH,https://avd.aquasec.com/nvd/cve-2026-78662,usr/bin/cilium-agent,0.56.0,true,affected,severity_changed_due_to_suse_cvss_score
rancher/mirrored-cilium-cilium:v1.20.1,rancher/v2.16-head,golang.org/x/crypto,v0.53.0,gobinary,CVE-2026-78662,HIGH,https://avd.aquasec.com/nvd/cve-2026-78662,usr/bin/cilium-dbg,0.56.0,true,affected,severity_changed_due_to_suse_cvss_score
rancher/mirrored-cilium-cilium:v1.20.1,rancher/v2.16-head,google.golang.org/grpc,v1.82.1,gobinary,CVE-2026-84303,MEDIUM,https://avd.aquasec.com/nvd/cve-2026-84303,usr/bin/cilium-agent,1.83.1,true,not_affected,vulnerable_code_not_present
rancher/mirrored-cilium-cilium:v1.20.1,rancher/v2.16-head,google.golang.org/grpc,v1.82.1,gobinary,CVE-2026-84303,MEDIUM,https://avd.aquasec.com/nvd/cve-2026-84303,usr/bin/cilium-dbg,1.83.1,true,not_affected,vulnerable_code_not_present
rancher/mirrored-cilium-cilium:v1.20.1,rancher/v2.16-head,google.golang.org/grpc,v1.82.1,gobinary,CVE-2026-84303,MEDIUM,https://avd.aquasec.com/nvd/cve-2026-84303,usr/bin/hubble,1.83.1,true,not_affected,vulnerable_code_not_present
rancher/mirrored-cilium-cilium:v1.20.1,rancher/v2.16-head,google.golang.org/grpc,v1.82.1,gobinary,CVE-2026-84304,HIGH,https://avd.aquasec.com/nvd/cve-2026-84304,usr/bin/cilium-agent,1.83.1,true,affected,
rancher/mirrored-cilium-cilium:v1.20.1,rancher/v2.16-head,google.golang.org/grpc,v1.82.1,gobinary,CVE-2026-84304,HIGH,https://avd.aquasec.com/nvd/cve-2026-84304,usr/bin/cilium-dbg,1.83.1,true,affected,
rancher/mirrored-cilium-cilium:v1.20.1,rancher/v2.16-head,google.golang.org/grpc,v1.82.1,gobinary,CVE-2026-84304,HIGH,https://avd.aquasec.com/nvd/cve-2026-84304,usr/bin/hubble,1.83.1,true,affected,
rancher/mirrored-cilium-cilium:v1.20.1,rancher/v2.16-head,google.golang.org/grpc,v1.82.1,gobinary,CVE-2026-84445,HIGH,https://avd.aquasec.com/nvd/cve-2026-84445,usr/bin/cilium-agent,"1.82.2, 1.83.2, 1.85.0-dev.0.20260825072537-93e31b48545e",true,affected,
rancher/mirrored-cilium-cilium:v1.20.1,rancher/v2.16-head,google.golang.org/grpc,v1.82.1,gobinary,CVE-2026-84445,HIGH,https://avd.aquasec.com/nvd/cve-2026-84445,usr/bin/cilium-dbg,"1.82.2, 1.83.2, 1.85.0-dev.0.20260825072537-93e31b48545e",true,affected,
rancher/mirrored-cilium-cilium:v1.20.1,rancher/v2.16-head,google.golang.org/grpc,v1.82.1,gobinary,CVE-2026-84445,HIGH,https://avd.aquasec.com/nvd/cve-2026-84445,usr/bin/hubble,"1.82.2, 1.83.2, 1.85.0-dev.0.20260825072537-93e31b48545e",true,affected,
rancher/mirrored-cilium-clustermesh-apiserver:v1.20.1,rancher/v2.16-head,stdlib,v1.26.5,gobinary,CVE-2026-33818,HIGH,https://avd.aquasec.com/nvd/cve-2026-33818,usr/bin/clustermesh-apiserver,"1.25.13, 1.26.6, 1.27.0-rc.3",true,affected,
rancher/mirrored-cilium-clustermesh-apiserver:v1.20.1,rancher/v2.16-head,stdlib,v1.26.5,gobinary,CVE-2026-33818,HIGH,https://avd.aquasec.com/nvd/cve-2026-33818,usr/bin/etcd,"1.25.13, 1.26.6, 1.27.0-rc.3",true,affected,
rancher/mirrored-cilium-clustermesh-apiserver:v1.20.1,rancher/v2.16-head,stdlib,v1.26.5,gobinary,CVE-2026-33818,HIGH,https://avd.aquasec.com/nvd/cve-2026-33818,usr/bin/gops,"1.25.13, 1.26.6, 1.27.0-rc.3",true,affected,
rancher/mirrored-cilium-clustermesh-apiserver:v1.20.1,rancher/v2.16-head,stdlib,v1.26.5,gobinary,CVE-2026-39821,HIGH,https://avd.aquasec.com/nvd/cve-2026-39821,usr/bin/clustermesh-apiserver,"1.25.13, 1.26.6, 1.27.0-rc.3",true,affected,
rancher/mirrored-cilium-clustermesh-apiserver:v1.20.1,rancher/v2.16-head,stdlib,v1.26.5,gobinary,CVE-2026-39821,HIGH,https://avd.aquasec.com/nvd/cve-2026-39821,usr/bin/etcd,"1.25.13, 1.26.6, 1.27.0-rc.3",true,affected,
rancher/mirrored-cilium-clustermesh-apiserver:v1.20.1,rancher/v2.16-head,stdlib,v1.26.5,gobinary,CVE-2026-39821,HIGH,https://avd.aquasec.com/nvd/cve-2026-39821,usr/bin/gops,"1.25.13, 1.26.6, 1.27.0-rc.3",true,affected,
rancher/mirrored-cilium-clustermesh-apiserver:v1.20.1,rancher/v2.16-head,golang.org/x/net,v0.55.0,gobinary,CVE-2026-46600,HIGH,https://avd.aquasec.com/nvd/cve-2026-46600,usr/bin/etcd,0.56.0,true,not_affected,vulnerable_code_not_present
rancher/mirrored-cilium-clustermesh-apiserver:v1.20.1,rancher/v2.16-head,stdlib,v1.26.5,gobinary,CVE-2026-46600,HIGH,https://avd.aquasec.com/nvd/cve-2026-46600,usr/bin/clustermesh-apiserver,"1.26.6, 1.27.0-rc.3",true,not_affected,vulnerable_code_not_in_execute_path
rancher/mirrored-cilium-clustermesh-apiserver:v1.20.1,rancher/v2.16-head,stdlib,v1.26.5,gobinary,CVE-2026-46600,HIGH,https://avd.aquasec.com/nvd/cve-2026-46600,usr/bin/etcd,"1.26.6, 1.27.0-rc.3",true,not_affected,vulnerable_code_not_in_execute_path
rancher/mirrored-cilium-clustermesh-apiserver:v1.20.1,rancher/v2.16-head,golang.org/x/text,v0.37.0,gobinary,CVE-2026-56852,HIGH,https://avd.aquasec.com/nvd/cve-2026-56852,usr/bin/etcd,0.39.0,true,not_affected,vulnerable_code_not_in_execute_path
rancher/mirrored-cilium-clustermesh-apiserver:v1.20.1,rancher/v2.16-head,stdlib,v1.26.5,gobinary,CVE-2026-56853,HIGH,https://avd.aquasec.com/nvd/cve-2026-56853,usr/bin/clustermesh-apiserver,"1.25.13, 1.26.6, 1.27.0-rc.3",true,affected,
rancher/mirrored-cilium-clustermesh-apiserver:v1.20.1,rancher/v2.16-head,stdlib,v1.26.5,gobinary,CVE-2026-56853,HIGH,https://avd.aquasec.com/nvd/cve-2026-56853,usr/bin/etcd,"1.25.13, 1.26.6, 1.27.0-rc.3",true,affected,
rancher/mirrored-cilium-clustermesh-apiserver:v1.20.1,rancher/v2.16-head,stdlib,v1.26.5,gobinary,CVE-2026-56853,HIGH,https://avd.aquasec.com/nvd/cve-2026-56853,usr/bin/gops,"1.25.13, 1.26.6, 1.27.0-rc.3",true,affected,
rancher/mirrored-cilium-clustermesh-apiserver:v1.20.1,rancher/v2.16-head,golang.org/x/crypto,v0.52.0,gobinary,CVE-2026-56854,HIGH,https://avd.aquasec.com/nvd/cve-2026-56854,usr/bin/etcd,0.55.0,true,not_affected,vulnerable_code_not_present
rancher/mirrored-cilium-clustermesh-apiserver:v1.20.1,rancher/v2.16-head,golang.org/x/crypto,v0.52.0,gobinary,CVE-2026-56855,MEDIUM,https://avd.aquasec.com/nvd/cve-2026-56855,usr/bin/etcd,0.56.0,true,not_affected,vulnerable_code_not_present
rancher/mirrored-cilium-clustermesh-apiserver:v1.20.1,rancher/v2.16-head,stdlib,v1.26.5,gobinary,CVE-2026-56859,HIGH,https://avd.aquasec.com/nvd/cve-2026-56859,usr/bin/clustermesh-apiserver,"1.25.13, 1.26.6, 1.27.0-rc.3",true,affected,
rancher/mirrored-cilium-clustermesh-apiserver:v1.20.1,rancher/v2.16-head,stdlib,v1.26.5,gobinary,CVE-2026-56859,HIGH,https://avd.aquasec.com/nvd/cve-2026-56859,usr/bin/etcd,"1.25.13, 1.26.6, 1.27.0-rc.3",true,not_affected,vulnerable_code_not_present
rancher/mirrored-cilium-clustermesh-apiserver:v1.20.1,rancher/v2.16-head,stdlib,v1.26.5,gobinary,CVE-2026-56859,HIGH,https://avd.aquasec.com/nvd/cve-2026-56859,usr/bin/gops,"1.25.13, 1.26.6, 1.27.0-rc.3",true,affected,
rancher/mirrored-cilium-clustermesh-apiserver:v1.20.1,rancher/v2.16-head,stdlib,v1.26.5,gobinary,CVE-2026-56862,HIGH,https://avd.aquasec.com/nvd/cve-2026-56862,usr/bin/clustermesh-apiserver,"1.25.13, 1.26.6, 1.27.0-rc.3",true,affected,
rancher/mirrored-cilium-clustermesh-apiserver:v1.20.1,rancher/v2.16-head,stdlib,v1.26.5,gobinary,CVE-2026-56862,HIGH,https://avd.aquasec.com/nvd/cve-2026-56862,usr/bin/etcd,"1.25.13, 1.26.6, 1.27.0-rc.3",true,affected,
rancher/mirrored-cilium-clustermesh-apiserver:v1.20.1,rancher/v2.16-head,stdlib,v1.26.5,gobinary,CVE-2026-56862,HIGH,https://avd.aquasec.com/nvd/cve-2026-56862,usr/bin/gops,"1.25.13, 1.26.6, 1.27.0-rc.3",true,affected,
rancher/mirrored-cilium-clustermesh-apiserver:v1.20.1,rancher/v2.16-head,golang.org/x/crypto,v0.52.0,gobinary,CVE-2026-78662,MEDIUM,https://avd.aquasec.com/nvd/cve-2026-78662,usr/bin/etcd,0.56.0,true,not_affected,vulnerable_code_not_present
rancher/mirrored-cilium-clustermesh-apiserver:v1.20.1,rancher/v2.16-head,google.golang.org/grpc,v1.82.1,gobinary,CVE-2026-84303,MEDIUM,https://avd.aquasec.com/nvd/cve-2026-84303,usr/bin/clustermesh-apiserver,1.83.1,true,not_affected,vulnerable_code_not_present
rancher/mirrored-cilium-clustermesh-apiserver:v1.20.1,rancher/v2.16-head,google.golang.org/grpc,v1.82.1,gobinary,CVE-2026-84303,MEDIUM,https://avd.aquasec.com/nvd/cve-2026-84303,usr/bin/etcd,1.83.1,true,not_affected,vulnerable_code_not_present
rancher/mirrored-cilium-clustermesh-apiserver:v1.20.1,rancher/v2.16-head,google.golang.org/grpc,v1.82.1,gobinary,CVE-2026-84304,HIGH,https://avd.aquasec.com/nvd/cve-2026-84304,usr/bin/clustermesh-apiserver,1.83.1,true,affected,
rancher/mirrored-cilium-clustermesh-apiserver:v1.20.1,rancher/v2.16-head,google.golang.org/grpc,v1.82.1,gobinary,CVE-2026-84304,HIGH,https://avd.aquasec.com/nvd/cve-2026-84304,usr/bin/etcd,1.83.1,true,affected,
rancher/mirrored-cilium-clustermesh-apiserver:v1.20.1,rancher/v2.16-head,google.golang.org/grpc,v1.82.1,gobinary,CVE-2026-84445,HIGH,https://avd.aquasec.com/nvd/cve-2026-84445,usr/bin/clustermesh-apiserver,"1.82.2, 1.83.2, 1.85.0-dev.0.20260825072537-93e31b48545e",true,affected,
rancher/mirrored-cilium-clustermesh-apiserver:v1.20.1,rancher/v2.16-head,google.golang.org/grpc,v1.82.1,gobinary,CVE-2026-84445,HIGH,https://avd.aquasec.com/nvd/cve-2026-84445,usr/bin/etcd,"1.82.2, 1.83.2, 1.85.0-dev.0.20260825072537-93e31b48545e",true,affected,
rancher/mirrored-cilium-hubble-relay:v1.20.1,rancher/v2.16-head,stdlib,v1.26.5,gobinary,CVE-2026-33818,HIGH,https://avd.aquasec.com/nvd/cve-2026-33818,usr/bin/gops,"1.25.13, 1.26.6, 1.27.0-rc.3",true,affected,
rancher/mirrored-cilium-hubble-relay:v1.20.1,rancher/v2.16-head,stdlib,v1.26.5,gobinary,CVE-2026-33818,HIGH,https://avd.aquasec.com/nvd/cve-2026-33818,usr/bin/hubble-relay,"1.25.13, 1.26.6, 1.27.0-rc.3",true,affected,
rancher/mirrored-cilium-hubble-relay:v1.20.1,rancher/v2.16-head,stdlib,v1.26.5,gobinary,CVE-2026-39821,HIGH,https://avd.aquasec.com/nvd/cve-2026-39821,usr/bin/gops,"1.25.13, 1.26.6, 1.27.0-rc.3",true,affected,
rancher/mirrored-cilium-hubble-relay:v1.20.1,rancher/v2.16-head,stdlib,v1.26.5,gobinary,CVE-2026-39821,HIGH,https://avd.aquasec.com/nvd/cve-2026-39821,usr/bin/hubble-relay,"1.25.13, 1.26.6, 1.27.0-rc.3",true,affected,
rancher/mirrored-cilium-hubble-relay:v1.20.1,rancher/v2.16-head,stdlib,v1.26.5,gobinary,CVE-2026-46600,HIGH,https://avd.aquasec.com/nvd/cve-2026-46600,usr/bin/hubble-relay,"1.26.6, 1.27.0-rc.3",true,not_affected,vulnerable_code_not_in_execute_path
rancher/mirrored-cilium-hubble-relay:v1.20.1,rancher/v2.16-head,stdlib,v1.26.5,gobinary,CVE-2026-56853,HIGH,https://avd.aquasec.com/nvd/cve-2026-56853,usr/bin/gops,"1.25.13, 1.26.6, 1.27.0-rc.3",true,affected,
rancher/mirrored-cilium-hubble-relay:v1.20.1,rancher/v2.16-head,stdlib,v1.26.5,gobinary,CVE-2026-56853,HIGH,https://avd.aquasec.com/nvd/cve-2026-56853,usr/bin/hubble-relay,"1.25.13, 1.26.6, 1.27.0-rc.3",true,affected,
rancher/mirrored-cilium-hubble-relay:v1.20.1,rancher/v2.16-head,stdlib,v1.26.5,gobinary,CVE-2026-56859,HIGH,https://avd.aquasec.com/nvd/cve-2026-56859,usr/bin/gops,"1.25.13, 1.26.6, 1.27.0-rc.3",true,affected,
rancher/mirrored-cilium-hubble-relay:v1.20.1,rancher/v2.16-head,stdlib,v1.26.5,gobinary,CVE-2026-56859,HIGH,https://avd.aquasec.com/nvd/cve-2026-56859,usr/bin/hubble-relay,"1.25.13, 1.26.6, 1.27.0-rc.3",true,affected,
rancher/mirrored-cilium-hubble-relay:v1.20.1,rancher/v2.16-head,stdlib,v1.26.5,gobinary,CVE-2026-56862,HIGH,https://avd.aquasec.com/nvd/cve-2026-56862,usr/bin/gops,"1.25.13, 1.26.6, 1.27.0-rc.3",true,affected,
rancher/mirrored-cilium-hubble-relay:v1.20.1,rancher/v2.16-head,stdlib,v1.26.5,gobinary,CVE-2026-56862,HIGH,https://avd.aquasec.com/nvd/cve-2026-56862,usr/bin/hubble-relay,"1.25.13, 1.26.6, 1.27.0-rc.3",true,affected,
rancher/mirrored-cilium-hubble-relay:v1.20.1,rancher/v2.16-head,google.golang.org/grpc,v1.82.1,gobinary,CVE-2026-84303,MEDIUM,https://avd.aquasec.com/nvd/cve-2026-84303,usr/bin/hubble-relay,1.83.1,true,not_affected,vulnerable_code_not_present
rancher/mirrored-cilium-hubble-relay:v1.20.1,rancher/v2.16-head,google.golang.org/grpc,v1.82.1,gobinary,CVE-2026-84304,HIGH,https://avd.aquasec.com/nvd/cve-2026-84304,usr/bin/hubble-relay,1.83.1,true,affected,
rancher/mirrored-cilium-hubble-relay:v1.20.1,rancher/v2.16-head,google.golang.org/grpc,v1.82.1,gobinary,CVE-2026-84445,HIGH,https://avd.aquasec.com/nvd/cve-2026-84445,usr/bin/hubble-relay,"1.82.2, 1.83.2, 1.85.0-dev.0.20260825072537-93e31b48545e",true,affected,
rancher/mirrored-cilium-hubble-ui-backend:v0.13.5,rancher/v2.16-head,golang.org/x/net,v0.53.0,gobinary,CVE-2026-25680,MEDIUM,https://avd.aquasec.com/nvd/cve-2026-25680,usr/bin/backend,0.55.0,true,not_affected,vulnerable_code_not_present
rancher/mirrored-cilium-hubble-ui-backend:v0.13.5,rancher/v2.16-head,golang.org/x/net,v0.53.0,gobinary,CVE-2026-25681,HIGH,https://avd.aquasec.com/nvd/cve-2026-25681,usr/bin/backend,0.55.0,true,not_affected,vulnerable_code_not_present
rancher/mirrored-cilium-hubble-ui-backend:v0.13.5,rancher/v2.16-head,golang.org/x/net,v0.53.0,gobinary,CVE-2026-27136,HIGH,https://avd.aquasec.com/nvd/cve-2026-27136,usr/bin/backend,0.55.0,true,not_affected,vulnerable_code_not_present
rancher/mirrored-cilium-hubble-ui-backend:v0.13.5,rancher/v2.16-head,stdlib,v1.26.2,gobinary,CVE-2026-27145,HIGH,https://avd.aquasec.com/nvd/cve-2026-27145,usr/bin/backend,"1.25.11, 1.26.4",true,not_affected,vulnerable_code_not_in_execute_path
rancher/mirrored-cilium-hubble-ui-backend:v0.13.5,rancher/v2.16-head,stdlib,v1.26.2,gobinary,CVE-2026-33811,HIGH,https://avd.aquasec.com/nvd/cve-2026-33811,usr/bin/backend,"1.25.10, 1.26.3",true,not_affected,vulnerable_code_not_in_execute_path
rancher/mirrored-cilium-hubble-ui-backend:v0.13.5,rancher/v2.16-head,stdlib,v1.26.2,gobinary,CVE-2026-33814,HIGH,https://avd.aquasec.com/nvd/cve-2026-33814,usr/bin/backend,"1.25.10, 1.26.3",true,not_affected,vulnerable_code_not_in_execute_path
rancher/mirrored-cilium-hubble-ui-backend:v0.13.5,rancher/v2.16-head,stdlib,v1.26.2,gobinary,CVE-2026-33818,HIGH,https://avd.aquasec.com/nvd/cve-2026-33818,usr/bin/backend,"1.25.13, 1.26.6, 1.27.0-rc.3",true,affected,
rancher/mirrored-cilium-hubble-ui-backend:v0.13.5,rancher/v2.16-head,stdlib,v1.26.2,gobinary,CVE-2026-39820,HIGH,https://avd.aquasec.com/nvd/cve-2026-39820,usr/bin/backend,"1.25.10, 1.26.3",true,not_affected,vulnerable_code_not_present
rancher/mirrored-cilium-hubble-ui-backend:v0.13.5,rancher/v2.16-head,golang.org/x/net,v0.53.0,gobinary,CVE-2026-39821,HIGH,https://avd.aquasec.com/nvd/cve-2026-39821,usr/bin/backend,0.55.0,true,affected,
rancher/mirrored-cilium-hubble-ui-backend:v0.13.5,rancher/v2.16-head,stdlib,v1.26.2,gobinary,CVE-2026-39821,HIGH,https://avd.aquasec.com/nvd/cve-2026-39821,usr/bin/backend,"1.25.13, 1.26.6, 1.27.0-rc.3",true,affected,
rancher/mirrored-cilium-hubble-ui-backend:v0.13.5,rancher/v2.16-head,stdlib,v1.26.2,gobinary,CVE-2026-39822,HIGH,https://avd.aquasec.com/nvd/cve-2026-39822,usr/bin/backend,"1.25.12, 1.26.5, 1.27.0-rc.2",true,not_affected,vulnerable_code_not_in_execute_path
rancher/mirrored-cilium-hubble-ui-backend:v0.13.5,rancher/v2.16-head,stdlib,v1.26.2,gobinary,CVE-2026-39823,MEDIUM,https://avd.aquasec.com/nvd/cve-2026-39823,usr/bin/backend,"1.25.10, 1.26.3",true,not_affected,vulnerable_code_not_present
rancher/mirrored-cilium-hubble-ui-backend:v0.13.5,rancher/v2.16-head,stdlib,v1.26.2,gobinary,CVE-2026-39825,MEDIUM,https://avd.aquasec.com/nvd/cve-2026-39825,usr/bin/backend,"1.25.10, 1.26.3",true,not_affected,vulnerable_code_not_in_execute_path
rancher/mirrored-cilium-hubble-ui-backend:v0.13.5,rancher/v2.16-head,stdlib,v1.26.2,gobinary,CVE-2026-39826,MEDIUM,https://avd.aquasec.com/nvd/cve-2026-39826,usr/bin/backend,"1.25.10, 1.26.3",true,not_affected,vulnerable_code_not_in_execute_path
rancher/mirrored-cilium-hubble-ui-backend:v0.13.5,rancher/v2.16-head,stdlib,v1.26.2,gobinary,CVE-2026-39836,HIGH,https://avd.aquasec.com/nvd/cve-2026-39836,usr/bin/backend,"1.25.10, 1.26.3",true,not_affected,vulnerable_code_not_in_execute_path
rancher/mirrored-cilium-hubble-ui-backend:v0.13.5,rancher/v2.16-head,github.com/cilium/cilium,v1.19.2,gobinary,CVE-2026-41520,HIGH,https://avd.aquasec.com/nvd/cve-2026-41520,usr/bin/backend,"1.17.15, 1.18.9, 1.19.3",true,affected,
rancher/mirrored-cilium-hubble-ui-backend:v0.13.5,rancher/v2.16-head,stdlib,v1.26.2,gobinary,CVE-2026-42499,HIGH,https://avd.aquasec.com/nvd/cve-2026-42499,usr/bin/backend,"1.25.10, 1.26.3",true,not_affected,vulnerable_code_not_present
rancher/mirrored-cilium-hubble-ui-backend:v0.13.5,rancher/v2.16-head,golang.org/x/net,v0.53.0,gobinary,CVE-2026-42502,MEDIUM,https://avd.aquasec.com/nvd/cve-2026-42502,usr/bin/backend,0.55.0,true,not_affected,vulnerable_code_not_present
rancher/mirrored-cilium-hubble-ui-backend:v0.13.5,rancher/v2.16-head,stdlib,v1.26.2,gobinary,CVE-2026-42504,HIGH,https://avd.aquasec.com/nvd/cve-2026-42504,usr/bin/backend,"1.25.11, 1.26.4",true,not_affected,vulnerable_code_not_in_execute_path
rancher/mirrored-cilium-hubble-ui-backend:v0.13.5,rancher/v2.16-head,stdlib,v1.26.2,gobinary,CVE-2026-42505,MEDIUM,https://avd.aquasec.com/nvd/cve-2026-42505,usr/bin/backend,"1.25.12, 1.26.5, 1.27.0-rc.2",true,not_affected,vulnerable_code_not_in_execute_path
rancher/mirrored-cilium-hubble-ui-backend:v0.13.5,rancher/v2.16-head,golang.org/x/net,v0.53.0,gobinary,CVE-2026-42506,MEDIUM,https://avd.aquasec.com/nvd/cve-2026-42506,usr/bin/backend,0.55.0,true,not_affected,vulnerable_code_not_present
rancher/mirrored-cilium-hubble-ui-backend:v0.13.5,rancher/v2.16-head,stdlib,v1.26.2,gobinary,CVE-2026-42507,MEDIUM,https://avd.aquasec.com/nvd/cve-2026-42507,usr/bin/backend,"1.25.11, 1.26.4",true,not_affected,vulnerable_code_not_in_execute_path
rancher/mirrored-cilium-hubble-ui-backend:v0.13.5,rancher/v2.16-head,golang.org/x/net,v0.53.0,gobinary,CVE-2026-46600,HIGH,https://avd.aquasec.com/nvd/cve-2026-46600,usr/bin/backend,0.56.0,true,not_affected,vulnerable_code_not_present
rancher/mirrored-cilium-hubble-ui-backend:v0.13.5,rancher/v2.16-head,stdlib,v1.26.2,gobinary,CVE-2026-56853,HIGH,https://avd.aquasec.com/nvd/cve-2026-56853,usr/bin/backend,"1.25.13, 1.26.6, 1.27.0-rc.3",true,affected,
rancher/mirrored-cilium-hubble-ui-backend:v0.13.5,rancher/v2.16-head,stdlib,v1.26.2,gobinary,CVE-2026-56859,HIGH,https://avd.aquasec.com/nvd/cve-2026-56859,usr/bin/backend,"1.25.13, 1.26.6, 1.27.0-rc.3",true,affected,
rancher/mirrored-cilium-hubble-ui-backend:v0.13.5,rancher/v2.16-head,stdlib,v1.26.2,gobinary,CVE-2026-56862,HIGH,https://avd.aquasec.com/nvd/cve-2026-56862,usr/bin/backend,"1.25.13, 1.26.6, 1.27.0-rc.3",true,affected,
rancher/mirrored-cilium-hubble-ui-backend:v0.13.5,rancher/v2.16-head,google.golang.org/grpc,v1.80.0,gobinary,CVE-2026-84303,CRITICAL,https://avd.aquasec.com/nvd/cve-2026-84303,usr/bin/backend,1.83.1,true,affected,severity_changed_due_to_suse_cvss_score
rancher/mirrored-cilium-hubble-ui-backend:v0.13.5,rancher/v2.16-head,google.golang.org/grpc,v1.80.0,gobinary,CVE-2026-84304,HIGH,https://avd.aquasec.com/nvd/cve-2026-84304,usr/bin/backend,1.83.1,true,affected,
rancher/mirrored-cilium-hubble-ui-backend:v0.13.5,rancher/v2.16-head,google.golang.org/grpc,v1.80.0,gobinary,CVE-2026-84445,HIGH,https://avd.aquasec.com/nvd/cve-2026-84445,usr/bin/backend,"1.82.2, 1.83.2, 1.85.0-dev.0.20260825072537-93e31b48545e",true,affected,
rancher/mirrored-cilium-hubble-ui-backend:v0.13.5,rancher/v2.16-head,google.golang.org/grpc,v1.80.0,gobinary,GHSA-hrxh-6v49-42gf,HIGH,https://github.com/advisories/GHSA-hrxh-6v49-42gf,usr/bin/backend,1.82.1,true,affected,
rancher/mirrored-cilium-hubble-ui:v0.13.5,rancher/v2.16-head,libcrypto3,3.5.6-r0,alpine,CVE-2026-14456,HIGH,https://avd.aquasec.com/nvd/cve-2026-14456,rancher/mirrored-cilium-hubble-ui:v0.13.5 (alpine 3.23.3),3.5.8-r0,true,affected,
rancher/mirrored-cilium-hubble-ui:v0.13.5,rancher/v2.16-head,libssl3,3.5.6-r0,alpine,CVE-2026-14456,HIGH,https://avd.aquasec.com/nvd/cve-2026-14456,rancher/mirrored-cilium-hubble-ui:v0.13.5 (alpine 3.23.3),3.5.8-r0,true,affected,
rancher/mirrored-cilium-hubble-ui:v0.13.5,rancher/v2.16-head,libcrypto3,3.5.6-r0,alpine,CVE-2026-45447,HIGH,https://avd.aquasec.com/nvd/cve-2026-45447,rancher/mirrored-cilium-hubble-ui:v0.13.5 (alpine 3.23.3),3.5.7-r0,true,affected,
rancher/mirrored-cilium-hubble-ui:v0.13.5,rancher/v2.16-head,libssl3,3.5.6-r0,alpine,CVE-2026-45447,HIGH,https://avd.aquasec.com/nvd/cve-2026-45447,rancher/mirrored-cilium-hubble-ui:v0.13.5 (alpine 3.23.3),3.5.7-r0,true,affected,
rancher/mirrored-cilium-operator-aws:v1.20.1,rancher/v2.16-head,stdlib,v1.26.5,gobinary,CVE-2026-33818,HIGH,https://avd.aquasec.com/nvd/cve-2026-33818,usr/bin/cilium-operator-aws,"1.25.13, 1.26.6, 1.27.0-rc.3",true,affected,
rancher/mirrored-cilium-operator-aws:v1.20.1,rancher/v2.16-head,stdlib,v1.26.5,gobinary,CVE-2026-33818,HIGH,https://avd.aquasec.com/nvd/cve-2026-33818,usr/bin/gops,"1.25.13, 1.26.6, 1.27.0-rc.3",true,affected,
rancher/mirrored-cilium-operator-aws:v1.20.1,rancher/v2.16-head,stdlib,v1.26.5,gobinary,CVE-2026-39821,HIGH,https://avd.aquasec.com/nvd/cve-2026-39821,usr/bin/cilium-operator-aws,"1.25.13, 1.26.6, 1.27.0-rc.3",true,affected,
rancher/mirrored-cilium-operator-aws:v1.20.1,rancher/v2.16-head,stdlib,v1.26.5,gobinary,CVE-2026-39821,HIGH,https://avd.aquasec.com/nvd/cve-2026-39821,usr/bin/gops,"1.25.13, 1.26.6, 1.27.0-rc.3",true,affected,
rancher/mirrored-cilium-operator-aws:v1.20.1,rancher/v2.16-head,stdlib,v1.26.5,gobinary,CVE-2026-46600,HIGH,https://avd.aquasec.com/nvd/cve-2026-46600,usr/bin/cilium-operator-aws,"1.26.6, 1.27.0-rc.3",true,not_affected,vulnerable_code_not_in_execute_path
rancher/mirrored-cilium-operator-aws:v1.20.1,rancher/v2.16-head,github.com/osrg/gobgp/v4,v4.6.1-0.20260630022313-d6dee8360046,gobinary,CVE-2026-49838,MEDIUM,https://avd.aquasec.com/nvd/cve-2026-49838,usr/bin/cilium-operator-aws,4.7.0,true,not_affected,vulnerable_code_not_in_execute_path
rancher/mirrored-cilium-operator-aws:v1.20.1,rancher/v2.16-head,stdlib,v1.26.5,gobinary,CVE-2026-56853,HIGH,https://avd.aquasec.com/nvd/cve-2026-56853,usr/bin/cilium-operator-aws,"1.25.13, 1.26.6, 1.27.0-rc.3",true,affected,
rancher/mirrored-cilium-operator-aws:v1.20.1,rancher/v2.16-head,stdlib,v1.26.5,gobinary,CVE-2026-56853,HIGH,https://avd.aquasec.com/nvd/cve-2026-56853,usr/bin/gops,"1.25.13, 1.26.6, 1.27.0-rc.3",true,affected,
rancher/mirrored-cilium-operator-aws:v1.20.1,rancher/v2.16-head,golang.org/x/crypto,v0.53.0,gobinary,CVE-2026-56854,HIGH,https://avd.aquasec.com/nvd/cve-2026-56854,usr/bin/cilium-operator-aws,0.55.0,true,not_affected,vulnerable_code_not_in_execute_path
rancher/mirrored-cilium-operator-aws:v1.20.1,rancher/v2.16-head,golang.org/x/crypto,v0.53.0,gobinary,CVE-2026-56855,HIGH,https://avd.aquasec.com/nvd/cve-2026-56855,usr/bin/cilium-operator-aws,0.56.0,true,affected,severity_changed_due_to_suse_cvss_score
rancher/mirrored-cilium-operator-aws:v1.20.1,rancher/v2.16-head,stdlib,v1.26.5,gobinary,CVE-2026-56859,HIGH,https://avd.aquasec.com/nvd/cve-2026-56859,usr/bin/cilium-operator-aws,"1.25.13, 1.26.6, 1.27.0-rc.3",true,affected,
rancher/mirrored-cilium-operator-aws:v1.20.1,rancher/v2.16-head,stdlib,v1.26.5,gobinary,CVE-2026-56859,HIGH,https://avd.aquasec.com/nvd/cve-2026-56859,usr/bin/gops,"1.25.13, 1.26.6, 1.27.0-rc.3",true,affected,
rancher/mirrored-cilium-operator-aws:v1.20.1,rancher/v2.16-head,stdlib,v1.26.5,gobinary,CVE-2026-56862,HIGH,https://avd.aquasec.com/nvd/cve-2026-56862,usr/bin/cilium-operator-aws,"1.25.13, 1.26.6, 1.27.0-rc.3",true,affected,
rancher/mirrored-cilium-operator-aws:v1.20.1,rancher/v2.16-head,stdlib,v1.26.5,gobinary,CVE-2026-56862,HIGH,https://avd.aquasec.com/nvd/cve-2026-56862,usr/bin/gops,"1.25.13, 1.26.6, 1.27.0-rc.3",true,affected,
rancher/mirrored-cilium-operator-aws:v1.20.1,rancher/v2.16-head,golang.org/x/crypto,v0.53.0,gobinary,CVE-2026-78662,HIGH,https://avd.aquasec.com/nvd/cve-2026-78662,usr/bin/cilium-operator-aws,0.56.0,true,affected,severity_changed_due_to_suse_cvss_score
rancher/mirrored-cilium-operator-aws:v1.20.1,rancher/v2.16-head,google.golang.org/grpc,v1.82.1,gobinary,CVE-2026-84303,MEDIUM,https://avd.aquasec.com/nvd/cve-2026-84303,usr/bin/cilium-operator-aws,1.83.1,true,not_affected,vulnerable_code_not_present
rancher/mirrored-cilium-operator-aws:v1.20.1,rancher/v2.16-head,google.golang.org/grpc,v1.82.1,gobinary,CVE-2026-84304,HIGH,https://avd.aquasec.com/nvd/cve-2026-84304,usr/bin/cilium-operator-aws,1.83.1,true,affected,
rancher/mirrored-cilium-operator-aws:v1.20.1,rancher/v2.16-head,google.golang.org/grpc,v1.82.1,gobinary,CVE-2026-84445,HIGH,https://avd.aquasec.com/nvd/cve-2026-84445,usr/bin/cilium-operator-aws,"1.82.2, 1.83.2, 1.85.0-dev.0.20260825072537-93e31b48545e",true,affected,
rancher/mirrored-cilium-operator-azure:v1.20.1,rancher/v2.16-head,stdlib,v1.26.5,gobinary,CVE-2026-33818,HIGH,https://avd.aquasec.com/nvd/cve-2026-33818,usr/bin/cilium-operator-azure,"1.25.13, 1.26.6, 1.27.0-rc.3",true,affected,
rancher/mirrored-cilium-operator-azure:v1.20.1,rancher/v2.16-head,stdlib,v1.26.5,gobinary,CVE-2026-33818,HIGH,https://avd.aquasec.com/nvd/cve-2026-33818,usr/bin/gops,"1.25.13, 1.26.6, 1.27.0-rc.3",true,affected,
rancher/mirrored-cilium-operator-azure:v1.20.1,rancher/v2.16-head,stdlib,v1.26.5,gobinary,CVE-2026-39821,HIGH,https://avd.aquasec.com/nvd/cve-2026-39821,usr/bin/cilium-operator-azure,"1.25.13, 1.26.6, 1.27.0-rc.3",true,affected,
rancher/mirrored-cilium-operator-azure:v1.20.1,rancher/v2.16-head,stdlib,v1.26.5,gobinary,CVE-2026-39821,HIGH,https://avd.aquasec.com/nvd/cve-2026-39821,usr/bin/gops,"1.25.13, 1.26.6, 1.27.0-rc.3",true,affected,
rancher/mirrored-cilium-operator-azure:v1.20.1,rancher/v2.16-head,stdlib,v1.26.5,gobinary,CVE-2026-46600,HIGH,https://avd.aquasec.com/nvd/cve-2026-46600,usr/bin/cilium-operator-azure,"1.26.6, 1.27.0-rc.3",true,not_affected,vulnerable_code_not_in_execute_path
rancher/mirrored-cilium-operator-azure:v1.20.1,rancher/v2.16-head,github.com/osrg/gobgp/v4,v4.6.1-0.20260630022313-d6dee8360046,gobinary,CVE-2026-49838,MEDIUM,https://avd.aquasec.com/nvd/cve-2026-49838,usr/bin/cilium-operator-azure,4.7.0,true,not_affected,vulnerable_code_not_in_execute_path
rancher/mirrored-cilium-operator-azure:v1.20.1,rancher/v2.16-head,stdlib,v1.26.5,gobinary,CVE-2026-56853,HIGH,https://avd.aquasec.com/nvd/cve-2026-56853,usr/bin/cilium-operator-azure,"1.25.13, 1.26.6, 1.27.0-rc.3",true,affected,
rancher/mirrored-cilium-operator-azure:v1.20.1,rancher/v2.16-head,stdlib,v1.26.5,gobinary,CVE-2026-56853,HIGH,https://avd.aquasec.com/nvd/cve-2026-56853,usr/bin/gops,"1.25.13, 1.26.6, 1.27.0-rc.3",true,affected,
rancher/mirrored-cilium-operator-azure:v1.20.1,rancher/v2.16-head,golang.org/x/crypto,v0.53.0,gobinary,CVE-2026-56854,HIGH,https://avd.aquasec.com/nvd/cve-2026-56854,usr/bin/cilium-operator-azure,0.55.0,true,not_affected,vulnerable_code_not_in_execute_path
rancher/mirrored-cilium-operator-azure:v1.20.1,rancher/v2.16-head,golang.org/x/crypto,v0.53.0,gobinary,CVE-2026-56855,HIGH,https://avd.aquasec.com/nvd/cve-2026-56855,usr/bin/cilium-operator-azure,0.56.0,true,affected,severity_changed_due_to_suse_cvss_score
rancher/mirrored-cilium-operator-azure:v1.20.1,rancher/v2.16-head,stdlib,v1.26.5,gobinary,CVE-2026-56859,HIGH,https://avd.aquasec.com/nvd/cve-2026-56859,usr/bin/cilium-operator-azure,"1.25.13, 1.26.6, 1.27.0-rc.3",true,affected,
rancher/mirrored-cilium-operator-azure:v1.20.1,rancher/v2.16-head,stdlib,v1.26.5,gobinary,CVE-2026-56859,HIGH,https://avd.aquasec.com/nvd/cve-2026-56859,usr/bin/gops,"1.25.13, 1.26.6, 1.27.0-rc.3",true,affected,
rancher/mirrored-cilium-operator-azure:v1.20.1,rancher/v2.16-head,stdlib,v1.26.5,gobinary,CVE-2026-56862,HIGH,https://avd.aquasec.com/nvd/cve-2026-56862,usr/bin/cilium-operator-azure,"1.25.13, 1.26.6, 1.27.0-rc.3",true,affected,
rancher/mirrored-cilium-operator-azure:v1.20.1,rancher/v2.16-head,stdlib,v1.26.5,gobinary,CVE-2026-56862,HIGH,https://avd.aquasec.com/nvd/cve-2026-56862,usr/bin/gops,"1.25.13, 1.26.6, 1.27.0-rc.3",true,affected,
rancher/mirrored-cilium-operator-azure:v1.20.1,rancher/v2.16-head,golang.org/x/crypto,v0.53.0,gobinary,CVE-2026-78662,HIGH,https://avd.aquasec.com/nvd/cve-2026-78662,usr/bin/cilium-operator-azure,0.56.0,true,affected,severity_changed_due_to_suse_cvss_score
rancher/mirrored-cilium-operator-azure:v1.20.1,rancher/v2.16-head,google.golang.org/grpc,v1.82.1,gobinary,CVE-2026-84303,MEDIUM,https://avd.aquasec.com/nvd/cve-2026-84303,usr/bin/cilium-operator-azure,1.83.1,true,not_affected,vulnerable_code_not_present
rancher/mirrored-cilium-operator-azure:v1.20.1,rancher/v2.16-head,google.golang.org/grpc,v1.82.1,gobinary,CVE-2026-84304,HIGH,https://avd.aquasec.com/nvd/cve-2026-84304,usr/bin/cilium-operator-azure,1.83.1,true,affected,
rancher/mirrored-cilium-operator-azure:v1.20.1,rancher/v2.16-head,google.golang.org/grpc,v1.82.1,gobinary,CVE-2026-84445,HIGH,https://avd.aquasec.com/nvd/cve-2026-84445,usr/bin/cilium-operator-azure,"1.82.2, 1.83.2, 1.85.0-dev.0.20260825072537-93e31b48545e",true,affected,
rancher/mirrored-cilium-operator-generic:v1.20.1,rancher/v2.16-head,stdlib,v1.26.5,gobinary,CVE-2026-33818,HIGH,https://avd.aquasec.com/nvd/cve-2026-33818,usr/bin/cilium-operator-generic,"1.25.13, 1.26.6, 1.27.0-rc.3",true,affected,
rancher/mirrored-cilium-operator-generic:v1.20.1,rancher/v2.16-head,stdlib,v1.26.5,gobinary,CVE-2026-33818,HIGH,https://avd.aquasec.com/nvd/cve-2026-33818,usr/bin/gops,"1.25.13, 1.26.6, 1.27.0-rc.3",true,affected,
rancher/mirrored-cilium-operator-generic:v1.20.1,rancher/v2.16-head,stdlib,v1.26.5,gobinary,CVE-2026-39821,HIGH,https://avd.aquasec.com/nvd/cve-2026-39821,usr/bin/cilium-operator-generic,"1.25.13, 1.26.6, 1.27.0-rc.3",true,affected,
rancher/mirrored-cilium-operator-generic:v1.20.1,rancher/v2.16-head,stdlib,v1.26.5,gobinary,CVE-2026-39821,HIGH,https://avd.aquasec.com/nvd/cve-2026-39821,usr/bin/gops,"1.25.13, 1.26.6, 1.27.0-rc.3",true,affected,
rancher/mirrored-cilium-operator-generic:v1.20.1,rancher/v2.16-head,stdlib,v1.26.5,gobinary,CVE-2026-46600,HIGH,https://avd.aquasec.com/nvd/cve-2026-46600,usr/bin/cilium-operator-generic,"1.26.6, 1.27.0-rc.3",true,not_affected,vulnerable_code_not_in_execute_path
rancher/mirrored-cilium-operator-generic:v1.20.1,rancher/v2.16-head,github.com/osrg/gobgp/v4,v4.6.1-0.20260630022313-d6dee8360046,gobinary,CVE-2026-49838,MEDIUM,https://avd.aquasec.com/nvd/cve-2026-49838,usr/bin/cilium-operator-generic,4.7.0,true,not_affected,vulnerable_code_not_in_execute_path
rancher/mirrored-cilium-operator-generic:v1.20.1,rancher/v2.16-head,stdlib,v1.26.5,gobinary,CVE-2026-56853,HIGH,https://avd.aquasec.com/nvd/cve-2026-56853,usr/bin/cilium-operator-generic,"1.25.13, 1.26.6, 1.27.0-rc.3",true,affected,
rancher/mirrored-cilium-operator-generic:v1.20.1,rancher/v2.16-head,stdlib,v1.26.5,gobinary,CVE-2026-56853,HIGH,https://avd.aquasec.com/nvd/cve-2026-56853,usr/bin/gops,"1.25.13, 1.26.6, 1.27.0-rc.3",true,affected,
rancher/mirrored-cilium-operator-generic:v1.20.1,rancher/v2.16-head,golang.org/x/crypto,v0.53.0,gobinary,CVE-2026-56854,HIGH,https://avd.aquasec.com/nvd/cve-2026-56854,usr/bin/cilium-operator-generic,0.55.0,true,not_affected,vulnerable_code_not_in_execute_path
rancher/mirrored-cilium-operator-generic:v1.20.1,rancher/v2.16-head,golang.org/x/crypto,v0.53.0,gobinary,CVE-2026-56855,HIGH,https://avd.aquasec.com/nvd/cve-2026-56855,usr/bin/cilium-operator-generic,0.56.0,true,affected,severity_changed_due_to_suse_cvss_score
rancher/mirrored-cilium-operator-generic:v1.20.1,rancher/v2.16-head,stdlib,v1.26.5,gobinary,CVE-2026-56859,HIGH,https://avd.aquasec.com/nvd/cve-2026-56859,usr/bin/cilium-operator-generic,"1.25.13, 1.26.6, 1.27.0-rc.3",true,affected,
rancher/mirrored-cilium-operator-generic:v1.20.1,rancher/v2.16-head,stdlib,v1.26.5,gobinary,CVE-2026-56859,HIGH,https://avd.aquasec.com/nvd/cve-2026-56859,usr/bin/gops,"1.25.13, 1.26.6, 1.27.0-rc.3",true,affected,
rancher/mirrored-cilium-operator-generic:v1.20.1,rancher/v2.16-head,stdlib,v1.26.5,gobinary,CVE-2026-56862,HIGH,https://avd.aquasec.com/nvd/cve-2026-56862,usr/bin/cilium-operator-generic,"1.25.13, 1.26.6, 1.27.0-rc.3",true,affected,
rancher/mirrored-cilium-operator-generic:v1.20.1,rancher/v2.16-head,stdlib,v1.26.5,gobinary,CVE-2026-56862,HIGH,https://avd.aquasec.com/nvd/cve-2026-56862,usr/bin/gops,"1.25.13, 1.26.6, 1.27.0-rc.3",true,affected,
rancher/mirrored-cilium-operator-generic:v1.20.1,rancher/v2.16-head,golang.org/x/crypto,v0.53.0,gobinary,CVE-2026-78662,HIGH,https://avd.aquasec.com/nvd/cve-2026-78662,usr/bin/cilium-operator-generic,0.56.0,true,affected,severity_changed_due_to_suse_cvss_score
rancher/mirrored-cilium-operator-generic:v1.20.1,rancher/v2.16-head,google.golang.org/grpc,v1.82.1,gobinary,CVE-2026-84303,MEDIUM,https://avd.aquasec.com/nvd/cve-2026-84303,usr/bin/cilium-operator-generic,1.83.1,true,not_affected,vulnerable_code_not_present
rancher/mirrored-cilium-operator-generic:v1.20.1,rancher/v2.16-head,google.golang.org/grpc,v1.82.1,gobinary,CVE-2026-84304,HIGH,https://avd.aquasec.com/nvd/cve-2026-84304,usr/bin/cilium-operator-generic,1.83.1,true,affected,
rancher/mirrored-cilium-operator-generic:v1.20.1,rancher/v2.16-head,google.golang.org/grpc,v1.82.1,gobinary,CVE-2026-84445,HIGH,https://avd.aquasec.com/nvd/cve-2026-84445,usr/bin/cilium-operator-generic,"1.82.2, 1.83.2, 1.85.0-dev.0.20260825072537-93e31b48545e",true,affected,
rancher/mirrored-cloud-provider-vsphere-csi-release-driver:v3.7.3,rancher/v2.16-head,libxml2,2.15.3-1.ph5,photon,CVE-2026-11979,HIGH,https://avd.aquasec.com/nvd/cve-2026-11979,rancher/mirrored-cloud-provider-vsphere-csi-release-driver:v3.7.3 (photon 5.0),2.15.3-2.ph5,true,affected,
rancher/mirrored-cloud-provider-vsphere-csi-release-driver:v3.7.3,rancher/v2.16-head,openssl,3.5.7-2.ph5,photon,CVE-2026-14456,HIGH,https://avd.aquasec.com/nvd/cve-2026-14456,rancher/mirrored-cloud-provider-vsphere-csi-release-driver:v3.7.3 (photon 5.0),3.5.7-5.ph5,true,affected,
rancher/mirrored-cloud-provider-vsphere-csi-release-driver:v3.7.3,rancher/v2.16-head,openssl-libs,3.5.7-2.ph5,photon,CVE-2026-14456,HIGH,https://avd.aquasec.com/nvd/cve-2026-14456,rancher/mirrored-cloud-provider-vsphere-csi-release-driver:v3.7.3 (photon 5.0),3.5.7-5.ph5,true,affected,
rancher/mirrored-cloud-provider-vsphere-csi-release-driver:v3.7.3,rancher/v2.16-head,openssl,3.5.7-2.ph5,photon,CVE-2026-14457,HIGH,https://avd.aquasec.com/nvd/cve-2026-14457,rancher/mirrored-cloud-provider-vsphere-csi-release-driver:v3.7.3 (photon 5.0),3.5.8-0.1.ph5,true,affected,
rancher/mirrored-cloud-provider-vsphere-csi-release-driver:v3.7.3,rancher/v2.16-head,openssl-libs,3.5.7-2.ph5,photon,CVE-2026-14457,HIGH,https://avd.aquasec.com/nvd/cve-2026-14457,rancher/mirrored-cloud-provider-vsphere-csi-release-driver:v3.7.3 (photon 5.0),3.5.8-0.1.ph5,true,affected,
rancher/mirrored-cloud-provider-vsphere-csi-release-driver:v3.7.3,rancher/v2.16-head,python3,3.14.5-5.ph5,photon,CVE-2026-15308,HIGH,https://avd.aquasec.com/nvd/cve-2026-15308,rancher/mirrored-cloud-provider-vsphere-csi-release-driver:v3.7.3 (photon 5.0),3.14.7-1.ph5,true,affected,
rancher/mirrored-cloud-provider-vsphere-csi-release-driver:v3.7.3,rancher/v2.16-head,python3-libs,3.14.5-5.ph5,photon,CVE-2026-15308,HIGH,https://avd.aquasec.com/nvd/cve-2026-15308,rancher/mirrored-cloud-provider-vsphere-csi-release-driver:v3.7.3 (photon 5.0),3.14.7-1.ph5,true,affected,
rancher/mirrored-cloud-provider-vsphere-csi-release-driver:v3.7.3,rancher/v2.16-head,nss-libs,3.78-12.ph5,photon,CVE-2026-16389,CRITICAL,https://avd.aquasec.com/nvd/cve-2026-16389,rancher/mirrored-cloud-provider-vsphere-csi-release-driver:v3.7.3 (photon 5.0),3.78-13.ph5,true,affected,
rancher/mirrored-cloud-provider-vsphere-csi-release-driver:v3.7.3,rancher/v2.16-head,openssl,3.5.7-2.ph5,photon,CVE-2026-18798,HIGH,https://avd.aquasec.com/nvd/cve-2026-18798,rancher/mirrored-cloud-provider-vsphere-csi-release-driver:v3.7.3 (photon 5.0),3.5.8-0.1.ph5,true,affected,
rancher/mirrored-cloud-provider-vsphere-csi-release-driver:v3.7.3,rancher/v2.16-head,openssl-libs,3.5.7-2.ph5,photon,CVE-2026-18798,HIGH,https://avd.aquasec.com/nvd/cve-2026-18798,rancher/mirrored-cloud-provider-vsphere-csi-release-driver:v3.7.3 (photon 5.0),3.5.8-0.1.ph5,true,affected,
rancher/mirrored-cloud-provider-vsphere-csi-release-driver:v3.7.3,rancher/v2.16-head,stdlib,v1.26.5,gobinary,CVE-2026-33818,HIGH,https://avd.aquasec.com/nvd/cve-2026-33818,usr/bin/vsphere-csi,"1.25.13, 1.26.6, 1.27.0-rc.3",true,affected,
rancher/mirrored-cloud-provider-vsphere-csi-release-driver:v3.7.3,rancher/v2.16-head,stdlib,v1.26.5,gobinary,CVE-2026-39821,HIGH,https://avd.aquasec.com/nvd/cve-2026-39821,usr/bin/vsphere-csi,"1.25.13, 1.26.6, 1.27.0-rc.3",true,affected,
rancher/mirrored-cloud-provider-vsphere-csi-release-driver:v3.7.3,rancher/v2.16-head,krb5,1.20.2-14.ph5,photon,CVE-2026-40355,HIGH,https://avd.aquasec.com/nvd/cve-2026-40355,rancher/mirrored-cloud-provider-vsphere-csi-release-driver:v3.7.3 (photon 5.0),1.20.2-15.ph5,true,affected,
rancher/mirrored-cloud-provider-vsphere-csi-release-driver:v3.7.3,rancher/v2.16-head,rpm-libs,6.0.1-4.ph5,photon,CVE-2026-44604,HIGH,https://avd.aquasec.com/nvd/cve-2026-44604,rancher/mirrored-cloud-provider-vsphere-csi-release-driver:v3.7.3 (photon 5.0),6.0.1-5.ph5,true,affected,
rancher/mirrored-cloud-provider-vsphere-csi-release-driver:v3.7.3,rancher/v2.16-head,golang.org/x/net,v0.55.0,gobinary,CVE-2026-46600,HIGH,https://avd.aquasec.com/nvd/cve-2026-46600,usr/bin/vsphere-csi,0.56.0,true,not_affected,vulnerable_code_not_present
rancher/mirrored-cloud-provider-vsphere-csi-release-driver:v3.7.3,rancher/v2.16-head,libacl,2.3.1-7.ph5,photon,CVE-2026-54369,HIGH,https://avd.aquasec.com/nvd/cve-2026-54369,rancher/mirrored-cloud-provider-vsphere-csi-release-driver:v3.7.3 (photon 5.0),2.4.0-1.ph5,true,affected,
rancher/mirrored-cloud-provider-vsphere-csi-release-driver:v3.7.3,rancher/v2.16-head,openssl,3.5.7-2.ph5,photon,CVE-2026-54874,HIGH,https://avd.aquasec.com/nvd/cve-2026-54874,rancher/mirrored-cloud-provider-vsphere-csi-release-driver:v3.7.3 (photon 5.0),3.5.8-0.1.ph5,true,affected,
rancher/mirrored-cloud-provider-vsphere-csi-release-driver:v3.7.3,rancher/v2.16-head,openssl-libs,3.5.7-2.ph5,photon,CVE-2026-54874,HIGH,https://avd.aquasec.com/nvd/cve-2026-54874,rancher/mirrored-cloud-provider-vsphere-csi-release-driver:v3.7.3 (photon 5.0),3.5.8-0.1.ph5,true,affected,
rancher/mirrored-cloud-provider-vsphere-csi-release-driver:v3.7.3,rancher/v2.16-head,golang.org/x/text,v0.38.0,gobinary,CVE-2026-56852,HIGH,https://avd.aquasec.com/nvd/cve-2026-56852,usr/bin/vsphere-csi,0.39.0,true,not_affected,vulnerable_code_not_in_execute_path
rancher/mirrored-cloud-provider-vsphere-csi-release-driver:v3.7.3,rancher/v2.16-head,stdlib,v1.26.5,gobinary,CVE-2026-56853,HIGH,https://avd.aquasec.com/nvd/cve-2026-56853,usr/bin/vsphere-csi,"1.25.13, 1.26.6, 1.27.0-rc.3",true,affected,
rancher/mirrored-cloud-provider-vsphere-csi-release-driver:v3.7.3,rancher/v2.16-head,stdlib,v1.26.5,gobinary,CVE-2026-56859,HIGH,https://avd.aquasec.com/nvd/cve-2026-56859,usr/bin/vsphere-csi,"1.25.13, 1.26.6, 1.27.0-rc.3",true,affected,
rancher/mirrored-cloud-provider-vsphere-csi-release-driver:v3.7.3,rancher/v2.16-head,stdlib,v1.26.5,gobinary,CVE-2026-56862,HIGH,https://avd.aquasec.com/nvd/cve-2026-56862,usr/bin/vsphere-csi,"1.25.13, 1.26.6, 1.27.0-rc.3",true,affected,
rancher/mirrored-cloud-provider-vsphere-csi-release-driver:v3.7.3,rancher/v2.16-head,glib,2.88.0-5.ph5,photon,CVE-2026-58010,HIGH,https://avd.aquasec.com/nvd/cve-2026-58010,rancher/mirrored-cloud-provider-vsphere-csi-release-driver:v3.7.3 (photon 5.0),2.89.2-2.ph5,true,affected,
rancher/mirrored-cloud-provider-vsphere-csi-release-driver:v3.7.3,rancher/v2.16-head,glib,2.88.0-5.ph5,photon,CVE-2026-58011,HIGH,https://avd.aquasec.com/nvd/cve-2026-58011,rancher/mirrored-cloud-provider-vsphere-csi-release-driver:v3.7.3 (photon 5.0),2.89.2-2.ph5,true,affected,
rancher/mirrored-cloud-provider-vsphere-csi-release-driver:v3.7.3,rancher/v2.16-head,glib,2.88.0-5.ph5,photon,CVE-2026-58012,HIGH,https://avd.aquasec.com/nvd/cve-2026-58012,rancher/mirrored-cloud-provider-vsphere-csi-release-driver:v3.7.3 (photon 5.0),2.89.2-2.ph5,true,affected,
rancher/mirrored-cloud-provider-vsphere-csi-release-driver:v3.7.3,rancher/v2.16-head,glib,2.88.0-5.ph5,photon,CVE-2026-58013,HIGH,https://avd.aquasec.com/nvd/cve-2026-58013,rancher/mirrored-cloud-provider-vsphere-csi-release-driver:v3.7.3 (photon 5.0),2.89.2-2.ph5,true,affected,
rancher/mirrored-cloud-provider-vsphere-csi-release-driver:v3.7.3,rancher/v2.16-head,glib,2.88.0-5.ph5,photon,CVE-2026-58015,HIGH,https://avd.aquasec.com/nvd/cve-2026-58015,rancher/mirrored-cloud-provider-vsphere-csi-release-driver:v3.7.3 (photon 5.0),2.89.2-2.ph5,true,affected,
rancher/mirrored-cloud-provider-vsphere-csi-release-driver:v3.7.3,rancher/v2.16-head,glib,2.88.0-5.ph5,photon,CVE-2026-58016,CRITICAL,https://avd.aquasec.com/nvd/cve-2026-58016,rancher/mirrored-cloud-provider-vsphere-csi-release-driver:v3.7.3 (photon 5.0),2.89.2-2.ph5,true,affected,
rancher/mirrored-cloud-provider-vsphere-csi-release-driver:v3.7.3,rancher/v2.16-head,openssl,3.5.7-2.ph5,photon,CVE-2026-63072,HIGH,https://avd.aquasec.com/nvd/cve-2026-63072,rancher/mirrored-cloud-provider-vsphere-csi-release-driver:v3.7.3 (photon 5.0),3.5.8-0.1.ph5,true,affected,
rancher/mirrored-cloud-provider-vsphere-csi-release-driver:v3.7.3,rancher/v2.16-head,openssl-libs,3.5.7-2.ph5,photon,CVE-2026-63072,HIGH,https://avd.aquasec.com/nvd/cve-2026-63072,rancher/mirrored-cloud-provider-vsphere-csi-release-driver:v3.7.3 (photon 5.0),3.5.8-0.1.ph5,true,affected,
rancher/mirrored-cloud-provider-vsphere-csi-release-driver:v3.7.3,rancher/v2.16-head,openssl,3.5.7-2.ph5,photon,CVE-2026-63073,CRITICAL,https://avd.aquasec.com/nvd/cve-2026-63073,rancher/mirrored-cloud-provider-vsphere-csi-release-driver:v3.7.3 (photon 5.0),3.5.8-0.1.ph5,true,affected,
rancher/mirrored-cloud-provider-vsphere-csi-release-driver:v3.7.3,rancher/v2.16-head,openssl-libs,3.5.7-2.ph5,photon,CVE-2026-63073,CRITICAL,https://avd.aquasec.com/nvd/cve-2026-63073,rancher/mirrored-cloud-provider-vsphere-csi-release-driver:v3.7.3 (photon 5.0),3.5.8-0.1.ph5,true,affected,
rancher/mirrored-cloud-provider-vsphere-csi-release-driver:v3.7.3,rancher/v2.16-head,openssl,3.5.7-2.ph5,photon,CVE-2026-63075,HIGH,https://avd.aquasec.com/nvd/cve-2026-63075,rancher/mirrored-cloud-provider-vsphere-csi-release-driver:v3.7.3 (photon 5.0),3.5.8-0.1.ph5,true,affected,
rancher/mirrored-cloud-provider-vsphere-csi-release-driver:v3.7.3,rancher/v2.16-head,openssl-libs,3.5.7-2.ph5,photon,CVE-2026-63075,HIGH,https://avd.aquasec.com/nvd/cve-2026-63075,rancher/mirrored-cloud-provider-vsphere-csi-release-driver:v3.7.3 (photon 5.0),3.5.8-0.1.ph5,true,affected,
rancher/mirrored-cloud-provider-vsphere-csi-release-driver:v3.7.3,rancher/v2.16-head,openssl,3.5.7-2.ph5,photon,CVE-2026-63076,HIGH,https://avd.aquasec.com/nvd/cve-2026-63076,rancher/mirrored-cloud-provider-vsphere-csi-release-driver:v3.7.3 (photon 5.0),3.5.8-0.1.ph5,true,affected,
rancher/mirrored-cloud-provider-vsphere-csi-release-driver:v3.7.3,rancher/v2.16-head,openssl-libs,3.5.7-2.ph5,photon,CVE-2026-63076,HIGH,https://avd.aquasec.com/nvd/cve-2026-63076,rancher/mirrored-cloud-provider-vsphere-csi-release-driver:v3.7.3 (photon 5.0),3.5.8-0.1.ph5,true,affected,
rancher/mirrored-cloud-provider-vsphere-csi-release-driver:v3.7.3,rancher/v2.16-head,libssh2,1.11.1-5.ph5,photon,CVE-2026-66033,HIGH,https://avd.aquasec.com/nvd/cve-2026-66033,rancher/mirrored-cloud-provider-vsphere-csi-release-driver:v3.7.3 (photon 5.0),1.11.1-6.ph5,true,affected,
rancher/mirrored-cloud-provider-vsphere-csi-release-driver:v3.7.3,rancher/v2.16-head,logger,2.41.5-1.ph5,photon,CVE-2026-76642,HIGH,https://avd.aquasec.com/nvd/cve-2026-76642,rancher/mirrored-cloud-provider-vsphere-csi-release-driver:v3.7.3 (photon 5.0),2.42.3-1.ph5,true,affected,
rancher/mirrored-cloud-provider-vsphere-csi-release-driver:v3.7.3,rancher/v2.16-head,logger-bin,2.41.5-1.ph5,photon,CVE-2026-76642,HIGH,https://avd.aquasec.com/nvd/cve-2026-76642,rancher/mirrored-cloud-provider-vsphere-csi-release-driver:v3.7.3 (photon 5.0),2.42.3-1.ph5,true,affected,
rancher/mirrored-cloud-provider-vsphere-csi-release-driver:v3.7.3,rancher/v2.16-head,util-linux,2.41.5-1.ph5,photon,CVE-2026-76642,HIGH,https://avd.aquasec.com/nvd/cve-2026-76642,rancher/mirrored-cloud-provider-vsphere-csi-release-driver:v3.7.3 (photon 5.0),2.42.3-1.ph5,true,affected,
rancher/mirrored-cloud-provider-vsphere-csi-release-driver:v3.7.3,rancher/v2.16-head,util-linux-libs,2.41.5-1.ph5,photon,CVE-2026-76642,HIGH,https://avd.aquasec.com/nvd/cve-2026-76642,rancher/mirrored-cloud-provider-vsphere-csi-release-driver:v3.7.3 (photon 5.0),2.42.3-1.ph5,true,affected,
rancher/mirrored-cloud-provider-vsphere-csi-release-driver:v3.7.3,rancher/v2.16-head,google.golang.org/grpc,v1.81.1,gobinary,CVE-2026-84303,CRITICAL,https://avd.aquasec.com/nvd/cve-2026-84303,usr/bin/vsphere-csi,1.83.1,true,affected,severity_changed_due_to_suse_cvss_score
rancher/mirrored-cloud-provider-vsphere-csi-release-driver:v3.7.3,rancher/v2.16-head,google.golang.org/grpc,v1.81.1,gobinary,CVE-2026-84304,HIGH,https://avd.aquasec.com/nvd/cve-2026-84304,usr/bin/vsphere-csi,1.83.1,true,affected,
rancher/mirrored-cloud-provider-vsphere-csi-release-driver:v3.7.3,rancher/v2.16-head,google.golang.org/grpc,v1.81.1,gobinary,CVE-2026-84445,HIGH,https://avd.aquasec.com/nvd/cve-2026-84445,usr/bin/vsphere-csi,"1.82.2, 1.83.2, 1.85.0-dev.0.20260825072537-93e31b48545e",true,affected,
rancher/mirrored-cloud-provider-vsphere-csi-release-driver:v3.7.3,rancher/v2.16-head,libxml2,2.15.3-1.ph5,photon,CVE-2026-86138,HIGH,https://avd.aquasec.com/nvd/cve-2026-86138,rancher/mirrored-cloud-provider-vsphere-csi-release-driver:v3.7.3 (photon 5.0),2.15.4-1.ph5,true,affected,
rancher/mirrored-cloud-provider-vsphere-csi-release-driver:v3.7.3,rancher/v2.16-head,libxml2,2.15.3-1.ph5,photon,CVE-2026-86139,HIGH,https://avd.aquasec.com/nvd/cve-2026-86139,rancher/mirrored-cloud-provider-vsphere-csi-release-driver:v3.7.3 (photon 5.0),2.15.4-1.ph5,true,affected,
rancher/mirrored-cloud-provider-vsphere-csi-release-driver:v3.7.3,rancher/v2.16-head,libxml2,2.15.3-1.ph5,photon,CVE-2026-86140,CRITICAL,https://avd.aquasec.com/nvd/cve-2026-86140,rancher/mirrored-cloud-provider-vsphere-csi-release-driver:v3.7.3 (photon 5.0),2.15.4-1.ph5,true,affected,
rancher/mirrored-cloud-provider-vsphere-csi-release-driver:v3.7.3,rancher/v2.16-head,libxml2,2.15.3-1.ph5,photon,CVE-2026-86142,HIGH,https://avd.aquasec.com/nvd/cve-2026-86142,rancher/mirrored-cloud-provider-vsphere-csi-release-driver:v3.7.3 (photon 5.0),2.15.4-1.ph5,true,affected,
rancher/mirrored-cloud-provider-vsphere-csi-release-driver:v3.7.3,rancher/v2.16-head,libxml2,2.15.3-1.ph5,photon,CVE-2026-86143,HIGH,https://avd.aquasec.com/nvd/cve-2026-86143,rancher/mirrored-cloud-provider-vsphere-csi-release-driver:v3.7.3 (photon 5.0),2.15.4-1.ph5,true,affected,
rancher/mirrored-cloud-provider-vsphere-csi-release-driver:v3.7.3,rancher/v2.16-head,libxml2,2.15.3-1.ph5,photon,CVE-2026-86144,HIGH,https://avd.aquasec.com/nvd/cve-2026-86144,rancher/mirrored-cloud-provider-vsphere-csi-release-driver:v3.7.3 (photon 5.0),2.15.4-1.ph5,true,affected,
rancher/mirrored-cloud-provider-vsphere-csi-release-driver:v3.7.3,rancher/v2.16-head,google.golang.org/grpc,v1.81.1,gobinary,GHSA-hrxh-6v49-42gf,HIGH,https://github.com/advisories/GHSA-hrxh-6v49-42gf,usr/bin/vsphere-csi,1.82.1,true,affected,
rancher/mirrored-cloud-provider-vsphere-csi-release-syncer:v3.7.3,rancher/v2.16-head,openssl-libs,3.5.7-2.ph5,photon,CVE-2026-14456,HIGH,https://avd.aquasec.com/nvd/cve-2026-14456,rancher/mirrored-cloud-provider-vsphere-csi-release-syncer:v3.7.3 (photon 5.0),3.5.7-5.ph5,true,affected,
rancher/mirrored-cloud-provider-vsphere-csi-release-syncer:v3.7.3,rancher/v2.16-head,openssl-libs,3.5.7-2.ph5,photon,CVE-2026-14457,HIGH,https://avd.aquasec.com/nvd/cve-2026-14457,rancher/mirrored-cloud-provider-vsphere-csi-release-syncer:v3.7.3 (photon 5.0),3.5.8-0.1.ph5,true,affected,
rancher/mirrored-cloud-provider-vsphere-csi-release-syncer:v3.7.3,rancher/v2.16-head,nss-libs,3.78-12.ph5,photon,CVE-2026-16389,CRITICAL,https://avd.aquasec.com/nvd/cve-2026-16389,rancher/mirrored-cloud-provider-vsphere-csi-release-syncer:v3.7.3 (photon 5.0),3.78-13.ph5,true,affected,
rancher/mirrored-cloud-provider-vsphere-csi-release-syncer:v3.7.3,rancher/v2.16-head,openssl-libs,3.5.7-2.ph5,photon,CVE-2026-18798,HIGH,https://avd.aquasec.com/nvd/cve-2026-18798,rancher/mirrored-cloud-provider-vsphere-csi-release-syncer:v3.7.3 (photon 5.0),3.5.8-0.1.ph5,true,affected,
rancher/mirrored-cloud-provider-vsphere-csi-release-syncer:v3.7.3,rancher/v2.16-head,stdlib,v1.26.5,gobinary,CVE-2026-33818,HIGH,https://avd.aquasec.com/nvd/cve-2026-33818,usr/bin/vsphere-syncer,"1.25.13, 1.26.6, 1.27.0-rc.3",true,affected,
rancher/mirrored-cloud-provider-vsphere-csi-release-syncer:v3.7.3,rancher/v2.16-head,stdlib,v1.26.5,gobinary,CVE-2026-39821,HIGH,https://avd.aquasec.com/nvd/cve-2026-39821,usr/bin/vsphere-syncer,"1.25.13, 1.26.6, 1.27.0-rc.3",true,affected,
rancher/mirrored-cloud-provider-vsphere-csi-release-syncer:v3.7.3,rancher/v2.16-head,krb5,1.20.2-14.ph5,photon,CVE-2026-40355,HIGH,https://avd.aquasec.com/nvd/cve-2026-40355,rancher/mirrored-cloud-provider-vsphere-csi-release-syncer:v3.7.3 (photon 5.0),1.20.2-15.ph5,true,affected,
rancher/mirrored-cloud-provider-vsphere-csi-release-syncer:v3.7.3,rancher/v2.16-head,rpm-libs,6.0.1-4.ph5,photon,CVE-2026-44604,HIGH,https://avd.aquasec.com/nvd/cve-2026-44604,rancher/mirrored-cloud-provider-vsphere-csi-release-syncer:v3.7.3 (photon 5.0),6.0.1-5.ph5,true,affected,
rancher/mirrored-cloud-provider-vsphere-csi-release-syncer:v3.7.3,rancher/v2.16-head,golang.org/x/net,v0.55.0,gobinary,CVE-2026-46600,HIGH,https://avd.aquasec.com/nvd/cve-2026-46600,usr/bin/vsphere-syncer,0.56.0,true,not_affected,vulnerable_code_not_present
rancher/mirrored-cloud-provider-vsphere-csi-release-syncer:v3.7.3,rancher/v2.16-head,openssl-libs,3.5.7-2.ph5,photon,CVE-2026-54874,HIGH,https://avd.aquasec.com/nvd/cve-2026-54874,rancher/mirrored-cloud-provider-vsphere-csi-release-syncer:v3.7.3 (photon 5.0),3.5.8-0.1.ph5,true,affected,
rancher/mirrored-cloud-provider-vsphere-csi-release-syncer:v3.7.3,rancher/v2.16-head,golang.org/x/text,v0.38.0,gobinary,CVE-2026-56852,HIGH,https://avd.aquasec.com/nvd/cve-2026-56852,usr/bin/vsphere-syncer,0.39.0,true,not_affected,vulnerable_code_not_in_execute_path
rancher/mirrored-cloud-provider-vsphere-csi-release-syncer:v3.7.3,rancher/v2.16-head,stdlib,v1.26.5,gobinary,CVE-2026-56853,HIGH,https://avd.aquasec.com/nvd/cve-2026-56853,usr/bin/vsphere-syncer,"1.25.13, 1.26.6, 1.27.0-rc.3",true,affected,
rancher/mirrored-cloud-provider-vsphere-csi-release-syncer:v3.7.3,rancher/v2.16-head,stdlib,v1.26.5,gobinary,CVE-2026-56859,HIGH,https://avd.aquasec.com/nvd/cve-2026-56859,usr/bin/vsphere-syncer,"1.25.13, 1.26.6, 1.27.0-rc.3",true,affected,
rancher/mirrored-cloud-provider-vsphere-csi-release-syncer:v3.7.3,rancher/v2.16-head,stdlib,v1.26.5,gobinary,CVE-2026-56862,HIGH,https://avd.aquasec.com/nvd/cve-2026-56862,usr/bin/vsphere-syncer,"1.25.13, 1.26.6, 1.27.0-rc.3",true,affected,
rancher/mirrored-cloud-provider-vsphere-csi-release-syncer:v3.7.3,rancher/v2.16-head,openssl-libs,3.5.7-2.ph5,photon,CVE-2026-63072,HIGH,https://avd.aquasec.com/nvd/cve-2026-63072,rancher/mirrored-cloud-provider-vsphere-csi-release-syncer:v3.7.3 (photon 5.0),3.5.8-0.1.ph5,true,affected,
rancher/mirrored-cloud-provider-vsphere-csi-release-syncer:v3.7.3,rancher/v2.16-head,openssl-libs,3.5.7-2.ph5,photon,CVE-2026-63073,CRITICAL,https://avd.aquasec.com/nvd/cve-2026-63073,rancher/mirrored-cloud-provider-vsphere-csi-release-syncer:v3.7.3 (photon 5.0),3.5.8-0.1.ph5,true,affected,
rancher/mirrored-cloud-provider-vsphere-csi-release-syncer:v3.7.3,rancher/v2.16-head,openssl-libs,3.5.7-2.ph5,photon,CVE-2026-63075,HIGH,https://avd.aquasec.com/nvd/cve-2026-63075,rancher/mirrored-cloud-provider-vsphere-csi-release-syncer:v3.7.3 (photon 5.0),3.5.8-0.1.ph5,true,affected,
rancher/mirrored-cloud-provider-vsphere-csi-release-syncer:v3.7.3,rancher/v2.16-head,openssl-libs,3.5.7-2.ph5,photon,CVE-2026-63076,HIGH,https://avd.aquasec.com/nvd/cve-2026-63076,rancher/mirrored-cloud-provider-vsphere-csi-release-syncer:v3.7.3 (photon 5.0),3.5.8-0.1.ph5,true,affected,
rancher/mirrored-cloud-provider-vsphere-csi-release-syncer:v3.7.3,rancher/v2.16-head,libssh2,1.11.1-5.ph5,photon,CVE-2026-66033,HIGH,https://avd.aquasec.com/nvd/cve-2026-66033,rancher/mirrored-cloud-provider-vsphere-csi-release-syncer:v3.7.3 (photon 5.0),1.11.1-6.ph5,true,affected,
rancher/mirrored-cloud-provider-vsphere-csi-release-syncer:v3.7.3,rancher/v2.16-head,google.golang.org/grpc,v1.81.1,gobinary,CVE-2026-84303,CRITICAL,https://avd.aquasec.com/nvd/cve-2026-84303,usr/bin/vsphere-syncer,1.83.1,true,affected,severity_changed_due_to_suse_cvss_score
rancher/mirrored-cloud-provider-vsphere-csi-release-syncer:v3.7.3,rancher/v2.16-head,google.golang.org/grpc,v1.81.1,gobinary,CVE-2026-84304,HIGH,https://avd.aquasec.com/nvd/cve-2026-84304,usr/bin/vsphere-syncer,1.83.1,true,affected,
rancher/mirrored-cloud-provider-vsphere-csi-release-syncer:v3.7.3,rancher/v2.16-head,google.golang.org/grpc,v1.81.1,gobinary,CVE-2026-84445,HIGH,https://avd.aquasec.com/nvd/cve-2026-84445,usr/bin/vsphere-syncer,"1.82.2, 1.83.2, 1.85.0-dev.0.20260825072537-93e31b48545e",true,affected,
rancher/mirrored-cloud-provider-vsphere-csi-release-syncer:v3.7.3,rancher/v2.16-head,google.golang.org/grpc,v1.81.1,gobinary,GHSA-hrxh-6v49-42gf,HIGH,https://github.com/advisories/GHSA-hrxh-6v49-42gf,usr/bin/vsphere-syncer,1.82.1,true,affected,
rancher/mirrored-cloud-provider-vsphere:v1.37.0,rancher/v2.16-head,golang.org/x/crypto,v0.55.0,gobinary,CVE-2026-56855,MEDIUM,https://avd.aquasec.com/nvd/cve-2026-56855,bin/vsphere-cloud-controller-manager,0.56.0,true,not_affected,vulnerable_code_not_present
rancher/mirrored-cloud-provider-vsphere:v1.37.0,rancher/v2.16-head,golang.org/x/crypto,v0.55.0,gobinary,CVE-2026-78662,MEDIUM,https://avd.aquasec.com/nvd/cve-2026-78662,bin/vsphere-cloud-controller-manager,0.56.0,true,not_affected,vulnerable_code_not_present
rancher/mirrored-cloud-provider-vsphere:v1.37.0,rancher/v2.16-head,google.golang.org/grpc,v1.82.1,gobinary,CVE-2026-84303,CRITICAL,https://avd.aquasec.com/nvd/cve-2026-84303,bin/vsphere-cloud-controller-manager,1.83.1,true,affected,severity_changed_due_to_suse_cvss_score
rancher/mirrored-cloud-provider-vsphere:v1.37.0,rancher/v2.16-head,google.golang.org/grpc,v1.82.1,gobinary,CVE-2026-84304,HIGH,https://avd.aquasec.com/nvd/cve-2026-84304,bin/vsphere-cloud-controller-manager,1.83.1,true,affected,
rancher/mirrored-cloud-provider-vsphere:v1.37.0,rancher/v2.16-head,google.golang.org/grpc,v1.82.1,gobinary,CVE-2026-84445,HIGH,https://avd.aquasec.com/nvd/cve-2026-84445,bin/vsphere-cloud-controller-manager,"1.82.2, 1.83.2, 1.85.0-dev.0.20260825072537-93e31b48545e",true,affected,
rancher/mirrored-coredns-coredns:1.14.7,rancher/v2.16-head,github.com/coredns/coredns,v0.0.0-20260819003913-427fc80ed9ca,gobinary,CVE-2023-28452,HIGH,https://avd.aquasec.com/nvd/cve-2023-28452,coredns,1.11.0,true,affected,
rancher/mirrored-coredns-coredns:1.14.7,rancher/v2.16-head,github.com/coredns/coredns,v0.0.0-20260819003913-427fc80ed9ca,gobinary,CVE-2025-68151,HIGH,https://avd.aquasec.com/nvd/cve-2025-68151,coredns,1.14.0,true,affected,severity_changed_due_to_suse_cvss_score
rancher/mirrored-coredns-coredns:1.14.7,rancher/v2.16-head,github.com/coredns/coredns,v0.0.0-20260819003913-427fc80ed9ca,gobinary,CVE-2026-26017,HIGH,https://avd.aquasec.com/nvd/cve-2026-26017,coredns,1.14.2,true,affected,
rancher/mirrored-coredns-coredns:1.14.7,rancher/v2.16-head,github.com/coredns/coredns,v0.0.0-20260819003913-427fc80ed9ca,gobinary,CVE-2026-26018,HIGH,https://avd.aquasec.com/nvd/cve-2026-26018,coredns,1.14.2,true,affected,
rancher/mirrored-coredns-coredns:1.14.7,rancher/v2.16-head,github.com/coredns/coredns,v0.0.0-20260819003913-427fc80ed9ca,gobinary,CVE-2026-32934,HIGH,https://avd.aquasec.com/nvd/cve-2026-32934,coredns,1.14.3,true,affected,
rancher/mirrored-coredns-coredns:1.14.7,rancher/v2.16-head,github.com/coredns/coredns,v0.0.0-20260819003913-427fc80ed9ca,gobinary,CVE-2026-32936,HIGH,https://avd.aquasec.com/nvd/cve-2026-32936,coredns,1.14.3,true,affected,
rancher/mirrored-coredns-coredns:1.14.7,rancher/v2.16-head,github.com/coredns/coredns,v0.0.0-20260819003913-427fc80ed9ca,gobinary,CVE-2026-33190,HIGH,https://avd.aquasec.com/nvd/cve-2026-33190,coredns,1.14.3,true,affected,
rancher/mirrored-coredns-coredns:1.14.7,rancher/v2.16-head,github.com/coredns/coredns,v0.0.0-20260819003913-427fc80ed9ca,gobinary,CVE-2026-33489,HIGH,https://avd.aquasec.com/nvd/cve-2026-33489,coredns,1.14.3,true,affected,
rancher/mirrored-coredns-coredns:1.14.7,rancher/v2.16-head,github.com/coredns/coredns,v0.0.0-20260819003913-427fc80ed9ca,gobinary,CVE-2026-35579,HIGH,https://avd.aquasec.com/nvd/cve-2026-35579,coredns,1.14.3,true,affected,
rancher/mirrored-coredns-coredns:1.14.7,rancher/v2.16-head,golang.org/x/crypto,v0.54.0,gobinary,CVE-2026-56854,HIGH,https://avd.aquasec.com/nvd/cve-2026-56854,coredns,0.55.0,true,not_affected,vulnerable_code_not_present
rancher/mirrored-coredns-coredns:1.14.7,rancher/v2.16-head,golang.org/x/crypto,v0.54.0,gobinary,CVE-2026-56855,MEDIUM,https://avd.aquasec.com/nvd/cve-2026-56855,coredns,0.56.0,true,not_affected,vulnerable_code_not_present
rancher/mirrored-coredns-coredns:1.14.7,rancher/v2.16-head,golang.org/x/mod,v0.37.0,gobinary,CVE-2026-56864,HIGH,https://avd.aquasec.com/nvd/cve-2026-56864,coredns,0.40.0,true,not_affected,vulnerable_code_not_present
rancher/mirrored-coredns-coredns:1.14.7,rancher/v2.16-head,golang.org/x/mod,v0.37.0,gobinary,CVE-2026-56865,HIGH,https://avd.aquasec.com/nvd/cve-2026-56865,coredns,0.40.0,true,not_affected,vulnerable_code_not_present
rancher/mirrored-coredns-coredns:1.14.7,rancher/v2.16-head,golang.org/x/crypto,v0.54.0,gobinary,CVE-2026-78662,MEDIUM,https://avd.aquasec.com/nvd/cve-2026-78662,coredns,0.56.0,true,not_affected,vulnerable_code_not_present
rancher/mirrored-coredns-coredns:1.14.7,rancher/v2.16-head,github.com/coredns/coredns,v0.0.0-20260819003913-427fc80ed9ca,gobinary,CVE-2026-82399,HIGH,https://avd.aquasec.com/nvd/cve-2026-82399,coredns,1.14.7,true,affected,
rancher/mirrored-coredns-coredns:1.14.7,rancher/v2.16-head,google.golang.org/grpc,v1.83.0,gobinary,CVE-2026-84303,MEDIUM,https://avd.aquasec.com/nvd/cve-2026-84303,coredns,1.83.1,true,not_affected,vulnerable_code_not_present
rancher/mirrored-coredns-coredns:1.14.7,rancher/v2.16-head,google.golang.org/grpc,v1.83.0,gobinary,CVE-2026-84304,HIGH,https://avd.aquasec.com/nvd/cve-2026-84304,coredns,1.83.1,true,affected,
rancher/mirrored-coredns-coredns:1.14.7,rancher/v2.16-head,google.golang.org/grpc,v1.83.0,gobinary,CVE-2026-84445,HIGH,https://avd.aquasec.com/nvd/cve-2026-84445,coredns,"1.82.2, 1.83.2, 1.85.0-dev.0.20260825072537-93e31b48545e",true,affected,
rancher/mirrored-coredns-coredns:1.14.7,rancher/v2.16-head,github.com/coredns/coredns,v0.0.0-20260819003913-427fc80ed9ca,gobinary,CVE-2026-86003,HIGH,https://avd.aquasec.com/nvd/cve-2026-86003,coredns,1.14.7,true,affected,
rancher/mirrored-kube-vip-kube-vip-iptables:v1.2.3,rancher/v2.16-head,libcrypto3,3.5.7-r0,alpine,CVE-2026-14456,HIGH,https://avd.aquasec.com/nvd/cve-2026-14456,rancher/mirrored-kube-vip-kube-vip-iptables:v1.2.3 (alpine 3.24.1),3.5.8-r0,true,affected,
rancher/mirrored-kube-vip-kube-vip-iptables:v1.2.3,rancher/v2.16-head,libssl3,3.5.7-r0,alpine,CVE-2026-14456,HIGH,https://avd.aquasec.com/nvd/cve-2026-14456,rancher/mirrored-kube-vip-kube-vip-iptables:v1.2.3 (alpine 3.24.1),3.5.8-r0,true,affected,
rancher/mirrored-kube-vip-kube-vip-iptables:v1.2.3,rancher/v2.16-head,stdlib,v1.26.5,gobinary,CVE-2026-33818,HIGH,https://avd.aquasec.com/nvd/cve-2026-33818,kube-vip,"1.25.13, 1.26.6, 1.27.0-rc.3",true,affected,
rancher/mirrored-kube-vip-kube-vip-iptables:v1.2.3,rancher/v2.16-head,stdlib,v1.26.5,gobinary,CVE-2026-39821,HIGH,https://avd.aquasec.com/nvd/cve-2026-39821,kube-vip,"1.25.13, 1.26.6, 1.27.0-rc.3",true,affected,
rancher/mirrored-kube-vip-kube-vip-iptables:v1.2.3,rancher/v2.16-head,stdlib,v1.26.5,gobinary,CVE-2026-46600,HIGH,https://avd.aquasec.com/nvd/cve-2026-46600,kube-vip,"1.26.6, 1.27.0-rc.3",true,not_affected,vulnerable_code_not_in_execute_path
rancher/mirrored-kube-vip-kube-vip-iptables:v1.2.3,rancher/v2.16-head,stdlib,v1.26.5,gobinary,CVE-2026-56853,HIGH,https://avd.aquasec.com/nvd/cve-2026-56853,kube-vip,"1.25.13, 1.26.6, 1.27.0-rc.3",true,affected,
rancher/mirrored-kube-vip-kube-vip-iptables:v1.2.3,rancher/v2.16-head,golang.org/x/crypto,v0.54.0,gobinary,CVE-2026-56854,HIGH,https://avd.aquasec.com/nvd/cve-2026-56854,kube-vip,0.55.0,true,not_affected,vulnerable_code_not_present
rancher/mirrored-kube-vip-kube-vip-iptables:v1.2.3,rancher/v2.16-head,golang.org/x/crypto,v0.54.0,gobinary,CVE-2026-56855,MEDIUM,https://avd.aquasec.com/nvd/cve-2026-56855,kube-vip,0.56.0,true,not_affected,vulnerable_code_not_present
rancher/mirrored-kube-vip-kube-vip-iptables:v1.2.3,rancher/v2.16-head,stdlib,v1.26.5,gobinary,CVE-2026-56859,HIGH,https://avd.aquasec.com/nvd/cve-2026-56859,kube-vip,"1.25.13, 1.26.6, 1.27.0-rc.3",true,affected,
rancher/mirrored-kube-vip-kube-vip-iptables:v1.2.3,rancher/v2.16-head,stdlib,v1.26.5,gobinary,CVE-2026-56862,HIGH,https://avd.aquasec.com/nvd/cve-2026-56862,kube-vip,"1.25.13, 1.26.6, 1.27.0-rc.3",true,affected,
rancher/mirrored-kube-vip-kube-vip-iptables:v1.2.3,rancher/v2.16-head,golang.org/x/crypto,v0.54.0,gobinary,CVE-2026-78662,MEDIUM,https://avd.aquasec.com/nvd/cve-2026-78662,kube-vip,0.56.0,true,not_affected,vulnerable_code_not_present
rancher/mirrored-kube-vip-kube-vip-iptables:v1.2.3,rancher/v2.16-head,google.golang.org/grpc,v1.83.0,gobinary,CVE-2026-84303,MEDIUM,https://avd.aquasec.com/nvd/cve-2026-84303,kube-vip,1.83.1,true,not_affected,vulnerable_code_not_present
rancher/mirrored-kube-vip-kube-vip-iptables:v1.2.3,rancher/v2.16-head,google.golang.org/grpc,v1.83.0,gobinary,CVE-2026-84304,HIGH,https://avd.aquasec.com/nvd/cve-2026-84304,kube-vip,1.83.1,true,affected,
rancher/mirrored-kube-vip-kube-vip-iptables:v1.2.3,rancher/v2.16-head,google.golang.org/grpc,v1.83.0,gobinary,CVE-2026-84445,HIGH,https://avd.aquasec.com/nvd/cve-2026-84445,kube-vip,"1.82.2, 1.83.2, 1.85.0-dev.0.20260825072537-93e31b48545e",true,affected,
rancher/mirrored-library-traefik:3.7.13,rancher/v2.16-head,libcrypto3,3.5.7-r0,alpine,CVE-2026-14456,HIGH,https://avd.aquasec.com/nvd/cve-2026-14456,rancher/mirrored-library-traefik:3.7.13 (alpine 3.24.1),3.5.8-r0,true,affected,
rancher/mirrored-library-traefik:3.7.13,rancher/v2.16-head,libssl3,3.5.7-r0,alpine,CVE-2026-14456,HIGH,https://avd.aquasec.com/nvd/cve-2026-14456,rancher/mirrored-library-traefik:3.7.13 (alpine 3.24.1),3.5.8-r0,true,affected,
rancher/mirrored-longhornio-csi-attacher:v4.11.0-20260428,rancher/v2.16-head,golang.org/x/net,v0.48.0,gobinary,CVE-2026-25680,MEDIUM,https://avd.aquasec.com/nvd/cve-2026-25680,csi-attacher,0.55.0,true,not_affected,vulnerable_code_not_present
rancher/mirrored-longhornio-csi-attacher:v4.11.0-20260428,rancher/v2.16-head,golang.org/x/net,v0.48.0,gobinary,CVE-2026-25681,HIGH,https://avd.aquasec.com/nvd/cve-2026-25681,csi-attacher,0.55.0,true,not_affected,vulnerable_code_not_present
rancher/mirrored-longhornio-csi-attacher:v4.11.0-20260428,rancher/v2.16-head,golang.org/x/net,v0.48.0,gobinary,CVE-2026-27136,HIGH,https://avd.aquasec.com/nvd/cve-2026-27136,csi-attacher,0.55.0,true,not_affected,vulnerable_code_not_present
rancher/mirrored-longhornio-csi-attacher:v4.11.0-20260428,rancher/v2.16-head,stdlib,v1.25.9,gobinary,CVE-2026-33811,HIGH,https://avd.aquasec.com/nvd/cve-2026-33811,csi-attacher,"1.25.10, 1.26.3",true,not_affected,vulnerable_code_not_present
rancher/mirrored-longhornio-csi-attacher:v4.11.0-20260428,rancher/v2.16-head,golang.org/x/net,v0.48.0,gobinary,CVE-2026-33814,HIGH,https://avd.aquasec.com/nvd/cve-2026-33814,csi-attacher,0.53.0,true,affected,
rancher/mirrored-longhornio-csi-attacher:v4.11.0-20260428,rancher/v2.16-head,stdlib,v1.25.9,gobinary,CVE-2026-33814,HIGH,https://avd.aquasec.com/nvd/cve-2026-33814,csi-attacher,"1.25.10, 1.26.3",true,affected,
rancher/mirrored-longhornio-csi-attacher:v4.11.0-20260428,rancher/v2.16-head,stdlib,v1.25.9,gobinary,CVE-2026-33818,HIGH,https://avd.aquasec.com/nvd/cve-2026-33818,csi-attacher,"1.25.13, 1.26.6, 1.27.0-rc.3",true,affected,
rancher/mirrored-longhornio-csi-attacher:v4.11.0-20260428,rancher/v2.16-head,stdlib,v1.25.9,gobinary,CVE-2026-39820,HIGH,https://avd.aquasec.com/nvd/cve-2026-39820,csi-attacher,"1.25.10, 1.26.3",true,not_affected,vulnerable_code_not_in_execute_path
rancher/mirrored-longhornio-csi-attacher:v4.11.0-20260428,rancher/v2.16-head,golang.org/x/net,v0.48.0,gobinary,CVE-2026-39821,HIGH,https://avd.aquasec.com/nvd/cve-2026-39821,csi-attacher,0.55.0,true,affected,
rancher/mirrored-longhornio-csi-attacher:v4.11.0-20260428,rancher/v2.16-head,stdlib,v1.25.9,gobinary,CVE-2026-39821,HIGH,https://avd.aquasec.com/nvd/cve-2026-39821,csi-attacher,"1.25.13, 1.26.6, 1.27.0-rc.3",true,affected,
rancher/mirrored-longhornio-csi-attacher:v4.11.0-20260428,rancher/v2.16-head,stdlib,v1.25.9,gobinary,CVE-2026-39822,HIGH,https://avd.aquasec.com/nvd/cve-2026-39822,csi-attacher,"1.25.12, 1.26.5, 1.27.0-rc.2",true,not_affected,vulnerable_code_not_in_execute_path
rancher/mirrored-longhornio-csi-attacher:v4.11.0-20260428,rancher/v2.16-head,stdlib,v1.25.9,gobinary,CVE-2026-39823,MEDIUM,https://avd.aquasec.com/nvd/cve-2026-39823,csi-attacher,"1.25.10, 1.26.3",true,not_affected,vulnerable_code_not_in_execute_path
rancher/mirrored-longhornio-csi-attacher:v4.11.0-20260428,rancher/v2.16-head,stdlib,v1.25.9,gobinary,CVE-2026-39825,MEDIUM,https://avd.aquasec.com/nvd/cve-2026-39825,csi-attacher,"1.25.10, 1.26.3",true,not_affected,vulnerable_code_not_in_execute_path
rancher/mirrored-longhornio-csi-attacher:v4.11.0-20260428,rancher/v2.16-head,stdlib,v1.25.9,gobinary,CVE-2026-39826,MEDIUM,https://avd.aquasec.com/nvd/cve-2026-39826,csi-attacher,"1.25.10, 1.26.3",true,not_affected,vulnerable_code_not_in_execute_path
rancher/mirrored-longhornio-csi-attacher:v4.11.0-20260428,rancher/v2.16-head,golang.org/x/crypto,v0.46.0,gobinary,CVE-2026-39827,MEDIUM,https://avd.aquasec.com/nvd/cve-2026-39827,csi-attacher,0.52.0,true,not_affected,vulnerable_code_not_present
rancher/mirrored-longhornio-csi-attacher:v4.11.0-20260428,rancher/v2.16-head,golang.org/x/crypto,v0.46.0,gobinary,CVE-2026-39828,HIGH,https://avd.aquasec.com/nvd/cve-2026-39828,csi-attacher,0.52.0,true,not_affected,vulnerable_code_not_present
rancher/mirrored-longhornio-csi-attacher:v4.11.0-20260428,rancher/v2.16-head,golang.org/x/crypto,v0.46.0,gobinary,CVE-2026-39829,HIGH,https://avd.aquasec.com/nvd/cve-2026-39829,csi-attacher,0.52.0,true,not_affected,vulnerable_code_not_present
rancher/mirrored-longhornio-csi-attacher:v4.11.0-20260428,rancher/v2.16-head,golang.org/x/crypto,v0.46.0,gobinary,CVE-2026-39830,HIGH,https://avd.aquasec.com/nvd/cve-2026-39830,csi-attacher,0.52.0,true,not_affected,vulnerable_code_not_present
rancher/mirrored-longhornio-csi-attacher:v4.11.0-20260428,rancher/v2.16-head,golang.org/x/crypto,v0.46.0,gobinary,CVE-2026-39831,HIGH,https://avd.aquasec.com/nvd/cve-2026-39831,csi-attacher,0.52.0,true,not_affected,vulnerable_code_not_present
rancher/mirrored-longhornio-csi-attacher:v4.11.0-20260428,rancher/v2.16-head,golang.org/x/crypto,v0.46.0,gobinary,CVE-2026-39832,HIGH,https://avd.aquasec.com/nvd/cve-2026-39832,csi-attacher,0.52.0,true,not_affected,vulnerable_code_not_present
rancher/mirrored-longhornio-csi-attacher:v4.11.0-20260428,rancher/v2.16-head,golang.org/x/crypto,v0.46.0,gobinary,CVE-2026-39833,MEDIUM,https://avd.aquasec.com/nvd/cve-2026-39833,csi-attacher,0.52.0,true,not_affected,vulnerable_code_not_present
rancher/mirrored-longhornio-csi-attacher:v4.11.0-20260428,rancher/v2.16-head,golang.org/x/crypto,v0.46.0,gobinary,CVE-2026-39834,MEDIUM,https://avd.aquasec.com/nvd/cve-2026-39834,csi-attacher,0.52.0,true,not_affected,vulnerable_code_not_present
rancher/mirrored-longhornio-csi-attacher:v4.11.0-20260428,rancher/v2.16-head,golang.org/x/crypto,v0.46.0,gobinary,CVE-2026-39835,HIGH,https://avd.aquasec.com/nvd/cve-2026-39835,csi-attacher,0.52.0,true,not_affected,vulnerable_code_not_present
rancher/mirrored-longhornio-csi-attacher:v4.11.0-20260428,rancher/v2.16-head,stdlib,v1.25.9,gobinary,CVE-2026-39836,HIGH,https://avd.aquasec.com/nvd/cve-2026-39836,csi-attacher,"1.25.10, 1.26.3",true,not_affected,vulnerable_code_not_in_execute_path
rancher/mirrored-longhornio-csi-attacher:v4.11.0-20260428,rancher/v2.16-head,stdlib,v1.25.9,gobinary,CVE-2026-42499,HIGH,https://avd.aquasec.com/nvd/cve-2026-42499,csi-attacher,"1.25.10, 1.26.3",true,affected,
rancher/mirrored-longhornio-csi-attacher:v4.11.0-20260428,rancher/v2.16-head,golang.org/x/net,v0.48.0,gobinary,CVE-2026-42502,MEDIUM,https://avd.aquasec.com/nvd/cve-2026-42502,csi-attacher,0.55.0,true,not_affected,vulnerable_code_not_present
rancher/mirrored-longhornio-csi-attacher:v4.11.0-20260428,rancher/v2.16-head,stdlib,v1.25.9,gobinary,CVE-2026-42504,HIGH,https://avd.aquasec.com/nvd/cve-2026-42504,csi-attacher,"1.25.11, 1.26.4",true,not_affected,vulnerable_code_not_in_execute_path
rancher/mirrored-longhornio-csi-attacher:v4.11.0-20260428,rancher/v2.16-head,golang.org/x/net,v0.48.0,gobinary,CVE-2026-42506,MEDIUM,https://avd.aquasec.com/nvd/cve-2026-42506,csi-attacher,0.55.0,true,not_affected,vulnerable_code_not_present
rancher/mirrored-longhornio-csi-attacher:v4.11.0-20260428,rancher/v2.16-head,stdlib,v1.25.9,gobinary,CVE-2026-42507,MEDIUM,https://avd.aquasec.com/nvd/cve-2026-42507,csi-attacher,"1.25.11, 1.26.4",true,not_affected,vulnerable_code_not_in_execute_path
rancher/mirrored-longhornio-csi-attacher:v4.11.0-20260428,rancher/v2.16-head,golang.org/x/crypto,v0.46.0,gobinary,CVE-2026-42508,HIGH,https://avd.aquasec.com/nvd/cve-2026-42508,csi-attacher,0.52.0,true,not_affected,vulnerable_code_not_present
rancher/mirrored-longhornio-csi-attacher:v4.11.0-20260428,rancher/v2.16-head,golang.org/x/crypto,v0.46.0,gobinary,CVE-2026-46595,HIGH,https://avd.aquasec.com/nvd/cve-2026-46595,csi-attacher,0.52.0,true,not_affected,vulnerable_code_not_present
rancher/mirrored-longhornio-csi-attacher:v4.11.0-20260428,rancher/v2.16-head,golang.org/x/crypto,v0.46.0,gobinary,CVE-2026-46597,HIGH,https://avd.aquasec.com/nvd/cve-2026-46597,csi-attacher,0.52.0,true,not_affected,vulnerable_code_not_present
rancher/mirrored-longhornio-csi-attacher:v4.11.0-20260428,rancher/v2.16-head,golang.org/x/crypto,v0.46.0,gobinary,CVE-2026-46598,MEDIUM,https://avd.aquasec.com/nvd/cve-2026-46598,csi-attacher,0.52.0,true,not_affected,vulnerable_code_not_present
rancher/mirrored-longhornio-csi-attacher:v4.11.0-20260428,rancher/v2.16-head,golang.org/x/net,v0.48.0,gobinary,CVE-2026-46600,HIGH,https://avd.aquasec.com/nvd/cve-2026-46600,csi-attacher,0.56.0,true,not_affected,vulnerable_code_not_present
rancher/mirrored-longhornio-csi-attacher:v4.11.0-20260428,rancher/v2.16-head,stdlib,v1.25.9,gobinary,CVE-2026-56853,HIGH,https://avd.aquasec.com/nvd/cve-2026-56853,csi-attacher,"1.25.13, 1.26.6, 1.27.0-rc.3",true,affected,
rancher/mirrored-longhornio-csi-attacher:v4.11.0-20260428,rancher/v2.16-head,golang.org/x/crypto,v0.46.0,gobinary,CVE-2026-56854,HIGH,https://avd.aquasec.com/nvd/cve-2026-56854,csi-attacher,0.55.0,true,not_affected,vulnerable_code_not_present
rancher/mirrored-longhornio-csi-attacher:v4.11.0-20260428,rancher/v2.16-head,golang.org/x/crypto,v0.46.0,gobinary,CVE-2026-56855,MEDIUM,https://avd.aquasec.com/nvd/cve-2026-56855,csi-attacher,0.56.0,true,not_affected,vulnerable_code_not_present
rancher/mirrored-longhornio-csi-attacher:v4.11.0-20260428,rancher/v2.16-head,stdlib,v1.25.9,gobinary,CVE-2026-56859,HIGH,https://avd.aquasec.com/nvd/cve-2026-56859,csi-attacher,"1.25.13, 1.26.6, 1.27.0-rc.3",true,affected,
rancher/mirrored-longhornio-csi-attacher:v4.11.0-20260428,rancher/v2.16-head,stdlib,v1.25.9,gobinary,CVE-2026-56862,HIGH,https://avd.aquasec.com/nvd/cve-2026-56862,csi-attacher,"1.25.13, 1.26.6, 1.27.0-rc.3",true,affected,
rancher/mirrored-longhornio-csi-attacher:v4.11.0-20260428,rancher/v2.16-head,golang.org/x/crypto,v0.46.0,gobinary,CVE-2026-78662,MEDIUM,https://avd.aquasec.com/nvd/cve-2026-78662,csi-attacher,0.56.0,true,not_affected,vulnerable_code_not_present
rancher/mirrored-longhornio-csi-attacher:v4.11.0-20260428,rancher/v2.16-head,google.golang.org/grpc,v1.79.3,gobinary,CVE-2026-84303,MEDIUM,https://avd.aquasec.com/nvd/cve-2026-84303,csi-attacher,1.83.1,true,not_affected,vulnerable_code_not_present
rancher/mirrored-longhornio-csi-attacher:v4.11.0-20260428,rancher/v2.16-head,google.golang.org/grpc,v1.79.3,gobinary,CVE-2026-84304,HIGH,https://avd.aquasec.com/nvd/cve-2026-84304,csi-attacher,1.83.1,true,affected,
rancher/mirrored-longhornio-csi-attacher:v4.11.0-20260428,rancher/v2.16-head,google.golang.org/grpc,v1.79.3,gobinary,CVE-2026-84445,HIGH,https://avd.aquasec.com/nvd/cve-2026-84445,csi-attacher,"1.82.2, 1.83.2, 1.85.0-dev.0.20260825072537-93e31b48545e",true,not_affected,vulnerable_code_not_in_execute_path
rancher/mirrored-longhornio-csi-attacher:v4.11.0-20260428,rancher/v2.16-head,google.golang.org/grpc,v1.79.3,gobinary,GHSA-hrxh-6v49-42gf,HIGH,https://github.com/advisories/GHSA-hrxh-6v49-42gf,csi-attacher,1.82.1,true,affected,
rancher/mirrored-longhornio-csi-node-driver-registrar:v2.16.0-20260428,rancher/v2.16-head,golang.org/x/net,v0.49.0,gobinary,CVE-2026-25680,MEDIUM,https://avd.aquasec.com/nvd/cve-2026-25680,csi-node-driver-registrar,0.55.0,true,not_affected,vulnerable_code_not_present
rancher/mirrored-longhornio-csi-node-driver-registrar:v2.16.0-20260428,rancher/v2.16-head,golang.org/x/net,v0.49.0,gobinary,CVE-2026-25681,HIGH,https://avd.aquasec.com/nvd/cve-2026-25681,csi-node-driver-registrar,0.55.0,true,not_affected,vulnerable_code_not_present
rancher/mirrored-longhornio-csi-node-driver-registrar:v2.16.0-20260428,rancher/v2.16-head,golang.org/x/net,v0.49.0,gobinary,CVE-2026-27136,HIGH,https://avd.aquasec.com/nvd/cve-2026-27136,csi-node-driver-registrar,0.55.0,true,not_affected,vulnerable_code_not_present
rancher/mirrored-longhornio-csi-node-driver-registrar:v2.16.0-20260428,rancher/v2.16-head,go.opentelemetry.io/otel,v1.40.0,gobinary,CVE-2026-29181,HIGH,https://avd.aquasec.com/nvd/cve-2026-29181,csi-node-driver-registrar,1.41.0,true,affected,
rancher/mirrored-longhornio-csi-node-driver-registrar:v2.16.0-20260428,rancher/v2.16-head,stdlib,v1.25.9,gobinary,CVE-2026-33811,HIGH,https://avd.aquasec.com/nvd/cve-2026-33811,csi-node-driver-registrar,"1.25.10, 1.26.3",true,not_affected,vulnerable_code_not_present
rancher/mirrored-longhornio-csi-node-driver-registrar:v2.16.0-20260428,rancher/v2.16-head,golang.org/x/net,v0.49.0,gobinary,CVE-2026-33814,HIGH,https://avd.aquasec.com/nvd/cve-2026-33814,csi-node-driver-registrar,0.53.0,true,not_affected,vulnerable_code_not_in_execute_path
rancher/mirrored-longhornio-csi-node-driver-registrar:v2.16.0-20260428,rancher/v2.16-head,stdlib,v1.25.9,gobinary,CVE-2026-33814,HIGH,https://avd.aquasec.com/nvd/cve-2026-33814,csi-node-driver-registrar,"1.25.10, 1.26.3",true,affected,
rancher/mirrored-longhornio-csi-node-driver-registrar:v2.16.0-20260428,rancher/v2.16-head,stdlib,v1.25.9,gobinary,CVE-2026-33818,HIGH,https://avd.aquasec.com/nvd/cve-2026-33818,csi-node-driver-registrar,"1.25.13, 1.26.6, 1.27.0-rc.3",true,affected,
rancher/mirrored-longhornio-csi-node-driver-registrar:v2.16.0-20260428,rancher/v2.16-head,stdlib,v1.25.9,gobinary,CVE-2026-39820,HIGH,https://avd.aquasec.com/nvd/cve-2026-39820,csi-node-driver-registrar,"1.25.10, 1.26.3",true,not_affected,vulnerable_code_not_present
rancher/mirrored-longhornio-csi-node-driver-registrar:v2.16.0-20260428,rancher/v2.16-head,golang.org/x/net,v0.49.0,gobinary,CVE-2026-39821,HIGH,https://avd.aquasec.com/nvd/cve-2026-39821,csi-node-driver-registrar,0.55.0,true,not_affected,vulnerable_code_not_in_execute_path
rancher/mirrored-longhornio-csi-node-driver-registrar:v2.16.0-20260428,rancher/v2.16-head,stdlib,v1.25.9,gobinary,CVE-2026-39821,HIGH,https://avd.aquasec.com/nvd/cve-2026-39821,csi-node-driver-registrar,"1.25.13, 1.26.6, 1.27.0-rc.3",true,affected,
rancher/mirrored-longhornio-csi-node-driver-registrar:v2.16.0-20260428,rancher/v2.16-head,stdlib,v1.25.9,gobinary,CVE-2026-39822,HIGH,https://avd.aquasec.com/nvd/cve-2026-39822,csi-node-driver-registrar,"1.25.12, 1.26.5, 1.27.0-rc.2",true,not_affected,vulnerable_code_not_in_execute_path
rancher/mirrored-longhornio-csi-node-driver-registrar:v2.16.0-20260428,rancher/v2.16-head,stdlib,v1.25.9,gobinary,CVE-2026-39823,MEDIUM,https://avd.aquasec.com/nvd/cve-2026-39823,csi-node-driver-registrar,"1.25.10, 1.26.3",true,not_affected,vulnerable_code_not_present
rancher/mirrored-longhornio-csi-node-driver-registrar:v2.16.0-20260428,rancher/v2.16-head,stdlib,v1.25.9,gobinary,CVE-2026-39825,MEDIUM,https://avd.aquasec.com/nvd/cve-2026-39825,csi-node-driver-registrar,"1.25.10, 1.26.3",true,not_affected,vulnerable_code_not_in_execute_path
rancher/mirrored-longhornio-csi-node-driver-registrar:v2.16.0-20260428,rancher/v2.16-head,stdlib,v1.25.9,gobinary,CVE-2026-39826,MEDIUM,https://avd.aquasec.com/nvd/cve-2026-39826,csi-node-driver-registrar,"1.25.10, 1.26.3",true,not_affected,vulnerable_code_not_in_execute_path
rancher/mirrored-longhornio-csi-node-driver-registrar:v2.16.0-20260428,rancher/v2.16-head,stdlib,v1.25.9,gobinary,CVE-2026-39836,HIGH,https://avd.aquasec.com/nvd/cve-2026-39836,csi-node-driver-registrar,"1.25.10, 1.26.3",true,affected,
rancher/mirrored-longhornio-csi-node-driver-registrar:v2.16.0-20260428,rancher/v2.16-head,stdlib,v1.25.9,gobinary,CVE-2026-42499,HIGH,https://avd.aquasec.com/nvd/cve-2026-42499,csi-node-driver-registrar,"1.25.10, 1.26.3",true,not_affected,vulnerable_code_not_present
rancher/mirrored-longhornio-csi-node-driver-registrar:v2.16.0-20260428,rancher/v2.16-head,golang.org/x/net,v0.49.0,gobinary,CVE-2026-42502,MEDIUM,https://avd.aquasec.com/nvd/cve-2026-42502,csi-node-driver-registrar,0.55.0,true,not_affected,vulnerable_code_not_present
rancher/mirrored-longhornio-csi-node-driver-registrar:v2.16.0-20260428,rancher/v2.16-head,stdlib,v1.25.9,gobinary,CVE-2026-42504,HIGH,https://avd.aquasec.com/nvd/cve-2026-42504,csi-node-driver-registrar,"1.25.11, 1.26.4",true,not_affected,vulnerable_code_not_in_execute_path
rancher/mirrored-longhornio-csi-node-driver-registrar:v2.16.0-20260428,rancher/v2.16-head,golang.org/x/net,v0.49.0,gobinary,CVE-2026-42506,MEDIUM,https://avd.aquasec.com/nvd/cve-2026-42506,csi-node-driver-registrar,0.55.0,true,not_affected,vulnerable_code_not_present
rancher/mirrored-longhornio-csi-node-driver-registrar:v2.16.0-20260428,rancher/v2.16-head,stdlib,v1.25.9,gobinary,CVE-2026-42507,MEDIUM,https://avd.aquasec.com/nvd/cve-2026-42507,csi-node-driver-registrar,"1.25.11, 1.26.4",true,not_affected,vulnerable_code_not_in_execute_path
rancher/mirrored-longhornio-csi-node-driver-registrar:v2.16.0-20260428,rancher/v2.16-head,golang.org/x/net,v0.49.0,gobinary,CVE-2026-46600,HIGH,https://avd.aquasec.com/nvd/cve-2026-46600,csi-node-driver-registrar,0.56.0,true,not_affected,vulnerable_code_not_present
rancher/mirrored-longhornio-csi-node-driver-registrar:v2.16.0-20260428,rancher/v2.16-head,golang.org/x/text,v0.33.0,gobinary,CVE-2026-56852,HIGH,https://avd.aquasec.com/nvd/cve-2026-56852,csi-node-driver-registrar,0.39.0,true,not_affected,vulnerable_code_not_in_execute_path
rancher/mirrored-longhornio-csi-node-driver-registrar:v2.16.0-20260428,rancher/v2.16-head,stdlib,v1.25.9,gobinary,CVE-2026-56853,HIGH,https://avd.aquasec.com/nvd/cve-2026-56853,csi-node-driver-registrar,"1.25.13, 1.26.6, 1.27.0-rc.3",true,affected,
rancher/mirrored-longhornio-csi-node-driver-registrar:v2.16.0-20260428,rancher/v2.16-head,stdlib,v1.25.9,gobinary,CVE-2026-56859,HIGH,https://avd.aquasec.com/nvd/cve-2026-56859,csi-node-driver-registrar,"1.25.13, 1.26.6, 1.27.0-rc.3",true,not_affected,vulnerable_code_not_present
rancher/mirrored-longhornio-csi-node-driver-registrar:v2.16.0-20260428,rancher/v2.16-head,stdlib,v1.25.9,gobinary,CVE-2026-56862,HIGH,https://avd.aquasec.com/nvd/cve-2026-56862,csi-node-driver-registrar,"1.25.13, 1.26.6, 1.27.0-rc.3",true,affected,
rancher/mirrored-longhornio-csi-node-driver-registrar:v2.16.0-20260428,rancher/v2.16-head,google.golang.org/grpc,v1.79.3,gobinary,CVE-2026-84303,MEDIUM,https://avd.aquasec.com/nvd/cve-2026-84303,csi-node-driver-registrar,1.83.1,true,not_affected,vulnerable_code_not_present
rancher/mirrored-longhornio-csi-node-driver-registrar:v2.16.0-20260428,rancher/v2.16-head,google.golang.org/grpc,v1.79.3,gobinary,CVE-2026-84304,HIGH,https://avd.aquasec.com/nvd/cve-2026-84304,csi-node-driver-registrar,1.83.1,true,affected,
rancher/mirrored-longhornio-csi-node-driver-registrar:v2.16.0-20260428,rancher/v2.16-head,google.golang.org/grpc,v1.79.3,gobinary,CVE-2026-84445,HIGH,https://avd.aquasec.com/nvd/cve-2026-84445,csi-node-driver-registrar,"1.82.2, 1.83.2, 1.85.0-dev.0.20260825072537-93e31b48545e",true,not_affected,vulnerable_code_not_in_execute_path
rancher/mirrored-longhornio-csi-node-driver-registrar:v2.16.0-20260428,rancher/v2.16-head,google.golang.org/grpc,v1.79.3,gobinary,GHSA-hrxh-6v49-42gf,HIGH,https://github.com/advisories/GHSA-hrxh-6v49-42gf,csi-node-driver-registrar,1.82.1,true,affected,
rancher/mirrored-longhornio-csi-provisioner:v5.3.0-20260428,rancher/v2.16-head,golang.org/x/net,v0.48.0,gobinary,CVE-2026-25680,MEDIUM,https://avd.aquasec.com/nvd/cve-2026-25680,csi-provisioner,0.55.0,true,not_affected,vulnerable_code_not_in_execute_path
rancher/mirrored-longhornio-csi-provisioner:v5.3.0-20260428,rancher/v2.16-head,golang.org/x/net,v0.48.0,gobinary,CVE-2026-25681,HIGH,https://avd.aquasec.com/nvd/cve-2026-25681,csi-provisioner,0.55.0,true,not_affected,vulnerable_code_not_in_execute_path
rancher/mirrored-longhornio-csi-provisioner:v5.3.0-20260428,rancher/v2.16-head,golang.org/x/net,v0.48.0,gobinary,CVE-2026-27136,HIGH,https://avd.aquasec.com/nvd/cve-2026-27136,csi-provisioner,0.55.0,true,not_affected,vulnerable_code_not_in_execute_path
rancher/mirrored-longhornio-csi-provisioner:v5.3.0-20260428,rancher/v2.16-head,go.opentelemetry.io/otel,v1.39.0,gobinary,CVE-2026-29181,HIGH,https://avd.aquasec.com/nvd/cve-2026-29181,csi-provisioner,1.41.0,true,affected,
rancher/mirrored-longhornio-csi-provisioner:v5.3.0-20260428,rancher/v2.16-head,stdlib,v1.25.9,gobinary,CVE-2026-33811,HIGH,https://avd.aquasec.com/nvd/cve-2026-33811,csi-provisioner,"1.25.10, 1.26.3",true,not_affected,vulnerable_code_not_in_execute_path
rancher/mirrored-longhornio-csi-provisioner:v5.3.0-20260428,rancher/v2.16-head,golang.org/x/net,v0.48.0,gobinary,CVE-2026-33814,HIGH,https://avd.aquasec.com/nvd/cve-2026-33814,csi-provisioner,0.53.0,true,affected,
rancher/mirrored-longhornio-csi-provisioner:v5.3.0-20260428,rancher/v2.16-head,stdlib,v1.25.9,gobinary,CVE-2026-33814,HIGH,https://avd.aquasec.com/nvd/cve-2026-33814,csi-provisioner,"1.25.10, 1.26.3",true,affected,
rancher/mirrored-longhornio-csi-provisioner:v5.3.0-20260428,rancher/v2.16-head,stdlib,v1.25.9,gobinary,CVE-2026-33818,HIGH,https://avd.aquasec.com/nvd/cve-2026-33818,csi-provisioner,"1.25.13, 1.26.6, 1.27.0-rc.3",true,affected,
rancher/mirrored-longhornio-csi-provisioner:v5.3.0-20260428,rancher/v2.16-head,stdlib,v1.25.9,gobinary,CVE-2026-39820,HIGH,https://avd.aquasec.com/nvd/cve-2026-39820,csi-provisioner,"1.25.10, 1.26.3",true,not_affected,vulnerable_code_not_present
rancher/mirrored-longhornio-csi-provisioner:v5.3.0-20260428,rancher/v2.16-head,golang.org/x/net,v0.48.0,gobinary,CVE-2026-39821,HIGH,https://avd.aquasec.com/nvd/cve-2026-39821,csi-provisioner,0.55.0,true,affected,
rancher/mirrored-longhornio-csi-provisioner:v5.3.0-20260428,rancher/v2.16-head,stdlib,v1.25.9,gobinary,CVE-2026-39821,HIGH,https://avd.aquasec.com/nvd/cve-2026-39821,csi-provisioner,"1.25.13, 1.26.6, 1.27.0-rc.3",true,affected,
rancher/mirrored-longhornio-csi-provisioner:v5.3.0-20260428,rancher/v2.16-head,stdlib,v1.25.9,gobinary,CVE-2026-39822,HIGH,https://avd.aquasec.com/nvd/cve-2026-39822,csi-provisioner,"1.25.12, 1.26.5, 1.27.0-rc.2",true,not_affected,vulnerable_code_not_in_execute_path
rancher/mirrored-longhornio-csi-provisioner:v5.3.0-20260428,rancher/v2.16-head,stdlib,v1.25.9,gobinary,CVE-2026-39823,MEDIUM,https://avd.aquasec.com/nvd/cve-2026-39823,csi-provisioner,"1.25.10, 1.26.3",true,not_affected,vulnerable_code_not_in_execute_path
rancher/mirrored-longhornio-csi-provisioner:v5.3.0-20260428,rancher/v2.16-head,stdlib,v1.25.9,gobinary,CVE-2026-39825,MEDIUM,https://avd.aquasec.com/nvd/cve-2026-39825,csi-provisioner,"1.25.10, 1.26.3",true,not_affected,vulnerable_code_not_in_execute_path
rancher/mirrored-longhornio-csi-provisioner:v5.3.0-20260428,rancher/v2.16-head,stdlib,v1.25.9,gobinary,CVE-2026-39836,HIGH,https://avd.aquasec.com/nvd/cve-2026-39836,csi-provisioner,"1.25.10, 1.26.3",true,not_affected,vulnerable_code_not_in_execute_path
rancher/mirrored-longhornio-csi-provisioner:v5.3.0-20260428,rancher/v2.16-head,stdlib,v1.25.9,gobinary,CVE-2026-42499,HIGH,https://avd.aquasec.com/nvd/cve-2026-42499,csi-provisioner,"1.25.10, 1.26.3",true,not_affected,vulnerable_code_not_present
rancher/mirrored-longhornio-csi-provisioner:v5.3.0-20260428,rancher/v2.16-head,golang.org/x/net,v0.48.0,gobinary,CVE-2026-42502,MEDIUM,https://avd.aquasec.com/nvd/cve-2026-42502,csi-provisioner,0.55.0,true,not_affected,vulnerable_code_not_in_execute_path
rancher/mirrored-longhornio-csi-provisioner:v5.3.0-20260428,rancher/v2.16-head,golang.org/x/net,v0.48.0,gobinary,CVE-2026-42506,MEDIUM,https://avd.aquasec.com/nvd/cve-2026-42506,csi-provisioner,0.55.0,true,not_affected,vulnerable_code_not_in_execute_path
rancher/mirrored-longhornio-csi-provisioner:v5.3.0-20260428,rancher/v2.16-head,stdlib,v1.25.9,gobinary,CVE-2026-42507,MEDIUM,https://avd.aquasec.com/nvd/cve-2026-42507,csi-provisioner,"1.25.11, 1.26.4",true,not_affected,vulnerable_code_not_in_execute_path
rancher/mirrored-longhornio-csi-provisioner:v5.3.0-20260428,rancher/v2.16-head,golang.org/x/net,v0.48.0,gobinary,CVE-2026-46600,HIGH,https://avd.aquasec.com/nvd/cve-2026-46600,csi-provisioner,0.56.0,true,not_affected,vulnerable_code_not_present
rancher/mirrored-longhornio-csi-provisioner:v5.3.0-20260428,rancher/v2.16-head,golang.org/x/text,v0.32.0,gobinary,CVE-2026-56852,HIGH,https://avd.aquasec.com/nvd/cve-2026-56852,csi-provisioner,0.39.0,true,not_affected,vulnerable_code_not_in_execute_path
rancher/mirrored-longhornio-csi-provisioner:v5.3.0-20260428,rancher/v2.16-head,stdlib,v1.25.9,gobinary,CVE-2026-56853,HIGH,https://avd.aquasec.com/nvd/cve-2026-56853,csi-provisioner,"1.25.13, 1.26.6, 1.27.0-rc.3",true,affected,
rancher/mirrored-longhornio-csi-provisioner:v5.3.0-20260428,rancher/v2.16-head,stdlib,v1.25.9,gobinary,CVE-2026-56859,HIGH,https://avd.aquasec.com/nvd/cve-2026-56859,csi-provisioner,"1.25.13, 1.26.6, 1.27.0-rc.3",true,affected,
rancher/mirrored-longhornio-csi-provisioner:v5.3.0-20260428,rancher/v2.16-head,stdlib,v1.25.9,gobinary,CVE-2026-56862,HIGH,https://avd.aquasec.com/nvd/cve-2026-56862,csi-provisioner,"1.25.13, 1.26.6, 1.27.0-rc.3",true,affected,
rancher/mirrored-longhornio-csi-provisioner:v5.3.0-20260428,rancher/v2.16-head,google.golang.org/grpc,v1.79.3,gobinary,CVE-2026-84303,MEDIUM,https://avd.aquasec.com/nvd/cve-2026-84303,csi-provisioner,1.83.1,true,not_affected,vulnerable_code_not_present
rancher/mirrored-longhornio-csi-provisioner:v5.3.0-20260428,rancher/v2.16-head,google.golang.org/grpc,v1.79.3,gobinary,CVE-2026-84304,HIGH,https://avd.aquasec.com/nvd/cve-2026-84304,csi-provisioner,1.83.1,true,affected,
rancher/mirrored-longhornio-csi-provisioner:v5.3.0-20260428,rancher/v2.16-head,google.golang.org/grpc,v1.79.3,gobinary,CVE-2026-84445,HIGH,https://avd.aquasec.com/nvd/cve-2026-84445,csi-provisioner,"1.82.2, 1.83.2, 1.85.0-dev.0.20260825072537-93e31b48545e",true,not_affected,vulnerable_code_not_in_execute_path
rancher/mirrored-longhornio-csi-provisioner:v5.3.0-20260428,rancher/v2.16-head,google.golang.org/grpc,v1.79.3,gobinary,GHSA-hrxh-6v49-42gf,HIGH,https://github.com/advisories/GHSA-hrxh-6v49-42gf,csi-provisioner,1.82.1,true,affected,
rancher/mirrored-longhornio-csi-resizer:v2.1.0-20260428,rancher/v2.16-head,golang.org/x/net,v0.48.0,gobinary,CVE-2026-25680,MEDIUM,https://avd.aquasec.com/nvd/cve-2026-25680,csi-resizer,0.55.0,true,not_affected,vulnerable_code_not_present
rancher/mirrored-longhornio-csi-resizer:v2.1.0-20260428,rancher/v2.16-head,golang.org/x/net,v0.48.0,gobinary,CVE-2026-25681,HIGH,https://avd.aquasec.com/nvd/cve-2026-25681,csi-resizer,0.55.0,true,not_affected,vulnerable_code_not_present
rancher/mirrored-longhornio-csi-resizer:v2.1.0-20260428,rancher/v2.16-head,golang.org/x/net,v0.48.0,gobinary,CVE-2026-27136,HIGH,https://avd.aquasec.com/nvd/cve-2026-27136,csi-resizer,0.55.0,true,not_affected,vulnerable_code_not_present
rancher/mirrored-longhornio-csi-resizer:v2.1.0-20260428,rancher/v2.16-head,stdlib,v1.25.9,gobinary,CVE-2026-33811,HIGH,https://avd.aquasec.com/nvd/cve-2026-33811,csi-resizer,"1.25.10, 1.26.3",true,not_affected,vulnerable_code_not_in_execute_path
rancher/mirrored-longhornio-csi-resizer:v2.1.0-20260428,rancher/v2.16-head,golang.org/x/net,v0.48.0,gobinary,CVE-2026-33814,HIGH,https://avd.aquasec.com/nvd/cve-2026-33814,csi-resizer,0.53.0,true,affected,
rancher/mirrored-longhornio-csi-resizer:v2.1.0-20260428,rancher/v2.16-head,stdlib,v1.25.9,gobinary,CVE-2026-33814,HIGH,https://avd.aquasec.com/nvd/cve-2026-33814,csi-resizer,"1.25.10, 1.26.3",true,affected,
rancher/mirrored-longhornio-csi-resizer:v2.1.0-20260428,rancher/v2.16-head,stdlib,v1.25.9,gobinary,CVE-2026-33818,HIGH,https://avd.aquasec.com/nvd/cve-2026-33818,csi-resizer,"1.25.13, 1.26.6, 1.27.0-rc.3",true,affected,
rancher/mirrored-longhornio-csi-resizer:v2.1.0-20260428,rancher/v2.16-head,stdlib,v1.25.9,gobinary,CVE-2026-39820,HIGH,https://avd.aquasec.com/nvd/cve-2026-39820,csi-resizer,"1.25.10, 1.26.3",true,not_affected,vulnerable_code_not_in_execute_path
rancher/mirrored-longhornio-csi-resizer:v2.1.0-20260428,rancher/v2.16-head,golang.org/x/net,v0.48.0,gobinary,CVE-2026-39821,HIGH,https://avd.aquasec.com/nvd/cve-2026-39821,csi-resizer,0.55.0,true,affected,
rancher/mirrored-longhornio-csi-resizer:v2.1.0-20260428,rancher/v2.16-head,stdlib,v1.25.9,gobinary,CVE-2026-39821,HIGH,https://avd.aquasec.com/nvd/cve-2026-39821,csi-resizer,"1.25.13, 1.26.6, 1.27.0-rc.3",true,affected,
rancher/mirrored-longhornio-csi-resizer:v2.1.0-20260428,rancher/v2.16-head,stdlib,v1.25.9,gobinary,CVE-2026-39822,HIGH,https://avd.aquasec.com/nvd/cve-2026-39822,csi-resizer,"1.25.12, 1.26.5, 1.27.0-rc.2",true,not_affected,vulnerable_code_not_in_execute_path
rancher/mirrored-longhornio-csi-resizer:v2.1.0-20260428,rancher/v2.16-head,stdlib,v1.25.9,gobinary,CVE-2026-39823,MEDIUM,https://avd.aquasec.com/nvd/cve-2026-39823,csi-resizer,"1.25.10, 1.26.3",true,not_affected,vulnerable_code_not_in_execute_path
rancher/mirrored-longhornio-csi-resizer:v2.1.0-20260428,rancher/v2.16-head,stdlib,v1.25.9,gobinary,CVE-2026-39825,MEDIUM,https://avd.aquasec.com/nvd/cve-2026-39825,csi-resizer,"1.25.10, 1.26.3",true,not_affected,vulnerable_code_not_in_execute_path
rancher/mirrored-longhornio-csi-resizer:v2.1.0-20260428,rancher/v2.16-head,golang.org/x/crypto,v0.46.0,gobinary,CVE-2026-39827,MEDIUM,https://avd.aquasec.com/nvd/cve-2026-39827,csi-resizer,0.52.0,true,not_affected,vulnerable_code_not_present
rancher/mirrored-longhornio-csi-resizer:v2.1.0-20260428,rancher/v2.16-head,golang.org/x/crypto,v0.46.0,gobinary,CVE-2026-39828,HIGH,https://avd.aquasec.com/nvd/cve-2026-39828,csi-resizer,0.52.0,true,not_affected,vulnerable_code_not_present
rancher/mirrored-longhornio-csi-resizer:v2.1.0-20260428,rancher/v2.16-head,golang.org/x/crypto,v0.46.0,gobinary,CVE-2026-39829,HIGH,https://avd.aquasec.com/nvd/cve-2026-39829,csi-resizer,0.52.0,true,not_affected,vulnerable_code_not_present
rancher/mirrored-longhornio-csi-resizer:v2.1.0-20260428,rancher/v2.16-head,golang.org/x/crypto,v0.46.0,gobinary,CVE-2026-39830,HIGH,https://avd.aquasec.com/nvd/cve-2026-39830,csi-resizer,0.52.0,true,not_affected,vulnerable_code_not_present
rancher/mirrored-longhornio-csi-resizer:v2.1.0-20260428,rancher/v2.16-head,golang.org/x/crypto,v0.46.0,gobinary,CVE-2026-39831,HIGH,https://avd.aquasec.com/nvd/cve-2026-39831,csi-resizer,0.52.0,true,not_affected,vulnerable_code_not_present
rancher/mirrored-longhornio-csi-resizer:v2.1.0-20260428,rancher/v2.16-head,golang.org/x/crypto,v0.46.0,gobinary,CVE-2026-39832,HIGH,https://avd.aquasec.com/nvd/cve-2026-39832,csi-resizer,0.52.0,true,not_affected,vulnerable_code_not_present
rancher/mirrored-longhornio-csi-resizer:v2.1.0-20260428,rancher/v2.16-head,golang.org/x/crypto,v0.46.0,gobinary,CVE-2026-39833,MEDIUM,https://avd.aquasec.com/nvd/cve-2026-39833,csi-resizer,0.52.0,true,not_affected,vulnerable_code_not_present
rancher/mirrored-longhornio-csi-resizer:v2.1.0-20260428,rancher/v2.16-head,golang.org/x/crypto,v0.46.0,gobinary,CVE-2026-39834,MEDIUM,https://avd.aquasec.com/nvd/cve-2026-39834,csi-resizer,0.52.0,true,not_affected,vulnerable_code_not_present
rancher/mirrored-longhornio-csi-resizer:v2.1.0-20260428,rancher/v2.16-head,golang.org/x/crypto,v0.46.0,gobinary,CVE-2026-39835,HIGH,https://avd.aquasec.com/nvd/cve-2026-39835,csi-resizer,0.52.0,true,not_affected,vulnerable_code_not_present
rancher/mirrored-longhornio-csi-resizer:v2.1.0-20260428,rancher/v2.16-head,stdlib,v1.25.9,gobinary,CVE-2026-39836,HIGH,https://avd.aquasec.com/nvd/cve-2026-39836,csi-resizer,"1.25.10, 1.26.3",true,not_affected,vulnerable_code_not_in_execute_path
rancher/mirrored-longhornio-csi-resizer:v2.1.0-20260428,rancher/v2.16-head,stdlib,v1.25.9,gobinary,CVE-2026-42499,HIGH,https://avd.aquasec.com/nvd/cve-2026-42499,csi-resizer,"1.25.10, 1.26.3",true,affected,
rancher/mirrored-longhornio-csi-resizer:v2.1.0-20260428,rancher/v2.16-head,golang.org/x/net,v0.48.0,gobinary,CVE-2026-42502,MEDIUM,https://avd.aquasec.com/nvd/cve-2026-42502,csi-resizer,0.55.0,true,not_affected,vulnerable_code_not_present
rancher/mirrored-longhornio-csi-resizer:v2.1.0-20260428,rancher/v2.16-head,golang.org/x/net,v0.48.0,gobinary,CVE-2026-42506,MEDIUM,https://avd.aquasec.com/nvd/cve-2026-42506,csi-resizer,0.55.0,true,not_affected,vulnerable_code_not_present
rancher/mirrored-longhornio-csi-resizer:v2.1.0-20260428,rancher/v2.16-head,stdlib,v1.25.9,gobinary,CVE-2026-42507,MEDIUM,https://avd.aquasec.com/nvd/cve-2026-42507,csi-resizer,"1.25.11, 1.26.4",true,not_affected,vulnerable_code_not_in_execute_path
rancher/mirrored-longhornio-csi-resizer:v2.1.0-20260428,rancher/v2.16-head,golang.org/x/crypto,v0.46.0,gobinary,CVE-2026-42508,HIGH,https://avd.aquasec.com/nvd/cve-2026-42508,csi-resizer,0.52.0,true,not_affected,vulnerable_code_not_present
rancher/mirrored-longhornio-csi-resizer:v2.1.0-20260428,rancher/v2.16-head,golang.org/x/crypto,v0.46.0,gobinary,CVE-2026-46595,HIGH,https://avd.aquasec.com/nvd/cve-2026-46595,csi-resizer,0.52.0,true,not_affected,vulnerable_code_not_present
rancher/mirrored-longhornio-csi-resizer:v2.1.0-20260428,rancher/v2.16-head,golang.org/x/crypto,v0.46.0,gobinary,CVE-2026-46597,HIGH,https://avd.aquasec.com/nvd/cve-2026-46597,csi-resizer,0.52.0,true,not_affected,vulnerable_code_not_present
rancher/mirrored-longhornio-csi-resizer:v2.1.0-20260428,rancher/v2.16-head,golang.org/x/crypto,v0.46.0,gobinary,CVE-2026-46598,MEDIUM,https://avd.aquasec.com/nvd/cve-2026-46598,csi-resizer,0.52.0,true,not_affected,vulnerable_code_not_present
rancher/mirrored-longhornio-csi-resizer:v2.1.0-20260428,rancher/v2.16-head,golang.org/x/net,v0.48.0,gobinary,CVE-2026-46600,HIGH,https://avd.aquasec.com/nvd/cve-2026-46600,csi-resizer,0.56.0,true,not_affected,vulnerable_code_not_present
rancher/mirrored-longhornio-csi-resizer:v2.1.0-20260428,rancher/v2.16-head,stdlib,v1.25.9,gobinary,CVE-2026-56853,HIGH,https://avd.aquasec.com/nvd/cve-2026-56853,csi-resizer,"1.25.13, 1.26.6, 1.27.0-rc.3",true,affected,
rancher/mirrored-longhornio-csi-resizer:v2.1.0-20260428,rancher/v2.16-head,golang.org/x/crypto,v0.46.0,gobinary,CVE-2026-56854,HIGH,https://avd.aquasec.com/nvd/cve-2026-56854,csi-resizer,0.55.0,true,not_affected,vulnerable_code_not_present
rancher/mirrored-longhornio-csi-resizer:v2.1.0-20260428,rancher/v2.16-head,golang.org/x/crypto,v0.46.0,gobinary,CVE-2026-56855,MEDIUM,https://avd.aquasec.com/nvd/cve-2026-56855,csi-resizer,0.56.0,true,not_affected,vulnerable_code_not_present
rancher/mirrored-longhornio-csi-resizer:v2.1.0-20260428,rancher/v2.16-head,stdlib,v1.25.9,gobinary,CVE-2026-56859,HIGH,https://avd.aquasec.com/nvd/cve-2026-56859,csi-resizer,"1.25.13, 1.26.6, 1.27.0-rc.3",true,affected,
rancher/mirrored-longhornio-csi-resizer:v2.1.0-20260428,rancher/v2.16-head,stdlib,v1.25.9,gobinary,CVE-2026-56862,HIGH,https://avd.aquasec.com/nvd/cve-2026-56862,csi-resizer,"1.25.13, 1.26.6, 1.27.0-rc.3",true,affected,
rancher/mirrored-longhornio-csi-resizer:v2.1.0-20260428,rancher/v2.16-head,golang.org/x/crypto,v0.46.0,gobinary,CVE-2026-78662,MEDIUM,https://avd.aquasec.com/nvd/cve-2026-78662,csi-resizer,0.56.0,true,not_affected,vulnerable_code_not_present
rancher/mirrored-longhornio-csi-resizer:v2.1.0-20260428,rancher/v2.16-head,google.golang.org/grpc,v1.79.3,gobinary,CVE-2026-84303,MEDIUM,https://avd.aquasec.com/nvd/cve-2026-84303,csi-resizer,1.83.1,true,not_affected,vulnerable_code_not_present
rancher/mirrored-longhornio-csi-resizer:v2.1.0-20260428,rancher/v2.16-head,google.golang.org/grpc,v1.79.3,gobinary,CVE-2026-84304,HIGH,https://avd.aquasec.com/nvd/cve-2026-84304,csi-resizer,1.83.1,true,affected,
rancher/mirrored-longhornio-csi-resizer:v2.1.0-20260428,rancher/v2.16-head,google.golang.org/grpc,v1.79.3,gobinary,CVE-2026-84445,HIGH,https://avd.aquasec.com/nvd/cve-2026-84445,csi-resizer,"1.82.2, 1.83.2, 1.85.0-dev.0.20260825072537-93e31b48545e",true,not_affected,vulnerable_code_not_in_execute_path
rancher/mirrored-longhornio-csi-resizer:v2.1.0-20260428,rancher/v2.16-head,google.golang.org/grpc,v1.79.3,gobinary,GHSA-hrxh-6v49-42gf,HIGH,https://github.com/advisories/GHSA-hrxh-6v49-42gf,csi-resizer,1.82.1,true,affected,
rancher/mirrored-longhornio-csi-snapshotter:v8.5.0-20260428,rancher/v2.16-head,golang.org/x/net,v0.49.0,gobinary,CVE-2026-25680,MEDIUM,https://avd.aquasec.com/nvd/cve-2026-25680,csi-snapshotter,0.55.0,true,not_affected,vulnerable_code_not_present
rancher/mirrored-longhornio-csi-snapshotter:v8.5.0-20260428,rancher/v2.16-head,golang.org/x/net,v0.49.0,gobinary,CVE-2026-25681,HIGH,https://avd.aquasec.com/nvd/cve-2026-25681,csi-snapshotter,0.55.0,true,not_affected,vulnerable_code_not_present
rancher/mirrored-longhornio-csi-snapshotter:v8.5.0-20260428,rancher/v2.16-head,golang.org/x/net,v0.49.0,gobinary,CVE-2026-27136,HIGH,https://avd.aquasec.com/nvd/cve-2026-27136,csi-snapshotter,0.55.0,true,not_affected,vulnerable_code_not_present
rancher/mirrored-longhornio-csi-snapshotter:v8.5.0-20260428,rancher/v2.16-head,stdlib,v1.25.9,gobinary,CVE-2026-33811,HIGH,https://avd.aquasec.com/nvd/cve-2026-33811,csi-snapshotter,"1.25.10, 1.26.3",true,not_affected,vulnerable_code_not_in_execute_path
rancher/mirrored-longhornio-csi-snapshotter:v8.5.0-20260428,rancher/v2.16-head,golang.org/x/net,v0.49.0,gobinary,CVE-2026-33814,HIGH,https://avd.aquasec.com/nvd/cve-2026-33814,csi-snapshotter,0.53.0,true,affected,
rancher/mirrored-longhornio-csi-snapshotter:v8.5.0-20260428,rancher/v2.16-head,stdlib,v1.25.9,gobinary,CVE-2026-33814,HIGH,https://avd.aquasec.com/nvd/cve-2026-33814,csi-snapshotter,"1.25.10, 1.26.3",true,not_affected,vulnerable_code_not_in_execute_path
rancher/mirrored-longhornio-csi-snapshotter:v8.5.0-20260428,rancher/v2.16-head,stdlib,v1.25.9,gobinary,CVE-2026-33818,HIGH,https://avd.aquasec.com/nvd/cve-2026-33818,csi-snapshotter,"1.25.13, 1.26.6, 1.27.0-rc.3",true,affected,
rancher/mirrored-longhornio-csi-snapshotter:v8.5.0-20260428,rancher/v2.16-head,stdlib,v1.25.9,gobinary,CVE-2026-39820,HIGH,https://avd.aquasec.com/nvd/cve-2026-39820,csi-snapshotter,"1.25.10, 1.26.3",true,affected,
rancher/mirrored-longhornio-csi-snapshotter:v8.5.0-20260428,rancher/v2.16-head,golang.org/x/net,v0.49.0,gobinary,CVE-2026-39821,HIGH,https://avd.aquasec.com/nvd/cve-2026-39821,csi-snapshotter,0.55.0,true,affected,
rancher/mirrored-longhornio-csi-snapshotter:v8.5.0-20260428,rancher/v2.16-head,stdlib,v1.25.9,gobinary,CVE-2026-39821,HIGH,https://avd.aquasec.com/nvd/cve-2026-39821,csi-snapshotter,"1.25.13, 1.26.6, 1.27.0-rc.3",true,affected,
rancher/mirrored-longhornio-csi-snapshotter:v8.5.0-20260428,rancher/v2.16-head,stdlib,v1.25.9,gobinary,CVE-2026-39822,HIGH,https://avd.aquasec.com/nvd/cve-2026-39822,csi-snapshotter,"1.25.12, 1.26.5, 1.27.0-rc.2",true,not_affected,vulnerable_code_not_in_execute_path
rancher/mirrored-longhornio-csi-snapshotter:v8.5.0-20260428,rancher/v2.16-head,stdlib,v1.25.9,gobinary,CVE-2026-39825,MEDIUM,https://avd.aquasec.com/nvd/cve-2026-39825,csi-snapshotter,"1.25.10, 1.26.3",true,not_affected,vulnerable_code_not_in_execute_path
rancher/mirrored-longhornio-csi-snapshotter:v8.5.0-20260428,rancher/v2.16-head,stdlib,v1.25.9,gobinary,CVE-2026-39826,MEDIUM,https://avd.aquasec.com/nvd/cve-2026-39826,csi-snapshotter,"1.25.10, 1.26.3",true,not_affected,vulnerable_code_not_in_execute_path
rancher/mirrored-longhornio-csi-snapshotter:v8.5.0-20260428,rancher/v2.16-head,golang.org/x/crypto,v0.47.0,gobinary,CVE-2026-39827,MEDIUM,https://avd.aquasec.com/nvd/cve-2026-39827,csi-snapshotter,0.52.0,true,not_affected,vulnerable_code_not_present
rancher/mirrored-longhornio-csi-snapshotter:v8.5.0-20260428,rancher/v2.16-head,golang.org/x/crypto,v0.47.0,gobinary,CVE-2026-39828,HIGH,https://avd.aquasec.com/nvd/cve-2026-39828,csi-snapshotter,0.52.0,true,not_affected,vulnerable_code_not_present
rancher/mirrored-longhornio-csi-snapshotter:v8.5.0-20260428,rancher/v2.16-head,golang.org/x/crypto,v0.47.0,gobinary,CVE-2026-39829,HIGH,https://avd.aquasec.com/nvd/cve-2026-39829,csi-snapshotter,0.52.0,true,not_affected,vulnerable_code_not_present
rancher/mirrored-longhornio-csi-snapshotter:v8.5.0-20260428,rancher/v2.16-head,golang.org/x/crypto,v0.47.0,gobinary,CVE-2026-39830,HIGH,https://avd.aquasec.com/nvd/cve-2026-39830,csi-snapshotter,0.52.0,true,not_affected,vulnerable_code_not_present
rancher/mirrored-longhornio-csi-snapshotter:v8.5.0-20260428,rancher/v2.16-head,golang.org/x/crypto,v0.47.0,gobinary,CVE-2026-39831,HIGH,https://avd.aquasec.com/nvd/cve-2026-39831,csi-snapshotter,0.52.0,true,not_affected,vulnerable_code_not_present
rancher/mirrored-longhornio-csi-snapshotter:v8.5.0-20260428,rancher/v2.16-head,golang.org/x/crypto,v0.47.0,gobinary,CVE-2026-39832,HIGH,https://avd.aquasec.com/nvd/cve-2026-39832,csi-snapshotter,0.52.0,true,not_affected,vulnerable_code_not_present
rancher/mirrored-longhornio-csi-snapshotter:v8.5.0-20260428,rancher/v2.16-head,golang.org/x/crypto,v0.47.0,gobinary,CVE-2026-39833,MEDIUM,https://avd.aquasec.com/nvd/cve-2026-39833,csi-snapshotter,0.52.0,true,not_affected,vulnerable_code_not_present
rancher/mirrored-longhornio-csi-snapshotter:v8.5.0-20260428,rancher/v2.16-head,golang.org/x/crypto,v0.47.0,gobinary,CVE-2026-39834,MEDIUM,https://avd.aquasec.com/nvd/cve-2026-39834,csi-snapshotter,0.52.0,true,not_affected,vulnerable_code_not_present
rancher/mirrored-longhornio-csi-snapshotter:v8.5.0-20260428,rancher/v2.16-head,golang.org/x/crypto,v0.47.0,gobinary,CVE-2026-39835,HIGH,https://avd.aquasec.com/nvd/cve-2026-39835,csi-snapshotter,0.52.0,true,not_affected,vulnerable_code_not_present
rancher/mirrored-longhornio-csi-snapshotter:v8.5.0-20260428,rancher/v2.16-head,stdlib,v1.25.9,gobinary,CVE-2026-39836,HIGH,https://avd.aquasec.com/nvd/cve-2026-39836,csi-snapshotter,"1.25.10, 1.26.3",true,not_affected,vulnerable_code_not_in_execute_path
rancher/mirrored-longhornio-csi-snapshotter:v8.5.0-20260428,rancher/v2.16-head,stdlib,v1.25.9,gobinary,CVE-2026-42499,HIGH,https://avd.aquasec.com/nvd/cve-2026-42499,csi-snapshotter,"1.25.10, 1.26.3",true,affected,
rancher/mirrored-longhornio-csi-snapshotter:v8.5.0-20260428,rancher/v2.16-head,golang.org/x/net,v0.49.0,gobinary,CVE-2026-42502,MEDIUM,https://avd.aquasec.com/nvd/cve-2026-42502,csi-snapshotter,0.55.0,true,not_affected,vulnerable_code_not_present
rancher/mirrored-longhornio-csi-snapshotter:v8.5.0-20260428,rancher/v2.16-head,golang.org/x/net,v0.49.0,gobinary,CVE-2026-42506,MEDIUM,https://avd.aquasec.com/nvd/cve-2026-42506,csi-snapshotter,0.55.0,true,not_affected,vulnerable_code_not_present
rancher/mirrored-longhornio-csi-snapshotter:v8.5.0-20260428,rancher/v2.16-head,golang.org/x/crypto,v0.47.0,gobinary,CVE-2026-42508,HIGH,https://avd.aquasec.com/nvd/cve-2026-42508,csi-snapshotter,0.52.0,true,not_affected,vulnerable_code_not_present
rancher/mirrored-longhornio-csi-snapshotter:v8.5.0-20260428,rancher/v2.16-head,golang.org/x/crypto,v0.47.0,gobinary,CVE-2026-46595,HIGH,https://avd.aquasec.com/nvd/cve-2026-46595,csi-snapshotter,0.52.0,true,not_affected,vulnerable_code_not_present
rancher/mirrored-longhornio-csi-snapshotter:v8.5.0-20260428,rancher/v2.16-head,golang.org/x/crypto,v0.47.0,gobinary,CVE-2026-46597,HIGH,https://avd.aquasec.com/nvd/cve-2026-46597,csi-snapshotter,0.52.0,true,not_affected,vulnerable_code_not_present
rancher/mirrored-longhornio-csi-snapshotter:v8.5.0-20260428,rancher/v2.16-head,golang.org/x/crypto,v0.47.0,gobinary,CVE-2026-46598,MEDIUM,https://avd.aquasec.com/nvd/cve-2026-46598,csi-snapshotter,0.52.0,true,not_affected,vulnerable_code_not_present
rancher/mirrored-longhornio-csi-snapshotter:v8.5.0-20260428,rancher/v2.16-head,golang.org/x/net,v0.49.0,gobinary,CVE-2026-46600,HIGH,https://avd.aquasec.com/nvd/cve-2026-46600,csi-snapshotter,0.56.0,true,not_affected,vulnerable_code_not_present
rancher/mirrored-longhornio-csi-snapshotter:v8.5.0-20260428,rancher/v2.16-head,stdlib,v1.25.9,gobinary,CVE-2026-56853,HIGH,https://avd.aquasec.com/nvd/cve-2026-56853,csi-snapshotter,"1.25.13, 1.26.6, 1.27.0-rc.3",true,affected,
rancher/mirrored-longhornio-csi-snapshotter:v8.5.0-20260428,rancher/v2.16-head,golang.org/x/crypto,v0.47.0,gobinary,CVE-2026-56854,HIGH,https://avd.aquasec.com/nvd/cve-2026-56854,csi-snapshotter,0.55.0,true,not_affected,vulnerable_code_not_present
rancher/mirrored-longhornio-csi-snapshotter:v8.5.0-20260428,rancher/v2.16-head,golang.org/x/crypto,v0.47.0,gobinary,CVE-2026-56855,MEDIUM,https://avd.aquasec.com/nvd/cve-2026-56855,csi-snapshotter,0.56.0,true,not_affected,vulnerable_code_not_present
rancher/mirrored-longhornio-csi-snapshotter:v8.5.0-20260428,rancher/v2.16-head,stdlib,v1.25.9,gobinary,CVE-2026-56859,HIGH,https://avd.aquasec.com/nvd/cve-2026-56859,csi-snapshotter,"1.25.13, 1.26.6, 1.27.0-rc.3",true,affected,
rancher/mirrored-longhornio-csi-snapshotter:v8.5.0-20260428,rancher/v2.16-head,stdlib,v1.25.9,gobinary,CVE-2026-56862,HIGH,https://avd.aquasec.com/nvd/cve-2026-56862,csi-snapshotter,"1.25.13, 1.26.6, 1.27.0-rc.3",true,affected,
rancher/mirrored-longhornio-csi-snapshotter:v8.5.0-20260428,rancher/v2.16-head,golang.org/x/crypto,v0.47.0,gobinary,CVE-2026-78662,MEDIUM,https://avd.aquasec.com/nvd/cve-2026-78662,csi-snapshotter,0.56.0,true,not_affected,vulnerable_code_not_present
rancher/mirrored-longhornio-csi-snapshotter:v8.5.0-20260428,rancher/v2.16-head,google.golang.org/grpc,v1.79.3,gobinary,CVE-2026-84303,MEDIUM,https://avd.aquasec.com/nvd/cve-2026-84303,csi-snapshotter,1.83.1,true,not_affected,vulnerable_code_not_present
rancher/mirrored-longhornio-csi-snapshotter:v8.5.0-20260428,rancher/v2.16-head,google.golang.org/grpc,v1.79.3,gobinary,CVE-2026-84304,HIGH,https://avd.aquasec.com/nvd/cve-2026-84304,csi-snapshotter,1.83.1,true,affected,
rancher/mirrored-longhornio-csi-snapshotter:v8.5.0-20260428,rancher/v2.16-head,google.golang.org/grpc,v1.79.3,gobinary,CVE-2026-84445,HIGH,https://avd.aquasec.com/nvd/cve-2026-84445,csi-snapshotter,"1.82.2, 1.83.2, 1.85.0-dev.0.20260825072537-93e31b48545e",true,not_affected,vulnerable_code_not_in_execute_path
rancher/mirrored-longhornio-csi-snapshotter:v8.5.0-20260428,rancher/v2.16-head,google.golang.org/grpc,v1.79.3,gobinary,GHSA-hrxh-6v49-42gf,HIGH,https://github.com/advisories/GHSA-hrxh-6v49-42gf,csi-snapshotter,1.82.1,true,affected,
rancher/mirrored-metrics-server:v0.9.0,rancher/v2.16-head,stdlib,v1.26.4,gobinary,CVE-2026-33818,HIGH,https://avd.aquasec.com/nvd/cve-2026-33818,metrics-server,"1.25.13, 1.26.6, 1.27.0-rc.3",true,affected,
rancher/mirrored-metrics-server:v0.9.0,rancher/v2.16-head,stdlib,v1.26.4,gobinary,CVE-2026-39821,HIGH,https://avd.aquasec.com/nvd/cve-2026-39821,metrics-server,"1.25.13, 1.26.6, 1.27.0-rc.3",true,affected,
rancher/mirrored-metrics-server:v0.9.0,rancher/v2.16-head,stdlib,v1.26.4,gobinary,CVE-2026-39822,HIGH,https://avd.aquasec.com/nvd/cve-2026-39822,metrics-server,"1.25.12, 1.26.5, 1.27.0-rc.2",true,not_affected,vulnerable_code_not_in_execute_path
rancher/mirrored-metrics-server:v0.9.0,rancher/v2.16-head,stdlib,v1.26.4,gobinary,CVE-2026-42505,MEDIUM,https://avd.aquasec.com/nvd/cve-2026-42505,metrics-server,"1.25.12, 1.26.5, 1.27.0-rc.2",true,not_affected,vulnerable_code_cannot_be_controlled_by_adversary
rancher/mirrored-metrics-server:v0.9.0,rancher/v2.16-head,stdlib,v1.26.4,gobinary,CVE-2026-56853,HIGH,https://avd.aquasec.com/nvd/cve-2026-56853,metrics-server,"1.25.13, 1.26.6, 1.27.0-rc.3",true,affected,
rancher/mirrored-metrics-server:v0.9.0,rancher/v2.16-head,golang.org/x/crypto,v0.53.0,gobinary,CVE-2026-56854,HIGH,https://avd.aquasec.com/nvd/cve-2026-56854,metrics-server,0.55.0,true,affected,
rancher/mirrored-metrics-server:v0.9.0,rancher/v2.16-head,golang.org/x/crypto,v0.53.0,gobinary,CVE-2026-56855,HIGH,https://avd.aquasec.com/nvd/cve-2026-56855,metrics-server,0.56.0,true,affected,severity_changed_due_to_suse_cvss_score
rancher/mirrored-metrics-server:v0.9.0,rancher/v2.16-head,stdlib,v1.26.4,gobinary,CVE-2026-56859,HIGH,https://avd.aquasec.com/nvd/cve-2026-56859,metrics-server,"1.25.13, 1.26.6, 1.27.0-rc.3",true,affected,
rancher/mirrored-metrics-server:v0.9.0,rancher/v2.16-head,stdlib,v1.26.4,gobinary,CVE-2026-56862,HIGH,https://avd.aquasec.com/nvd/cve-2026-56862,metrics-server,"1.25.13, 1.26.6, 1.27.0-rc.3",true,affected,
rancher/mirrored-metrics-server:v0.9.0,rancher/v2.16-head,golang.org/x/crypto,v0.53.0,gobinary,CVE-2026-78662,HIGH,https://avd.aquasec.com/nvd/cve-2026-78662,metrics-server,0.56.0,true,affected,severity_changed_due_to_suse_cvss_score
rancher/mirrored-metrics-server:v0.9.0,rancher/v2.16-head,google.golang.org/grpc,v1.81.1,gobinary,CVE-2026-84303,CRITICAL,https://avd.aquasec.com/nvd/cve-2026-84303,metrics-server,1.83.1,true,affected,severity_changed_due_to_suse_cvss_score
rancher/mirrored-metrics-server:v0.9.0,rancher/v2.16-head,google.golang.org/grpc,v1.81.1,gobinary,CVE-2026-84304,HIGH,https://avd.aquasec.com/nvd/cve-2026-84304,metrics-server,1.83.1,true,affected,
rancher/mirrored-metrics-server:v0.9.0,rancher/v2.16-head,google.golang.org/grpc,v1.81.1,gobinary,CVE-2026-84445,HIGH,https://avd.aquasec.com/nvd/cve-2026-84445,metrics-server,"1.82.2, 1.83.2, 1.85.0-dev.0.20260825072537-93e31b48545e",true,affected,
rancher/mirrored-metrics-server:v0.9.0,rancher/v2.16-head,google.golang.org/grpc,v1.81.1,gobinary,GHSA-hrxh-6v49-42gf,HIGH,https://github.com/advisories/GHSA-hrxh-6v49-42gf,metrics-server,1.82.1,true,affected,
rancher/mirrored-sig-storage-csi-attacher:v4.9.0,rancher/v2.16-head,stdlib,v1.24.2,gobinary,CVE-2025-22873,MEDIUM,https://avd.aquasec.com/nvd/cve-2025-22873,csi-attacher,"1.23.9, 1.24.3",true,not_affected,vulnerable_code_not_in_execute_path
rancher/mirrored-sig-storage-csi-attacher:v4.9.0,rancher/v2.16-head,stdlib,v1.24.2,gobinary,CVE-2025-22874,HIGH,https://avd.aquasec.com/nvd/cve-2025-22874,csi-attacher,1.24.4,true,affected,
rancher/mirrored-sig-storage-csi-attacher:v4.9.0,rancher/v2.16-head,stdlib,v1.24.2,gobinary,CVE-2025-47907,MEDIUM,https://avd.aquasec.com/nvd/cve-2025-47907,csi-attacher,"1.23.12, 1.24.6",true,not_affected,vulnerable_code_not_in_execute_path
rancher/mirrored-sig-storage-csi-attacher:v4.9.0,rancher/v2.16-head,golang.org/x/net,v0.40.0,gobinary,CVE-2025-47911,MEDIUM,https://avd.aquasec.com/nvd/cve-2025-47911,csi-attacher,0.45.0,true,not_affected,vulnerable_code_not_present
rancher/mirrored-sig-storage-csi-attacher:v4.9.0,rancher/v2.16-head,stdlib,v1.24.2,gobinary,CVE-2025-47912,HIGH,https://avd.aquasec.com/nvd/cve-2025-47912,csi-attacher,"1.24.8, 1.25.2",true,affected,severity_changed_due_to_suse_cvss_score
rancher/mirrored-sig-storage-csi-attacher:v4.9.0,rancher/v2.16-head,stdlib,v1.24.2,gobinary,CVE-2025-58183,MEDIUM,https://avd.aquasec.com/nvd/cve-2025-58183,csi-attacher,"1.24.8, 1.25.2",true,not_affected,vulnerable_code_not_present
rancher/mirrored-sig-storage-csi-attacher:v4.9.0,rancher/v2.16-head,stdlib,v1.24.2,gobinary,CVE-2025-58188,HIGH,https://avd.aquasec.com/nvd/cve-2025-58188,csi-attacher,"1.24.8, 1.25.2",true,affected,severity_changed_due_to_suse_cvss_score
rancher/mirrored-sig-storage-csi-attacher:v4.9.0,rancher/v2.16-head,golang.org/x/net,v0.40.0,gobinary,CVE-2025-58190,MEDIUM,https://avd.aquasec.com/nvd/cve-2025-58190,csi-attacher,0.45.0,true,not_affected,vulnerable_code_not_present
rancher/mirrored-sig-storage-csi-attacher:v4.9.0,rancher/v2.16-head,stdlib,v1.24.2,gobinary,CVE-2025-61725,MEDIUM,https://avd.aquasec.com/nvd/cve-2025-61725,csi-attacher,"1.24.8, 1.25.2",true,not_affected,vulnerable_code_not_present
rancher/mirrored-sig-storage-csi-attacher:v4.9.0,rancher/v2.16-head,stdlib,v1.24.2,gobinary,CVE-2025-61727,HIGH,https://avd.aquasec.com/nvd/cve-2025-61727,csi-attacher,"1.24.11, 1.25.5",true,affected,severity_changed_due_to_suse_cvss_score
rancher/mirrored-sig-storage-csi-attacher:v4.9.0,rancher/v2.16-head,stdlib,v1.24.2,gobinary,CVE-2025-61728,MEDIUM,https://avd.aquasec.com/nvd/cve-2025-61728,csi-attacher,"1.24.12, 1.25.6",true,not_affected,vulnerable_code_not_present
rancher/mirrored-sig-storage-csi-attacher:v4.9.0,rancher/v2.16-head,stdlib,v1.24.2,gobinary,CVE-2025-61729,HIGH,https://avd.aquasec.com/nvd/cve-2025-61729,csi-attacher,"1.24.11, 1.25.5",true,affected,
rancher/mirrored-sig-storage-csi-attacher:v4.9.0,rancher/v2.16-head,stdlib,v1.24.2,gobinary,CVE-2025-68121,HIGH,https://avd.aquasec.com/nvd/cve-2025-68121,csi-attacher,"1.24.13, 1.25.7, 1.26.0-rc.3",true,affected,severity_changed_due_to_suse_cvss_score
rancher/mirrored-sig-storage-csi-attacher:v4.9.0,rancher/v2.16-head,golang.org/x/net,v0.40.0,gobinary,CVE-2026-25680,MEDIUM,https://avd.aquasec.com/nvd/cve-2026-25680,csi-attacher,0.55.0,true,not_affected,vulnerable_code_not_present
rancher/mirrored-sig-storage-csi-attacher:v4.9.0,rancher/v2.16-head,golang.org/x/net,v0.40.0,gobinary,CVE-2026-25681,HIGH,https://avd.aquasec.com/nvd/cve-2026-25681,csi-attacher,0.55.0,true,not_affected,vulnerable_code_not_present
rancher/mirrored-sig-storage-csi-attacher:v4.9.0,rancher/v2.16-head,golang.org/x/net,v0.40.0,gobinary,CVE-2026-27136,HIGH,https://avd.aquasec.com/nvd/cve-2026-27136,csi-attacher,0.55.0,true,not_affected,vulnerable_code_not_present
rancher/mirrored-sig-storage-csi-attacher:v4.9.0,rancher/v2.16-head,stdlib,v1.24.2,gobinary,CVE-2026-32280,HIGH,https://avd.aquasec.com/nvd/cve-2026-32280,csi-attacher,"1.25.9, 1.26.2",true,affected,
rancher/mirrored-sig-storage-csi-attacher:v4.9.0,rancher/v2.16-head,stdlib,v1.24.2,gobinary,CVE-2026-32282,MEDIUM,https://avd.aquasec.com/nvd/cve-2026-32282,csi-attacher,"1.25.9, 1.26.2",true,not_affected,vulnerable_code_not_in_execute_path
rancher/mirrored-sig-storage-csi-attacher:v4.9.0,rancher/v2.16-head,stdlib,v1.24.2,gobinary,CVE-2026-32288,MEDIUM,https://avd.aquasec.com/nvd/cve-2026-32288,csi-attacher,"1.25.9, 1.26.2",true,not_affected,vulnerable_code_not_present
rancher/mirrored-sig-storage-csi-attacher:v4.9.0,rancher/v2.16-head,google.golang.org/grpc,v1.72.1,gobinary,CVE-2026-33186,HIGH,https://avd.aquasec.com/nvd/cve-2026-33186,csi-attacher,1.79.3,true,affected,severity_changed_due_to_suse_cvss_score
rancher/mirrored-sig-storage-csi-attacher:v4.9.0,rancher/v2.16-head,stdlib,v1.24.2,gobinary,CVE-2026-33811,HIGH,https://avd.aquasec.com/nvd/cve-2026-33811,csi-attacher,"1.25.10, 1.26.3",true,affected,
rancher/mirrored-sig-storage-csi-attacher:v4.9.0,rancher/v2.16-head,golang.org/x/net,v0.40.0,gobinary,CVE-2026-33814,HIGH,https://avd.aquasec.com/nvd/cve-2026-33814,csi-attacher,0.53.0,true,affected,
rancher/mirrored-sig-storage-csi-attacher:v4.9.0,rancher/v2.16-head,stdlib,v1.24.2,gobinary,CVE-2026-33814,HIGH,https://avd.aquasec.com/nvd/cve-2026-33814,csi-attacher,"1.25.10, 1.26.3",true,affected,
rancher/mirrored-sig-storage-csi-attacher:v4.9.0,rancher/v2.16-head,stdlib,v1.24.2,gobinary,CVE-2026-33818,HIGH,https://avd.aquasec.com/nvd/cve-2026-33818,csi-attacher,"1.25.13, 1.26.6, 1.27.0-rc.3",true,affected,
rancher/mirrored-sig-storage-csi-attacher:v4.9.0,rancher/v2.16-head,stdlib,v1.24.2,gobinary,CVE-2026-39820,HIGH,https://avd.aquasec.com/nvd/cve-2026-39820,csi-attacher,"1.25.10, 1.26.3",true,not_affected,vulnerable_code_not_present
rancher/mirrored-sig-storage-csi-attacher:v4.9.0,rancher/v2.16-head,golang.org/x/net,v0.40.0,gobinary,CVE-2026-39821,HIGH,https://avd.aquasec.com/nvd/cve-2026-39821,csi-attacher,0.55.0,true,affected,
rancher/mirrored-sig-storage-csi-attacher:v4.9.0,rancher/v2.16-head,stdlib,v1.24.2,gobinary,CVE-2026-39821,HIGH,https://avd.aquasec.com/nvd/cve-2026-39821,csi-attacher,"1.25.13, 1.26.6, 1.27.0-rc.3",true,affected,
rancher/mirrored-sig-storage-csi-attacher:v4.9.0,rancher/v2.16-head,stdlib,v1.24.2,gobinary,CVE-2026-39822,HIGH,https://avd.aquasec.com/nvd/cve-2026-39822,csi-attacher,"1.25.12, 1.26.5, 1.27.0-rc.2",true,not_affected,vulnerable_code_not_in_execute_path
rancher/mirrored-sig-storage-csi-attacher:v4.9.0,rancher/v2.16-head,stdlib,v1.24.2,gobinary,CVE-2026-39825,MEDIUM,https://avd.aquasec.com/nvd/cve-2026-39825,csi-attacher,"1.25.10, 1.26.3",true,not_affected,vulnerable_code_not_in_execute_path
rancher/mirrored-sig-storage-csi-attacher:v4.9.0,rancher/v2.16-head,stdlib,v1.24.2,gobinary,CVE-2026-39836,HIGH,https://avd.aquasec.com/nvd/cve-2026-39836,csi-attacher,"1.25.10, 1.26.3",true,affected,
rancher/mirrored-sig-storage-csi-attacher:v4.9.0,rancher/v2.16-head,stdlib,v1.24.2,gobinary,CVE-2026-42499,HIGH,https://avd.aquasec.com/nvd/cve-2026-42499,csi-attacher,"1.25.10, 1.26.3",true,not_affected,vulnerable_code_not_present
rancher/mirrored-sig-storage-csi-attacher:v4.9.0,rancher/v2.16-head,golang.org/x/net,v0.40.0,gobinary,CVE-2026-42502,MEDIUM,https://avd.aquasec.com/nvd/cve-2026-42502,csi-attacher,0.55.0,true,not_affected,vulnerable_code_not_present
rancher/mirrored-sig-storage-csi-attacher:v4.9.0,rancher/v2.16-head,golang.org/x/net,v0.40.0,gobinary,CVE-2026-42506,MEDIUM,https://avd.aquasec.com/nvd/cve-2026-42506,csi-attacher,0.55.0,true,not_affected,vulnerable_code_not_present
rancher/mirrored-sig-storage-csi-attacher:v4.9.0,rancher/v2.16-head,golang.org/x/net,v0.40.0,gobinary,CVE-2026-46600,HIGH,https://avd.aquasec.com/nvd/cve-2026-46600,csi-attacher,0.56.0,true,not_affected,vulnerable_code_not_present
rancher/mirrored-sig-storage-csi-attacher:v4.9.0,rancher/v2.16-head,golang.org/x/text,v0.25.0,gobinary,CVE-2026-56852,HIGH,https://avd.aquasec.com/nvd/cve-2026-56852,csi-attacher,0.39.0,true,not_affected,vulnerable_code_not_in_execute_path
rancher/mirrored-sig-storage-csi-attacher:v4.9.0,rancher/v2.16-head,stdlib,v1.24.2,gobinary,CVE-2026-56853,HIGH,https://avd.aquasec.com/nvd/cve-2026-56853,csi-attacher,"1.25.13, 1.26.6, 1.27.0-rc.3",true,affected,
rancher/mirrored-sig-storage-csi-attacher:v4.9.0,rancher/v2.16-head,stdlib,v1.24.2,gobinary,CVE-2026-56859,HIGH,https://avd.aquasec.com/nvd/cve-2026-56859,csi-attacher,"1.25.13, 1.26.6, 1.27.0-rc.3",true,affected,
rancher/mirrored-sig-storage-csi-attacher:v4.9.0,rancher/v2.16-head,stdlib,v1.24.2,gobinary,CVE-2026-56862,HIGH,https://avd.aquasec.com/nvd/cve-2026-56862,csi-attacher,"1.25.13, 1.26.6, 1.27.0-rc.3",true,affected,
rancher/mirrored-sig-storage-csi-attacher:v4.9.0,rancher/v2.16-head,google.golang.org/grpc,v1.72.1,gobinary,CVE-2026-84303,MEDIUM,https://avd.aquasec.com/nvd/cve-2026-84303,csi-attacher,1.83.1,true,not_affected,vulnerable_code_not_present
rancher/mirrored-sig-storage-csi-attacher:v4.9.0,rancher/v2.16-head,google.golang.org/grpc,v1.72.1,gobinary,CVE-2026-84304,HIGH,https://avd.aquasec.com/nvd/cve-2026-84304,csi-attacher,1.83.1,true,affected,
rancher/mirrored-sig-storage-csi-attacher:v4.9.0,rancher/v2.16-head,google.golang.org/grpc,v1.72.1,gobinary,CVE-2026-84445,HIGH,https://avd.aquasec.com/nvd/cve-2026-84445,csi-attacher,"1.82.2, 1.83.2, 1.85.0-dev.0.20260825072537-93e31b48545e",true,affected,
rancher/mirrored-sig-storage-csi-attacher:v4.9.0,rancher/v2.16-head,google.golang.org/grpc,v1.72.1,gobinary,GHSA-hrxh-6v49-42gf,HIGH,https://github.com/advisories/GHSA-hrxh-6v49-42gf,csi-attacher,1.82.1,true,affected,
rancher/mirrored-sig-storage-csi-node-driver-registrar:v2.13.0,rancher/v2.16-head,stdlib,v1.23.1,gobinary,CVE-2024-45336,MEDIUM,https://avd.aquasec.com/nvd/cve-2024-45336,csi-node-driver-registrar,"1.22.11, 1.23.5, 1.24.0-rc.2",true,not_affected,vulnerable_code_not_in_execute_path
rancher/mirrored-sig-storage-csi-node-driver-registrar:v2.13.0,rancher/v2.16-head,golang.org/x/net,v0.32.0,gobinary,CVE-2024-45338,HIGH,https://avd.aquasec.com/nvd/cve-2024-45338,csi-node-driver-registrar,0.33.0,true,not_affected,vulnerable_code_not_present
rancher/mirrored-sig-storage-csi-node-driver-registrar:v2.13.0,rancher/v2.16-head,golang.org/x/net,v0.32.0,gobinary,CVE-2025-22870,MEDIUM,https://avd.aquasec.com/nvd/cve-2025-22870,csi-node-driver-registrar,0.36.0,true,not_affected,vulnerable_code_not_present
rancher/mirrored-sig-storage-csi-node-driver-registrar:v2.13.0,rancher/v2.16-head,golang.org/x/net,v0.32.0,gobinary,CVE-2025-22872,MEDIUM,https://avd.aquasec.com/nvd/cve-2025-22872,csi-node-driver-registrar,0.38.0,true,not_affected,vulnerable_code_not_present
rancher/mirrored-sig-storage-csi-node-driver-registrar:v2.13.0,rancher/v2.16-head,stdlib,v1.23.1,gobinary,CVE-2025-22873,MEDIUM,https://avd.aquasec.com/nvd/cve-2025-22873,csi-node-driver-registrar,"1.23.9, 1.24.3",true,not_affected,vulnerable_code_not_in_execute_path
rancher/mirrored-sig-storage-csi-node-driver-registrar:v2.13.0,rancher/v2.16-head,stdlib,v1.23.1,gobinary,CVE-2025-4673,MEDIUM,https://avd.aquasec.com/nvd/cve-2025-4673,csi-node-driver-registrar,"1.23.10, 1.24.4",true,not_affected,vulnerable_code_not_in_execute_path
rancher/mirrored-sig-storage-csi-node-driver-registrar:v2.13.0,rancher/v2.16-head,stdlib,v1.23.1,gobinary,CVE-2025-47906,MEDIUM,https://avd.aquasec.com/nvd/cve-2025-47906,csi-node-driver-registrar,"1.23.12, 1.24.6",true,not_affected,vulnerable_code_not_present
rancher/mirrored-sig-storage-csi-node-driver-registrar:v2.13.0,rancher/v2.16-head,stdlib,v1.23.1,gobinary,CVE-2025-47907,MEDIUM,https://avd.aquasec.com/nvd/cve-2025-47907,csi-node-driver-registrar,"1.23.12, 1.24.6",true,not_affected,vulnerable_code_not_in_execute_path
rancher/mirrored-sig-storage-csi-node-driver-registrar:v2.13.0,rancher/v2.16-head,golang.org/x/net,v0.32.0,gobinary,CVE-2025-47911,MEDIUM,https://avd.aquasec.com/nvd/cve-2025-47911,csi-node-driver-registrar,0.45.0,true,not_affected,vulnerable_code_not_present
rancher/mirrored-sig-storage-csi-node-driver-registrar:v2.13.0,rancher/v2.16-head,stdlib,v1.23.1,gobinary,CVE-2025-47912,HIGH,https://avd.aquasec.com/nvd/cve-2025-47912,csi-node-driver-registrar,"1.24.8, 1.25.2",true,affected,severity_changed_due_to_suse_cvss_score
rancher/mirrored-sig-storage-csi-node-driver-registrar:v2.13.0,rancher/v2.16-head,stdlib,v1.23.1,gobinary,CVE-2025-58183,MEDIUM,https://avd.aquasec.com/nvd/cve-2025-58183,csi-node-driver-registrar,"1.24.8, 1.25.2",true,not_affected,vulnerable_code_not_present
rancher/mirrored-sig-storage-csi-node-driver-registrar:v2.13.0,rancher/v2.16-head,stdlib,v1.23.1,gobinary,CVE-2025-58188,HIGH,https://avd.aquasec.com/nvd/cve-2025-58188,csi-node-driver-registrar,"1.24.8, 1.25.2",true,affected,severity_changed_due_to_suse_cvss_score
rancher/mirrored-sig-storage-csi-node-driver-registrar:v2.13.0,rancher/v2.16-head,golang.org/x/net,v0.32.0,gobinary,CVE-2025-58190,MEDIUM,https://avd.aquasec.com/nvd/cve-2025-58190,csi-node-driver-registrar,0.45.0,true,not_affected,vulnerable_code_not_present
rancher/mirrored-sig-storage-csi-node-driver-registrar:v2.13.0,rancher/v2.16-head,stdlib,v1.23.1,gobinary,CVE-2025-61725,MEDIUM,https://avd.aquasec.com/nvd/cve-2025-61725,csi-node-driver-registrar,"1.24.8, 1.25.2",true,not_affected,vulnerable_code_not_present
rancher/mirrored-sig-storage-csi-node-driver-registrar:v2.13.0,rancher/v2.16-head,stdlib,v1.23.1,gobinary,CVE-2025-61727,HIGH,https://avd.aquasec.com/nvd/cve-2025-61727,csi-node-driver-registrar,"1.24.11, 1.25.5",true,affected,severity_changed_due_to_suse_cvss_score
rancher/mirrored-sig-storage-csi-node-driver-registrar:v2.13.0,rancher/v2.16-head,stdlib,v1.23.1,gobinary,CVE-2025-61728,MEDIUM,https://avd.aquasec.com/nvd/cve-2025-61728,csi-node-driver-registrar,"1.24.12, 1.25.6",true,not_affected,vulnerable_code_not_present
rancher/mirrored-sig-storage-csi-node-driver-registrar:v2.13.0,rancher/v2.16-head,stdlib,v1.23.1,gobinary,CVE-2025-61729,HIGH,https://avd.aquasec.com/nvd/cve-2025-61729,csi-node-driver-registrar,"1.24.11, 1.25.5",true,affected,
rancher/mirrored-sig-storage-csi-node-driver-registrar:v2.13.0,rancher/v2.16-head,stdlib,v1.23.1,gobinary,CVE-2025-68121,HIGH,https://avd.aquasec.com/nvd/cve-2025-68121,csi-node-driver-registrar,"1.24.13, 1.25.7, 1.26.0-rc.3",true,affected,severity_changed_due_to_suse_cvss_score
rancher/mirrored-sig-storage-csi-node-driver-registrar:v2.13.0,rancher/v2.16-head,golang.org/x/net,v0.32.0,gobinary,CVE-2026-25680,MEDIUM,https://avd.aquasec.com/nvd/cve-2026-25680,csi-node-driver-registrar,0.55.0,true,not_affected,vulnerable_code_not_present
rancher/mirrored-sig-storage-csi-node-driver-registrar:v2.13.0,rancher/v2.16-head,golang.org/x/net,v0.32.0,gobinary,CVE-2026-25681,HIGH,https://avd.aquasec.com/nvd/cve-2026-25681,csi-node-driver-registrar,0.55.0,true,not_affected,vulnerable_code_not_present
rancher/mirrored-sig-storage-csi-node-driver-registrar:v2.13.0,rancher/v2.16-head,golang.org/x/net,v0.32.0,gobinary,CVE-2026-27136,HIGH,https://avd.aquasec.com/nvd/cve-2026-27136,csi-node-driver-registrar,0.55.0,true,not_affected,vulnerable_code_not_present
rancher/mirrored-sig-storage-csi-node-driver-registrar:v2.13.0,rancher/v2.16-head,stdlib,v1.23.1,gobinary,CVE-2026-32280,HIGH,https://avd.aquasec.com/nvd/cve-2026-32280,csi-node-driver-registrar,"1.25.9, 1.26.2",true,affected,
rancher/mirrored-sig-storage-csi-node-driver-registrar:v2.13.0,rancher/v2.16-head,stdlib,v1.23.1,gobinary,CVE-2026-32282,MEDIUM,https://avd.aquasec.com/nvd/cve-2026-32282,csi-node-driver-registrar,"1.25.9, 1.26.2",true,not_affected,vulnerable_code_not_in_execute_path
rancher/mirrored-sig-storage-csi-node-driver-registrar:v2.13.0,rancher/v2.16-head,stdlib,v1.23.1,gobinary,CVE-2026-32288,MEDIUM,https://avd.aquasec.com/nvd/cve-2026-32288,csi-node-driver-registrar,"1.25.9, 1.26.2",true,not_affected,vulnerable_code_not_present
rancher/mirrored-sig-storage-csi-node-driver-registrar:v2.13.0,rancher/v2.16-head,google.golang.org/grpc,v1.69.0,gobinary,CVE-2026-33186,HIGH,https://avd.aquasec.com/nvd/cve-2026-33186,csi-node-driver-registrar,1.79.3,true,affected,severity_changed_due_to_suse_cvss_score
rancher/mirrored-sig-storage-csi-node-driver-registrar:v2.13.0,rancher/v2.16-head,stdlib,v1.23.1,gobinary,CVE-2026-33811,HIGH,https://avd.aquasec.com/nvd/cve-2026-33811,csi-node-driver-registrar,"1.25.10, 1.26.3",true,affected,
rancher/mirrored-sig-storage-csi-node-driver-registrar:v2.13.0,rancher/v2.16-head,golang.org/x/net,v0.32.0,gobinary,CVE-2026-33814,HIGH,https://avd.aquasec.com/nvd/cve-2026-33814,csi-node-driver-registrar,0.53.0,true,affected,
rancher/mirrored-sig-storage-csi-node-driver-registrar:v2.13.0,rancher/v2.16-head,stdlib,v1.23.1,gobinary,CVE-2026-33814,HIGH,https://avd.aquasec.com/nvd/cve-2026-33814,csi-node-driver-registrar,"1.25.10, 1.26.3",true,affected,
rancher/mirrored-sig-storage-csi-node-driver-registrar:v2.13.0,rancher/v2.16-head,stdlib,v1.23.1,gobinary,CVE-2026-33818,HIGH,https://avd.aquasec.com/nvd/cve-2026-33818,csi-node-driver-registrar,"1.25.13, 1.26.6, 1.27.0-rc.3",true,affected,
rancher/mirrored-sig-storage-csi-node-driver-registrar:v2.13.0,rancher/v2.16-head,stdlib,v1.23.1,gobinary,CVE-2026-39820,HIGH,https://avd.aquasec.com/nvd/cve-2026-39820,csi-node-driver-registrar,"1.25.10, 1.26.3",true,not_affected,vulnerable_code_not_present
rancher/mirrored-sig-storage-csi-node-driver-registrar:v2.13.0,rancher/v2.16-head,golang.org/x/net,v0.32.0,gobinary,CVE-2026-39821,HIGH,https://avd.aquasec.com/nvd/cve-2026-39821,csi-node-driver-registrar,0.55.0,true,not_affected,vulnerable_code_not_in_execute_path
rancher/mirrored-sig-storage-csi-node-driver-registrar:v2.13.0,rancher/v2.16-head,stdlib,v1.23.1,gobinary,CVE-2026-39821,HIGH,https://avd.aquasec.com/nvd/cve-2026-39821,csi-node-driver-registrar,"1.25.13, 1.26.6, 1.27.0-rc.3",true,affected,
rancher/mirrored-sig-storage-csi-node-driver-registrar:v2.13.0,rancher/v2.16-head,stdlib,v1.23.1,gobinary,CVE-2026-39822,HIGH,https://avd.aquasec.com/nvd/cve-2026-39822,csi-node-driver-registrar,"1.25.12, 1.26.5, 1.27.0-rc.2",true,not_affected,vulnerable_code_not_in_execute_path
rancher/mirrored-sig-storage-csi-node-driver-registrar:v2.13.0,rancher/v2.16-head,stdlib,v1.23.1,gobinary,CVE-2026-39825,MEDIUM,https://avd.aquasec.com/nvd/cve-2026-39825,csi-node-driver-registrar,"1.25.10, 1.26.3",true,not_affected,vulnerable_code_not_in_execute_path
rancher/mirrored-sig-storage-csi-node-driver-registrar:v2.13.0,rancher/v2.16-head,stdlib,v1.23.1,gobinary,CVE-2026-39836,HIGH,https://avd.aquasec.com/nvd/cve-2026-39836,csi-node-driver-registrar,"1.25.10, 1.26.3",true,affected,
rancher/mirrored-sig-storage-csi-node-driver-registrar:v2.13.0,rancher/v2.16-head,stdlib,v1.23.1,gobinary,CVE-2026-42499,HIGH,https://avd.aquasec.com/nvd/cve-2026-42499,csi-node-driver-registrar,"1.25.10, 1.26.3",true,not_affected,vulnerable_code_not_present
rancher/mirrored-sig-storage-csi-node-driver-registrar:v2.13.0,rancher/v2.16-head,golang.org/x/net,v0.32.0,gobinary,CVE-2026-42502,MEDIUM,https://avd.aquasec.com/nvd/cve-2026-42502,csi-node-driver-registrar,0.55.0,true,not_affected,vulnerable_code_not_present
rancher/mirrored-sig-storage-csi-node-driver-registrar:v2.13.0,rancher/v2.16-head,stdlib,v1.23.1,gobinary,CVE-2026-42504,HIGH,https://avd.aquasec.com/nvd/cve-2026-42504,csi-node-driver-registrar,"1.25.11, 1.26.4",true,not_affected,vulnerable_code_not_in_execute_path
rancher/mirrored-sig-storage-csi-node-driver-registrar:v2.13.0,rancher/v2.16-head,golang.org/x/net,v0.32.0,gobinary,CVE-2026-42506,MEDIUM,https://avd.aquasec.com/nvd/cve-2026-42506,csi-node-driver-registrar,0.55.0,true,not_affected,vulnerable_code_not_present
rancher/mirrored-sig-storage-csi-node-driver-registrar:v2.13.0,rancher/v2.16-head,golang.org/x/net,v0.32.0,gobinary,CVE-2026-46600,HIGH,https://avd.aquasec.com/nvd/cve-2026-46600,csi-node-driver-registrar,0.56.0,true,not_affected,vulnerable_code_not_present
rancher/mirrored-sig-storage-csi-node-driver-registrar:v2.13.0,rancher/v2.16-head,golang.org/x/text,v0.21.0,gobinary,CVE-2026-56852,HIGH,https://avd.aquasec.com/nvd/cve-2026-56852,csi-node-driver-registrar,0.39.0,true,not_affected,vulnerable_code_not_in_execute_path
rancher/mirrored-sig-storage-csi-node-driver-registrar:v2.13.0,rancher/v2.16-head,stdlib,v1.23.1,gobinary,CVE-2026-56853,HIGH,https://avd.aquasec.com/nvd/cve-2026-56853,csi-node-driver-registrar,"1.25.13, 1.26.6, 1.27.0-rc.3",true,affected,
rancher/mirrored-sig-storage-csi-node-driver-registrar:v2.13.0,rancher/v2.16-head,stdlib,v1.23.1,gobinary,CVE-2026-56859,HIGH,https://avd.aquasec.com/nvd/cve-2026-56859,csi-node-driver-registrar,"1.25.13, 1.26.6, 1.27.0-rc.3",true,not_affected,vulnerable_code_not_present
rancher/mirrored-sig-storage-csi-node-driver-registrar:v2.13.0,rancher/v2.16-head,stdlib,v1.23.1,gobinary,CVE-2026-56862,HIGH,https://avd.aquasec.com/nvd/cve-2026-56862,csi-node-driver-registrar,"1.25.13, 1.26.6, 1.27.0-rc.3",true,affected,
rancher/mirrored-sig-storage-csi-node-driver-registrar:v2.13.0,rancher/v2.16-head,google.golang.org/grpc,v1.69.0,gobinary,CVE-2026-84303,MEDIUM,https://avd.aquasec.com/nvd/cve-2026-84303,csi-node-driver-registrar,1.83.1,true,not_affected,vulnerable_code_not_present
rancher/mirrored-sig-storage-csi-node-driver-registrar:v2.13.0,rancher/v2.16-head,google.golang.org/grpc,v1.69.0,gobinary,CVE-2026-84304,HIGH,https://avd.aquasec.com/nvd/cve-2026-84304,csi-node-driver-registrar,1.83.1,true,affected,
rancher/mirrored-sig-storage-csi-node-driver-registrar:v2.13.0,rancher/v2.16-head,google.golang.org/grpc,v1.69.0,gobinary,CVE-2026-84445,HIGH,https://avd.aquasec.com/nvd/cve-2026-84445,csi-node-driver-registrar,"1.82.2, 1.83.2, 1.85.0-dev.0.20260825072537-93e31b48545e",true,affected,
rancher/mirrored-sig-storage-csi-node-driver-registrar:v2.13.0,rancher/v2.16-head,google.golang.org/grpc,v1.69.0,gobinary,GHSA-hrxh-6v49-42gf,HIGH,https://github.com/advisories/GHSA-hrxh-6v49-42gf,csi-node-driver-registrar,1.82.1,true,affected,
rancher/mirrored-sig-storage-csi-provisioner:v4.0.1,rancher/v2.16-head,stdlib,v1.21.5,gobinary,CVE-2023-45289,HIGH,https://avd.aquasec.com/nvd/cve-2023-45289,csi-provisioner,"1.21.8, 1.22.1",true,affected,severity_changed_due_to_suse_cvss_score
rancher/mirrored-sig-storage-csi-provisioner:v4.0.1,rancher/v2.16-head,stdlib,v1.21.5,gobinary,CVE-2023-45290,HIGH,https://avd.aquasec.com/nvd/cve-2023-45290,csi-provisioner,"1.21.8, 1.22.1",true,affected,severity_changed_due_to_suse_cvss_score
rancher/mirrored-sig-storage-csi-provisioner:v4.0.1,rancher/v2.16-head,stdlib,v1.21.5,gobinary,CVE-2024-24783,HIGH,https://avd.aquasec.com/nvd/cve-2024-24783,csi-provisioner,"1.21.8, 1.22.1",true,affected,severity_changed_due_to_suse_cvss_score
rancher/mirrored-sig-storage-csi-provisioner:v4.0.1,rancher/v2.16-head,stdlib,v1.21.5,gobinary,CVE-2024-24784,MEDIUM,https://avd.aquasec.com/nvd/cve-2024-24784,csi-provisioner,"1.21.8, 1.22.1",true,not_affected,vulnerable_code_not_present
rancher/mirrored-sig-storage-csi-provisioner:v4.0.1,rancher/v2.16-head,stdlib,v1.21.5,gobinary,CVE-2024-24785,HIGH,https://avd.aquasec.com/nvd/cve-2024-24785,csi-provisioner,"1.21.8, 1.22.1",true,affected,severity_changed_due_to_suse_cvss_score
rancher/mirrored-sig-storage-csi-provisioner:v4.0.1,rancher/v2.16-head,stdlib,v1.21.5,gobinary,CVE-2024-24789,MEDIUM,https://avd.aquasec.com/nvd/cve-2024-24789,csi-provisioner,"1.21.11, 1.22.4",true,not_affected,vulnerable_code_not_present
rancher/mirrored-sig-storage-csi-provisioner:v4.0.1,rancher/v2.16-head,stdlib,v1.21.5,gobinary,CVE-2024-34155,MEDIUM,https://avd.aquasec.com/nvd/cve-2024-34155,csi-provisioner,"1.22.7, 1.23.1",true,not_affected,vulnerable_code_not_in_execute_path
rancher/mirrored-sig-storage-csi-provisioner:v4.0.1,rancher/v2.16-head,stdlib,v1.21.5,gobinary,CVE-2024-34156,HIGH,https://avd.aquasec.com/nvd/cve-2024-34156,csi-provisioner,"1.22.7, 1.23.1",true,not_affected,vulnerable_code_not_present
rancher/mirrored-sig-storage-csi-provisioner:v4.0.1,rancher/v2.16-head,stdlib,v1.21.5,gobinary,CVE-2024-34158,MEDIUM,https://avd.aquasec.com/nvd/cve-2024-34158,csi-provisioner,"1.22.7, 1.23.1",true,not_affected,vulnerable_code_not_present
rancher/mirrored-sig-storage-csi-provisioner:v4.0.1,rancher/v2.16-head,golang.org/x/net,v0.19.0,gobinary,CVE-2024-45338,HIGH,https://avd.aquasec.com/nvd/cve-2024-45338,csi-provisioner,0.33.0,true,not_affected,vulnerable_code_not_present
rancher/mirrored-sig-storage-csi-provisioner:v4.0.1,rancher/v2.16-head,golang.org/x/oauth2,v0.15.0,gobinary,CVE-2025-22868,HIGH,https://avd.aquasec.com/nvd/cve-2025-22868,csi-provisioner,0.27.0,true,not_affected,vulnerable_code_not_present
rancher/mirrored-sig-storage-csi-provisioner:v4.0.1,rancher/v2.16-head,golang.org/x/net,v0.19.0,gobinary,CVE-2025-22870,MEDIUM,https://avd.aquasec.com/nvd/cve-2025-22870,csi-provisioner,0.36.0,true,not_affected,vulnerable_code_not_present
rancher/mirrored-sig-storage-csi-provisioner:v4.0.1,rancher/v2.16-head,golang.org/x/net,v0.19.0,gobinary,CVE-2025-22872,MEDIUM,https://avd.aquasec.com/nvd/cve-2025-22872,csi-provisioner,0.38.0,true,not_affected,vulnerable_code_not_present
rancher/mirrored-sig-storage-csi-provisioner:v4.0.1,rancher/v2.16-head,stdlib,v1.21.5,gobinary,CVE-2025-22873,MEDIUM,https://avd.aquasec.com/nvd/cve-2025-22873,csi-provisioner,"1.23.9, 1.24.3",true,not_affected,vulnerable_code_not_in_execute_path
rancher/mirrored-sig-storage-csi-provisioner:v4.0.1,rancher/v2.16-head,stdlib,v1.21.5,gobinary,CVE-2025-47907,MEDIUM,https://avd.aquasec.com/nvd/cve-2025-47907,csi-provisioner,"1.23.12, 1.24.6",true,not_affected,vulnerable_code_not_in_execute_path
rancher/mirrored-sig-storage-csi-provisioner:v4.0.1,rancher/v2.16-head,golang.org/x/net,v0.19.0,gobinary,CVE-2025-47911,MEDIUM,https://avd.aquasec.com/nvd/cve-2025-47911,csi-provisioner,0.45.0,true,not_affected,vulnerable_code_not_present
rancher/mirrored-sig-storage-csi-provisioner:v4.0.1,rancher/v2.16-head,stdlib,v1.21.5,gobinary,CVE-2025-47912,HIGH,https://avd.aquasec.com/nvd/cve-2025-47912,csi-provisioner,"1.24.8, 1.25.2",true,affected,severity_changed_due_to_suse_cvss_score
rancher/mirrored-sig-storage-csi-provisioner:v4.0.1,rancher/v2.16-head,stdlib,v1.21.5,gobinary,CVE-2025-58183,MEDIUM,https://avd.aquasec.com/nvd/cve-2025-58183,csi-provisioner,"1.24.8, 1.25.2",true,not_affected,vulnerable_code_not_present
rancher/mirrored-sig-storage-csi-provisioner:v4.0.1,rancher/v2.16-head,stdlib,v1.21.5,gobinary,CVE-2025-58188,HIGH,https://avd.aquasec.com/nvd/cve-2025-58188,csi-provisioner,"1.24.8, 1.25.2",true,affected,severity_changed_due_to_suse_cvss_score
rancher/mirrored-sig-storage-csi-provisioner:v4.0.1,rancher/v2.16-head,golang.org/x/net,v0.19.0,gobinary,CVE-2025-58190,MEDIUM,https://avd.aquasec.com/nvd/cve-2025-58190,csi-provisioner,0.45.0,true,not_affected,vulnerable_code_not_present
rancher/mirrored-sig-storage-csi-provisioner:v4.0.1,rancher/v2.16-head,stdlib,v1.21.5,gobinary,CVE-2025-61725,MEDIUM,https://avd.aquasec.com/nvd/cve-2025-61725,csi-provisioner,"1.24.8, 1.25.2",true,not_affected,vulnerable_code_not_present
rancher/mirrored-sig-storage-csi-provisioner:v4.0.1,rancher/v2.16-head,stdlib,v1.21.5,gobinary,CVE-2025-61727,HIGH,https://avd.aquasec.com/nvd/cve-2025-61727,csi-provisioner,"1.24.11, 1.25.5",true,affected,severity_changed_due_to_suse_cvss_score
rancher/mirrored-sig-storage-csi-provisioner:v4.0.1,rancher/v2.16-head,stdlib,v1.21.5,gobinary,CVE-2025-61728,MEDIUM,https://avd.aquasec.com/nvd/cve-2025-61728,csi-provisioner,"1.24.12, 1.25.6",true,not_affected,vulnerable_code_not_present
rancher/mirrored-sig-storage-csi-provisioner:v4.0.1,rancher/v2.16-head,stdlib,v1.21.5,gobinary,CVE-2025-61729,HIGH,https://avd.aquasec.com/nvd/cve-2025-61729,csi-provisioner,"1.24.11, 1.25.5",true,affected,
rancher/mirrored-sig-storage-csi-provisioner:v4.0.1,rancher/v2.16-head,stdlib,v1.21.5,gobinary,CVE-2025-68121,HIGH,https://avd.aquasec.com/nvd/cve-2025-68121,csi-provisioner,"1.24.13, 1.25.7, 1.26.0-rc.3",true,affected,severity_changed_due_to_suse_cvss_score
rancher/mirrored-sig-storage-csi-provisioner:v4.0.1,rancher/v2.16-head,golang.org/x/net,v0.19.0,gobinary,CVE-2026-25680,MEDIUM,https://avd.aquasec.com/nvd/cve-2026-25680,csi-provisioner,0.55.0,true,not_affected,vulnerable_code_not_present
rancher/mirrored-sig-storage-csi-provisioner:v4.0.1,rancher/v2.16-head,golang.org/x/net,v0.19.0,gobinary,CVE-2026-25681,HIGH,https://avd.aquasec.com/nvd/cve-2026-25681,csi-provisioner,0.55.0,true,not_affected,vulnerable_code_not_present
rancher/mirrored-sig-storage-csi-provisioner:v4.0.1,rancher/v2.16-head,golang.org/x/net,v0.19.0,gobinary,CVE-2026-27136,HIGH,https://avd.aquasec.com/nvd/cve-2026-27136,csi-provisioner,0.55.0,true,not_affected,vulnerable_code_not_present
rancher/mirrored-sig-storage-csi-provisioner:v4.0.1,rancher/v2.16-head,stdlib,v1.21.5,gobinary,CVE-2026-32280,HIGH,https://avd.aquasec.com/nvd/cve-2026-32280,csi-provisioner,"1.25.9, 1.26.2",true,affected,
rancher/mirrored-sig-storage-csi-provisioner:v4.0.1,rancher/v2.16-head,stdlib,v1.21.5,gobinary,CVE-2026-32282,MEDIUM,https://avd.aquasec.com/nvd/cve-2026-32282,csi-provisioner,"1.25.9, 1.26.2",true,not_affected,vulnerable_code_not_in_execute_path
rancher/mirrored-sig-storage-csi-provisioner:v4.0.1,rancher/v2.16-head,stdlib,v1.21.5,gobinary,CVE-2026-32288,MEDIUM,https://avd.aquasec.com/nvd/cve-2026-32288,csi-provisioner,"1.25.9, 1.26.2",true,not_affected,vulnerable_code_not_present
rancher/mirrored-sig-storage-csi-provisioner:v4.0.1,rancher/v2.16-head,google.golang.org/grpc,v1.60.0,gobinary,CVE-2026-33186,HIGH,https://avd.aquasec.com/nvd/cve-2026-33186,csi-provisioner,1.79.3,true,affected,severity_changed_due_to_suse_cvss_score
rancher/mirrored-sig-storage-csi-provisioner:v4.0.1,rancher/v2.16-head,stdlib,v1.21.5,gobinary,CVE-2026-33811,HIGH,https://avd.aquasec.com/nvd/cve-2026-33811,csi-provisioner,"1.25.10, 1.26.3",true,affected,
rancher/mirrored-sig-storage-csi-provisioner:v4.0.1,rancher/v2.16-head,golang.org/x/net,v0.19.0,gobinary,CVE-2026-33814,HIGH,https://avd.aquasec.com/nvd/cve-2026-33814,csi-provisioner,0.53.0,true,affected,
rancher/mirrored-sig-storage-csi-provisioner:v4.0.1,rancher/v2.16-head,stdlib,v1.21.5,gobinary,CVE-2026-33814,HIGH,https://avd.aquasec.com/nvd/cve-2026-33814,csi-provisioner,"1.25.10, 1.26.3",true,affected,
rancher/mirrored-sig-storage-csi-provisioner:v4.0.1,rancher/v2.16-head,stdlib,v1.21.5,gobinary,CVE-2026-33818,HIGH,https://avd.aquasec.com/nvd/cve-2026-33818,csi-provisioner,"1.25.13, 1.26.6, 1.27.0-rc.3",true,affected,
rancher/mirrored-sig-storage-csi-provisioner:v4.0.1,rancher/v2.16-head,stdlib,v1.21.5,gobinary,CVE-2026-39820,HIGH,https://avd.aquasec.com/nvd/cve-2026-39820,csi-provisioner,"1.25.10, 1.26.3",true,not_affected,vulnerable_code_not_present
rancher/mirrored-sig-storage-csi-provisioner:v4.0.1,rancher/v2.16-head,golang.org/x/net,v0.19.0,gobinary,CVE-2026-39821,HIGH,https://avd.aquasec.com/nvd/cve-2026-39821,csi-provisioner,0.55.0,true,affected,
rancher/mirrored-sig-storage-csi-provisioner:v4.0.1,rancher/v2.16-head,stdlib,v1.21.5,gobinary,CVE-2026-39821,HIGH,https://avd.aquasec.com/nvd/cve-2026-39821,csi-provisioner,"1.25.13, 1.26.6, 1.27.0-rc.3",true,affected,
rancher/mirrored-sig-storage-csi-provisioner:v4.0.1,rancher/v2.16-head,stdlib,v1.21.5,gobinary,CVE-2026-39822,HIGH,https://avd.aquasec.com/nvd/cve-2026-39822,csi-provisioner,"1.25.12, 1.26.5, 1.27.0-rc.2",true,not_affected,vulnerable_code_not_in_execute_path
rancher/mirrored-sig-storage-csi-provisioner:v4.0.1,rancher/v2.16-head,stdlib,v1.21.5,gobinary,CVE-2026-39825,MEDIUM,https://avd.aquasec.com/nvd/cve-2026-39825,csi-provisioner,"1.25.10, 1.26.3",true,not_affected,vulnerable_code_not_in_execute_path
rancher/mirrored-sig-storage-csi-provisioner:v4.0.1,rancher/v2.16-head,stdlib,v1.21.5,gobinary,CVE-2026-39836,HIGH,https://avd.aquasec.com/nvd/cve-2026-39836,csi-provisioner,"1.25.10, 1.26.3",true,affected,
rancher/mirrored-sig-storage-csi-provisioner:v4.0.1,rancher/v2.16-head,stdlib,v1.21.5,gobinary,CVE-2026-42499,HIGH,https://avd.aquasec.com/nvd/cve-2026-42499,csi-provisioner,"1.25.10, 1.26.3",true,not_affected,vulnerable_code_not_present
rancher/mirrored-sig-storage-csi-provisioner:v4.0.1,rancher/v2.16-head,golang.org/x/net,v0.19.0,gobinary,CVE-2026-42502,MEDIUM,https://avd.aquasec.com/nvd/cve-2026-42502,csi-provisioner,0.55.0,true,not_affected,vulnerable_code_not_present
rancher/mirrored-sig-storage-csi-provisioner:v4.0.1,rancher/v2.16-head,golang.org/x/net,v0.19.0,gobinary,CVE-2026-42506,MEDIUM,https://avd.aquasec.com/nvd/cve-2026-42506,csi-provisioner,0.55.0,true,not_affected,vulnerable_code_not_present
rancher/mirrored-sig-storage-csi-provisioner:v4.0.1,rancher/v2.16-head,golang.org/x/net,v0.19.0,gobinary,CVE-2026-46600,HIGH,https://avd.aquasec.com/nvd/cve-2026-46600,csi-provisioner,0.56.0,true,not_affected,vulnerable_code_not_present
rancher/mirrored-sig-storage-csi-provisioner:v4.0.1,rancher/v2.16-head,golang.org/x/text,v0.14.0,gobinary,CVE-2026-56852,HIGH,https://avd.aquasec.com/nvd/cve-2026-56852,csi-provisioner,0.39.0,true,not_affected,vulnerable_code_not_in_execute_path
rancher/mirrored-sig-storage-csi-provisioner:v4.0.1,rancher/v2.16-head,stdlib,v1.21.5,gobinary,CVE-2026-56853,HIGH,https://avd.aquasec.com/nvd/cve-2026-56853,csi-provisioner,"1.25.13, 1.26.6, 1.27.0-rc.3",true,affected,
rancher/mirrored-sig-storage-csi-provisioner:v4.0.1,rancher/v2.16-head,stdlib,v1.21.5,gobinary,CVE-2026-56859,HIGH,https://avd.aquasec.com/nvd/cve-2026-56859,csi-provisioner,"1.25.13, 1.26.6, 1.27.0-rc.3",true,affected,
rancher/mirrored-sig-storage-csi-provisioner:v4.0.1,rancher/v2.16-head,stdlib,v1.21.5,gobinary,CVE-2026-56862,HIGH,https://avd.aquasec.com/nvd/cve-2026-56862,csi-provisioner,"1.25.13, 1.26.6, 1.27.0-rc.3",true,affected,
rancher/mirrored-sig-storage-csi-provisioner:v4.0.1,rancher/v2.16-head,google.golang.org/grpc,v1.60.0,gobinary,CVE-2026-84303,MEDIUM,https://avd.aquasec.com/nvd/cve-2026-84303,csi-provisioner,1.83.1,true,not_affected,vulnerable_code_not_present
rancher/mirrored-sig-storage-csi-provisioner:v4.0.1,rancher/v2.16-head,google.golang.org/grpc,v1.60.0,gobinary,CVE-2026-84304,HIGH,https://avd.aquasec.com/nvd/cve-2026-84304,csi-provisioner,1.83.1,true,affected,
rancher/mirrored-sig-storage-csi-provisioner:v4.0.1,rancher/v2.16-head,google.golang.org/grpc,v1.60.0,gobinary,CVE-2026-84445,HIGH,https://avd.aquasec.com/nvd/cve-2026-84445,csi-provisioner,"1.82.2, 1.83.2, 1.85.0-dev.0.20260825072537-93e31b48545e",true,affected,
rancher/mirrored-sig-storage-csi-provisioner:v4.0.1,rancher/v2.16-head,google.golang.org/grpc,v1.60.0,gobinary,GHSA-hrxh-6v49-42gf,HIGH,https://github.com/advisories/GHSA-hrxh-6v49-42gf,csi-provisioner,1.82.1,true,affected,
rancher/mirrored-sig-storage-csi-resizer:v1.12.0,rancher/v2.16-head,stdlib,v1.22.5,gobinary,CVE-2024-34155,MEDIUM,https://avd.aquasec.com/nvd/cve-2024-34155,csi-resizer,"1.22.7, 1.23.1",true,not_affected,vulnerable_code_not_in_execute_path
rancher/mirrored-sig-storage-csi-resizer:v1.12.0,rancher/v2.16-head,stdlib,v1.22.5,gobinary,CVE-2024-34156,HIGH,https://avd.aquasec.com/nvd/cve-2024-34156,csi-resizer,"1.22.7, 1.23.1",true,not_affected,vulnerable_code_not_present
rancher/mirrored-sig-storage-csi-resizer:v1.12.0,rancher/v2.16-head,stdlib,v1.22.5,gobinary,CVE-2024-34158,MEDIUM,https://avd.aquasec.com/nvd/cve-2024-34158,csi-resizer,"1.22.7, 1.23.1",true,not_affected,vulnerable_code_not_present
rancher/mirrored-sig-storage-csi-resizer:v1.12.0,rancher/v2.16-head,golang.org/x/net,v0.28.0,gobinary,CVE-2024-45338,HIGH,https://avd.aquasec.com/nvd/cve-2024-45338,csi-resizer,0.33.0,true,not_affected,vulnerable_code_not_present
rancher/mirrored-sig-storage-csi-resizer:v1.12.0,rancher/v2.16-head,golang.org/x/oauth2,v0.22.0,gobinary,CVE-2025-22868,HIGH,https://avd.aquasec.com/nvd/cve-2025-22868,csi-resizer,0.27.0,true,not_affected,vulnerable_code_not_present
rancher/mirrored-sig-storage-csi-resizer:v1.12.0,rancher/v2.16-head,golang.org/x/net,v0.28.0,gobinary,CVE-2025-22870,MEDIUM,https://avd.aquasec.com/nvd/cve-2025-22870,csi-resizer,0.36.0,true,not_affected,vulnerable_code_not_present
rancher/mirrored-sig-storage-csi-resizer:v1.12.0,rancher/v2.16-head,golang.org/x/net,v0.28.0,gobinary,CVE-2025-22872,MEDIUM,https://avd.aquasec.com/nvd/cve-2025-22872,csi-resizer,0.38.0,true,not_affected,vulnerable_code_not_present
rancher/mirrored-sig-storage-csi-resizer:v1.12.0,rancher/v2.16-head,stdlib,v1.22.5,gobinary,CVE-2025-22873,MEDIUM,https://avd.aquasec.com/nvd/cve-2025-22873,csi-resizer,"1.23.9, 1.24.3",true,not_affected,vulnerable_code_not_in_execute_path
rancher/mirrored-sig-storage-csi-resizer:v1.12.0,rancher/v2.16-head,stdlib,v1.22.5,gobinary,CVE-2025-47907,MEDIUM,https://avd.aquasec.com/nvd/cve-2025-47907,csi-resizer,"1.23.12, 1.24.6",true,not_affected,vulnerable_code_not_in_execute_path
rancher/mirrored-sig-storage-csi-resizer:v1.12.0,rancher/v2.16-head,golang.org/x/net,v0.28.0,gobinary,CVE-2025-47911,MEDIUM,https://avd.aquasec.com/nvd/cve-2025-47911,csi-resizer,0.45.0,true,not_affected,vulnerable_code_not_present
rancher/mirrored-sig-storage-csi-resizer:v1.12.0,rancher/v2.16-head,stdlib,v1.22.5,gobinary,CVE-2025-47912,HIGH,https://avd.aquasec.com/nvd/cve-2025-47912,csi-resizer,"1.24.8, 1.25.2",true,affected,severity_changed_due_to_suse_cvss_score
rancher/mirrored-sig-storage-csi-resizer:v1.12.0,rancher/v2.16-head,stdlib,v1.22.5,gobinary,CVE-2025-58183,MEDIUM,https://avd.aquasec.com/nvd/cve-2025-58183,csi-resizer,"1.24.8, 1.25.2",true,not_affected,vulnerable_code_not_present
rancher/mirrored-sig-storage-csi-resizer:v1.12.0,rancher/v2.16-head,stdlib,v1.22.5,gobinary,CVE-2025-58188,HIGH,https://avd.aquasec.com/nvd/cve-2025-58188,csi-resizer,"1.24.8, 1.25.2",true,affected,severity_changed_due_to_suse_cvss_score
rancher/mirrored-sig-storage-csi-resizer:v1.12.0,rancher/v2.16-head,golang.org/x/net,v0.28.0,gobinary,CVE-2025-58190,MEDIUM,https://avd.aquasec.com/nvd/cve-2025-58190,csi-resizer,0.45.0,true,not_affected,vulnerable_code_not_present
rancher/mirrored-sig-storage-csi-resizer:v1.12.0,rancher/v2.16-head,stdlib,v1.22.5,gobinary,CVE-2025-61725,MEDIUM,https://avd.aquasec.com/nvd/cve-2025-61725,csi-resizer,"1.24.8, 1.25.2",true,not_affected,vulnerable_code_not_present
rancher/mirrored-sig-storage-csi-resizer:v1.12.0,rancher/v2.16-head,stdlib,v1.22.5,gobinary,CVE-2025-61727,HIGH,https://avd.aquasec.com/nvd/cve-2025-61727,csi-resizer,"1.24.11, 1.25.5",true,affected,severity_changed_due_to_suse_cvss_score
rancher/mirrored-sig-storage-csi-resizer:v1.12.0,rancher/v2.16-head,stdlib,v1.22.5,gobinary,CVE-2025-61728,MEDIUM,https://avd.aquasec.com/nvd/cve-2025-61728,csi-resizer,"1.24.12, 1.25.6",true,not_affected,vulnerable_code_not_present
rancher/mirrored-sig-storage-csi-resizer:v1.12.0,rancher/v2.16-head,stdlib,v1.22.5,gobinary,CVE-2025-61729,HIGH,https://avd.aquasec.com/nvd/cve-2025-61729,csi-resizer,"1.24.11, 1.25.5",true,affected,
rancher/mirrored-sig-storage-csi-resizer:v1.12.0,rancher/v2.16-head,stdlib,v1.22.5,gobinary,CVE-2025-68121,HIGH,https://avd.aquasec.com/nvd/cve-2025-68121,csi-resizer,"1.24.13, 1.25.7, 1.26.0-rc.3",true,affected,severity_changed_due_to_suse_cvss_score
rancher/mirrored-sig-storage-csi-resizer:v1.12.0,rancher/v2.16-head,golang.org/x/net,v0.28.0,gobinary,CVE-2026-25680,MEDIUM,https://avd.aquasec.com/nvd/cve-2026-25680,csi-resizer,0.55.0,true,not_affected,vulnerable_code_not_present
rancher/mirrored-sig-storage-csi-resizer:v1.12.0,rancher/v2.16-head,golang.org/x/net,v0.28.0,gobinary,CVE-2026-25681,HIGH,https://avd.aquasec.com/nvd/cve-2026-25681,csi-resizer,0.55.0,true,not_affected,vulnerable_code_not_present
rancher/mirrored-sig-storage-csi-resizer:v1.12.0,rancher/v2.16-head,golang.org/x/net,v0.28.0,gobinary,CVE-2026-27136,HIGH,https://avd.aquasec.com/nvd/cve-2026-27136,csi-resizer,0.55.0,true,not_affected,vulnerable_code_not_present
rancher/mirrored-sig-storage-csi-resizer:v1.12.0,rancher/v2.16-head,stdlib,v1.22.5,gobinary,CVE-2026-32280,HIGH,https://avd.aquasec.com/nvd/cve-2026-32280,csi-resizer,"1.25.9, 1.26.2",true,affected,
rancher/mirrored-sig-storage-csi-resizer:v1.12.0,rancher/v2.16-head,stdlib,v1.22.5,gobinary,CVE-2026-32282,MEDIUM,https://avd.aquasec.com/nvd/cve-2026-32282,csi-resizer,"1.25.9, 1.26.2",true,not_affected,vulnerable_code_not_in_execute_path
rancher/mirrored-sig-storage-csi-resizer:v1.12.0,rancher/v2.16-head,stdlib,v1.22.5,gobinary,CVE-2026-32288,MEDIUM,https://avd.aquasec.com/nvd/cve-2026-32288,csi-resizer,"1.25.9, 1.26.2",true,not_affected,vulnerable_code_not_present
rancher/mirrored-sig-storage-csi-resizer:v1.12.0,rancher/v2.16-head,google.golang.org/grpc,v1.65.0,gobinary,CVE-2026-33186,HIGH,https://avd.aquasec.com/nvd/cve-2026-33186,csi-resizer,1.79.3,true,affected,severity_changed_due_to_suse_cvss_score
rancher/mirrored-sig-storage-csi-resizer:v1.12.0,rancher/v2.16-head,stdlib,v1.22.5,gobinary,CVE-2026-33811,HIGH,https://avd.aquasec.com/nvd/cve-2026-33811,csi-resizer,"1.25.10, 1.26.3",true,affected,
rancher/mirrored-sig-storage-csi-resizer:v1.12.0,rancher/v2.16-head,golang.org/x/net,v0.28.0,gobinary,CVE-2026-33814,HIGH,https://avd.aquasec.com/nvd/cve-2026-33814,csi-resizer,0.53.0,true,affected,
rancher/mirrored-sig-storage-csi-resizer:v1.12.0,rancher/v2.16-head,stdlib,v1.22.5,gobinary,CVE-2026-33814,HIGH,https://avd.aquasec.com/nvd/cve-2026-33814,csi-resizer,"1.25.10, 1.26.3",true,affected,
rancher/mirrored-sig-storage-csi-resizer:v1.12.0,rancher/v2.16-head,stdlib,v1.22.5,gobinary,CVE-2026-33818,HIGH,https://avd.aquasec.com/nvd/cve-2026-33818,csi-resizer,"1.25.13, 1.26.6, 1.27.0-rc.3",true,affected,
rancher/mirrored-sig-storage-csi-resizer:v1.12.0,rancher/v2.16-head,stdlib,v1.22.5,gobinary,CVE-2026-39820,HIGH,https://avd.aquasec.com/nvd/cve-2026-39820,csi-resizer,"1.25.10, 1.26.3",true,not_affected,vulnerable_code_not_present
rancher/mirrored-sig-storage-csi-resizer:v1.12.0,rancher/v2.16-head,golang.org/x/net,v0.28.0,gobinary,CVE-2026-39821,HIGH,https://avd.aquasec.com/nvd/cve-2026-39821,csi-resizer,0.55.0,true,affected,
rancher/mirrored-sig-storage-csi-resizer:v1.12.0,rancher/v2.16-head,stdlib,v1.22.5,gobinary,CVE-2026-39821,HIGH,https://avd.aquasec.com/nvd/cve-2026-39821,csi-resizer,"1.25.13, 1.26.6, 1.27.0-rc.3",true,affected,
rancher/mirrored-sig-storage-csi-resizer:v1.12.0,rancher/v2.16-head,stdlib,v1.22.5,gobinary,CVE-2026-39822,HIGH,https://avd.aquasec.com/nvd/cve-2026-39822,csi-resizer,"1.25.12, 1.26.5, 1.27.0-rc.2",true,not_affected,vulnerable_code_not_in_execute_path
rancher/mirrored-sig-storage-csi-resizer:v1.12.0,rancher/v2.16-head,stdlib,v1.22.5,gobinary,CVE-2026-39825,MEDIUM,https://avd.aquasec.com/nvd/cve-2026-39825,csi-resizer,"1.25.10, 1.26.3",true,not_affected,vulnerable_code_not_in_execute_path
rancher/mirrored-sig-storage-csi-resizer:v1.12.0,rancher/v2.16-head,stdlib,v1.22.5,gobinary,CVE-2026-39836,HIGH,https://avd.aquasec.com/nvd/cve-2026-39836,csi-resizer,"1.25.10, 1.26.3",true,affected,
rancher/mirrored-sig-storage-csi-resizer:v1.12.0,rancher/v2.16-head,stdlib,v1.22.5,gobinary,CVE-2026-42499,HIGH,https://avd.aquasec.com/nvd/cve-2026-42499,csi-resizer,"1.25.10, 1.26.3",true,not_affected,vulnerable_code_not_present
rancher/mirrored-sig-storage-csi-resizer:v1.12.0,rancher/v2.16-head,golang.org/x/net,v0.28.0,gobinary,CVE-2026-42502,MEDIUM,https://avd.aquasec.com/nvd/cve-2026-42502,csi-resizer,0.55.0,true,not_affected,vulnerable_code_not_present
rancher/mirrored-sig-storage-csi-resizer:v1.12.0,rancher/v2.16-head,golang.org/x/net,v0.28.0,gobinary,CVE-2026-42506,MEDIUM,https://avd.aquasec.com/nvd/cve-2026-42506,csi-resizer,0.55.0,true,not_affected,vulnerable_code_not_present
rancher/mirrored-sig-storage-csi-resizer:v1.12.0,rancher/v2.16-head,golang.org/x/net,v0.28.0,gobinary,CVE-2026-46600,HIGH,https://avd.aquasec.com/nvd/cve-2026-46600,csi-resizer,0.56.0,true,not_affected,vulnerable_code_not_present
rancher/mirrored-sig-storage-csi-resizer:v1.12.0,rancher/v2.16-head,golang.org/x/text,v0.17.0,gobinary,CVE-2026-56852,HIGH,https://avd.aquasec.com/nvd/cve-2026-56852,csi-resizer,0.39.0,true,not_affected,vulnerable_code_not_in_execute_path
rancher/mirrored-sig-storage-csi-resizer:v1.12.0,rancher/v2.16-head,stdlib,v1.22.5,gobinary,CVE-2026-56853,HIGH,https://avd.aquasec.com/nvd/cve-2026-56853,csi-resizer,"1.25.13, 1.26.6, 1.27.0-rc.3",true,affected,
rancher/mirrored-sig-storage-csi-resizer:v1.12.0,rancher/v2.16-head,stdlib,v1.22.5,gobinary,CVE-2026-56859,HIGH,https://avd.aquasec.com/nvd/cve-2026-56859,csi-resizer,"1.25.13, 1.26.6, 1.27.0-rc.3",true,affected,
rancher/mirrored-sig-storage-csi-resizer:v1.12.0,rancher/v2.16-head,stdlib,v1.22.5,gobinary,CVE-2026-56862,HIGH,https://avd.aquasec.com/nvd/cve-2026-56862,csi-resizer,"1.25.13, 1.26.6, 1.27.0-rc.3",true,affected,
rancher/mirrored-sig-storage-csi-resizer:v1.12.0,rancher/v2.16-head,google.golang.org/grpc,v1.65.0,gobinary,CVE-2026-84303,MEDIUM,https://avd.aquasec.com/nvd/cve-2026-84303,csi-resizer,1.83.1,true,not_affected,vulnerable_code_not_present
rancher/mirrored-sig-storage-csi-resizer:v1.12.0,rancher/v2.16-head,google.golang.org/grpc,v1.65.0,gobinary,CVE-2026-84304,HIGH,https://avd.aquasec.com/nvd/cve-2026-84304,csi-resizer,1.83.1,true,affected,
rancher/mirrored-sig-storage-csi-resizer:v1.12.0,rancher/v2.16-head,google.golang.org/grpc,v1.65.0,gobinary,CVE-2026-84445,HIGH,https://avd.aquasec.com/nvd/cve-2026-84445,csi-resizer,"1.82.2, 1.83.2, 1.85.0-dev.0.20260825072537-93e31b48545e",true,affected,
rancher/mirrored-sig-storage-csi-resizer:v1.12.0,rancher/v2.16-head,google.golang.org/grpc,v1.65.0,gobinary,GHSA-hrxh-6v49-42gf,HIGH,https://github.com/advisories/GHSA-hrxh-6v49-42gf,csi-resizer,1.82.1,true,affected,
rancher/mirrored-sig-storage-livenessprobe:v2.15.0,rancher/v2.16-head,stdlib,v1.23.1,gobinary,CVE-2024-45336,MEDIUM,https://avd.aquasec.com/nvd/cve-2024-45336,livenessprobe,"1.22.11, 1.23.5, 1.24.0-rc.2",true,not_affected,vulnerable_code_not_in_execute_path
rancher/mirrored-sig-storage-livenessprobe:v2.15.0,rancher/v2.16-head,golang.org/x/net,v0.32.0,gobinary,CVE-2024-45338,HIGH,https://avd.aquasec.com/nvd/cve-2024-45338,livenessprobe,0.33.0,true,not_affected,vulnerable_code_not_present
rancher/mirrored-sig-storage-livenessprobe:v2.15.0,rancher/v2.16-head,golang.org/x/net,v0.32.0,gobinary,CVE-2025-22870,MEDIUM,https://avd.aquasec.com/nvd/cve-2025-22870,livenessprobe,0.36.0,true,not_affected,vulnerable_code_not_present
rancher/mirrored-sig-storage-livenessprobe:v2.15.0,rancher/v2.16-head,golang.org/x/net,v0.32.0,gobinary,CVE-2025-22872,MEDIUM,https://avd.aquasec.com/nvd/cve-2025-22872,livenessprobe,0.38.0,true,not_affected,vulnerable_code_not_present
rancher/mirrored-sig-storage-livenessprobe:v2.15.0,rancher/v2.16-head,stdlib,v1.23.1,gobinary,CVE-2025-22873,MEDIUM,https://avd.aquasec.com/nvd/cve-2025-22873,livenessprobe,"1.23.9, 1.24.3",true,not_affected,vulnerable_code_not_in_execute_path
rancher/mirrored-sig-storage-livenessprobe:v2.15.0,rancher/v2.16-head,stdlib,v1.23.1,gobinary,CVE-2025-4673,MEDIUM,https://avd.aquasec.com/nvd/cve-2025-4673,livenessprobe,"1.23.10, 1.24.4",true,not_affected,vulnerable_code_not_in_execute_path
rancher/mirrored-sig-storage-livenessprobe:v2.15.0,rancher/v2.16-head,stdlib,v1.23.1,gobinary,CVE-2025-47906,MEDIUM,https://avd.aquasec.com/nvd/cve-2025-47906,livenessprobe,"1.23.12, 1.24.6",true,not_affected,vulnerable_code_not_present
rancher/mirrored-sig-storage-livenessprobe:v2.15.0,rancher/v2.16-head,stdlib,v1.23.1,gobinary,CVE-2025-47907,MEDIUM,https://avd.aquasec.com/nvd/cve-2025-47907,livenessprobe,"1.23.12, 1.24.6",true,not_affected,vulnerable_code_not_in_execute_path
rancher/mirrored-sig-storage-livenessprobe:v2.15.0,rancher/v2.16-head,golang.org/x/net,v0.32.0,gobinary,CVE-2025-47911,MEDIUM,https://avd.aquasec.com/nvd/cve-2025-47911,livenessprobe,0.45.0,true,not_affected,vulnerable_code_not_present
rancher/mirrored-sig-storage-livenessprobe:v2.15.0,rancher/v2.16-head,stdlib,v1.23.1,gobinary,CVE-2025-47912,HIGH,https://avd.aquasec.com/nvd/cve-2025-47912,livenessprobe,"1.24.8, 1.25.2",true,affected,severity_changed_due_to_suse_cvss_score
rancher/mirrored-sig-storage-livenessprobe:v2.15.0,rancher/v2.16-head,stdlib,v1.23.1,gobinary,CVE-2025-58183,MEDIUM,https://avd.aquasec.com/nvd/cve-2025-58183,livenessprobe,"1.24.8, 1.25.2",true,not_affected,vulnerable_code_not_present
rancher/mirrored-sig-storage-livenessprobe:v2.15.0,rancher/v2.16-head,stdlib,v1.23.1,gobinary,CVE-2025-58188,HIGH,https://avd.aquasec.com/nvd/cve-2025-58188,livenessprobe,"1.24.8, 1.25.2",true,affected,severity_changed_due_to_suse_cvss_score
rancher/mirrored-sig-storage-livenessprobe:v2.15.0,rancher/v2.16-head,golang.org/x/net,v0.32.0,gobinary,CVE-2025-58190,MEDIUM,https://avd.aquasec.com/nvd/cve-2025-58190,livenessprobe,0.45.0,true,not_affected,vulnerable_code_not_present
rancher/mirrored-sig-storage-livenessprobe:v2.15.0,rancher/v2.16-head,stdlib,v1.23.1,gobinary,CVE-2025-61725,MEDIUM,https://avd.aquasec.com/nvd/cve-2025-61725,livenessprobe,"1.24.8, 1.25.2",true,not_affected,vulnerable_code_not_present
rancher/mirrored-sig-storage-livenessprobe:v2.15.0,rancher/v2.16-head,stdlib,v1.23.1,gobinary,CVE-2025-61727,HIGH,https://avd.aquasec.com/nvd/cve-2025-61727,livenessprobe,"1.24.11, 1.25.5",true,affected,severity_changed_due_to_suse_cvss_score
rancher/mirrored-sig-storage-livenessprobe:v2.15.0,rancher/v2.16-head,stdlib,v1.23.1,gobinary,CVE-2025-61728,MEDIUM,https://avd.aquasec.com/nvd/cve-2025-61728,livenessprobe,"1.24.12, 1.25.6",true,not_affected,vulnerable_code_not_present
rancher/mirrored-sig-storage-livenessprobe:v2.15.0,rancher/v2.16-head,stdlib,v1.23.1,gobinary,CVE-2025-61729,HIGH,https://avd.aquasec.com/nvd/cve-2025-61729,livenessprobe,"1.24.11, 1.25.5",true,affected,
rancher/mirrored-sig-storage-livenessprobe:v2.15.0,rancher/v2.16-head,stdlib,v1.23.1,gobinary,CVE-2025-68121,HIGH,https://avd.aquasec.com/nvd/cve-2025-68121,livenessprobe,"1.24.13, 1.25.7, 1.26.0-rc.3",true,affected,severity_changed_due_to_suse_cvss_score
rancher/mirrored-sig-storage-livenessprobe:v2.15.0,rancher/v2.16-head,golang.org/x/net,v0.32.0,gobinary,CVE-2026-25680,MEDIUM,https://avd.aquasec.com/nvd/cve-2026-25680,livenessprobe,0.55.0,true,not_affected,vulnerable_code_not_present
rancher/mirrored-sig-storage-livenessprobe:v2.15.0,rancher/v2.16-head,golang.org/x/net,v0.32.0,gobinary,CVE-2026-25681,HIGH,https://avd.aquasec.com/nvd/cve-2026-25681,livenessprobe,0.55.0,true,not_affected,vulnerable_code_not_present
rancher/mirrored-sig-storage-livenessprobe:v2.15.0,rancher/v2.16-head,golang.org/x/net,v0.32.0,gobinary,CVE-2026-27136,HIGH,https://avd.aquasec.com/nvd/cve-2026-27136,livenessprobe,0.55.0,true,not_affected,vulnerable_code_not_present
rancher/mirrored-sig-storage-livenessprobe:v2.15.0,rancher/v2.16-head,stdlib,v1.23.1,gobinary,CVE-2026-32280,HIGH,https://avd.aquasec.com/nvd/cve-2026-32280,livenessprobe,"1.25.9, 1.26.2",true,affected,
rancher/mirrored-sig-storage-livenessprobe:v2.15.0,rancher/v2.16-head,stdlib,v1.23.1,gobinary,CVE-2026-32282,MEDIUM,https://avd.aquasec.com/nvd/cve-2026-32282,livenessprobe,"1.25.9, 1.26.2",true,not_affected,vulnerable_code_not_in_execute_path
rancher/mirrored-sig-storage-livenessprobe:v2.15.0,rancher/v2.16-head,stdlib,v1.23.1,gobinary,CVE-2026-32288,MEDIUM,https://avd.aquasec.com/nvd/cve-2026-32288,livenessprobe,"1.25.9, 1.26.2",true,not_affected,vulnerable_code_not_present
rancher/mirrored-sig-storage-livenessprobe:v2.15.0,rancher/v2.16-head,google.golang.org/grpc,v1.69.0,gobinary,CVE-2026-33186,HIGH,https://avd.aquasec.com/nvd/cve-2026-33186,livenessprobe,1.79.3,true,affected,severity_changed_due_to_suse_cvss_score
rancher/mirrored-sig-storage-livenessprobe:v2.15.0,rancher/v2.16-head,stdlib,v1.23.1,gobinary,CVE-2026-33811,HIGH,https://avd.aquasec.com/nvd/cve-2026-33811,livenessprobe,"1.25.10, 1.26.3",true,affected,
rancher/mirrored-sig-storage-livenessprobe:v2.15.0,rancher/v2.16-head,golang.org/x/net,v0.32.0,gobinary,CVE-2026-33814,HIGH,https://avd.aquasec.com/nvd/cve-2026-33814,livenessprobe,0.53.0,true,affected,
rancher/mirrored-sig-storage-livenessprobe:v2.15.0,rancher/v2.16-head,stdlib,v1.23.1,gobinary,CVE-2026-33814,HIGH,https://avd.aquasec.com/nvd/cve-2026-33814,livenessprobe,"1.25.10, 1.26.3",true,affected,
rancher/mirrored-sig-storage-livenessprobe:v2.15.0,rancher/v2.16-head,stdlib,v1.23.1,gobinary,CVE-2026-33818,HIGH,https://avd.aquasec.com/nvd/cve-2026-33818,livenessprobe,"1.25.13, 1.26.6, 1.27.0-rc.3",true,affected,
rancher/mirrored-sig-storage-livenessprobe:v2.15.0,rancher/v2.16-head,stdlib,v1.23.1,gobinary,CVE-2026-39820,HIGH,https://avd.aquasec.com/nvd/cve-2026-39820,livenessprobe,"1.25.10, 1.26.3",true,not_affected,vulnerable_code_not_present
rancher/mirrored-sig-storage-livenessprobe:v2.15.0,rancher/v2.16-head,golang.org/x/net,v0.32.0,gobinary,CVE-2026-39821,HIGH,https://avd.aquasec.com/nvd/cve-2026-39821,livenessprobe,0.55.0,true,not_affected,vulnerable_code_not_in_execute_path
rancher/mirrored-sig-storage-livenessprobe:v2.15.0,rancher/v2.16-head,stdlib,v1.23.1,gobinary,CVE-2026-39821,HIGH,https://avd.aquasec.com/nvd/cve-2026-39821,livenessprobe,"1.25.13, 1.26.6, 1.27.0-rc.3",true,affected,
rancher/mirrored-sig-storage-livenessprobe:v2.15.0,rancher/v2.16-head,stdlib,v1.23.1,gobinary,CVE-2026-39822,HIGH,https://avd.aquasec.com/nvd/cve-2026-39822,livenessprobe,"1.25.12, 1.26.5, 1.27.0-rc.2",true,not_affected,vulnerable_code_not_in_execute_path
rancher/mirrored-sig-storage-livenessprobe:v2.15.0,rancher/v2.16-head,stdlib,v1.23.1,gobinary,CVE-2026-39825,MEDIUM,https://avd.aquasec.com/nvd/cve-2026-39825,livenessprobe,"1.25.10, 1.26.3",true,not_affected,vulnerable_code_not_in_execute_path
rancher/mirrored-sig-storage-livenessprobe:v2.15.0,rancher/v2.16-head,stdlib,v1.23.1,gobinary,CVE-2026-39836,HIGH,https://avd.aquasec.com/nvd/cve-2026-39836,livenessprobe,"1.25.10, 1.26.3",true,affected,
rancher/mirrored-sig-storage-livenessprobe:v2.15.0,rancher/v2.16-head,stdlib,v1.23.1,gobinary,CVE-2026-42499,HIGH,https://avd.aquasec.com/nvd/cve-2026-42499,livenessprobe,"1.25.10, 1.26.3",true,not_affected,vulnerable_code_not_present
rancher/mirrored-sig-storage-livenessprobe:v2.15.0,rancher/v2.16-head,golang.org/x/net,v0.32.0,gobinary,CVE-2026-42502,MEDIUM,https://avd.aquasec.com/nvd/cve-2026-42502,livenessprobe,0.55.0,true,not_affected,vulnerable_code_not_present
rancher/mirrored-sig-storage-livenessprobe:v2.15.0,rancher/v2.16-head,stdlib,v1.23.1,gobinary,CVE-2026-42504,HIGH,https://avd.aquasec.com/nvd/cve-2026-42504,livenessprobe,"1.25.11, 1.26.4",true,not_affected,vulnerable_code_not_in_execute_path
rancher/mirrored-sig-storage-livenessprobe:v2.15.0,rancher/v2.16-head,golang.org/x/net,v0.32.0,gobinary,CVE-2026-42506,MEDIUM,https://avd.aquasec.com/nvd/cve-2026-42506,livenessprobe,0.55.0,true,not_affected,vulnerable_code_not_present
rancher/mirrored-sig-storage-livenessprobe:v2.15.0,rancher/v2.16-head,golang.org/x/net,v0.32.0,gobinary,CVE-2026-46600,HIGH,https://avd.aquasec.com/nvd/cve-2026-46600,livenessprobe,0.56.0,true,not_affected,vulnerable_code_not_present
rancher/mirrored-sig-storage-livenessprobe:v2.15.0,rancher/v2.16-head,golang.org/x/text,v0.21.0,gobinary,CVE-2026-56852,HIGH,https://avd.aquasec.com/nvd/cve-2026-56852,livenessprobe,0.39.0,true,not_affected,vulnerable_code_not_in_execute_path
rancher/mirrored-sig-storage-livenessprobe:v2.15.0,rancher/v2.16-head,stdlib,v1.23.1,gobinary,CVE-2026-56853,HIGH,https://avd.aquasec.com/nvd/cve-2026-56853,livenessprobe,"1.25.13, 1.26.6, 1.27.0-rc.3",true,affected,
rancher/mirrored-sig-storage-livenessprobe:v2.15.0,rancher/v2.16-head,stdlib,v1.23.1,gobinary,CVE-2026-56859,HIGH,https://avd.aquasec.com/nvd/cve-2026-56859,livenessprobe,"1.25.13, 1.26.6, 1.27.0-rc.3",true,not_affected,vulnerable_code_not_present
rancher/mirrored-sig-storage-livenessprobe:v2.15.0,rancher/v2.16-head,stdlib,v1.23.1,gobinary,CVE-2026-56862,HIGH,https://avd.aquasec.com/nvd/cve-2026-56862,livenessprobe,"1.25.13, 1.26.6, 1.27.0-rc.3",true,affected,
rancher/mirrored-sig-storage-livenessprobe:v2.15.0,rancher/v2.16-head,google.golang.org/grpc,v1.69.0,gobinary,CVE-2026-84303,MEDIUM,https://avd.aquasec.com/nvd/cve-2026-84303,livenessprobe,1.83.1,true,not_affected,vulnerable_code_not_present
rancher/mirrored-sig-storage-livenessprobe:v2.15.0,rancher/v2.16-head,google.golang.org/grpc,v1.69.0,gobinary,CVE-2026-84304,HIGH,https://avd.aquasec.com/nvd/cve-2026-84304,livenessprobe,1.83.1,true,affected,
rancher/mirrored-sig-storage-livenessprobe:v2.15.0,rancher/v2.16-head,google.golang.org/grpc,v1.69.0,gobinary,CVE-2026-84445,HIGH,https://avd.aquasec.com/nvd/cve-2026-84445,livenessprobe,"1.82.2, 1.83.2, 1.85.0-dev.0.20260825072537-93e31b48545e",true,affected,
rancher/mirrored-sig-storage-livenessprobe:v2.15.0,rancher/v2.16-head,google.golang.org/grpc,v1.69.0,gobinary,GHSA-hrxh-6v49-42gf,HIGH,https://github.com/advisories/GHSA-hrxh-6v49-42gf,livenessprobe,1.82.1,true,affected,
rancher/nginx-ingress-controller:v1.14.5-hardened2,rancher/v2.16-head,golang.org/x/net,v0.52.0,gobinary,CVE-2026-25680,MEDIUM,https://avd.aquasec.com/nvd/cve-2026-25680,nginx-ingress-controller,0.55.0,false,not_affected,vulnerable_code_not_present
rancher/nginx-ingress-controller:v1.14.5-hardened2,rancher/v2.16-head,golang.org/x/net,v0.52.0,gobinary,CVE-2026-25681,HIGH,https://avd.aquasec.com/nvd/cve-2026-25681,nginx-ingress-controller,0.55.0,false,not_affected,vulnerable_code_not_present
rancher/nginx-ingress-controller:v1.14.5-hardened2,rancher/v2.16-head,golang.org/x/net,v0.52.0,gobinary,CVE-2026-27136,HIGH,https://avd.aquasec.com/nvd/cve-2026-27136,nginx-ingress-controller,0.55.0,false,not_affected,vulnerable_code_not_present
rancher/nginx-ingress-controller:v1.14.5-hardened2,rancher/v2.16-head,stdlib,v1.26.2,gobinary,CVE-2026-27145,HIGH,https://avd.aquasec.com/nvd/cve-2026-27145,dbg,"1.25.11, 1.26.4",false,not_affected,vulnerable_code_not_in_execute_path
rancher/nginx-ingress-controller:v1.14.5-hardened2,rancher/v2.16-head,stdlib,v1.26.2,gobinary,CVE-2026-27145,HIGH,https://avd.aquasec.com/nvd/cve-2026-27145,nginx-ingress-controller,"1.25.11, 1.26.4",false,not_affected,vulnerable_code_not_in_execute_path
rancher/nginx-ingress-controller:v1.14.5-hardened2,rancher/v2.16-head,stdlib,v1.26.2,gobinary,CVE-2026-27145,HIGH,https://avd.aquasec.com/nvd/cve-2026-27145,wait-shutdown,"1.25.11, 1.26.4",false,not_affected,vulnerable_code_not_in_execute_path
rancher/nginx-ingress-controller:v1.14.5-hardened2,rancher/v2.16-head,stdlib,v1.26.2,gobinary,CVE-2026-33811,HIGH,https://avd.aquasec.com/nvd/cve-2026-33811,dbg,"1.25.10, 1.26.3",false,not_affected,vulnerable_code_not_in_execute_path
rancher/nginx-ingress-controller:v1.14.5-hardened2,rancher/v2.16-head,stdlib,v1.26.2,gobinary,CVE-2026-33811,HIGH,https://avd.aquasec.com/nvd/cve-2026-33811,nginx-ingress-controller,"1.25.10, 1.26.3",false,not_affected,vulnerable_code_not_in_execute_path
rancher/nginx-ingress-controller:v1.14.5-hardened2,rancher/v2.16-head,stdlib,v1.26.2,gobinary,CVE-2026-33811,HIGH,https://avd.aquasec.com/nvd/cve-2026-33811,wait-shutdown,"1.25.10, 1.26.3",false,not_affected,vulnerable_code_not_in_execute_path
rancher/nginx-ingress-controller:v1.14.5-hardened2,rancher/v2.16-head,golang.org/x/net,v0.52.0,gobinary,CVE-2026-33814,HIGH,https://avd.aquasec.com/nvd/cve-2026-33814,nginx-ingress-controller,0.53.0,false,affected,
rancher/nginx-ingress-controller:v1.14.5-hardened2,rancher/v2.16-head,stdlib,v1.26.2,gobinary,CVE-2026-33814,HIGH,https://avd.aquasec.com/nvd/cve-2026-33814,dbg,"1.25.10, 1.26.3",false,not_affected,vulnerable_code_not_in_execute_path
rancher/nginx-ingress-controller:v1.14.5-hardened2,rancher/v2.16-head,stdlib,v1.26.2,gobinary,CVE-2026-33814,HIGH,https://avd.aquasec.com/nvd/cve-2026-33814,nginx-ingress-controller,"1.25.10, 1.26.3",false,not_affected,vulnerable_code_not_in_execute_path
rancher/nginx-ingress-controller:v1.14.5-hardened2,rancher/v2.16-head,stdlib,v1.26.2,gobinary,CVE-2026-33814,HIGH,https://avd.aquasec.com/nvd/cve-2026-33814,wait-shutdown,"1.25.10, 1.26.3",false,not_affected,vulnerable_code_not_in_execute_path
rancher/nginx-ingress-controller:v1.14.5-hardened2,rancher/v2.16-head,stdlib,v1.26.2,gobinary,CVE-2026-33818,HIGH,https://avd.aquasec.com/nvd/cve-2026-33818,dbg,"1.25.13, 1.26.6, 1.27.0-rc.3",false,affected,
rancher/nginx-ingress-controller:v1.14.5-hardened2,rancher/v2.16-head,stdlib,v1.26.2,gobinary,CVE-2026-33818,HIGH,https://avd.aquasec.com/nvd/cve-2026-33818,nginx-ingress-controller,"1.25.13, 1.26.6, 1.27.0-rc.3",false,affected,
rancher/nginx-ingress-controller:v1.14.5-hardened2,rancher/v2.16-head,stdlib,v1.26.2,gobinary,CVE-2026-33818,HIGH,https://avd.aquasec.com/nvd/cve-2026-33818,wait-shutdown,"1.25.13, 1.26.6, 1.27.0-rc.3",false,affected,
rancher/nginx-ingress-controller:v1.14.5-hardened2,rancher/v2.16-head,stdlib,v1.26.2,gobinary,CVE-2026-39820,HIGH,https://avd.aquasec.com/nvd/cve-2026-39820,dbg,"1.25.10, 1.26.3",false,not_affected,vulnerable_code_not_present
rancher/nginx-ingress-controller:v1.14.5-hardened2,rancher/v2.16-head,stdlib,v1.26.2,gobinary,CVE-2026-39820,HIGH,https://avd.aquasec.com/nvd/cve-2026-39820,nginx-ingress-controller,"1.25.10, 1.26.3",false,not_affected,vulnerable_code_not_present
rancher/nginx-ingress-controller:v1.14.5-hardened2,rancher/v2.16-head,stdlib,v1.26.2,gobinary,CVE-2026-39820,HIGH,https://avd.aquasec.com/nvd/cve-2026-39820,wait-shutdown,"1.25.10, 1.26.3",false,not_affected,vulnerable_code_not_present
rancher/nginx-ingress-controller:v1.14.5-hardened2,rancher/v2.16-head,golang.org/x/net,v0.52.0,gobinary,CVE-2026-39821,HIGH,https://avd.aquasec.com/nvd/cve-2026-39821,nginx-ingress-controller,0.55.0,false,affected,
rancher/nginx-ingress-controller:v1.14.5-hardened2,rancher/v2.16-head,stdlib,v1.26.2,gobinary,CVE-2026-39821,HIGH,https://avd.aquasec.com/nvd/cve-2026-39821,dbg,"1.25.13, 1.26.6, 1.27.0-rc.3",false,affected,
rancher/nginx-ingress-controller:v1.14.5-hardened2,rancher/v2.16-head,stdlib,v1.26.2,gobinary,CVE-2026-39821,HIGH,https://avd.aquasec.com/nvd/cve-2026-39821,nginx-ingress-controller,"1.25.13, 1.26.6, 1.27.0-rc.3",false,affected,
rancher/nginx-ingress-controller:v1.14.5-hardened2,rancher/v2.16-head,stdlib,v1.26.2,gobinary,CVE-2026-39821,HIGH,https://avd.aquasec.com/nvd/cve-2026-39821,wait-shutdown,"1.25.13, 1.26.6, 1.27.0-rc.3",false,affected,
rancher/nginx-ingress-controller:v1.14.5-hardened2,rancher/v2.16-head,stdlib,v1.26.2,gobinary,CVE-2026-39822,HIGH,https://avd.aquasec.com/nvd/cve-2026-39822,dbg,"1.25.12, 1.26.5, 1.27.0-rc.2",false,not_affected,vulnerable_code_not_in_execute_path
rancher/nginx-ingress-controller:v1.14.5-hardened2,rancher/v2.16-head,stdlib,v1.26.2,gobinary,CVE-2026-39822,HIGH,https://avd.aquasec.com/nvd/cve-2026-39822,nginx-ingress-controller,"1.25.12, 1.26.5, 1.27.0-rc.2",false,not_affected,vulnerable_code_not_in_execute_path
rancher/nginx-ingress-controller:v1.14.5-hardened2,rancher/v2.16-head,stdlib,v1.26.2,gobinary,CVE-2026-39822,HIGH,https://avd.aquasec.com/nvd/cve-2026-39822,wait-shutdown,"1.25.12, 1.26.5, 1.27.0-rc.2",false,not_affected,vulnerable_code_not_in_execute_path
rancher/nginx-ingress-controller:v1.14.5-hardened2,rancher/v2.16-head,stdlib,v1.26.2,gobinary,CVE-2026-39823,MEDIUM,https://avd.aquasec.com/nvd/cve-2026-39823,dbg,"1.25.10, 1.26.3",false,not_affected,vulnerable_code_not_in_execute_path
rancher/nginx-ingress-controller:v1.14.5-hardened2,rancher/v2.16-head,stdlib,v1.26.2,gobinary,CVE-2026-39823,MEDIUM,https://avd.aquasec.com/nvd/cve-2026-39823,nginx-ingress-controller,"1.25.10, 1.26.3",false,not_affected,vulnerable_code_not_in_execute_path
rancher/nginx-ingress-controller:v1.14.5-hardened2,rancher/v2.16-head,stdlib,v1.26.2,gobinary,CVE-2026-39823,MEDIUM,https://avd.aquasec.com/nvd/cve-2026-39823,wait-shutdown,"1.25.10, 1.26.3",false,not_affected,vulnerable_code_not_in_execute_path
rancher/nginx-ingress-controller:v1.14.5-hardened2,rancher/v2.16-head,stdlib,v1.26.2,gobinary,CVE-2026-39825,MEDIUM,https://avd.aquasec.com/nvd/cve-2026-39825,dbg,"1.25.10, 1.26.3",false,not_affected,vulnerable_code_not_in_execute_path
rancher/nginx-ingress-controller:v1.14.5-hardened2,rancher/v2.16-head,stdlib,v1.26.2,gobinary,CVE-2026-39825,MEDIUM,https://avd.aquasec.com/nvd/cve-2026-39825,nginx-ingress-controller,"1.25.10, 1.26.3",false,not_affected,vulnerable_code_not_in_execute_path
rancher/nginx-ingress-controller:v1.14.5-hardened2,rancher/v2.16-head,stdlib,v1.26.2,gobinary,CVE-2026-39825,MEDIUM,https://avd.aquasec.com/nvd/cve-2026-39825,wait-shutdown,"1.25.10, 1.26.3",false,not_affected,vulnerable_code_not_in_execute_path
rancher/nginx-ingress-controller:v1.14.5-hardened2,rancher/v2.16-head,stdlib,v1.26.2,gobinary,CVE-2026-39826,MEDIUM,https://avd.aquasec.com/nvd/cve-2026-39826,dbg,"1.25.10, 1.26.3",false,not_affected,vulnerable_code_not_in_execute_path
rancher/nginx-ingress-controller:v1.14.5-hardened2,rancher/v2.16-head,stdlib,v1.26.2,gobinary,CVE-2026-39826,MEDIUM,https://avd.aquasec.com/nvd/cve-2026-39826,nginx-ingress-controller,"1.25.10, 1.26.3",false,not_affected,vulnerable_code_not_in_execute_path
rancher/nginx-ingress-controller:v1.14.5-hardened2,rancher/v2.16-head,stdlib,v1.26.2,gobinary,CVE-2026-39826,MEDIUM,https://avd.aquasec.com/nvd/cve-2026-39826,wait-shutdown,"1.25.10, 1.26.3",false,not_affected,vulnerable_code_not_in_execute_path
rancher/nginx-ingress-controller:v1.14.5-hardened2,rancher/v2.16-head,stdlib,v1.26.2,gobinary,CVE-2026-39836,HIGH,https://avd.aquasec.com/nvd/cve-2026-39836,dbg,"1.25.10, 1.26.3",false,not_affected,vulnerable_code_not_in_execute_path
rancher/nginx-ingress-controller:v1.14.5-hardened2,rancher/v2.16-head,stdlib,v1.26.2,gobinary,CVE-2026-39836,HIGH,https://avd.aquasec.com/nvd/cve-2026-39836,nginx-ingress-controller,"1.25.10, 1.26.3",false,not_affected,vulnerable_code_not_in_execute_path
rancher/nginx-ingress-controller:v1.14.5-hardened2,rancher/v2.16-head,stdlib,v1.26.2,gobinary,CVE-2026-39836,HIGH,https://avd.aquasec.com/nvd/cve-2026-39836,wait-shutdown,"1.25.10, 1.26.3",false,not_affected,vulnerable_code_not_in_execute_path
rancher/nginx-ingress-controller:v1.14.5-hardened2,rancher/v2.16-head,stdlib,v1.26.2,gobinary,CVE-2026-42499,HIGH,https://avd.aquasec.com/nvd/cve-2026-42499,dbg,"1.25.10, 1.26.3",false,not_affected,vulnerable_code_not_present
rancher/nginx-ingress-controller:v1.14.5-hardened2,rancher/v2.16-head,stdlib,v1.26.2,gobinary,CVE-2026-42499,HIGH,https://avd.aquasec.com/nvd/cve-2026-42499,nginx-ingress-controller,"1.25.10, 1.26.3",false,not_affected,vulnerable_code_not_present
rancher/nginx-ingress-controller:v1.14.5-hardened2,rancher/v2.16-head,stdlib,v1.26.2,gobinary,CVE-2026-42499,HIGH,https://avd.aquasec.com/nvd/cve-2026-42499,wait-shutdown,"1.25.10, 1.26.3",false,not_affected,vulnerable_code_not_present
rancher/nginx-ingress-controller:v1.14.5-hardened2,rancher/v2.16-head,golang.org/x/net,v0.52.0,gobinary,CVE-2026-42502,MEDIUM,https://avd.aquasec.com/nvd/cve-2026-42502,nginx-ingress-controller,0.55.0,false,not_affected,vulnerable_code_not_present
rancher/nginx-ingress-controller:v1.14.5-hardened2,rancher/v2.16-head,stdlib,v1.26.2,gobinary,CVE-2026-42504,HIGH,https://avd.aquasec.com/nvd/cve-2026-42504,dbg,"1.25.11, 1.26.4",false,not_affected,vulnerable_code_not_in_execute_path
rancher/nginx-ingress-controller:v1.14.5-hardened2,rancher/v2.16-head,stdlib,v1.26.2,gobinary,CVE-2026-42504,HIGH,https://avd.aquasec.com/nvd/cve-2026-42504,nginx-ingress-controller,"1.25.11, 1.26.4",false,not_affected,vulnerable_code_not_in_execute_path
rancher/nginx-ingress-controller:v1.14.5-hardened2,rancher/v2.16-head,stdlib,v1.26.2,gobinary,CVE-2026-42504,HIGH,https://avd.aquasec.com/nvd/cve-2026-42504,wait-shutdown,"1.25.11, 1.26.4",false,not_affected,vulnerable_code_not_in_execute_path
rancher/nginx-ingress-controller:v1.14.5-hardened2,rancher/v2.16-head,stdlib,v1.26.2,gobinary,CVE-2026-42505,MEDIUM,https://avd.aquasec.com/nvd/cve-2026-42505,dbg,"1.25.12, 1.26.5, 1.27.0-rc.2",false,not_affected,vulnerable_code_cannot_be_controlled_by_adversary
rancher/nginx-ingress-controller:v1.14.5-hardened2,rancher/v2.16-head,stdlib,v1.26.2,gobinary,CVE-2026-42505,MEDIUM,https://avd.aquasec.com/nvd/cve-2026-42505,nginx-ingress-controller,"1.25.12, 1.26.5, 1.27.0-rc.2",false,not_affected,vulnerable_code_cannot_be_controlled_by_adversary
rancher/nginx-ingress-controller:v1.14.5-hardened2,rancher/v2.16-head,stdlib,v1.26.2,gobinary,CVE-2026-42505,MEDIUM,https://avd.aquasec.com/nvd/cve-2026-42505,wait-shutdown,"1.25.12, 1.26.5, 1.27.0-rc.2",false,not_affected,vulnerable_code_cannot_be_controlled_by_adversary
rancher/nginx-ingress-controller:v1.14.5-hardened2,rancher/v2.16-head,golang.org/x/net,v0.52.0,gobinary,CVE-2026-42506,MEDIUM,https://avd.aquasec.com/nvd/cve-2026-42506,nginx-ingress-controller,0.55.0,false,not_affected,vulnerable_code_not_present
rancher/nginx-ingress-controller:v1.14.5-hardened2,rancher/v2.16-head,stdlib,v1.26.2,gobinary,CVE-2026-42507,MEDIUM,https://avd.aquasec.com/nvd/cve-2026-42507,dbg,"1.25.11, 1.26.4",false,not_affected,vulnerable_code_not_in_execute_path
rancher/nginx-ingress-controller:v1.14.5-hardened2,rancher/v2.16-head,stdlib,v1.26.2,gobinary,CVE-2026-42507,MEDIUM,https://avd.aquasec.com/nvd/cve-2026-42507,nginx-ingress-controller,"1.25.11, 1.26.4",false,not_affected,vulnerable_code_not_in_execute_path
rancher/nginx-ingress-controller:v1.14.5-hardened2,rancher/v2.16-head,stdlib,v1.26.2,gobinary,CVE-2026-42507,MEDIUM,https://avd.aquasec.com/nvd/cve-2026-42507,wait-shutdown,"1.25.11, 1.26.4",false,not_affected,vulnerable_code_not_in_execute_path
rancher/nginx-ingress-controller:v1.14.5-hardened2,rancher/v2.16-head,golang.org/x/net,v0.52.0,gobinary,CVE-2026-46600,HIGH,https://avd.aquasec.com/nvd/cve-2026-46600,nginx-ingress-controller,0.56.0,false,not_affected,vulnerable_code_not_present
rancher/nginx-ingress-controller:v1.14.5-hardened2,rancher/v2.16-head,golang.org/x/text,v0.35.0,gobinary,CVE-2026-56852,HIGH,https://avd.aquasec.com/nvd/cve-2026-56852,nginx-ingress-controller,0.39.0,false,not_affected,vulnerable_code_not_in_execute_path
rancher/nginx-ingress-controller:v1.14.5-hardened2,rancher/v2.16-head,stdlib,v1.26.2,gobinary,CVE-2026-56853,HIGH,https://avd.aquasec.com/nvd/cve-2026-56853,dbg,"1.25.13, 1.26.6, 1.27.0-rc.3",false,affected,
rancher/nginx-ingress-controller:v1.14.5-hardened2,rancher/v2.16-head,stdlib,v1.26.2,gobinary,CVE-2026-56853,HIGH,https://avd.aquasec.com/nvd/cve-2026-56853,nginx-ingress-controller,"1.25.13, 1.26.6, 1.27.0-rc.3",false,affected,
rancher/nginx-ingress-controller:v1.14.5-hardened2,rancher/v2.16-head,stdlib,v1.26.2,gobinary,CVE-2026-56853,HIGH,https://avd.aquasec.com/nvd/cve-2026-56853,wait-shutdown,"1.25.13, 1.26.6, 1.27.0-rc.3",false,affected,
rancher/nginx-ingress-controller:v1.14.5-hardened2,rancher/v2.16-head,stdlib,v1.26.2,gobinary,CVE-2026-56859,HIGH,https://avd.aquasec.com/nvd/cve-2026-56859,dbg,"1.25.13, 1.26.6, 1.27.0-rc.3",false,affected,
rancher/nginx-ingress-controller:v1.14.5-hardened2,rancher/v2.16-head,stdlib,v1.26.2,gobinary,CVE-2026-56859,HIGH,https://avd.aquasec.com/nvd/cve-2026-56859,nginx-ingress-controller,"1.25.13, 1.26.6, 1.27.0-rc.3",false,affected,
rancher/nginx-ingress-controller:v1.14.5-hardened2,rancher/v2.16-head,stdlib,v1.26.2,gobinary,CVE-2026-56859,HIGH,https://avd.aquasec.com/nvd/cve-2026-56859,wait-shutdown,"1.25.13, 1.26.6, 1.27.0-rc.3",false,affected,
rancher/nginx-ingress-controller:v1.14.5-hardened2,rancher/v2.16-head,stdlib,v1.26.2,gobinary,CVE-2026-56862,HIGH,https://avd.aquasec.com/nvd/cve-2026-56862,dbg,"1.25.13, 1.26.6, 1.27.0-rc.3",false,affected,
rancher/nginx-ingress-controller:v1.14.5-hardened2,rancher/v2.16-head,stdlib,v1.26.2,gobinary,CVE-2026-56862,HIGH,https://avd.aquasec.com/nvd/cve-2026-56862,nginx-ingress-controller,"1.25.13, 1.26.6, 1.27.0-rc.3",false,affected,
rancher/nginx-ingress-controller:v1.14.5-hardened2,rancher/v2.16-head,stdlib,v1.26.2,gobinary,CVE-2026-56862,HIGH,https://avd.aquasec.com/nvd/cve-2026-56862,wait-shutdown,"1.25.13, 1.26.6, 1.27.0-rc.3",false,affected,
rancher/nginx-ingress-controller:v1.14.5-hardened2,rancher/v2.16-head,libgcrypt20,1.11.1-160000.2.2,sles,SUSE-FU-2026:21213-1,MEDIUM,,rancher/nginx-ingress-controller:v1.14.5-hardened2 (sles 16.0),1.12.1-160000.1.1,false,not_affected,vulnerable_code_not_in_execute_path
rancher/nginx-ingress-controller:v1.14.5-hardened2,rancher/v2.16-head,libgpg-error0,1.54-160000.2.2,sles,SUSE-FU-2026:21213-1,MEDIUM,,rancher/nginx-ingress-controller:v1.14.5-hardened2 (sles 16.0),1.58-160000.1.1,false,not_affected,vulnerable_code_not_in_execute_path
rancher/nginx-ingress-controller:v1.14.5-hardened2,rancher/v2.16-head,libtasn1-6,4.20.0-160000.3.2,sles,SUSE-SU-2026:21142-1,MEDIUM,,rancher/nginx-ingress-controller:v1.14.5-hardened2 (sles 16.0),4.21.0-160000.1.1,false,not_affected,vulnerable_code_not_in_execute_path
rancher/nginx-ingress-controller:v1.14.5-hardened2,rancher/v2.16-head,tar,1.35-160000.2.2,sles,SUSE-SU-2026:21143-1,HIGH,,rancher/nginx-ingress-controller:v1.14.5-hardened2 (sles 16.0),1.35-160000.3.1,false,not_affected,vulnerable_code_not_in_execute_path
rancher/nginx-ingress-controller:v1.14.5-hardened2,rancher/v2.16-head,libsystemd0,257.10-160000.1.1,sles,SUSE-SU-2026:21144-1,HIGH,,rancher/nginx-ingress-controller:v1.14.5-hardened2 (sles 16.0),257.13-160000.1.1,false,not_affected,vulnerable_code_not_in_execute_path
rancher/nginx-ingress-controller:v1.14.5-hardened2,rancher/v2.16-head,libudev1,257.10-160000.1.1,sles,SUSE-SU-2026:21144-1,HIGH,,rancher/nginx-ingress-controller:v1.14.5-hardened2 (sles 16.0),257.13-160000.1.1,false,not_affected,vulnerable_code_not_in_execute_path
rancher/nginx-ingress-controller:v1.14.5-hardened2,rancher/v2.16-head,zlib-devel,1.2.13-160000.2.2,sles,SUSE-SU-2026:21151-1,MEDIUM,,rancher/nginx-ingress-controller:v1.14.5-hardened2 (sles 16.0),1.2.13-160000.3.1,false,not_affected,vulnerable_code_not_in_execute_path
rancher/nginx-ingress-controller:v1.14.5-hardened2,rancher/v2.16-head,libblkid1,2.41.1-160000.2.2,sles,SUSE-SU-2026:21158-1,MEDIUM,,rancher/nginx-ingress-controller:v1.14.5-hardened2 (sles 16.0),2.41.1-160000.3.1,false,not_affected,vulnerable_code_not_in_execute_path
rancher/nginx-ingress-controller:v1.14.5-hardened2,rancher/v2.16-head,libfdisk1,2.41.1-160000.2.2,sles,SUSE-SU-2026:21158-1,MEDIUM,,rancher/nginx-ingress-controller:v1.14.5-hardened2 (sles 16.0),2.41.1-160000.3.1,false,not_affected,vulnerable_code_not_in_execute_path
rancher/nginx-ingress-controller:v1.14.5-hardened2,rancher/v2.16-head,libuuid1,2.41.1-160000.2.2,sles,SUSE-SU-2026:21158-1,MEDIUM,,rancher/nginx-ingress-controller:v1.14.5-hardened2 (sles 16.0),2.41.1-160000.3.1,false,not_affected,vulnerable_code_not_in_execute_path
rancher/nginx-ingress-controller:v1.14.5-hardened2,rancher/v2.16-head,util-linux,2.41.1-160000.2.2,sles,SUSE-SU-2026:21158-1,MEDIUM,,rancher/nginx-ingress-controller:v1.14.5-hardened2 (sles 16.0),2.41.1-160000.3.1,false,not_affected,vulnerable_code_not_in_execute_path
rancher/nginx-ingress-controller:v1.14.5-hardened2,rancher/v2.16-head,glibc-devel,2.40-160000.3.1,sles,SUSE-SU-2026:21164-1,MEDIUM,,rancher/nginx-ingress-controller:v1.14.5-hardened2 (sles 16.0),2.40-160000.4.1,false,not_affected,vulnerable_code_not_in_execute_path
rancher/nginx-ingress-controller:v1.14.5-hardened2,rancher/v2.16-head,libsqlite3-0,3.50.4-160000.1.2,sles,SUSE-SU-2026:21173-1,MEDIUM,,rancher/nginx-ingress-controller:v1.14.5-hardened2 (sles 16.0),3.51.3-160000.1.1,false,not_affected,vulnerable_code_not_in_execute_path
rancher/nginx-ingress-controller:v1.14.5-hardened2,rancher/v2.16-head,libpython3_13-1_0,3.13.12-160000.1.1,sles,SUSE-SU-2026:21178-1,HIGH,,rancher/nginx-ingress-controller:v1.14.5-hardened2 (sles 16.0),3.13.13-160000.1.1,false,not_affected,vulnerable_code_not_in_execute_path
rancher/nginx-ingress-controller:v1.14.5-hardened2,rancher/v2.16-head,python313-base,3.13.12-160000.1.1,sles,SUSE-SU-2026:21178-1,HIGH,,rancher/nginx-ingress-controller:v1.14.5-hardened2 (sles 16.0),3.13.13-160000.1.1,false,not_affected,vulnerable_code_not_in_execute_path
rancher/nginx-ingress-controller:v1.14.5-hardened2,rancher/v2.16-head,libopenssl-3-devel,3.5.0-160000.6.1,sles,SUSE-SU-2026:21186-1,HIGH,,rancher/nginx-ingress-controller:v1.14.5-hardened2 (sles 16.0),3.5.0-160000.7.1,false,not_affected,vulnerable_code_not_in_execute_path
rancher/nginx-ingress-controller:v1.14.5-hardened2,rancher/v2.16-head,libopenssl-3-fips-provider,3.5.0-160000.6.1,sles,SUSE-SU-2026:21186-1,HIGH,,rancher/nginx-ingress-controller:v1.14.5-hardened2 (sles 16.0),3.5.0-160000.7.1,false,not_affected,vulnerable_code_not_in_execute_path
rancher/nginx-ingress-controller:v1.14.5-hardened2,rancher/v2.16-head,libopenssl3,3.5.0-160000.6.1,sles,SUSE-SU-2026:21186-1,HIGH,,rancher/nginx-ingress-controller:v1.14.5-hardened2 (sles 16.0),3.5.0-160000.7.1,false,not_affected,vulnerable_code_not_in_execute_path
rancher/nginx-ingress-controller:v1.14.5-hardened2,rancher/v2.16-head,openssl-3,3.5.0-160000.6.1,sles,SUSE-SU-2026:21186-1,HIGH,,rancher/nginx-ingress-controller:v1.14.5-hardened2 (sles 16.0),3.5.0-160000.7.1,false,not_affected,vulnerable_code_not_in_execute_path
rancher/nginx-ingress-controller:v1.14.5-hardened2,rancher/v2.16-head,pam,1.7.1-160000.2.2,sles,SUSE-SU-2026:21192-1,MEDIUM,,rancher/nginx-ingress-controller:v1.14.5-hardened2 (sles 16.0),1.7.1-160000.3.1,false,not_affected,vulnerable_code_not_in_execute_path
rancher/nginx-ingress-controller:v1.14.5-hardened2,rancher/v2.16-head,libcap-progs,2.73-160000.2.2,sles,SUSE-SU-2026:21373-1,HIGH,,rancher/nginx-ingress-controller:v1.14.5-hardened2 (sles 16.0),2.73-160000.3.1,false,not_affected,vulnerable_code_not_in_execute_path
rancher/nginx-ingress-controller:v1.14.5-hardened2,rancher/v2.16-head,libcap2,2.73-160000.2.2,sles,SUSE-SU-2026:21373-1,HIGH,,rancher/nginx-ingress-controller:v1.14.5-hardened2 (sles 16.0),2.73-160000.3.1,false,not_affected,vulnerable_code_not_in_execute_path
rancher/nginx-ingress-controller:v1.14.5-hardened2,rancher/v2.16-head,c-ares-devel,1.34.5-160000.2.2,sles,SUSE-SU-2026:21574-1,MEDIUM,,rancher/nginx-ingress-controller:v1.14.5-hardened2 (sles 16.0),1.34.6-160000.1.1,false,not_affected,vulnerable_code_not_in_execute_path
rancher/nginx-ingress-controller:v1.14.5-hardened2,rancher/v2.16-head,glibc,2.40-160000.3.1,sles,SUSE-SU-2026:21807-1,HIGH,,rancher/nginx-ingress-controller:v1.14.5-hardened2 (sles 16.0),2.40-160000.5.1,false,affected,
rancher/nginx-ingress-controller:v1.14.5-hardened2,rancher/v2.16-head,glibc-devel,2.40-160000.3.1,sles,SUSE-SU-2026:21807-1,HIGH,,rancher/nginx-ingress-controller:v1.14.5-hardened2 (sles 16.0),2.40-160000.5.1,false,not_affected,vulnerable_code_not_in_execute_path
rancher/nginx-ingress-controller:v1.14.5-hardened2,rancher/v2.16-head,glibc-locale-base,2.40-160000.3.1,sles,SUSE-SU-2026:21807-1,HIGH,,rancher/nginx-ingress-controller:v1.14.5-hardened2 (sles 16.0),2.40-160000.5.1,false,affected,
rancher/nginx-ingress-controller:v1.14.5-hardened2,rancher/v2.16-head,liblzma5,5.8.1-160000.2.2,sles,SUSE-SU-2026:21848-1,HIGH,,rancher/nginx-ingress-controller:v1.14.5-hardened2 (sles 16.0),5.8.1-160000.3.1,false,not_affected,vulnerable_code_not_in_execute_path
rancher/nginx-ingress-controller:v1.14.5-hardened2,rancher/v2.16-head,xz,5.8.1-160000.2.2,sles,SUSE-SU-2026:21848-1,HIGH,,rancher/nginx-ingress-controller:v1.14.5-hardened2 (sles 16.0),5.8.1-160000.3.1,false,affected,
rancher/nginx-ingress-controller:v1.14.5-hardened2,rancher/v2.16-head,curl,8.14.1-160000.5.1,sles,SUSE-SU-2026:22156-1,MEDIUM,,rancher/nginx-ingress-controller:v1.14.5-hardened2 (sles 16.0),8.14.1-160000.6.1,false,not_affected,vulnerable_code_not_in_execute_path
rancher/nginx-ingress-controller:v1.14.5-hardened2,rancher/v2.16-head,libcurl-mini4,8.14.1-160000.5.1,sles,SUSE-SU-2026:22156-1,MEDIUM,,rancher/nginx-ingress-controller:v1.14.5-hardened2 (sles 16.0),8.14.1-160000.6.1,false,not_affected,vulnerable_code_not_in_execute_path
rancher/nginx-ingress-controller:v1.14.5-hardened2,rancher/v2.16-head,libsqlite3-0,3.50.4-160000.1.2,sles,SUSE-SU-2026:22166-1,HIGH,,rancher/nginx-ingress-controller:v1.14.5-hardened2 (sles 16.0),3.53.2-160000.1.1,false,affected,
rancher/nginx-ingress-controller:v1.14.5-hardened2,rancher/v2.16-head,libsolv-tools-base,0.7.35-160000.1.1,sles,SUSE-SU-2026:22172-1,HIGH,,rancher/nginx-ingress-controller:v1.14.5-hardened2 (sles 16.0),0.7.39-160000.1.1,false,affected,
rancher/nginx-ingress-controller:v1.14.5-hardened2,rancher/v2.16-head,libzypp,17.38.2-160000.1.1,sles,SUSE-SU-2026:22172-1,HIGH,,rancher/nginx-ingress-controller:v1.14.5-hardened2 (sles 16.0),17.38.13-160000.1.1,false,not_affected,vulnerable_code_not_in_execute_path
rancher/nginx-ingress-controller:v1.14.5-hardened2,rancher/v2.16-head,zypper,1.14.94-160000.1.1,sles,SUSE-SU-2026:22172-1,HIGH,,rancher/nginx-ingress-controller:v1.14.5-hardened2 (sles 16.0),1.14.98-160000.1.1,false,not_affected,vulnerable_code_not_in_execute_path
rancher/nginx-ingress-controller:v1.14.5-hardened2,rancher/v2.16-head,libncurses6,6.5.20250531-160000.2.2,sles,SUSE-SU-2026:22294-1,MEDIUM,,rancher/nginx-ingress-controller:v1.14.5-hardened2 (sles 16.0),6.5.20250531-160000.3.1,false,not_affected,vulnerable_code_not_in_execute_path
rancher/nginx-ingress-controller:v1.14.5-hardened2,rancher/v2.16-head,ncurses-utils,6.5.20250531-160000.2.2,sles,SUSE-SU-2026:22294-1,MEDIUM,,rancher/nginx-ingress-controller:v1.14.5-hardened2 (sles 16.0),6.5.20250531-160000.3.1,false,not_affected,vulnerable_code_not_in_execute_path
rancher/nginx-ingress-controller:v1.14.5-hardened2,rancher/v2.16-head,terminfo-base,6.5.20250531-160000.2.2,sles,SUSE-SU-2026:22294-1,MEDIUM,,rancher/nginx-ingress-controller:v1.14.5-hardened2 (sles 16.0),6.5.20250531-160000.3.1,false,not_affected,vulnerable_code_not_in_execute_path
rancher/nginx-ingress-controller:v1.14.5-hardened2,rancher/v2.16-head,libopenssl-3-devel,3.5.0-160000.6.1,sles,SUSE-SU-2026:22315-1,HIGH,,rancher/nginx-ingress-controller:v1.14.5-hardened2 (sles 16.0),3.5.0-160000.8.1,false,affected,
rancher/nginx-ingress-controller:v1.14.5-hardened2,rancher/v2.16-head,libopenssl-3-fips-provider,3.5.0-160000.6.1,sles,SUSE-SU-2026:22315-1,HIGH,,rancher/nginx-ingress-controller:v1.14.5-hardened2 (sles 16.0),3.5.0-160000.8.1,false,affected,
rancher/nginx-ingress-controller:v1.14.5-hardened2,rancher/v2.16-head,libopenssl3,3.5.0-160000.6.1,sles,SUSE-SU-2026:22315-1,HIGH,,rancher/nginx-ingress-controller:v1.14.5-hardened2 (sles 16.0),3.5.0-160000.8.1,false,affected,
rancher/nginx-ingress-controller:v1.14.5-hardened2,rancher/v2.16-head,openssl-3,3.5.0-160000.6.1,sles,SUSE-SU-2026:22315-1,HIGH,,rancher/nginx-ingress-controller:v1.14.5-hardened2 (sles 16.0),3.5.0-160000.8.1,false,affected,
rancher/nginx-ingress-controller:v1.14.5-hardened2,rancher/v2.16-head,libfdisk1,2.41.1-160000.2.2,sles,SUSE-SU-2026:22332-1,MEDIUM,,rancher/nginx-ingress-controller:v1.14.5-hardened2 (sles 16.0),2.41.1-160000.4.1,false,not_affected,vulnerable_code_not_in_execute_path
rancher/nginx-ingress-controller:v1.14.5-hardened2,rancher/v2.16-head,libuuid1,2.41.1-160000.2.2,sles,SUSE-SU-2026:22332-1,MEDIUM,,rancher/nginx-ingress-controller:v1.14.5-hardened2 (sles 16.0),2.41.1-160000.4.1,false,not_affected,vulnerable_code_not_in_execute_path
rancher/nginx-ingress-controller:v1.14.5-hardened2,rancher/v2.16-head,util-linux,2.41.1-160000.2.2,sles,SUSE-SU-2026:22332-1,MEDIUM,,rancher/nginx-ingress-controller:v1.14.5-hardened2 (sles 16.0),2.41.1-160000.4.1,false,not_affected,vulnerable_code_not_in_execute_path
rancher/nginx-ingress-controller:v1.14.5-hardened2,rancher/v2.16-head,libgcrypt20,1.11.1-160000.2.2,sles,SUSE-SU-2026:22355-1,MEDIUM,,rancher/nginx-ingress-controller:v1.14.5-hardened2 (sles 16.0),1.12.1-160000.2.1,false,not_affected,vulnerable_code_not_in_execute_path
rancher/nginx-ingress-controller:v1.14.5-hardened2,rancher/v2.16-head,tar,1.35-160000.2.2,sles,SUSE-SU-2026:22377-1,HIGH,,rancher/nginx-ingress-controller:v1.14.5-hardened2 (sles 16.0),1.35-160000.4.1,false,not_affected,vulnerable_code_not_in_execute_path
rancher/nginx-ingress-controller:v1.14.5-hardened2,rancher/v2.16-head,curl,8.14.1-160000.5.1,sles,SUSE-SU-2026:22582-1,HIGH,,rancher/nginx-ingress-controller:v1.14.5-hardened2 (sles 16.0),8.14.1-160000.8.1,false,not_affected,vulnerable_code_not_in_execute_path
rancher/nginx-ingress-controller:v1.14.5-hardened2,rancher/v2.16-head,libcurl-mini4,8.14.1-160000.5.1,sles,SUSE-SU-2026:22582-1,HIGH,,rancher/nginx-ingress-controller:v1.14.5-hardened2 (sles 16.0),8.14.1-160000.8.1,false,not_affected,vulnerable_code_not_in_execute_path
rancher/nginx-ingress-controller:v1.14.5-hardened2,rancher/v2.16-head,libxml2-2,2.13.8-160000.4.1,sles,SUSE-SU-2026:22636-1,HIGH,,rancher/nginx-ingress-controller:v1.14.5-hardened2 (sles 16.0),2.13.8-160000.5.1,false,not_affected,vulnerable_code_not_in_execute_path
rancher/nginx-ingress-controller:v1.14.5-hardened2,rancher/v2.16-head,libxml2-tools,2.13.8-160000.4.1,sles,SUSE-SU-2026:22636-1,HIGH,,rancher/nginx-ingress-controller:v1.14.5-hardened2 (sles 16.0),2.13.8-160000.5.1,false,affected,
rancher/nginx-ingress-controller:v1.14.5-hardened2,rancher/v2.16-head,pam,1.7.1-160000.2.2,sles,SUSE-SU-2026:22639-1,MEDIUM,,rancher/nginx-ingress-controller:v1.14.5-hardened2 (sles 16.0),1.7.1-160000.5.1,false,not_affected,vulnerable_code_not_in_execute_path
rancher/nginx-ingress-controller:v1.14.5-hardened2,rancher/v2.16-head,gzip,1.13-160000.2.2,sles,SUSE-SU-2026:22818-1,HIGH,,rancher/nginx-ingress-controller:v1.14.5-hardened2 (sles 16.0),1.13-160000.3.1,false,not_affected,vulnerable_code_not_in_execute_path
rancher/nginx-ingress-controller:v1.14.5-hardened2,rancher/v2.16-head,libgcrypt20,1.11.1-160000.2.2,sles,SUSE-SU-2026:22826-1,MEDIUM,,rancher/nginx-ingress-controller:v1.14.5-hardened2 (sles 16.0),1.12.1-160000.3.1,false,not_affected,vulnerable_code_not_in_execute_path
rancher/nginx-ingress-controller:v1.14.5-hardened2,rancher/v2.16-head,glib2-tools,2.84.4-160000.2.1,sles,SUSE-SU-2026:22846-1,HIGH,,rancher/nginx-ingress-controller:v1.14.5-hardened2 (sles 16.0),2.84.4-160000.4.1,false,not_affected,vulnerable_code_not_in_execute_path
rancher/nginx-ingress-controller:v1.14.5-hardened2,rancher/v2.16-head,libgio-2_0-0,2.84.4-160000.2.1,sles,SUSE-SU-2026:22846-1,HIGH,,rancher/nginx-ingress-controller:v1.14.5-hardened2 (sles 16.0),2.84.4-160000.4.1,false,not_affected,vulnerable_code_not_in_execute_path
rancher/nginx-ingress-controller:v1.14.5-hardened2,rancher/v2.16-head,libglib-2_0-0,2.84.4-160000.2.1,sles,SUSE-SU-2026:22846-1,HIGH,,rancher/nginx-ingress-controller:v1.14.5-hardened2 (sles 16.0),2.84.4-160000.4.1,false,not_affected,vulnerable_code_not_in_execute_path
rancher/nginx-ingress-controller:v1.14.5-hardened2,rancher/v2.16-head,libgmodule-2_0-0,2.84.4-160000.2.1,sles,SUSE-SU-2026:22846-1,HIGH,,rancher/nginx-ingress-controller:v1.14.5-hardened2 (sles 16.0),2.84.4-160000.4.1,false,not_affected,vulnerable_code_not_in_execute_path
rancher/nginx-ingress-controller:v1.14.5-hardened2,rancher/v2.16-head,libgobject-2_0-0,2.84.4-160000.2.1,sles,SUSE-SU-2026:22846-1,HIGH,,rancher/nginx-ingress-controller:v1.14.5-hardened2 (sles 16.0),2.84.4-160000.4.1,false,not_affected,vulnerable_code_not_in_execute_path
rancher/nginx-ingress-controller:v1.14.5-hardened2,rancher/v2.16-head,libpython3_13-1_0,3.13.12-160000.1.1,sles,SUSE-SU-2026:23303-1,HIGH,,rancher/nginx-ingress-controller:v1.14.5-hardened2 (sles 16.0),3.13.14-160000.2.1,false,not_affected,vulnerable_code_not_in_execute_path
rancher/nginx-ingress-controller:v1.14.5-hardened2,rancher/v2.16-head,python313-base,3.13.12-160000.1.1,sles,SUSE-SU-2026:23303-1,HIGH,,rancher/nginx-ingress-controller:v1.14.5-hardened2 (sles 16.0),3.13.14-160000.2.1,false,not_affected,vulnerable_code_not_in_execute_path
rancher/nginx-ingress-controller:v1.14.5-hardened2,rancher/v2.16-head,wget,1.25.0-160000.2.2,sles,SUSE-SU-2026:23326-1,HIGH,,rancher/nginx-ingress-controller:v1.14.5-hardened2 (sles 16.0),1.25.0-160000.3.1,false,not_affected,vulnerable_code_not_in_execute_path
rancher/rancher-agent:master-head,rancher/v2.16-head,github.com/russellhaering/goxmldsig,v1.1.0,gobinary,CVE-2020-7711,HIGH,https://avd.aquasec.com/nvd/cve-2020-7711,usr/bin/agent,1.1.1,false,affected,
rancher/rancher-agent:master-head,rancher/v2.16-head,github.com/russellhaering/goxmldsig,v1.1.0,gobinary,CVE-2020-7731,HIGH,https://avd.aquasec.com/nvd/cve-2020-7731,usr/bin/agent,1.1.1,false,affected,
rancher/rancher-agent:master-head,rancher/v2.16-head,k8s.io/kubernetes,v1.21.0,gobinary,CVE-2021-25741,HIGH,https://avd.aquasec.com/nvd/cve-2021-25741,usr/bin/agent,"1.19.15, 1.20.11, 1.21.5, 1.22.2",false,affected,
rancher/rancher-agent:master-head,rancher/v2.16-head,golang.org/x/net,v0.0.0-20210315170653-34ac3e1c2000,gobinary,CVE-2021-33194,HIGH,https://avd.aquasec.com/nvd/cve-2021-33194,usr/bin/agent,0.0.0-20210520170846-37e1c6afe023,false,affected,
rancher/rancher-agent:master-head,rancher/v2.16-head,golang.org/x/text,v0.3.5,gobinary,CVE-2021-38561,HIGH,https://avd.aquasec.com/nvd/cve-2021-38561,usr/bin/agent,0.3.7,false,affected,
rancher/rancher-agent:master-head,rancher/v2.16-head,stdlib,v1.16.6,gobinary,CVE-2021-39293,HIGH,https://avd.aquasec.com/nvd/cve-2021-39293,usr/bin/agent,"1.16.8, 1.17.1",false,affected,
rancher/rancher-agent:master-head,rancher/v2.16-head,stdlib,v1.16.6,gobinary,CVE-2021-39293,HIGH,https://avd.aquasec.com/nvd/cve-2021-39293,usr/bin/kubectl,"1.16.8, 1.17.1",false,affected,
rancher/rancher-agent:master-head,rancher/v2.16-head,stdlib,v1.16.6,gobinary,CVE-2021-41771,HIGH,https://avd.aquasec.com/nvd/cve-2021-41771,usr/bin/agent,"1.16.10, 1.17.3",false,affected,
rancher/rancher-agent:master-head,rancher/v2.16-head,stdlib,v1.16.6,gobinary,CVE-2021-41771,HIGH,https://avd.aquasec.com/nvd/cve-2021-41771,usr/bin/kubectl,"1.16.10, 1.17.3",false,affected,
rancher/rancher-agent:master-head,rancher/v2.16-head,stdlib,v1.16.6,gobinary,CVE-2021-41772,HIGH,https://avd.aquasec.com/nvd/cve-2021-41772,usr/bin/agent,"1.16.10, 1.17.3",false,affected,
rancher/rancher-agent:master-head,rancher/v2.16-head,stdlib,v1.16.6,gobinary,CVE-2021-41772,HIGH,https://avd.aquasec.com/nvd/cve-2021-41772,usr/bin/kubectl,"1.16.10, 1.17.3",false,affected,
rancher/rancher-agent:master-head,rancher/v2.16-head,golang.org/x/crypto,v0.0.0-20210711020723-a769d52b0f97,gobinary,CVE-2021-43565,HIGH,https://avd.aquasec.com/nvd/cve-2021-43565,usr/bin/agent,0.0.0-20211202192323-5770296d904e,false,affected,
rancher/rancher-agent:master-head,rancher/v2.16-head,golang.org/x/net,v0.0.0-20210315170653-34ac3e1c2000,gobinary,CVE-2021-44716,HIGH,https://avd.aquasec.com/nvd/cve-2021-44716,usr/bin/agent,0.0.0-20211209124913-491a49abca63,false,affected,
rancher/rancher-agent:master-head,rancher/v2.16-head,stdlib,v1.16.6,gobinary,CVE-2021-44716,HIGH,https://avd.aquasec.com/nvd/cve-2021-44716,usr/bin/agent,"1.16.12, 1.17.5",false,affected,
rancher/rancher-agent:master-head,rancher/v2.16-head,stdlib,v1.16.6,gobinary,CVE-2021-44716,HIGH,https://avd.aquasec.com/nvd/cve-2021-44716,usr/bin/kubectl,"1.16.12, 1.17.5",false,affected,
rancher/rancher-agent:master-head,rancher/v2.16-head,github.com/emicklei/go-restful,v2.9.5+incompatible,gobinary,CVE-2022-1996,CRITICAL,https://avd.aquasec.com/nvd/cve-2022-1996,usr/bin/agent,2.16.0,false,affected,
rancher/rancher-agent:master-head,rancher/v2.16-head,github.com/prometheus/client_golang,v1.9.0,gobinary,CVE-2022-21698,HIGH,https://avd.aquasec.com/nvd/cve-2022-21698,usr/bin/agent,1.11.1,false,affected,
rancher/rancher-agent:master-head,rancher/v2.16-head,stdlib,v1.16.6,gobinary,CVE-2022-23772,HIGH,https://avd.aquasec.com/nvd/cve-2022-23772,usr/bin/agent,"1.16.14, 1.17.7",false,affected,
rancher/rancher-agent:master-head,rancher/v2.16-head,stdlib,v1.16.6,gobinary,CVE-2022-23772,HIGH,https://avd.aquasec.com/nvd/cve-2022-23772,usr/bin/kubectl,"1.16.14, 1.17.7",false,affected,
rancher/rancher-agent:master-head,rancher/v2.16-head,stdlib,v1.16.6,gobinary,CVE-2022-23806,HIGH,https://avd.aquasec.com/nvd/cve-2022-23806,usr/bin/agent,"1.16.14, 1.17.7",false,affected,severity_changed_due_to_suse_cvss_score
rancher/rancher-agent:master-head,rancher/v2.16-head,stdlib,v1.16.6,gobinary,CVE-2022-23806,HIGH,https://avd.aquasec.com/nvd/cve-2022-23806,usr/bin/kubectl,"1.16.14, 1.17.7",false,affected,severity_changed_due_to_suse_cvss_score
rancher/rancher-agent:master-head,rancher/v2.16-head,sigs.k8s.io/aws-iam-authenticator,v0.5.1,gobinary,CVE-2022-2385,HIGH,https://avd.aquasec.com/nvd/cve-2022-2385,usr/bin/agent,0.5.9,false,affected,
rancher/rancher-agent:master-head,rancher/v2.16-head,stdlib,v1.16.6,gobinary,CVE-2022-24921,HIGH,https://avd.aquasec.com/nvd/cve-2022-24921,usr/bin/agent,"1.16.15, 1.17.8",false,affected,
rancher/rancher-agent:master-head,rancher/v2.16-head,stdlib,v1.16.6,gobinary,CVE-2022-24921,HIGH,https://avd.aquasec.com/nvd/cve-2022-24921,usr/bin/kubectl,"1.16.15, 1.17.8",false,affected,
rancher/rancher-agent:master-head,rancher/v2.16-head,golang.org/x/crypto,v0.0.0-20210711020723-a769d52b0f97,gobinary,CVE-2022-27191,HIGH,https://avd.aquasec.com/nvd/cve-2022-27191,usr/bin/agent,0.0.0-20220314234659-1baeb1ce4c0b,false,affected,
rancher/rancher-agent:master-head,rancher/v2.16-head,golang.org/x/net,v0.0.0-20210315170653-34ac3e1c2000,gobinary,CVE-2022-27664,HIGH,https://avd.aquasec.com/nvd/cve-2022-27664,usr/bin/agent,0.0.0-20220906165146-f3363e06e74c,false,affected,
rancher/rancher-agent:master-head,rancher/v2.16-head,stdlib,v1.16.6,gobinary,CVE-2022-27664,HIGH,https://avd.aquasec.com/nvd/cve-2022-27664,usr/bin/agent,"1.18.6, 1.19.1",false,affected,
rancher/rancher-agent:master-head,rancher/v2.16-head,stdlib,v1.16.6,gobinary,CVE-2022-27664,HIGH,https://avd.aquasec.com/nvd/cve-2022-27664,usr/bin/kubectl,"1.18.6, 1.19.1",false,affected,
rancher/rancher-agent:master-head,rancher/v2.16-head,stdlib,v1.16.6,gobinary,CVE-2022-2879,HIGH,https://avd.aquasec.com/nvd/cve-2022-2879,usr/bin/agent,"1.18.7, 1.19.2",false,affected,
rancher/rancher-agent:master-head,rancher/v2.16-head,stdlib,v1.16.6,gobinary,CVE-2022-2879,HIGH,https://avd.aquasec.com/nvd/cve-2022-2879,usr/bin/kubectl,"1.18.7, 1.19.2",false,affected,
rancher/rancher-agent:master-head,rancher/v2.16-head,stdlib,v1.16.6,gobinary,CVE-2022-2880,HIGH,https://avd.aquasec.com/nvd/cve-2022-2880,usr/bin/agent,"1.18.7, 1.19.2",false,affected,
rancher/rancher-agent:master-head,rancher/v2.16-head,stdlib,v1.16.6,gobinary,CVE-2022-2880,HIGH,https://avd.aquasec.com/nvd/cve-2022-2880,usr/bin/kubectl,"1.18.7, 1.19.2",false,affected,
rancher/rancher-agent:master-head,rancher/v2.16-head,stdlib,v1.16.6,gobinary,CVE-2022-30580,HIGH,https://avd.aquasec.com/nvd/cve-2022-30580,usr/bin/agent,"1.17.11, 1.18.3",false,affected,
rancher/rancher-agent:master-head,rancher/v2.16-head,stdlib,v1.16.6,gobinary,CVE-2022-30580,HIGH,https://avd.aquasec.com/nvd/cve-2022-30580,usr/bin/kubectl,"1.17.11, 1.18.3",false,affected,
rancher/rancher-agent:master-head,rancher/v2.16-head,golang.org/x/text,v0.3.5,gobinary,CVE-2022-32149,HIGH,https://avd.aquasec.com/nvd/cve-2022-32149,usr/bin/agent,0.3.8,false,affected,
rancher/rancher-agent:master-head,rancher/v2.16-head,golang.org/x/net,v0.0.0-20210315170653-34ac3e1c2000,gobinary,CVE-2022-41717,HIGH,https://avd.aquasec.com/nvd/cve-2022-41717,usr/bin/agent,0.4.0,false,affected,severity_changed_due_to_suse_cvss_score
rancher/rancher-agent:master-head,rancher/v2.16-head,stdlib,v1.16.6,gobinary,CVE-2022-41717,HIGH,https://avd.aquasec.com/nvd/cve-2022-41717,usr/bin/agent,"1.18.9, 1.19.4",false,affected,severity_changed_due_to_suse_cvss_score
rancher/rancher-agent:master-head,rancher/v2.16-head,stdlib,v1.16.6,gobinary,CVE-2022-41717,HIGH,https://avd.aquasec.com/nvd/cve-2022-41717,usr/bin/kubectl,"1.18.9, 1.19.4",false,affected,severity_changed_due_to_suse_cvss_score
rancher/rancher-agent:master-head,rancher/v2.16-head,stdlib,v1.16.6,gobinary,CVE-2022-41720,HIGH,https://avd.aquasec.com/nvd/cve-2022-41720,usr/bin/agent,"1.18.9, 1.19.4",false,affected,
rancher/rancher-agent:master-head,rancher/v2.16-head,stdlib,v1.16.6,gobinary,CVE-2022-41720,HIGH,https://avd.aquasec.com/nvd/cve-2022-41720,usr/bin/kubectl,"1.18.9, 1.19.4",false,affected,
rancher/rancher-agent:master-head,rancher/v2.16-head,stdlib,v1.16.6,gobinary,CVE-2022-41722,HIGH,https://avd.aquasec.com/nvd/cve-2022-41722,usr/bin/agent,"1.19.6, 1.20.1",false,affected,
rancher/rancher-agent:master-head,rancher/v2.16-head,stdlib,v1.16.6,gobinary,CVE-2022-41722,HIGH,https://avd.aquasec.com/nvd/cve-2022-41722,usr/bin/kubectl,"1.19.6, 1.20.1",false,affected,
rancher/rancher-agent:master-head,rancher/v2.16-head,golang.org/x/net,v0.0.0-20210315170653-34ac3e1c2000,gobinary,CVE-2022-41723,HIGH,https://avd.aquasec.com/nvd/cve-2022-41723,usr/bin/agent,0.7.0,false,affected,
rancher/rancher-agent:master-head,rancher/v2.16-head,stdlib,v1.16.6,gobinary,CVE-2022-41723,HIGH,https://avd.aquasec.com/nvd/cve-2022-41723,usr/bin/agent,"1.19.6, 1.20.1",false,affected,
rancher/rancher-agent:master-head,rancher/v2.16-head,stdlib,v1.16.6,gobinary,CVE-2022-41723,HIGH,https://avd.aquasec.com/nvd/cve-2022-41723,usr/bin/kubectl,"1.19.6, 1.20.1",false,affected,
rancher/rancher-agent:master-head,rancher/v2.16-head,stdlib,v1.16.6,gobinary,CVE-2022-41724,HIGH,https://avd.aquasec.com/nvd/cve-2022-41724,usr/bin/agent,"1.19.6, 1.20.1",false,affected,
rancher/rancher-agent:master-head,rancher/v2.16-head,stdlib,v1.16.6,gobinary,CVE-2022-41724,HIGH,https://avd.aquasec.com/nvd/cve-2022-41724,usr/bin/kubectl,"1.19.6, 1.20.1",false,affected,
rancher/rancher-agent:master-head,rancher/v2.16-head,github.com/crewjam/saml,v0.4.5,gobinary,CVE-2022-41912,CRITICAL,https://avd.aquasec.com/nvd/cve-2022-41912,usr/bin/agent,0.4.9,false,affected,
rancher/rancher-agent:master-head,rancher/v2.16-head,github.com/docker/distribution,v2.7.1+incompatible,gobinary,CVE-2023-2253,HIGH,https://avd.aquasec.com/nvd/cve-2023-2253,usr/bin/agent,2.8.2-beta.1,false,affected,
rancher/rancher-agent:master-head,rancher/v2.16-head,stdlib,v1.16.6,gobinary,CVE-2023-24532,HIGH,https://avd.aquasec.com/nvd/cve-2023-24532,usr/bin/agent,"1.19.7, 1.20.2",false,affected,severity_changed_due_to_suse_cvss_score
rancher/rancher-agent:master-head,rancher/v2.16-head,stdlib,v1.16.6,gobinary,CVE-2023-24532,HIGH,https://avd.aquasec.com/nvd/cve-2023-24532,usr/bin/kubectl,"1.19.7, 1.20.2",false,affected,severity_changed_due_to_suse_cvss_score
rancher/rancher-agent:master-head,rancher/v2.16-head,stdlib,v1.16.6,gobinary,CVE-2023-24534,HIGH,https://avd.aquasec.com/nvd/cve-2023-24534,usr/bin/agent,"1.19.8, 1.20.3",false,affected,
rancher/rancher-agent:master-head,rancher/v2.16-head,stdlib,v1.16.6,gobinary,CVE-2023-24534,HIGH,https://avd.aquasec.com/nvd/cve-2023-24534,usr/bin/kubectl,"1.19.8, 1.20.3",false,affected,
rancher/rancher-agent:master-head,rancher/v2.16-head,stdlib,v1.16.6,gobinary,CVE-2023-24537,HIGH,https://avd.aquasec.com/nvd/cve-2023-24537,usr/bin/agent,"1.19.8, 1.20.3",false,affected,
rancher/rancher-agent:master-head,rancher/v2.16-head,stdlib,v1.16.6,gobinary,CVE-2023-24537,HIGH,https://avd.aquasec.com/nvd/cve-2023-24537,usr/bin/kubectl,"1.19.8, 1.20.3",false,affected,
rancher/rancher-agent:master-head,rancher/v2.16-head,stdlib,v1.16.6,gobinary,CVE-2023-24539,HIGH,https://avd.aquasec.com/nvd/cve-2023-24539,usr/bin/agent,"1.19.9, 1.20.4",false,affected,
rancher/rancher-agent:master-head,rancher/v2.16-head,stdlib,v1.16.6,gobinary,CVE-2023-24539,HIGH,https://avd.aquasec.com/nvd/cve-2023-24539,usr/bin/kubectl,"1.19.9, 1.20.4",false,affected,
rancher/rancher-agent:master-head,rancher/v2.16-head,github.com/opencontainers/runc,v1.0.1,gobinary,CVE-2023-27561,HIGH,https://avd.aquasec.com/nvd/cve-2023-27561,usr/bin/agent,1.1.5,false,affected,
rancher/rancher-agent:master-head,rancher/v2.16-head,github.com/crewjam/saml,v0.4.5,gobinary,CVE-2023-28119,HIGH,https://avd.aquasec.com/nvd/cve-2023-28119,usr/bin/agent,0.4.13,false,affected,
rancher/rancher-agent:master-head,rancher/v2.16-head,github.com/docker/docker,v20.10.6+incompatible,gobinary,CVE-2023-28840,HIGH,https://avd.aquasec.com/nvd/cve-2023-28840,usr/bin/agent,"20.10.24, 23.0.3",false,affected,
rancher/rancher-agent:master-head,rancher/v2.16-head,stdlib,v1.16.6,gobinary,CVE-2023-29400,HIGH,https://avd.aquasec.com/nvd/cve-2023-29400,usr/bin/agent,"1.19.9, 1.20.4",false,affected,
rancher/rancher-agent:master-head,rancher/v2.16-head,stdlib,v1.16.6,gobinary,CVE-2023-29400,HIGH,https://avd.aquasec.com/nvd/cve-2023-29400,usr/bin/kubectl,"1.19.9, 1.20.4",false,affected,
rancher/rancher-agent:master-head,rancher/v2.16-head,stdlib,v1.16.6,gobinary,CVE-2023-29403,HIGH,https://avd.aquasec.com/nvd/cve-2023-29403,usr/bin/agent,"1.19.10, 1.20.5",false,affected,
rancher/rancher-agent:master-head,rancher/v2.16-head,stdlib,v1.16.6,gobinary,CVE-2023-29403,HIGH,https://avd.aquasec.com/nvd/cve-2023-29403,usr/bin/kubectl,"1.19.10, 1.20.5",false,affected,
rancher/rancher-agent:master-head,rancher/v2.16-head,stdlib,v1.16.6,gobinary,CVE-2023-29409,HIGH,https://avd.aquasec.com/nvd/cve-2023-29409,usr/bin/agent,"1.19.12, 1.20.7, 1.21.0-rc.4",false,affected,severity_changed_due_to_suse_cvss_score
rancher/rancher-agent:master-head,rancher/v2.16-head,stdlib,v1.16.6,gobinary,CVE-2023-29409,HIGH,https://avd.aquasec.com/nvd/cve-2023-29409,usr/bin/kubectl,"1.19.12, 1.20.7, 1.21.0-rc.4",false,affected,severity_changed_due_to_suse_cvss_score
rancher/rancher-agent:master-head,rancher/v2.16-head,github.com/rancher/apiserver,v0.0.0-20210818221223-fb33444dfae8,gobinary,CVE-2023-32192,HIGH,https://avd.aquasec.com/nvd/cve-2023-32192,usr/bin/agent,0.0.0-20240207153957-4fd7d821d952,false,affected,
rancher/rancher-agent:master-head,rancher/v2.16-head,github.com/rancher/norman,v0.0.0-20210608202517-59b3523c3133,gobinary,CVE-2023-32193,HIGH,https://avd.aquasec.com/nvd/cve-2023-32193,usr/bin/agent,0.0.0-20240207153100-3bb70b772b52,false,affected,
rancher/rancher-agent:master-head,rancher/v2.16-head,k8s.io/kubernetes,v1.21.0,gobinary,CVE-2023-3676,HIGH,https://avd.aquasec.com/nvd/cve-2023-3676,usr/bin/agent,"1.28.1, 1.27.5, 1.26.8, 1.25.13, 1.24.17",false,affected,
rancher/rancher-agent:master-head,rancher/v2.16-head,golang.org/x/net,v0.0.0-20210315170653-34ac3e1c2000,gobinary,CVE-2023-39325,HIGH,https://avd.aquasec.com/nvd/cve-2023-39325,usr/bin/agent,0.17.0,false,affected,
rancher/rancher-agent:master-head,rancher/v2.16-head,stdlib,v1.16.6,gobinary,CVE-2023-39325,HIGH,https://avd.aquasec.com/nvd/cve-2023-39325,usr/bin/agent,"1.20.10, 1.21.3",false,affected,
rancher/rancher-agent:master-head,rancher/v2.16-head,stdlib,v1.16.6,gobinary,CVE-2023-39325,HIGH,https://avd.aquasec.com/nvd/cve-2023-39325,usr/bin/kubectl,"1.20.10, 1.21.3",false,affected,
rancher/rancher-agent:master-head,rancher/v2.16-head,stdlib,v1.16.6,gobinary,CVE-2023-39326,HIGH,https://avd.aquasec.com/nvd/cve-2023-39326,usr/bin/agent,"1.20.12, 1.21.5",false,affected,severity_changed_due_to_suse_cvss_score
rancher/rancher-agent:master-head,rancher/v2.16-head,stdlib,v1.16.6,gobinary,CVE-2023-39326,HIGH,https://avd.aquasec.com/nvd/cve-2023-39326,usr/bin/kubectl,"1.20.12, 1.21.5",false,affected,severity_changed_due_to_suse_cvss_score
rancher/rancher-agent:master-head,rancher/v2.16-head,k8s.io/kubernetes,v1.21.0,gobinary,CVE-2023-3955,HIGH,https://avd.aquasec.com/nvd/cve-2023-3955,usr/bin/agent,"1.28.1, 1.27.5, 1.26.8, 1.25.13, 1.24.17",false,affected,
rancher/rancher-agent:master-head,rancher/v2.16-head,stdlib,v1.16.6,gobinary,CVE-2023-45287,HIGH,https://avd.aquasec.com/nvd/cve-2023-45287,usr/bin/agent,1.20.0,false,affected,
rancher/rancher-agent:master-head,rancher/v2.16-head,stdlib,v1.16.6,gobinary,CVE-2023-45287,HIGH,https://avd.aquasec.com/nvd/cve-2023-45287,usr/bin/kubectl,1.20.0,false,affected,
rancher/rancher-agent:master-head,rancher/v2.16-head,stdlib,v1.16.6,gobinary,CVE-2023-45289,HIGH,https://avd.aquasec.com/nvd/cve-2023-45289,usr/bin/agent,"1.21.8, 1.22.1",false,affected,severity_changed_due_to_suse_cvss_score
rancher/rancher-agent:master-head,rancher/v2.16-head,stdlib,v1.16.6,gobinary,CVE-2023-45289,HIGH,https://avd.aquasec.com/nvd/cve-2023-45289,usr/bin/kubectl,"1.21.8, 1.22.1",false,affected,severity_changed_due_to_suse_cvss_score
rancher/rancher-agent:master-head,rancher/v2.16-head,stdlib,v1.16.6,gobinary,CVE-2023-45290,HIGH,https://avd.aquasec.com/nvd/cve-2023-45290,usr/bin/agent,"1.21.8, 1.22.1",false,affected,severity_changed_due_to_suse_cvss_score
rancher/rancher-agent:master-head,rancher/v2.16-head,stdlib,v1.16.6,gobinary,CVE-2023-45290,HIGH,https://avd.aquasec.com/nvd/cve-2023-45290,usr/bin/kubectl,"1.21.8, 1.22.1",false,affected,severity_changed_due_to_suse_cvss_score
rancher/rancher-agent:master-head,rancher/v2.16-head,github.com/crewjam/saml,v0.4.5,gobinary,CVE-2023-45683,HIGH,https://avd.aquasec.com/nvd/cve-2023-45683,usr/bin/agent,0.4.14,false,affected,
rancher/rancher-agent:master-head,rancher/v2.16-head,k8s.io/kubernetes,v1.21.0,gobinary,CVE-2023-5528,HIGH,https://avd.aquasec.com/nvd/cve-2023-5528,usr/bin/agent,"1.28.4, 1.27.8, 1.26.11, 1.25.16",false,affected,
rancher/rancher-agent:master-head,rancher/v2.16-head,k8s.io/kubernetes,v1.21.0,gobinary,CVE-2024-10220,HIGH,https://avd.aquasec.com/nvd/cve-2024-10220,usr/bin/agent,"1.28.12, 1.29.7, 1.30.3",false,affected,
rancher/rancher-agent:master-head,rancher/v2.16-head,github.com/opencontainers/runc,v1.0.1,gobinary,CVE-2024-21626,HIGH,https://avd.aquasec.com/nvd/cve-2024-21626,usr/bin/agent,1.1.12,false,affected,
rancher/rancher-agent:master-head,rancher/v2.16-head,stdlib,v1.16.6,gobinary,CVE-2024-24783,HIGH,https://avd.aquasec.com/nvd/cve-2024-24783,usr/bin/agent,"1.21.8, 1.22.1",false,affected,severity_changed_due_to_suse_cvss_score
rancher/rancher-agent:master-head,rancher/v2.16-head,stdlib,v1.16.6,gobinary,CVE-2024-24783,HIGH,https://avd.aquasec.com/nvd/cve-2024-24783,usr/bin/kubectl,"1.21.8, 1.22.1",false,affected,severity_changed_due_to_suse_cvss_score
rancher/rancher-agent:master-head,rancher/v2.16-head,stdlib,v1.16.6,gobinary,CVE-2024-24784,HIGH,https://avd.aquasec.com/nvd/cve-2024-24784,usr/bin/agent,"1.21.8, 1.22.1",false,affected,severity_changed_due_to_suse_cvss_score
rancher/rancher-agent:master-head,rancher/v2.16-head,stdlib,v1.16.6,gobinary,CVE-2024-24784,HIGH,https://avd.aquasec.com/nvd/cve-2024-24784,usr/bin/kubectl,"1.21.8, 1.22.1",false,affected,severity_changed_due_to_suse_cvss_score
rancher/rancher-agent:master-head,rancher/v2.16-head,stdlib,v1.16.6,gobinary,CVE-2024-24785,HIGH,https://avd.aquasec.com/nvd/cve-2024-24785,usr/bin/agent,"1.21.8, 1.22.1",false,affected,severity_changed_due_to_suse_cvss_score
rancher/rancher-agent:master-head,rancher/v2.16-head,stdlib,v1.16.6,gobinary,CVE-2024-24785,HIGH,https://avd.aquasec.com/nvd/cve-2024-24785,usr/bin/kubectl,"1.21.8, 1.22.1",false,affected,severity_changed_due_to_suse_cvss_score
rancher/rancher-agent:master-head,rancher/v2.16-head,google.golang.org/protobuf,v1.26.0,gobinary,CVE-2024-24786,HIGH,https://avd.aquasec.com/nvd/cve-2024-24786,usr/bin/agent,1.33.0,false,affected,severity_changed_due_to_suse_cvss_score
rancher/rancher-agent:master-head,rancher/v2.16-head,github.com/containerd/containerd,v1.4.4,gobinary,CVE-2024-25621,HIGH,https://avd.aquasec.com/nvd/cve-2024-25621,usr/bin/agent,1.7.29,false,affected,
rancher/rancher-agent:master-head,rancher/v2.16-head,github.com/docker/docker,v20.10.6+incompatible,gobinary,CVE-2024-41110,CRITICAL,https://avd.aquasec.com/nvd/cve-2024-41110,usr/bin/agent,"23.0.15, 26.1.5, 27.1.1, 25.0.6",false,affected,
rancher/rancher-agent:master-head,rancher/v2.16-head,golang.org/x/crypto,v0.0.0-20210711020723-a769d52b0f97,gobinary,CVE-2024-45337,HIGH,https://avd.aquasec.com/nvd/cve-2024-45337,usr/bin/agent,0.31.0,false,affected,
rancher/rancher-agent:master-head,rancher/v2.16-head,github.com/golang/glog,v0.0.0-20160126235308-23def4e6c14b,gobinary,CVE-2024-45339,HIGH,https://avd.aquasec.com/nvd/cve-2024-45339,usr/bin/agent,1.2.4,false,affected,severity_changed_due_to_suse_cvss_score
rancher/rancher-agent:master-head,rancher/v2.16-head,github.com/rancher/steve,v0.0.0-20210819001752-8ecda307ee49,gobinary,CVE-2024-52280,HIGH,https://avd.aquasec.com/nvd/cve-2024-52280,usr/bin/agent,0.0.0-20241029132712-2175e090fe4b,false,affected,
rancher/rancher-agent:master-head,rancher/v2.16-head,k8s.io/kubernetes,v1.21.0,gobinary,CVE-2024-5321,HIGH,https://avd.aquasec.com/nvd/cve-2024-5321,usr/bin/agent,"1.27.16, 1.28.12, 1.29.7, 1.30.3",false,affected,
rancher/rancher-agent:master-head,rancher/v2.16-head,github.com/docker/cli,v20.10.3+incompatible,gobinary,CVE-2025-15558,HIGH,https://avd.aquasec.com/nvd/cve-2025-15558,usr/bin/agent,29.2.0,false,affected,
rancher/rancher-agent:master-head,rancher/v2.16-head,golang.org/x/oauth2,v0.0.0-20201208152858-08078c50e5b5,gobinary,CVE-2025-22868,HIGH,https://avd.aquasec.com/nvd/cve-2025-22868,usr/bin/agent,0.27.0,false,affected,
rancher/rancher-agent:master-head,rancher/v2.16-head,golang.org/x/crypto,v0.0.0-20210711020723-a769d52b0f97,gobinary,CVE-2025-22869,HIGH,https://avd.aquasec.com/nvd/cve-2025-22869,usr/bin/agent,0.35.0,false,affected,
rancher/rancher-agent:master-head,rancher/v2.16-head,github.com/golang-jwt/jwt,v3.2.1+incompatible,gobinary,CVE-2025-30204,HIGH,https://avd.aquasec.com/nvd/cve-2025-30204,usr/bin/agent,,false,affected,
rancher/rancher-agent:master-head,rancher/v2.16-head,github.com/opencontainers/runc,v1.0.1,gobinary,CVE-2025-31133,HIGH,https://avd.aquasec.com/nvd/cve-2025-31133,usr/bin/agent,"1.2.8, 1.3.3, 1.4.0-rc.3",false,affected,
rancher/rancher-agent:master-head,rancher/v2.16-head,stdlib,v1.16.6,gobinary,CVE-2025-47912,HIGH,https://avd.aquasec.com/nvd/cve-2025-47912,usr/bin/agent,"1.24.8, 1.25.2",false,affected,severity_changed_due_to_suse_cvss_score
rancher/rancher-agent:master-head,rancher/v2.16-head,stdlib,v1.16.6,gobinary,CVE-2025-47912,HIGH,https://avd.aquasec.com/nvd/cve-2025-47912,usr/bin/kubectl,"1.24.8, 1.25.2",false,affected,severity_changed_due_to_suse_cvss_score
rancher/rancher-agent:master-head,rancher/v2.16-head,golang.org/x/crypto,v0.0.0-20210711020723-a769d52b0f97,gobinary,CVE-2025-47913,HIGH,https://avd.aquasec.com/nvd/cve-2025-47913,usr/bin/agent,0.43.0,false,affected,
rancher/rancher-agent:master-head,rancher/v2.16-head,github.com/opencontainers/runc,v1.0.1,gobinary,CVE-2025-52565,HIGH,https://avd.aquasec.com/nvd/cve-2025-52565,usr/bin/agent,"1.2.8, 1.3.3, 1.4.0-rc.3",false,affected,
rancher/rancher-agent:master-head,rancher/v2.16-head,github.com/opencontainers/runc,v1.0.1,gobinary,CVE-2025-52881,HIGH,https://avd.aquasec.com/nvd/cve-2025-52881,usr/bin/agent,"1.2.8, 1.3.3, 1.4.0-rc.3",false,affected,
rancher/rancher-agent:master-head,rancher/v2.16-head,stdlib,v1.16.6,gobinary,CVE-2025-58188,HIGH,https://avd.aquasec.com/nvd/cve-2025-58188,usr/bin/agent,"1.24.8, 1.25.2",false,affected,severity_changed_due_to_suse_cvss_score
rancher/rancher-agent:master-head,rancher/v2.16-head,stdlib,v1.16.6,gobinary,CVE-2025-58188,HIGH,https://avd.aquasec.com/nvd/cve-2025-58188,usr/bin/kubectl,"1.24.8, 1.25.2",false,affected,severity_changed_due_to_suse_cvss_score
rancher/rancher-agent:master-head,rancher/v2.16-head,stdlib,v1.16.6,gobinary,CVE-2025-61727,HIGH,https://avd.aquasec.com/nvd/cve-2025-61727,usr/bin/agent,"1.24.11, 1.25.5",false,affected,severity_changed_due_to_suse_cvss_score
rancher/rancher-agent:master-head,rancher/v2.16-head,stdlib,v1.16.6,gobinary,CVE-2025-61727,HIGH,https://avd.aquasec.com/nvd/cve-2025-61727,usr/bin/kubectl,"1.24.11, 1.25.5",false,affected,severity_changed_due_to_suse_cvss_score
rancher/rancher-agent:master-head,rancher/v2.16-head,stdlib,v1.16.6,gobinary,CVE-2025-61729,HIGH,https://avd.aquasec.com/nvd/cve-2025-61729,usr/bin/agent,"1.24.11, 1.25.5",false,affected,
rancher/rancher-agent:master-head,rancher/v2.16-head,stdlib,v1.16.6,gobinary,CVE-2025-61729,HIGH,https://avd.aquasec.com/nvd/cve-2025-61729,usr/bin/kubectl,"1.24.11, 1.25.5",false,affected,
rancher/rancher-agent:master-head,rancher/v2.16-head,github.com/sirupsen/logrus,v1.8.1,gobinary,CVE-2025-65637,HIGH,https://avd.aquasec.com/nvd/cve-2025-65637,usr/bin/agent,"1.8.3, 1.9.1, 1.9.3",false,affected,
rancher/rancher-agent:master-head,rancher/v2.16-head,stdlib,v1.16.6,gobinary,CVE-2025-68121,HIGH,https://avd.aquasec.com/nvd/cve-2025-68121,usr/bin/agent,"1.24.13, 1.25.7, 1.26.0-rc.3",false,affected,severity_changed_due_to_suse_cvss_score
rancher/rancher-agent:master-head,rancher/v2.16-head,stdlib,v1.16.6,gobinary,CVE-2025-68121,HIGH,https://avd.aquasec.com/nvd/cve-2025-68121,usr/bin/kubectl,"1.24.13, 1.25.7, 1.26.0-rc.3",false,affected,severity_changed_due_to_suse_cvss_score
rancher/rancher-agent:master-head,rancher/v2.16-head,golang.org/x/net,v0.0.0-20210315170653-34ac3e1c2000,gobinary,CVE-2026-25680,HIGH,https://avd.aquasec.com/nvd/cve-2026-25680,usr/bin/agent,0.55.0,false,affected,severity_changed_due_to_suse_cvss_score
rancher/rancher-agent:master-head,rancher/v2.16-head,stdlib,v1.16.6,gobinary,CVE-2026-32280,HIGH,https://avd.aquasec.com/nvd/cve-2026-32280,usr/bin/agent,"1.25.9, 1.26.2",false,affected,
rancher/rancher-agent:master-head,rancher/v2.16-head,stdlib,v1.16.6,gobinary,CVE-2026-32280,HIGH,https://avd.aquasec.com/nvd/cve-2026-32280,usr/bin/kubectl,"1.25.9, 1.26.2",false,affected,
rancher/rancher-agent:master-head,rancher/v2.16-head,google.golang.org/grpc,v1.29.1,gobinary,CVE-2026-33186,HIGH,https://avd.aquasec.com/nvd/cve-2026-33186,usr/bin/agent,1.79.3,false,affected,severity_changed_due_to_suse_cvss_score
rancher/rancher-agent:master-head,rancher/v2.16-head,github.com/russellhaering/goxmldsig,v1.1.0,gobinary,CVE-2026-33487,HIGH,https://avd.aquasec.com/nvd/cve-2026-33487,usr/bin/agent,1.6.0,false,affected,
rancher/rancher-agent:master-head,rancher/v2.16-head,stdlib,v1.16.6,gobinary,CVE-2026-33811,HIGH,https://avd.aquasec.com/nvd/cve-2026-33811,usr/bin/agent,"1.25.10, 1.26.3",false,affected,
rancher/rancher-agent:master-head,rancher/v2.16-head,stdlib,v1.16.6,gobinary,CVE-2026-33811,HIGH,https://avd.aquasec.com/nvd/cve-2026-33811,usr/bin/kubectl,"1.25.10, 1.26.3",false,affected,
rancher/rancher-agent:master-head,rancher/v2.16-head,golang.org/x/net,v0.0.0-20210315170653-34ac3e1c2000,gobinary,CVE-2026-33814,HIGH,https://avd.aquasec.com/nvd/cve-2026-33814,usr/bin/agent,0.53.0,false,affected,
rancher/rancher-agent:master-head,rancher/v2.16-head,stdlib,v1.16.6,gobinary,CVE-2026-33814,HIGH,https://avd.aquasec.com/nvd/cve-2026-33814,usr/bin/agent,"1.25.10, 1.26.3",false,affected,
rancher/rancher-agent:master-head,rancher/v2.16-head,stdlib,v1.16.6,gobinary,CVE-2026-33814,HIGH,https://avd.aquasec.com/nvd/cve-2026-33814,usr/bin/kubectl,"1.25.10, 1.26.3",false,affected,
rancher/rancher-agent:master-head,rancher/v2.16-head,stdlib,v1.16.6,gobinary,CVE-2026-33818,HIGH,https://avd.aquasec.com/nvd/cve-2026-33818,usr/bin/agent,"1.25.13, 1.26.6, 1.27.0-rc.3",false,affected,
rancher/rancher-agent:master-head,rancher/v2.16-head,stdlib,v1.16.6,gobinary,CVE-2026-33818,HIGH,https://avd.aquasec.com/nvd/cve-2026-33818,usr/bin/kubectl,"1.25.13, 1.26.6, 1.27.0-rc.3",false,affected,
rancher/rancher-agent:master-head,rancher/v2.16-head,github.com/docker/docker,v20.10.6+incompatible,gobinary,CVE-2026-33997,HIGH,https://avd.aquasec.com/nvd/cve-2026-33997,usr/bin/agent,29.3.1,false,affected,severity_changed_due_to_suse_cvss_score
rancher/rancher-agent:master-head,rancher/v2.16-head,stdlib,v1.16.6,gobinary,CVE-2026-39820,HIGH,https://avd.aquasec.com/nvd/cve-2026-39820,usr/bin/agent,"1.25.10, 1.26.3",false,affected,
rancher/rancher-agent:master-head,rancher/v2.16-head,stdlib,v1.16.6,gobinary,CVE-2026-39820,HIGH,https://avd.aquasec.com/nvd/cve-2026-39820,usr/bin/kubectl,"1.25.10, 1.26.3",false,affected,
rancher/rancher-agent:master-head,rancher/v2.16-head,golang.org/x/net,v0.0.0-20210315170653-34ac3e1c2000,gobinary,CVE-2026-39821,HIGH,https://avd.aquasec.com/nvd/cve-2026-39821,usr/bin/agent,0.55.0,false,affected,
rancher/rancher-agent:master-head,rancher/v2.16-head,stdlib,v1.16.6,gobinary,CVE-2026-39821,HIGH,https://avd.aquasec.com/nvd/cve-2026-39821,usr/bin/agent,"1.25.13, 1.26.6, 1.27.0-rc.3",false,affected,
rancher/rancher-agent:master-head,rancher/v2.16-head,stdlib,v1.16.6,gobinary,CVE-2026-39821,HIGH,https://avd.aquasec.com/nvd/cve-2026-39821,usr/bin/kubectl,"1.25.13, 1.26.6, 1.27.0-rc.3",false,affected,
rancher/rancher-agent:master-head,rancher/v2.16-head,stdlib,v1.16.6,gobinary,CVE-2026-39822,HIGH,https://avd.aquasec.com/nvd/cve-2026-39822,usr/bin/agent,"1.25.12, 1.26.5, 1.27.0-rc.2",false,affected,
rancher/rancher-agent:master-head,rancher/v2.16-head,stdlib,v1.16.6,gobinary,CVE-2026-39822,HIGH,https://avd.aquasec.com/nvd/cve-2026-39822,usr/bin/kubectl,"1.25.12, 1.26.5, 1.27.0-rc.2",false,affected,
rancher/rancher-agent:master-head,rancher/v2.16-head,golang.org/x/crypto,v0.0.0-20210711020723-a769d52b0f97,gobinary,CVE-2026-39828,HIGH,https://avd.aquasec.com/nvd/cve-2026-39828,usr/bin/agent,0.52.0,false,affected,
rancher/rancher-agent:master-head,rancher/v2.16-head,golang.org/x/crypto,v0.0.0-20210711020723-a769d52b0f97,gobinary,CVE-2026-39829,HIGH,https://avd.aquasec.com/nvd/cve-2026-39829,usr/bin/agent,0.52.0,false,affected,
rancher/rancher-agent:master-head,rancher/v2.16-head,golang.org/x/crypto,v0.0.0-20210711020723-a769d52b0f97,gobinary,CVE-2026-39831,HIGH,https://avd.aquasec.com/nvd/cve-2026-39831,usr/bin/agent,0.52.0,false,affected,
rancher/rancher-agent:master-head,rancher/v2.16-head,golang.org/x/crypto,v0.0.0-20210711020723-a769d52b0f97,gobinary,CVE-2026-39832,HIGH,https://avd.aquasec.com/nvd/cve-2026-39832,usr/bin/agent,0.52.0,false,affected,
rancher/rancher-agent:master-head,rancher/v2.16-head,golang.org/x/crypto,v0.0.0-20210711020723-a769d52b0f97,gobinary,CVE-2026-39833,HIGH,https://avd.aquasec.com/nvd/cve-2026-39833,usr/bin/agent,0.52.0,false,affected,severity_changed_due_to_suse_cvss_score
rancher/rancher-agent:master-head,rancher/v2.16-head,golang.org/x/crypto,v0.0.0-20210711020723-a769d52b0f97,gobinary,CVE-2026-39834,HIGH,https://avd.aquasec.com/nvd/cve-2026-39834,usr/bin/agent,0.52.0,false,affected,severity_changed_due_to_suse_cvss_score
rancher/rancher-agent:master-head,rancher/v2.16-head,golang.org/x/crypto,v0.0.0-20210711020723-a769d52b0f97,gobinary,CVE-2026-39835,HIGH,https://avd.aquasec.com/nvd/cve-2026-39835,usr/bin/agent,0.52.0,false,affected,
rancher/rancher-agent:master-head,rancher/v2.16-head,stdlib,v1.16.6,gobinary,CVE-2026-39836,HIGH,https://avd.aquasec.com/nvd/cve-2026-39836,usr/bin/agent,"1.25.10, 1.26.3",false,affected,
rancher/rancher-agent:master-head,rancher/v2.16-head,stdlib,v1.16.6,gobinary,CVE-2026-39836,HIGH,https://avd.aquasec.com/nvd/cve-2026-39836,usr/bin/kubectl,"1.25.10, 1.26.3",false,affected,
rancher/rancher-agent:master-head,rancher/v2.16-head,github.com/docker/docker,v20.10.6+incompatible,gobinary,CVE-2026-41567,HIGH,https://avd.aquasec.com/nvd/cve-2026-41567,usr/bin/agent,,false,affected,
rancher/rancher-agent:master-head,rancher/v2.16-head,github.com/docker/docker,v20.10.6+incompatible,gobinary,CVE-2026-42306,HIGH,https://avd.aquasec.com/nvd/cve-2026-42306,usr/bin/agent,,false,affected,
rancher/rancher-agent:master-head,rancher/v2.16-head,stdlib,v1.16.6,gobinary,CVE-2026-42499,HIGH,https://avd.aquasec.com/nvd/cve-2026-42499,usr/bin/agent,"1.25.10, 1.26.3",false,affected,
rancher/rancher-agent:master-head,rancher/v2.16-head,stdlib,v1.16.6,gobinary,CVE-2026-42499,HIGH,https://avd.aquasec.com/nvd/cve-2026-42499,usr/bin/kubectl,"1.25.10, 1.26.3",false,affected,
rancher/rancher-agent:master-head,rancher/v2.16-head,golang.org/x/crypto,v0.0.0-20210711020723-a769d52b0f97,gobinary,CVE-2026-42508,HIGH,https://avd.aquasec.com/nvd/cve-2026-42508,usr/bin/agent,0.52.0,false,affected,
rancher/rancher-agent:master-head,rancher/v2.16-head,golang.org/x/crypto,v0.0.0-20210711020723-a769d52b0f97,gobinary,CVE-2026-46595,HIGH,https://avd.aquasec.com/nvd/cve-2026-46595,usr/bin/agent,0.52.0,false,affected,
rancher/rancher-agent:master-head,rancher/v2.16-head,golang.org/x/crypto,v0.0.0-20210711020723-a769d52b0f97,gobinary,CVE-2026-46597,HIGH,https://avd.aquasec.com/nvd/cve-2026-46597,usr/bin/agent,0.52.0,false,affected,
rancher/rancher-agent:master-head,rancher/v2.16-head,golang.org/x/crypto,v0.0.0-20210711020723-a769d52b0f97,gobinary,CVE-2026-46598,HIGH,https://avd.aquasec.com/nvd/cve-2026-46598,usr/bin/agent,0.52.0,false,affected,severity_changed_due_to_suse_cvss_score
rancher/rancher-agent:master-head,rancher/v2.16-head,stdlib,v1.16.6,gobinary,CVE-2026-56853,HIGH,https://avd.aquasec.com/nvd/cve-2026-56853,usr/bin/agent,"1.25.13, 1.26.6, 1.27.0-rc.3",false,affected,
rancher/rancher-agent:master-head,rancher/v2.16-head,stdlib,v1.16.6,gobinary,CVE-2026-56853,HIGH,https://avd.aquasec.com/nvd/cve-2026-56853,usr/bin/kubectl,"1.25.13, 1.26.6, 1.27.0-rc.3",false,affected,
rancher/rancher-agent:master-head,rancher/v2.16-head,golang.org/x/crypto,v0.0.0-20210711020723-a769d52b0f97,gobinary,CVE-2026-56854,HIGH,https://avd.aquasec.com/nvd/cve-2026-56854,usr/bin/agent,0.55.0,false,affected,
rancher/rancher-agent:master-head,rancher/v2.16-head,golang.org/x/crypto,v0.0.0-20210711020723-a769d52b0f97,gobinary,CVE-2026-56855,HIGH,https://avd.aquasec.com/nvd/cve-2026-56855,usr/bin/agent,0.56.0,false,affected,severity_changed_due_to_suse_cvss_score
rancher/rancher-agent:master-head,rancher/v2.16-head,stdlib,v1.16.6,gobinary,CVE-2026-56859,HIGH,https://avd.aquasec.com/nvd/cve-2026-56859,usr/bin/agent,"1.25.13, 1.26.6, 1.27.0-rc.3",false,affected,
rancher/rancher-agent:master-head,rancher/v2.16-head,stdlib,v1.16.6,gobinary,CVE-2026-56859,HIGH,https://avd.aquasec.com/nvd/cve-2026-56859,usr/bin/kubectl,"1.25.13, 1.26.6, 1.27.0-rc.3",false,affected,
rancher/rancher-agent:master-head,rancher/v2.16-head,stdlib,v1.16.6,gobinary,CVE-2026-56862,HIGH,https://avd.aquasec.com/nvd/cve-2026-56862,usr/bin/agent,"1.25.13, 1.26.6, 1.27.0-rc.3",false,affected,
rancher/rancher-agent:master-head,rancher/v2.16-head,stdlib,v1.16.6,gobinary,CVE-2026-56862,HIGH,https://avd.aquasec.com/nvd/cve-2026-56862,usr/bin/kubectl,"1.25.13, 1.26.6, 1.27.0-rc.3",false,affected,
rancher/rancher-agent:master-head,rancher/v2.16-head,golang.org/x/mod,v0.4.0,gobinary,CVE-2026-56865,HIGH,https://avd.aquasec.com/nvd/cve-2026-56865,usr/bin/agent,0.40.0,false,affected,
rancher/rancher-agent:master-head,rancher/v2.16-head,golang.org/x/crypto,v0.0.0-20210711020723-a769d52b0f97,gobinary,CVE-2026-78662,HIGH,https://avd.aquasec.com/nvd/cve-2026-78662,usr/bin/agent,0.56.0,false,affected,severity_changed_due_to_suse_cvss_score
rancher/rancher-agent:master-head,rancher/v2.16-head,google.golang.org/grpc,v1.29.1,gobinary,CVE-2026-84303,CRITICAL,https://avd.aquasec.com/nvd/cve-2026-84303,usr/bin/agent,1.83.1,false,affected,severity_changed_due_to_suse_cvss_score
rancher/rancher-agent:master-head,rancher/v2.16-head,google.golang.org/grpc,v1.29.1,gobinary,CVE-2026-84304,HIGH,https://avd.aquasec.com/nvd/cve-2026-84304,usr/bin/agent,1.83.1,false,affected,
rancher/rancher-agent:master-head,rancher/v2.16-head,google.golang.org/grpc,v1.29.1,gobinary,CVE-2026-84445,HIGH,https://avd.aquasec.com/nvd/cve-2026-84445,usr/bin/agent,"1.82.2, 1.83.2, 1.85.0-dev.0.20260825072537-93e31b48545e",false,affected,
rancher/rancher-agent:master-head,rancher/v2.16-head,google.golang.org/grpc,v1.29.1,gobinary,GHSA-hrxh-6v49-42gf,HIGH,https://github.com/advisories/GHSA-hrxh-6v49-42gf,usr/bin/agent,1.82.1,false,affected,
rancher/rancher-agent:master-head,rancher/v2.16-head,google.golang.org/grpc,v1.29.1,gobinary,GHSA-m425-mq94-257g,HIGH,https://github.com/advisories/GHSA-m425-mq94-257g,usr/bin/agent,"1.56.3, 1.57.1, 1.58.3",false,affected,
rancher/rancher-agent:master-head,rancher/v2.16-head,glibc,2.31-7.30,sles,SUSE-RU-2022:0861-1,HIGH,,rancher/rancher-agent:master-head (sles 15.3),2.31-150300.20.7,false,affected,
rancher/rancher-agent:master-head,rancher/v2.16-head,libcrypt1,4.4.15-2.51,sles,SUSE-RU-2022:0861-1,HIGH,,rancher/rancher-agent:master-head (sles 15.3),4.4.15-150300.4.2.41,false,affected,
rancher/rancher-agent:master-head,rancher/v2.16-head,libopenssl1_1,1.1.1d-11.23.1,sles,SUSE-RU-2022:0861-1,HIGH,,rancher/rancher-agent:master-head (sles 15.3),1.1.1d-11.43.1,false,affected,
rancher/rancher-agent:master-head,rancher/v2.16-head,libz1,1.2.11-3.21.1,sles,SUSE-RU-2022:0861-1,HIGH,,rancher/rancher-agent:master-head (sles 15.3),1.2.11-3.26.10,false,affected,
rancher/rancher-agent:master-head,rancher/v2.16-head,openssl-1_1,1.1.1d-11.23.1,sles,SUSE-RU-2022:0861-1,HIGH,,rancher/rancher-agent:master-head (sles 15.3),1.1.1d-11.43.1,false,affected,
rancher/rancher-agent:master-head,rancher/v2.16-head,rsync,3.1.3-4.3.1,sles,SUSE-RU-2023:3370-1,HIGH,,rancher/rancher-agent:master-head (sles 15.3),3.2.3-150000.4.23.2,false,affected,
rancher/rancher-agent:master-head,rancher/v2.16-head,git-core,2.26.2-3.34.1,sles,SUSE-SU-2021:2555-1,HIGH,,rancher/rancher-agent:master-head (sles 15.3),2.31.1-10.3.1,false,affected,
rancher/rancher-agent:master-head,rancher/v2.16-head,libopenssl1_1,1.1.1d-11.23.1,sles,SUSE-SU-2021:2830-1,CRITICAL,,rancher/rancher-agent:master-head (sles 15.3),1.1.1d-11.27.1,false,affected,
rancher/rancher-agent:master-head,rancher/v2.16-head,openssl-1_1,1.1.1d-11.23.1,sles,SUSE-SU-2021:2830-1,CRITICAL,,rancher/rancher-agent:master-head (sles 15.3),1.1.1d-11.27.1,false,affected,
rancher/rancher-agent:master-head,rancher/v2.16-head,openssh,8.4p1-3.3.1,sles,SUSE-SU-2021:3950-1,HIGH,,rancher/rancher-agent:master-head (sles 15.3),8.4p1-3.6.1,false,affected,
rancher/rancher-agent:master-head,rancher/v2.16-head,openssh-clients,8.4p1-3.3.1,sles,SUSE-SU-2021:3950-1,HIGH,,rancher/rancher-agent:master-head (sles 15.3),8.4p1-3.6.1,false,affected,
rancher/rancher-agent:master-head,rancher/v2.16-head,openssh-common,8.4p1-3.3.1,sles,SUSE-SU-2021:3950-1,HIGH,,rancher/rancher-agent:master-head (sles 15.3),8.4p1-3.6.1,false,affected,
rancher/rancher-agent:master-head,rancher/v2.16-head,openssh-server,8.4p1-3.3.1,sles,SUSE-SU-2021:3950-1,HIGH,,rancher/rancher-agent:master-head (sles 15.3),8.4p1-3.6.1,false,affected,
rancher/rancher-agent:master-head,rancher/v2.16-head,openssh,8.4p1-3.3.1,sles,SUSE-SU-2021:4153-1,HIGH,,rancher/rancher-agent:master-head (sles 15.3),8.4p1-3.9.1,false,affected,
rancher/rancher-agent:master-head,rancher/v2.16-head,openssh-clients,8.4p1-3.3.1,sles,SUSE-SU-2021:4153-1,HIGH,,rancher/rancher-agent:master-head (sles 15.3),8.4p1-3.9.1,false,affected,
rancher/rancher-agent:master-head,rancher/v2.16-head,openssh-common,8.4p1-3.3.1,sles,SUSE-SU-2021:4153-1,HIGH,,rancher/rancher-agent:master-head (sles 15.3),8.4p1-3.9.1,false,affected,
rancher/rancher-agent:master-head,rancher/v2.16-head,openssh-server,8.4p1-3.3.1,sles,SUSE-SU-2021:4153-1,HIGH,,rancher/rancher-agent:master-head (sles 15.3),8.4p1-3.9.1,false,affected,
rancher/rancher-agent:master-head,rancher/v2.16-head,libp11-kit0,0.23.2-4.8.3,sles,SUSE-SU-2021:4154-1,HIGH,,rancher/rancher-agent:master-head (sles 15.3),0.23.2-4.13.1,false,affected,
rancher/rancher-agent:master-head,rancher/v2.16-head,p11-kit,0.23.2-4.8.3,sles,SUSE-SU-2021:4154-1,HIGH,,rancher/rancher-agent:master-head (sles 15.3),0.23.2-4.13.1,false,affected,
rancher/rancher-agent:master-head,rancher/v2.16-head,p11-kit-tools,0.23.2-4.8.3,sles,SUSE-SU-2021:4154-1,HIGH,,rancher/rancher-agent:master-head (sles 15.3),0.23.2-4.13.1,false,affected,
rancher/rancher-agent:master-head,rancher/v2.16-head,libexpat1,2.2.5-3.6.1,sles,SUSE-SU-2022:0178-1,HIGH,,rancher/rancher-agent:master-head (sles 15.3),2.2.5-3.9.1,false,affected,
rancher/rancher-agent:master-head,rancher/v2.16-head,krb5,1.16.3-3.21.1,sles,SUSE-SU-2022:0283-1,CRITICAL,,rancher/rancher-agent:master-head (sles 15.3),1.19.2-150300.8.3.2,false,affected,
rancher/rancher-agent:master-head,rancher/v2.16-head,glibc,2.31-7.30,sles,SUSE-SU-2022:0330-1,HIGH,,rancher/rancher-agent:master-head (sles 15.3),2.31-150300.9.12.1,false,affected,
rancher/rancher-agent:master-head,rancher/v2.16-head,libexpat1,2.2.5-3.6.1,sles,SUSE-SU-2022:0498-1,HIGH,,rancher/rancher-agent:master-head (sles 15.3),2.2.5-3.12.1,false,affected,
rancher/rancher-agent:master-head,rancher/v2.16-head,libexpat1,2.2.5-3.6.1,sles,SUSE-SU-2022:0713-1,HIGH,,rancher/rancher-agent:master-head (sles 15.3),2.2.5-3.15.1,false,affected,
rancher/rancher-agent:master-head,rancher/v2.16-head,vim-data-common,8.0.1568-5.14.1,sles,SUSE-SU-2022:0736-1,HIGH,,rancher/rancher-agent:master-head (sles 15.3),8.0.1568-5.17.1,false,affected,
rancher/rancher-agent:master-head,rancher/v2.16-head,vim-small,8.0.1568-5.14.1,sles,SUSE-SU-2022:0736-1,HIGH,,rancher/rancher-agent:master-head (sles 15.3),8.0.1568-5.17.1,false,affected,
rancher/rancher-agent:master-head,rancher/v2.16-head,libsasl2-3,2.1.27-2.2,sles,SUSE-SU-2022:0743-1,HIGH,,rancher/rancher-agent:master-head (sles 15.3),2.1.27-150300.4.6.1,false,affected,
rancher/rancher-agent:master-head,rancher/v2.16-head,libexpat1,2.2.5-3.6.1,sles,SUSE-SU-2022:0844-1,HIGH,,rancher/rancher-agent:master-head (sles 15.3),2.2.5-3.19.1,false,affected,
rancher/rancher-agent:master-head,rancher/v2.16-head,libz1,1.2.11-3.21.1,sles,SUSE-SU-2022:1061-1,HIGH,,rancher/rancher-agent:master-head (sles 15.3),1.2.11-150000.3.30.1,false,affected,
rancher/rancher-agent:master-head,rancher/v2.16-head,liblzma5,5.2.3-4.3.1,sles,SUSE-SU-2022:1158-1,HIGH,,rancher/rancher-agent:master-head (sles 15.3),5.2.3-150000.4.7.1,false,affected,
rancher/rancher-agent:master-head,rancher/v2.16-head,xz,5.2.3-4.3.1,sles,SUSE-SU-2022:1158-1,HIGH,,rancher/rancher-agent:master-head (sles 15.3),5.2.3-150000.4.7.1,false,affected,
rancher/rancher-agent:master-head,rancher/v2.16-head,git-core,2.26.2-3.34.1,sles,SUSE-SU-2022:1484-1,HIGH,,rancher/rancher-agent:master-head (sles 15.3),2.35.3-150300.10.12.1,false,affected,
rancher/rancher-agent:master-head,rancher/v2.16-head,gzip,1.10-7.1,sles,SUSE-SU-2022:1617-1,HIGH,,rancher/rancher-agent:master-head (sles 15.3),1.10-150200.10.1,false,affected,
rancher/rancher-agent:master-head,rancher/v2.16-head,libldap-2_4-2,2.4.46-9.56.1,sles,SUSE-SU-2022:1670-1,HIGH,,rancher/rancher-agent:master-head (sles 15.3),2.4.46-150200.14.8.1,false,affected,
rancher/rancher-agent:master-head,rancher/v2.16-head,libldap-data,2.4.46-9.56.1,sles,SUSE-SU-2022:1670-1,HIGH,,rancher/rancher-agent:master-head (sles 15.3),2.4.46-150200.14.8.1,false,affected,
rancher/rancher-agent:master-head,rancher/v2.16-head,libcom_err2,1.43.8-4.26.1,sles,SUSE-SU-2022:1688-1,HIGH,,rancher/rancher-agent:master-head (sles 15.3),1.43.8-150000.4.33.1,false,affected,
rancher/rancher-agent:master-head,rancher/v2.16-head,libxml2-2,2.9.7-3.37.1,sles,SUSE-SU-2022:1750-1,HIGH,,rancher/rancher-agent:master-head (sles 15.3),2.9.7-150000.3.46.1,false,affected,
rancher/rancher-agent:master-head,rancher/v2.16-head,curl,7.66.0-4.22.1,sles,SUSE-SU-2022:1870-1,HIGH,,rancher/rancher-agent:master-head (sles 15.3),7.66.0-150200.4.33.1,false,affected,
rancher/rancher-agent:master-head,rancher/v2.16-head,libcurl4,7.66.0-4.22.1,sles,SUSE-SU-2022:1870-1,HIGH,,rancher/rancher-agent:master-head (sles 15.3),7.66.0-150200.4.33.1,false,affected,
rancher/rancher-agent:master-head,rancher/v2.16-head,libpcre2-8-0,10.31-1.14,sles,SUSE-SU-2022:1883-1,HIGH,,rancher/rancher-agent:master-head (sles 15.3),10.31-150000.3.7.1,false,affected,
rancher/rancher-agent:master-head,rancher/v2.16-head,vim-data-common,8.0.1568-5.14.1,sles,SUSE-SU-2022:2102-1,HIGH,,rancher/rancher-agent:master-head (sles 15.3),8.2.5038-150000.5.21.1,false,affected,
rancher/rancher-agent:master-head,rancher/v2.16-head,vim-small,8.0.1568-5.14.1,sles,SUSE-SU-2022:2102-1,HIGH,,rancher/rancher-agent:master-head (sles 15.3),8.2.5038-150000.5.21.1,false,affected,
rancher/rancher-agent:master-head,rancher/v2.16-head,libopenssl1_1,1.1.1d-11.23.1,sles,SUSE-SU-2022:2328-1,HIGH,,rancher/rancher-agent:master-head (sles 15.3),1.1.1d-150200.11.51.1,false,affected,
rancher/rancher-agent:master-head,rancher/v2.16-head,openssl-1_1,1.1.1d-11.23.1,sles,SUSE-SU-2022:2328-1,HIGH,,rancher/rancher-agent:master-head (sles 15.3),1.1.1d-150200.11.51.1,false,affected,
rancher/rancher-agent:master-head,rancher/v2.16-head,libpcre1,8.41-6.4.2,sles,SUSE-SU-2022:2361-1,HIGH,,rancher/rancher-agent:master-head (sles 15.3),8.45-150000.20.13.1,false,affected,
rancher/rancher-agent:master-head,rancher/v2.16-head,git-core,2.26.2-3.34.1,sles,SUSE-SU-2022:2550-1,HIGH,,rancher/rancher-agent:master-head (sles 15.3),2.35.3-150300.10.15.1,false,affected,
rancher/rancher-agent:master-head,rancher/v2.16-head,libpcre2-8-0,10.31-1.14,sles,SUSE-SU-2022:2649-1,HIGH,,rancher/rancher-agent:master-head (sles 15.3),10.31-150000.3.12.1,false,affected,
rancher/rancher-agent:master-head,rancher/v2.16-head,libz1,1.2.11-3.21.1,sles,SUSE-SU-2022:2947-1,HIGH,,rancher/rancher-agent:master-head (sles 15.3),1.2.11-150000.3.33.1,false,affected,
rancher/rancher-agent:master-head,rancher/v2.16-head,rsync,3.1.3-4.3.1,sles,SUSE-SU-2022:2959-1,HIGH,,rancher/rancher-agent:master-head (sles 15.3),3.1.3-150000.4.13.1,false,affected,
rancher/rancher-agent:master-head,rancher/v2.16-head,vim-data-common,8.0.1568-5.14.1,sles,SUSE-SU-2022:3229-1,HIGH,,rancher/rancher-agent:master-head (sles 15.3),9.0.0313-150000.5.25.1,false,affected,
rancher/rancher-agent:master-head,rancher/v2.16-head,vim-small,8.0.1568-5.14.1,sles,SUSE-SU-2022:3229-1,HIGH,,rancher/rancher-agent:master-head (sles 15.3),9.0.0313-150000.5.25.1,false,affected,
rancher/rancher-agent:master-head,rancher/v2.16-head,libtirpc-netconfig,1.2.6-1.131,sles,SUSE-SU-2022:3305-1,HIGH,,rancher/rancher-agent:master-head (sles 15.3),1.2.6-150300.3.14.1,false,affected,
rancher/rancher-agent:master-head,rancher/v2.16-head,libtirpc3,1.2.6-1.131,sles,SUSE-SU-2022:3305-1,HIGH,,rancher/rancher-agent:master-head (sles 15.3),1.2.6-150300.3.14.1,false,affected,
rancher/rancher-agent:master-head,rancher/v2.16-head,libonig4,6.7.0-1.19,sles,SUSE-SU-2022:3327-1,HIGH,,rancher/rancher-agent:master-head (sles 15.3),6.7.0-150000.3.3.1,false,affected,
rancher/rancher-agent:master-head,rancher/v2.16-head,libexpat1,2.2.5-3.6.1,sles,SUSE-SU-2022:3597-1,HIGH,,rancher/rancher-agent:master-head (sles 15.3),2.2.5-150000.3.22.1,false,affected,
rancher/rancher-agent:master-head,rancher/v2.16-head,libksba8,1.3.5-2.14,sles,SUSE-SU-2022:3683-1,CRITICAL,,rancher/rancher-agent:master-head (sles 15.3),1.3.5-150000.4.3.1,false,affected,
rancher/rancher-agent:master-head,rancher/v2.16-head,libgpg-error0,1.29-1.8,sles,SUSE-SU-2022:3766-1,HIGH,,rancher/rancher-agent:master-head (sles 15.3),1.42-150300.9.3.1,false,affected,
rancher/rancher-agent:master-head,rancher/v2.16-head,curl,7.66.0-4.22.1,sles,SUSE-SU-2022:3773-1,HIGH,,rancher/rancher-agent:master-head (sles 15.3),7.66.0-150200.4.42.1,false,affected,
rancher/rancher-agent:master-head,rancher/v2.16-head,libcurl4,7.66.0-4.22.1,sles,SUSE-SU-2022:3773-1,HIGH,,rancher/rancher-agent:master-head (sles 15.3),7.66.0-150200.4.42.1,false,affected,
rancher/rancher-agent:master-head,rancher/v2.16-head,libtasn1,4.13-4.5.1,sles,SUSE-SU-2022:3784-1,CRITICAL,,rancher/rancher-agent:master-head (sles 15.3),4.13-150000.4.8.1,false,affected,
rancher/rancher-agent:master-head,rancher/v2.16-head,libtasn1-6,4.13-4.5.1,sles,SUSE-SU-2022:3784-1,CRITICAL,,rancher/rancher-agent:master-head (sles 15.3),4.13-150000.4.8.1,false,affected,
rancher/rancher-agent:master-head,rancher/v2.16-head,libxml2-2,2.9.7-3.37.1,sles,SUSE-SU-2022:3871-1,HIGH,,rancher/rancher-agent:master-head (sles 15.3),2.9.7-150000.3.51.1,false,affected,
rancher/rancher-agent:master-head,rancher/v2.16-head,libexpat1,2.2.5-3.6.1,sles,SUSE-SU-2022:3912-1,HIGH,,rancher/rancher-agent:master-head (sles 15.3),2.2.5-150000.3.25.1,false,affected,
rancher/rancher-agent:master-head,rancher/v2.16-head,vim-data-common,8.0.1568-5.14.1,sles,SUSE-SU-2022:4282-1,HIGH,,rancher/rancher-agent:master-head (sles 15.3),9.0.0814-150000.5.28.1,false,affected,
rancher/rancher-agent:master-head,rancher/v2.16-head,vim-small,8.0.1568-5.14.1,sles,SUSE-SU-2022:4282-1,HIGH,,rancher/rancher-agent:master-head (sles 15.3),9.0.0814-150000.5.28.1,false,affected,
rancher/rancher-agent:master-head,rancher/v2.16-head,libsqlite3-0,3.36.0-3.12.1,sles,SUSE-SU-2022:4628-1,HIGH,,rancher/rancher-agent:master-head (sles 15.3),3.39.3-150000.3.20.1,false,affected,
rancher/rancher-agent:master-head,rancher/v2.16-head,vim-data-common,8.0.1568-5.14.1,sles,SUSE-SU-2022:4631-1,HIGH,,rancher/rancher-agent:master-head (sles 15.3),9.0.1040-150000.5.31.1,false,affected,
rancher/rancher-agent:master-head,rancher/v2.16-head,vim-small,8.0.1568-5.14.1,sles,SUSE-SU-2022:4631-1,HIGH,,rancher/rancher-agent:master-head (sles 15.3),9.0.1040-150000.5.31.1,false,affected,
rancher/rancher-agent:master-head,rancher/v2.16-head,libksba8,1.3.5-2.14,sles,SUSE-SU-2023:0056-1,HIGH,,rancher/rancher-agent:master-head (sles 15.3),1.3.5-150000.4.6.1,false,affected,
rancher/rancher-agent:master-head,rancher/v2.16-head,libksba8,1.3.5-2.14,sles,SUSE-SU-2023:0056-2,HIGH,,rancher/rancher-agent:master-head (sles 15.3),1.3.5-150000.4.6.1,false,affected,
rancher/rancher-agent:master-head,rancher/v2.16-head,git-core,2.26.2-3.34.1,sles,SUSE-SU-2023:0110-1,HIGH,,rancher/rancher-agent:master-head (sles 15.3),2.35.3-150300.10.21.1,false,affected,
rancher/rancher-agent:master-head,rancher/v2.16-head,libopenssl1_1,1.1.1d-11.23.1,sles,SUSE-SU-2023:0310-1,HIGH,,rancher/rancher-agent:master-head (sles 15.3),1.1.1d-150200.11.57.1,false,affected,
rancher/rancher-agent:master-head,rancher/v2.16-head,openssl-1_1,1.1.1d-11.23.1,sles,SUSE-SU-2023:0310-1,HIGH,,rancher/rancher-agent:master-head (sles 15.3),1.1.1d-150200.11.57.1,false,affected,
rancher/rancher-agent:master-head,rancher/v2.16-head,vim-data-common,8.0.1568-5.14.1,sles,SUSE-SU-2023:0781-1,HIGH,,rancher/rancher-agent:master-head (sles 15.3),9.0.1386-150000.5.37.1,false,affected,
rancher/rancher-agent:master-head,rancher/v2.16-head,vim-small,8.0.1568-5.14.1,sles,SUSE-SU-2023:0781-1,HIGH,,rancher/rancher-agent:master-head (sles 15.3),9.0.1386-150000.5.37.1,false,affected,
rancher/rancher-agent:master-head,rancher/v2.16-head,container-suseconnect,2.3.0-4.15.2,sles,SUSE-SU-2023:0871-1,HIGH,,rancher/rancher-agent:master-head (sles 15.3),2.4.0-150000.4.24.1,false,affected,
rancher/rancher-agent:master-head,rancher/v2.16-head,libsqlite3-0,3.36.0-3.12.1,sles,SUSE-SU-2023:1295-1,HIGH,,rancher/rancher-agent:master-head (sles 15.3),3.39.3-150000.3.20.1,false,affected,
rancher/rancher-agent:master-head,rancher/v2.16-head,git-core,2.26.2-3.34.1,sles,SUSE-SU-2023:2038-2,HIGH,,rancher/rancher-agent:master-head (sles 15.3),2.35.3-150300.10.27.1,false,affected,
rancher/rancher-agent:master-head,rancher/v2.16-head,libxml2-2,2.9.7-3.37.1,sles,SUSE-SU-2023:2048-1,HIGH,,rancher/rancher-agent:master-head (sles 15.3),2.9.7-150000.3.57.1,false,affected,
rancher/rancher-agent:master-head,rancher/v2.16-head,vim-data-common,8.0.1568-5.14.1,sles,SUSE-SU-2023:2640-1,HIGH,,rancher/rancher-agent:master-head (sles 15.3),9.0.1572-150000.5.46.1,false,affected,
rancher/rancher-agent:master-head,rancher/v2.16-head,vim-small,8.0.1568-5.14.1,sles,SUSE-SU-2023:2640-1,HIGH,,rancher/rancher-agent:master-head (sles 15.3),9.0.1572-150000.5.46.1,false,affected,
rancher/rancher-agent:master-head,rancher/v2.16-head,perl,5.26.1-15.87,sles,SUSE-SU-2023:2882-1,HIGH,,rancher/rancher-agent:master-head (sles 15.3),5.26.1-150300.17.14.1,false,affected,
rancher/rancher-agent:master-head,rancher/v2.16-head,perl-base,5.26.1-15.87,sles,SUSE-SU-2023:2882-1,HIGH,,rancher/rancher-agent:master-head (sles 15.3),5.26.1-150300.17.14.1,false,affected,
rancher/rancher-agent:master-head,rancher/v2.16-head,openssh,8.4p1-3.3.1,sles,SUSE-SU-2023:2945-1,HIGH,,rancher/rancher-agent:master-head (sles 15.3),8.4p1-150300.3.22.1,false,affected,
rancher/rancher-agent:master-head,rancher/v2.16-head,openssh-clients,8.4p1-3.3.1,sles,SUSE-SU-2023:2945-1,HIGH,,rancher/rancher-agent:master-head (sles 15.3),8.4p1-150300.3.22.1,false,affected,
rancher/rancher-agent:master-head,rancher/v2.16-head,openssh-common,8.4p1-3.3.1,sles,SUSE-SU-2023:2945-1,HIGH,,rancher/rancher-agent:master-head (sles 15.3),8.4p1-150300.3.22.1,false,affected,
rancher/rancher-agent:master-head,rancher/v2.16-head,openssh-server,8.4p1-3.3.1,sles,SUSE-SU-2023:2945-1,HIGH,,rancher/rancher-agent:master-head (sles 15.3),8.4p1-150300.3.22.1,false,affected,
rancher/rancher-agent:master-head,rancher/v2.16-head,krb5,1.16.3-3.21.1,sles,SUSE-SU-2023:3365-1,HIGH,,rancher/rancher-agent:master-head (sles 15.3),1.19.2-150300.13.1,false,affected,
rancher/rancher-agent:master-head,rancher/v2.16-head,vim-data-common,8.0.1568-5.14.1,sles,SUSE-SU-2023:3955-1,HIGH,,rancher/rancher-agent:master-head (sles 15.3),9.0.1894-150000.5.54.1,false,affected,
rancher/rancher-agent:master-head,rancher/v2.16-head,vim-small,8.0.1568-5.14.1,sles,SUSE-SU-2023:3955-1,HIGH,,rancher/rancher-agent:master-head (sles 15.3),9.0.1894-150000.5.54.1,false,affected,
rancher/rancher-agent:master-head,rancher/v2.16-head,libnghttp2-14,1.40.0-6.1,sles,SUSE-SU-2023:3997-1,HIGH,,rancher/rancher-agent:master-head (sles 15.3),1.40.0-150200.9.1,false,affected,
rancher/rancher-agent:master-head,rancher/v2.16-head,libnghttp2-14,1.40.0-6.1,sles,SUSE-SU-2023:4200-1,HIGH,,rancher/rancher-agent:master-head (sles 15.3),1.40.0-150200.12.1,false,affected,
rancher/rancher-agent:master-head,rancher/v2.16-head,vim-data-common,8.0.1568-5.14.1,sles,SUSE-SU-2023:4587-1,HIGH,,rancher/rancher-agent:master-head (sles 15.3),9.0.2103-150000.5.57.1,false,affected,
rancher/rancher-agent:master-head,rancher/v2.16-head,vim-small,8.0.1568-5.14.1,sles,SUSE-SU-2023:4587-1,HIGH,,rancher/rancher-agent:master-head (sles 15.3),9.0.2103-150000.5.57.1,false,affected,
rancher/rancher-agent:master-head,rancher/v2.16-head,libsqlite3-0,3.36.0-3.12.1,sles,SUSE-SU-2023:4619-1,HIGH,,rancher/rancher-agent:master-head (sles 15.3),3.44.0-150000.3.23.1,false,affected,
rancher/rancher-agent:master-head,rancher/v2.16-head,openssh,8.4p1-3.3.1,sles,SUSE-SU-2023:4902-1,HIGH,,rancher/rancher-agent:master-head (sles 15.3),8.4p1-150300.3.27.1,false,affected,
rancher/rancher-agent:master-head,rancher/v2.16-head,openssh-clients,8.4p1-3.3.1,sles,SUSE-SU-2023:4902-1,HIGH,,rancher/rancher-agent:master-head (sles 15.3),8.4p1-150300.3.27.1,false,affected,
rancher/rancher-agent:master-head,rancher/v2.16-head,openssh-common,8.4p1-3.3.1,sles,SUSE-SU-2023:4902-1,HIGH,,rancher/rancher-agent:master-head (sles 15.3),8.4p1-150300.3.27.1,false,affected,
rancher/rancher-agent:master-head,rancher/v2.16-head,openssh-server,8.4p1-3.3.1,sles,SUSE-SU-2023:4902-1,HIGH,,rancher/rancher-agent:master-head (sles 15.3),8.4p1-150300.3.27.1,false,affected,
rancher/rancher-agent:master-head,rancher/v2.16-head,libxml2-2,2.9.7-3.37.1,sles,SUSE-SU-2024:0461-2,HIGH,,rancher/rancher-agent:master-head (sles 15.3),2.9.7-150000.3.66.1,false,affected,
rancher/rancher-agent:master-head,rancher/v2.16-head,libssh4,0.8.7-10.12.1,sles,SUSE-SU-2024:0525-1,HIGH,,rancher/rancher-agent:master-head (sles 15.3),0.9.8-150200.13.3.1,false,affected,
rancher/rancher-agent:master-head,rancher/v2.16-head,openssh,8.4p1-3.3.1,sles,SUSE-SU-2024:0596-1,HIGH,,rancher/rancher-agent:master-head (sles 15.3),8.4p1-150300.3.30.1,false,affected,
rancher/rancher-agent:master-head,rancher/v2.16-head,openssh-clients,8.4p1-3.3.1,sles,SUSE-SU-2024:0596-1,HIGH,,rancher/rancher-agent:master-head (sles 15.3),8.4p1-150300.3.30.1,false,affected,
rancher/rancher-agent:master-head,rancher/v2.16-head,openssh-common,8.4p1-3.3.1,sles,SUSE-SU-2024:0596-1,HIGH,,rancher/rancher-agent:master-head (sles 15.3),8.4p1-150300.3.30.1,false,affected,
rancher/rancher-agent:master-head,rancher/v2.16-head,openssh-server,8.4p1-3.3.1,sles,SUSE-SU-2024:0596-1,HIGH,,rancher/rancher-agent:master-head (sles 15.3),8.4p1-150300.3.30.1,false,affected,
rancher/rancher-agent:master-head,rancher/v2.16-head,vim-data-common,8.0.1568-5.14.1,sles,SUSE-SU-2024:0871-1,HIGH,,rancher/rancher-agent:master-head (sles 15.3),9.1.0111-150000.5.60.1,false,affected,
rancher/rancher-agent:master-head,rancher/v2.16-head,vim-small,8.0.1568-5.14.1,sles,SUSE-SU-2024:0871-1,HIGH,,rancher/rancher-agent:master-head (sles 15.3),9.1.0111-150000.5.60.1,false,affected,
rancher/rancher-agent:master-head,rancher/v2.16-head,krb5,1.16.3-3.21.1,sles,SUSE-SU-2024:1001-1,HIGH,,rancher/rancher-agent:master-head (sles 15.3),1.19.2-150300.16.1,false,affected,
rancher/rancher-agent:master-head,rancher/v2.16-head,libnghttp2-14,1.40.0-6.1,sles,SUSE-SU-2024:1167-1,HIGH,,rancher/rancher-agent:master-head (sles 15.3),1.40.0-150200.17.1,false,affected,
rancher/rancher-agent:master-head,rancher/v2.16-head,libblkid1,2.36.2-2.29,sles,SUSE-SU-2024:1170-1,HIGH,,rancher/rancher-agent:master-head (sles 15.3),2.36.2-150300.4.41.1,false,affected,
rancher/rancher-agent:master-head,rancher/v2.16-head,libfdisk1,2.36.2-2.29,sles,SUSE-SU-2024:1170-1,HIGH,,rancher/rancher-agent:master-head (sles 15.3),2.36.2-150300.4.41.1,false,affected,
rancher/rancher-agent:master-head,rancher/v2.16-head,libmount1,2.36.2-2.29,sles,SUSE-SU-2024:1170-1,HIGH,,rancher/rancher-agent:master-head (sles 15.3),2.36.2-150300.4.41.1,false,affected,
rancher/rancher-agent:master-head,rancher/v2.16-head,libsmartcols1,2.36.2-2.29,sles,SUSE-SU-2024:1170-1,HIGH,,rancher/rancher-agent:master-head (sles 15.3),2.36.2-150300.4.41.1,false,affected,
rancher/rancher-agent:master-head,rancher/v2.16-head,libuuid1,2.36.2-2.29,sles,SUSE-SU-2024:1170-1,HIGH,,rancher/rancher-agent:master-head (sles 15.3),2.36.2-150300.4.41.1,false,affected,
rancher/rancher-agent:master-head,rancher/v2.16-head,util-linux,2.36.2-2.29,sles,SUSE-SU-2024:1170-1,HIGH,,rancher/rancher-agent:master-head (sles 15.3),2.36.2-150300.4.41.1,false,affected,
rancher/rancher-agent:master-head,rancher/v2.16-head,less,530-1.6,sles,SUSE-SU-2024:1190-1,HIGH,,rancher/rancher-agent:master-head (sles 15.3),530-150000.3.6.2,false,affected,
rancher/rancher-agent:master-head,rancher/v2.16-head,glibc,2.31-7.30,sles,SUSE-SU-2024:1375-1,HIGH,,rancher/rancher-agent:master-head (sles 15.3),2.31-150300.74.1,false,affected,
rancher/rancher-agent:master-head,rancher/v2.16-head,less,530-1.6,sles,SUSE-SU-2024:1534-1,HIGH,,rancher/rancher-agent:master-head (sles 15.3),530-150000.3.9.1,false,affected,
rancher/rancher-agent:master-head,rancher/v2.16-head,perl,5.26.1-15.87,sles,SUSE-SU-2024:1762-1,HIGH,,rancher/rancher-agent:master-head (sles 15.3),5.26.1-150300.17.17.1,false,affected,
rancher/rancher-agent:master-head,rancher/v2.16-head,perl-base,5.26.1-15.87,sles,SUSE-SU-2024:1762-1,HIGH,,rancher/rancher-agent:master-head (sles 15.3),5.26.1-150300.17.17.1,false,affected,
rancher/rancher-agent:master-head,rancher/v2.16-head,git-core,2.26.2-3.34.1,sles,SUSE-SU-2024:1807-1,HIGH,,rancher/rancher-agent:master-head (sles 15.3),2.35.3-150300.10.39.1,false,affected,
rancher/rancher-agent:master-head,rancher/v2.16-head,glibc,2.31-7.30,sles,SUSE-SU-2024:1895-1,HIGH,,rancher/rancher-agent:master-head (sles 15.3),2.31-150300.83.1,false,affected,
rancher/rancher-agent:master-head,rancher/v2.16-head,libopenssl1_1,1.1.1d-11.23.1,sles,SUSE-SU-2024:2035-1,HIGH,,rancher/rancher-agent:master-head (sles 15.3),1.1.1d-150200.11.91.1,false,affected,
rancher/rancher-agent:master-head,rancher/v2.16-head,openssl-1_1,1.1.1d-11.23.1,sles,SUSE-SU-2024:2035-1,HIGH,,rancher/rancher-agent:master-head (sles 15.3),1.1.1d-150200.11.91.1,false,affected,
rancher/rancher-agent:master-head,rancher/v2.16-head,krb5,1.16.3-3.21.1,sles,SUSE-SU-2024:2303-1,HIGH,,rancher/rancher-agent:master-head (sles 15.3),1.19.2-150300.19.1,false,affected,
rancher/rancher-agent:master-head,rancher/v2.16-head,git-core,2.26.2-3.34.1,sles,SUSE-SU-2024:2656-1,HIGH,,rancher/rancher-agent:master-head (sles 15.3),2.35.3-150300.10.42.1,false,affected,
rancher/rancher-agent:master-head,rancher/v2.16-head,libglib-2_0-0,2.62.6-3.6.1,sles,SUSE-SU-2024:3998-1,HIGH,,rancher/rancher-agent:master-head (sles 15.3),2.62.6-150200.3.24.1,false,affected,
rancher/rancher-agent:master-head,rancher/v2.16-head,rsync,3.1.3-4.3.1,sles,SUSE-SU-2025:0157-1,HIGH,,rancher/rancher-agent:master-head (sles 15.3),3.2.3-150000.4.33.1,false,affected,
rancher/rancher-agent:master-head,rancher/v2.16-head,glibc,2.31-7.30,sles,SUSE-SU-2025:01784-1,HIGH,,rancher/rancher-agent:master-head (sles 15.3),2.31-150300.95.1,false,affected,
rancher/rancher-agent:master-head,rancher/v2.16-head,pam,1.3.0-6.38.1,sles,SUSE-SU-2025:02013-1,HIGH,,rancher/rancher-agent:master-head (sles 15.3),1.3.0-150000.6.83.1,false,not_affected,vulnerable_code_not_in_execute_path
rancher/rancher-agent:master-head,rancher/v2.16-head,libsystemd0,246.15-7.11.1,sles,SUSE-SU-2025:02019-1,HIGH,,rancher/rancher-agent:master-head (sles 15.3),246.16-150300.7.60.1,false,affected,
rancher/rancher-agent:master-head,rancher/v2.16-head,libudev1,246.15-7.11.1,sles,SUSE-SU-2025:02019-1,HIGH,,rancher/rancher-agent:master-head (sles 15.3),246.16-150300.7.60.1,false,affected,
rancher/rancher-agent:master-head,rancher/v2.16-head,libxml2-2,2.9.7-3.37.1,sles,SUSE-SU-2025:02275-1,HIGH,,rancher/rancher-agent:master-head (sles 15.3),2.9.7-150000.3.82.1,false,affected,
rancher/rancher-agent:master-head,rancher/v2.16-head,libssh4,0.8.7-10.12.1,sles,SUSE-SU-2025:02279-1,HIGH,,rancher/rancher-agent:master-head (sles 15.3),0.9.8-150200.13.9.1,false,affected,
rancher/rancher-agent:master-head,rancher/v2.16-head,boost-license1_66_0,1.66.0-10.1,sles,SUSE-SU-2025:02536-1,CRITICAL,,rancher/rancher-agent:master-head (sles 15.3),1.66.0-150200.12.7.1,false,affected,
rancher/rancher-agent:master-head,rancher/v2.16-head,libboost_system1_66_0,1.66.0-10.1,sles,SUSE-SU-2025:02536-1,CRITICAL,,rancher/rancher-agent:master-head (sles 15.3),1.66.0-150200.12.7.1,false,affected,
rancher/rancher-agent:master-head,rancher/v2.16-head,libboost_thread1_66_0,1.66.0-10.1,sles,SUSE-SU-2025:02536-1,CRITICAL,,rancher/rancher-agent:master-head (sles 15.3),1.66.0-150200.12.7.1,false,affected,
rancher/rancher-agent:master-head,rancher/v2.16-head,libxml2-2,2.9.7-3.37.1,sles,SUSE-SU-2025:02621-1,HIGH,,rancher/rancher-agent:master-head (sles 15.3),2.9.7-150000.3.85.1,false,affected,
rancher/rancher-agent:master-head,rancher/v2.16-head,libsqlite3-0,3.36.0-3.12.1,sles,SUSE-SU-2025:02672-1,HIGH,,rancher/rancher-agent:master-head (sles 15.3),3.50.2-150000.3.33.1,false,affected,
rancher/rancher-agent:master-head,rancher/v2.16-head,libxml2-2,2.9.7-3.37.1,sles,SUSE-SU-2025:0303-1,HIGH,,rancher/rancher-agent:master-head (sles 15.3),2.9.7-150000.3.73.1,false,affected,
rancher/rancher-agent:master-head,rancher/v2.16-head,git-core,2.26.2-3.34.1,sles,SUSE-SU-2025:03037-1,HIGH,,rancher/rancher-agent:master-head (sles 15.3),2.43.7-150300.10.51.1,false,affected,
rancher/rancher-agent:master-head,rancher/v2.16-head,curl,7.66.0-4.22.1,sles,SUSE-SU-2025:03268-1,HIGH,,rancher/rancher-agent:master-head (sles 15.3),8.14.1-150200.4.91.1,false,affected,
rancher/rancher-agent:master-head,rancher/v2.16-head,libcurl4,7.66.0-4.22.1,sles,SUSE-SU-2025:03268-1,HIGH,,rancher/rancher-agent:master-head (sles 15.3),8.14.1-150200.4.91.1,false,affected,
rancher/rancher-agent:master-head,rancher/v2.16-head,libopenssl1_1,1.1.1d-11.23.1,sles,SUSE-SU-2025:03440-1,HIGH,,rancher/rancher-agent:master-head (sles 15.3),1.1.1d-150200.11.103.1,false,affected,
rancher/rancher-agent:master-head,rancher/v2.16-head,openssl-1_1,1.1.1d-11.23.1,sles,SUSE-SU-2025:03440-1,HIGH,,rancher/rancher-agent:master-head (sles 15.3),1.1.1d-150200.11.103.1,false,affected,
rancher/rancher-agent:master-head,rancher/v2.16-head,libexpat1,2.2.5-3.6.1,sles,SUSE-SU-2025:03537-1,HIGH,,rancher/rancher-agent:master-head (sles 15.3),2.7.1-150000.3.39.1,false,affected,
rancher/rancher-agent:master-head,rancher/v2.16-head,libtasn1,4.13-4.5.1,sles,SUSE-SU-2025:0548-1,HIGH,,rancher/rancher-agent:master-head (sles 15.3),4.13-150000.4.11.1,false,affected,
rancher/rancher-agent:master-head,rancher/v2.16-head,libtasn1-6,4.13-4.5.1,sles,SUSE-SU-2025:0548-1,HIGH,,rancher/rancher-agent:master-head (sles 15.3),4.13-150000.4.11.1,false,affected,
rancher/rancher-agent:master-head,rancher/v2.16-head,libxml2-2,2.9.7-3.37.1,sles,SUSE-SU-2025:0976-1,HIGH,,rancher/rancher-agent:master-head (sles 15.3),2.9.7-150000.3.76.1,false,affected,
rancher/rancher-agent:master-head,rancher/v2.16-head,libexpat1,2.2.5-3.6.1,sles,SUSE-SU-2025:1186-1,HIGH,,rancher/rancher-agent:master-head (sles 15.3),2.7.1-150000.3.36.1,false,affected,
rancher/rancher-agent:master-head,rancher/v2.16-head,libglib-2_0-0,2.62.6-3.6.1,sles,SUSE-SU-2025:4442-1,HIGH,,rancher/rancher-agent:master-head (sles 15.3),2.62.6-150200.3.36.1,false,affected,
rancher/rancher-webhook:v0.12.1-rc.4,rancher/v2.16-head,stdlib,v1.26.5,gobinary,CVE-2026-33818,HIGH,https://avd.aquasec.com/nvd/cve-2026-33818,usr/bin/webhook,"1.25.13, 1.26.6, 1.27.0-rc.3",false,affected,
rancher/rancher-webhook:v0.12.1-rc.4,rancher/v2.16-head,stdlib,v1.26.5,gobinary,CVE-2026-39821,HIGH,https://avd.aquasec.com/nvd/cve-2026-39821,usr/bin/webhook,"1.25.13, 1.26.6, 1.27.0-rc.3",false,affected,
rancher/rancher-webhook:v0.12.1-rc.4,rancher/v2.16-head,stdlib,v1.26.5,gobinary,CVE-2026-46600,HIGH,https://avd.aquasec.com/nvd/cve-2026-46600,usr/bin/webhook,"1.26.6, 1.27.0-rc.3",false,not_affected,vulnerable_code_not_in_execute_path
rancher/rancher-webhook:v0.12.1-rc.4,rancher/v2.16-head,stdlib,v1.26.5,gobinary,CVE-2026-56853,HIGH,https://avd.aquasec.com/nvd/cve-2026-56853,usr/bin/webhook,"1.25.13, 1.26.6, 1.27.0-rc.3",false,affected,
rancher/rancher-webhook:v0.12.1-rc.4,rancher/v2.16-head,golang.org/x/crypto,v0.55.0,gobinary,CVE-2026-56855,MEDIUM,https://avd.aquasec.com/nvd/cve-2026-56855,usr/bin/webhook,0.56.0,false,not_affected,vulnerable_code_not_present
rancher/rancher-webhook:v0.12.1-rc.4,rancher/v2.16-head,stdlib,v1.26.5,gobinary,CVE-2026-56858,HIGH,https://avd.aquasec.com/nvd/cve-2026-56858,usr/bin/webhook,"1.25.13, 1.26.6, 1.27.0-rc.3",false,not_affected,vulnerable_code_not_present
rancher/rancher-webhook:v0.12.1-rc.4,rancher/v2.16-head,stdlib,v1.26.5,gobinary,CVE-2026-56859,HIGH,https://avd.aquasec.com/nvd/cve-2026-56859,usr/bin/webhook,"1.25.13, 1.26.6, 1.27.0-rc.3",false,not_affected,vulnerable_code_not_in_execute_path
rancher/rancher-webhook:v0.12.1-rc.4,rancher/v2.16-head,stdlib,v1.26.5,gobinary,CVE-2026-56862,HIGH,https://avd.aquasec.com/nvd/cve-2026-56862,usr/bin/webhook,"1.25.13, 1.26.6, 1.27.0-rc.3",false,affected,
rancher/rancher-webhook:v0.12.1-rc.4,rancher/v2.16-head,golang.org/x/crypto,v0.55.0,gobinary,CVE-2026-78662,MEDIUM,https://avd.aquasec.com/nvd/cve-2026-78662,usr/bin/webhook,0.56.0,false,not_affected,vulnerable_code_not_present
rancher/remotedialer-proxy:v0.9.0-rc.3,rancher/v2.16-head,stdlib,v1.26.5,gobinary,CVE-2026-33818,HIGH,https://avd.aquasec.com/nvd/cve-2026-33818,proxy,"1.25.13, 1.26.6, 1.27.0-rc.3",false,affected,
rancher/remotedialer-proxy:v0.9.0-rc.3,rancher/v2.16-head,stdlib,v1.26.5,gobinary,CVE-2026-39821,HIGH,https://avd.aquasec.com/nvd/cve-2026-39821,proxy,"1.25.13, 1.26.6, 1.27.0-rc.3",false,affected,
rancher/remotedialer-proxy:v0.9.0-rc.3,rancher/v2.16-head,stdlib,v1.26.5,gobinary,CVE-2026-46600,HIGH,https://avd.aquasec.com/nvd/cve-2026-46600,proxy,"1.26.6, 1.27.0-rc.3",false,not_affected,vulnerable_code_not_in_execute_path
rancher/remotedialer-proxy:v0.9.0-rc.3,rancher/v2.16-head,stdlib,v1.26.5,gobinary,CVE-2026-56853,HIGH,https://avd.aquasec.com/nvd/cve-2026-56853,proxy,"1.25.13, 1.26.6, 1.27.0-rc.3",false,affected,
rancher/remotedialer-proxy:v0.9.0-rc.3,rancher/v2.16-head,stdlib,v1.26.5,gobinary,CVE-2026-56858,HIGH,https://avd.aquasec.com/nvd/cve-2026-56858,proxy,"1.25.13, 1.26.6, 1.27.0-rc.3",false,not_affected,vulnerable_code_not_present
rancher/remotedialer-proxy:v0.9.0-rc.3,rancher/v2.16-head,stdlib,v1.26.5,gobinary,CVE-2026-56859,HIGH,https://avd.aquasec.com/nvd/cve-2026-56859,proxy,"1.25.13, 1.26.6, 1.27.0-rc.3",false,not_affected,vulnerable_code_not_in_execute_path
rancher/remotedialer-proxy:v0.9.0-rc.3,rancher/v2.16-head,stdlib,v1.26.5,gobinary,CVE-2026-56862,HIGH,https://avd.aquasec.com/nvd/cve-2026-56862,proxy,"1.25.13, 1.26.6, 1.27.0-rc.3",false,affected,
rancher/rke2-cloud-provider:v1.36.4-0.20260817193921-a2fc9574e060-build20260820,rancher/v2.16-head,golang.org/x/net,v0.55.0,gobinary,CVE-2026-46600,HIGH,https://avd.aquasec.com/nvd/cve-2026-46600,usr/local/bin/rke2-cloud-provider,0.56.0,false,not_affected,vulnerable_code_not_present
rancher/rke2-cloud-provider:v1.36.4-0.20260817193921-a2fc9574e060-build20260820,rancher/v2.16-head,golang.org/x/crypto,v0.54.0,gobinary,CVE-2026-56854,HIGH,https://avd.aquasec.com/nvd/cve-2026-56854,usr/local/bin/rke2-cloud-provider,0.55.0,false,not_affected,vulnerable_code_not_present
rancher/rke2-cloud-provider:v1.36.4-0.20260817193921-a2fc9574e060-build20260820,rancher/v2.16-head,golang.org/x/crypto,v0.54.0,gobinary,CVE-2026-56855,HIGH,https://avd.aquasec.com/nvd/cve-2026-56855,usr/local/bin/rke2-cloud-provider,0.56.0,false,affected,severity_changed_due_to_suse_cvss_score
rancher/rke2-cloud-provider:v1.36.4-0.20260817193921-a2fc9574e060-build20260820,rancher/v2.16-head,golang.org/x/crypto,v0.54.0,gobinary,CVE-2026-78662,HIGH,https://avd.aquasec.com/nvd/cve-2026-78662,usr/local/bin/rke2-cloud-provider,0.56.0,false,affected,severity_changed_due_to_suse_cvss_score
rancher/rke2-cloud-provider:v1.36.4-0.20260817193921-a2fc9574e060-build20260820,rancher/v2.16-head,google.golang.org/grpc,v1.82.1,gobinary,CVE-2026-84303,CRITICAL,https://avd.aquasec.com/nvd/cve-2026-84303,usr/local/bin/rke2-cloud-provider,1.83.1,false,affected,severity_changed_due_to_suse_cvss_score
rancher/rke2-cloud-provider:v1.36.4-0.20260817193921-a2fc9574e060-build20260820,rancher/v2.16-head,google.golang.org/grpc,v1.82.1,gobinary,CVE-2026-84304,HIGH,https://avd.aquasec.com/nvd/cve-2026-84304,usr/local/bin/rke2-cloud-provider,1.83.1,false,affected,
rancher/rke2-cloud-provider:v1.36.4-0.20260817193921-a2fc9574e060-build20260820,rancher/v2.16-head,google.golang.org/grpc,v1.82.1,gobinary,CVE-2026-84445,HIGH,https://avd.aquasec.com/nvd/cve-2026-84445,usr/local/bin/rke2-cloud-provider,"1.82.2, 1.83.2, 1.85.0-dev.0.20260825072537-93e31b48545e",false,affected,
rancher/rke2-runtime:v1.35.8-rke2r1,rancher/v2.16-head,github.com/docker/cli,v29.1.5+incompatible,gobinary,CVE-2025-15558,HIGH,https://avd.aquasec.com/nvd/cve-2025-15558,bin/containerd,29.2.0,false,not_affected,vulnerable_code_not_present
rancher/rke2-runtime:v1.35.8-rke2r1,rancher/v2.16-head,github.com/buger/jsonparser,v1.1.1,gobinary,CVE-2026-32285,HIGH,https://avd.aquasec.com/nvd/cve-2026-32285,bin/crictl,1.1.2,false,not_affected,vulnerable_code_not_in_execute_path
rancher/rke2-runtime:v1.35.8-rke2r1,rancher/v2.16-head,github.com/docker/docker,v27.1.1+incompatible,gobinary,CVE-2026-33997,MEDIUM,https://avd.aquasec.com/nvd/cve-2026-33997,bin/crictl,29.3.1,false,not_affected,vulnerable_code_not_in_execute_path
rancher/rke2-runtime:v1.35.8-rke2r1,rancher/v2.16-head,github.com/docker/docker,v27.3.1+incompatible,gobinary,CVE-2026-33997,MEDIUM,https://avd.aquasec.com/nvd/cve-2026-33997,bin/containerd,29.3.1,false,not_affected,vulnerable_code_not_in_execute_path
rancher/rke2-runtime:v1.35.8-rke2r1,rancher/v2.16-head,github.com/docker/docker,v27.1.1+incompatible,gobinary,CVE-2026-41567,HIGH,https://avd.aquasec.com/nvd/cve-2026-41567,bin/crictl,,false,not_affected,vulnerable_code_not_present
rancher/rke2-runtime:v1.35.8-rke2r1,rancher/v2.16-head,github.com/docker/docker,v27.3.1+incompatible,gobinary,CVE-2026-41567,HIGH,https://avd.aquasec.com/nvd/cve-2026-41567,bin/containerd,,false,not_affected,vulnerable_code_not_present
rancher/rke2-runtime:v1.35.8-rke2r1,rancher/v2.16-head,github.com/docker/docker,v27.1.1+incompatible,gobinary,CVE-2026-41568,MEDIUM,https://avd.aquasec.com/nvd/cve-2026-41568,bin/crictl,,false,not_affected,vulnerable_code_not_present
rancher/rke2-runtime:v1.35.8-rke2r1,rancher/v2.16-head,github.com/docker/docker,v27.3.1+incompatible,gobinary,CVE-2026-41568,MEDIUM,https://avd.aquasec.com/nvd/cve-2026-41568,bin/containerd,,false,not_affected,vulnerable_code_not_present
rancher/rke2-runtime:v1.35.8-rke2r1,rancher/v2.16-head,github.com/docker/docker,v27.1.1+incompatible,gobinary,CVE-2026-42306,HIGH,https://avd.aquasec.com/nvd/cve-2026-42306,bin/crictl,,false,not_affected,vulnerable_code_not_present
rancher/rke2-runtime:v1.35.8-rke2r1,rancher/v2.16-head,github.com/docker/docker,v27.3.1+incompatible,gobinary,CVE-2026-42306,HIGH,https://avd.aquasec.com/nvd/cve-2026-42306,bin/containerd,,false,not_affected,vulnerable_code_not_present
rancher/rke2-runtime:v1.35.8-rke2r1,rancher/v2.16-head,golang.org/x/net,v0.55.0,gobinary,CVE-2026-46600,HIGH,https://avd.aquasec.com/nvd/cve-2026-46600,bin/containerd,0.56.0,false,not_affected,vulnerable_code_not_present
rancher/rke2-runtime:v1.35.8-rke2r1,rancher/v2.16-head,golang.org/x/net,v0.55.0,gobinary,CVE-2026-46600,HIGH,https://avd.aquasec.com/nvd/cve-2026-46600,bin/containerd-shim-runc-v2,0.56.0,false,not_affected,vulnerable_code_not_present
rancher/rke2-runtime:v1.35.8-rke2r1,rancher/v2.16-head,golang.org/x/net,v0.55.0,gobinary,CVE-2026-46600,HIGH,https://avd.aquasec.com/nvd/cve-2026-46600,bin/crictl,0.56.0,false,not_affected,vulnerable_code_not_present
rancher/rke2-runtime:v1.35.8-rke2r1,rancher/v2.16-head,golang.org/x/net,v0.55.0,gobinary,CVE-2026-46600,HIGH,https://avd.aquasec.com/nvd/cve-2026-46600,bin/ctr,0.56.0,false,not_affected,vulnerable_code_not_present
rancher/rke2-runtime:v1.35.8-rke2r1,rancher/v2.16-head,golang.org/x/text,v0.38.0,gobinary,CVE-2026-56852,HIGH,https://avd.aquasec.com/nvd/cve-2026-56852,bin/containerd,0.39.0,false,not_affected,vulnerable_code_not_in_execute_path
rancher/rke2-runtime:v1.35.8-rke2r1,rancher/v2.16-head,golang.org/x/text,v0.38.0,gobinary,CVE-2026-56852,HIGH,https://avd.aquasec.com/nvd/cve-2026-56852,bin/containerd-shim-runc-v2,0.39.0,false,not_affected,vulnerable_code_not_in_execute_path
rancher/rke2-runtime:v1.35.8-rke2r1,rancher/v2.16-head,golang.org/x/text,v0.38.0,gobinary,CVE-2026-56852,HIGH,https://avd.aquasec.com/nvd/cve-2026-56852,bin/ctr,0.39.0,false,not_affected,vulnerable_code_not_in_execute_path
rancher/rke2-runtime:v1.35.8-rke2r1,rancher/v2.16-head,golang.org/x/crypto,v0.53.0,gobinary,CVE-2026-56854,HIGH,https://avd.aquasec.com/nvd/cve-2026-56854,bin/containerd,0.55.0,false,not_affected,vulnerable_code_not_present
rancher/rke2-runtime:v1.35.8-rke2r1,rancher/v2.16-head,golang.org/x/crypto,v0.53.0,gobinary,CVE-2026-56854,HIGH,https://avd.aquasec.com/nvd/cve-2026-56854,bin/kubelet,0.55.0,false,not_affected,vulnerable_code_not_in_execute_path
rancher/rke2-runtime:v1.35.8-rke2r1,rancher/v2.16-head,golang.org/x/crypto,v0.53.0,gobinary,CVE-2026-56855,MEDIUM,https://avd.aquasec.com/nvd/cve-2026-56855,bin/containerd,0.56.0,false,not_affected,vulnerable_code_not_present
rancher/rke2-runtime:v1.35.8-rke2r1,rancher/v2.16-head,golang.org/x/crypto,v0.53.0,gobinary,CVE-2026-56855,MEDIUM,https://avd.aquasec.com/nvd/cve-2026-56855,bin/kubelet,0.56.0,false,not_affected,vulnerable_code_not_present
rancher/rke2-runtime:v1.35.8-rke2r1,rancher/v2.16-head,golang.org/x/mod,v0.36.0,gobinary,CVE-2026-56864,HIGH,https://avd.aquasec.com/nvd/cve-2026-56864,bin/containerd,0.40.0,false,not_affected,vulnerable_code_not_present
rancher/rke2-runtime:v1.35.8-rke2r1,rancher/v2.16-head,golang.org/x/mod,v0.36.0,gobinary,CVE-2026-56864,HIGH,https://avd.aquasec.com/nvd/cve-2026-56864,bin/ctr,0.40.0,false,not_affected,vulnerable_code_not_present
rancher/rke2-runtime:v1.35.8-rke2r1,rancher/v2.16-head,golang.org/x/mod,v0.35.0,gobinary,CVE-2026-56865,HIGH,https://avd.aquasec.com/nvd/cve-2026-56865,bin/crictl,0.40.0,false,affected,
rancher/rke2-runtime:v1.35.8-rke2r1,rancher/v2.16-head,golang.org/x/mod,v0.36.0,gobinary,CVE-2026-56865,HIGH,https://avd.aquasec.com/nvd/cve-2026-56865,bin/containerd,0.40.0,false,not_affected,vulnerable_code_not_present
rancher/rke2-runtime:v1.35.8-rke2r1,rancher/v2.16-head,golang.org/x/mod,v0.36.0,gobinary,CVE-2026-56865,HIGH,https://avd.aquasec.com/nvd/cve-2026-56865,bin/ctr,0.40.0,false,not_affected,vulnerable_code_not_present
rancher/rke2-runtime:v1.35.8-rke2r1,rancher/v2.16-head,golang.org/x/crypto,v0.53.0,gobinary,CVE-2026-78662,MEDIUM,https://avd.aquasec.com/nvd/cve-2026-78662,bin/containerd,0.56.0,false,not_affected,vulnerable_code_not_present
rancher/rke2-runtime:v1.35.8-rke2r1,rancher/v2.16-head,golang.org/x/crypto,v0.53.0,gobinary,CVE-2026-78662,MEDIUM,https://avd.aquasec.com/nvd/cve-2026-78662,bin/kubelet,0.56.0,false,not_affected,vulnerable_code_not_present
rancher/rke2-runtime:v1.35.8-rke2r1,rancher/v2.16-head,google.golang.org/grpc,v1.82.1,gobinary,CVE-2026-84303,MEDIUM,https://avd.aquasec.com/nvd/cve-2026-84303,bin/containerd,1.83.1,false,not_affected,vulnerable_code_not_present
rancher/rke2-runtime:v1.35.8-rke2r1,rancher/v2.16-head,google.golang.org/grpc,v1.82.1,gobinary,CVE-2026-84303,MEDIUM,https://avd.aquasec.com/nvd/cve-2026-84303,bin/containerd-shim-runc-v2,1.83.1,false,not_affected,vulnerable_code_not_present
rancher/rke2-runtime:v1.35.8-rke2r1,rancher/v2.16-head,google.golang.org/grpc,v1.82.1,gobinary,CVE-2026-84303,CRITICAL,https://avd.aquasec.com/nvd/cve-2026-84303,bin/crictl,1.83.1,false,affected,severity_changed_due_to_suse_cvss_score
rancher/rke2-runtime:v1.35.8-rke2r1,rancher/v2.16-head,google.golang.org/grpc,v1.82.1,gobinary,CVE-2026-84303,MEDIUM,https://avd.aquasec.com/nvd/cve-2026-84303,bin/ctr,1.83.1,false,not_affected,vulnerable_code_not_present
rancher/rke2-runtime:v1.35.8-rke2r1,rancher/v2.16-head,google.golang.org/grpc,v1.82.1,gobinary,CVE-2026-84303,MEDIUM,https://avd.aquasec.com/nvd/cve-2026-84303,bin/kubelet,1.83.1,false,not_affected,vulnerable_code_not_present
rancher/rke2-runtime:v1.35.8-rke2r1,rancher/v2.16-head,google.golang.org/grpc,v1.82.1,gobinary,CVE-2026-84304,HIGH,https://avd.aquasec.com/nvd/cve-2026-84304,bin/containerd,1.83.1,false,affected,
rancher/rke2-runtime:v1.35.8-rke2r1,rancher/v2.16-head,google.golang.org/grpc,v1.82.1,gobinary,CVE-2026-84304,HIGH,https://avd.aquasec.com/nvd/cve-2026-84304,bin/containerd-shim-runc-v2,1.83.1,false,affected,
rancher/rke2-runtime:v1.35.8-rke2r1,rancher/v2.16-head,google.golang.org/grpc,v1.82.1,gobinary,CVE-2026-84304,HIGH,https://avd.aquasec.com/nvd/cve-2026-84304,bin/crictl,1.83.1,false,affected,
rancher/rke2-runtime:v1.35.8-rke2r1,rancher/v2.16-head,google.golang.org/grpc,v1.82.1,gobinary,CVE-2026-84304,HIGH,https://avd.aquasec.com/nvd/cve-2026-84304,bin/ctr,1.83.1,false,affected,
rancher/rke2-runtime:v1.35.8-rke2r1,rancher/v2.16-head,google.golang.org/grpc,v1.82.1,gobinary,CVE-2026-84304,HIGH,https://avd.aquasec.com/nvd/cve-2026-84304,bin/kubelet,1.83.1,false,affected,
rancher/rke2-runtime:v1.35.8-rke2r1,rancher/v2.16-head,google.golang.org/grpc,v1.82.1,gobinary,CVE-2026-84445,HIGH,https://avd.aquasec.com/nvd/cve-2026-84445,bin/containerd,"1.82.2, 1.83.2, 1.85.0-dev.0.20260825072537-93e31b48545e",false,affected,
rancher/rke2-runtime:v1.35.8-rke2r1,rancher/v2.16-head,google.golang.org/grpc,v1.82.1,gobinary,CVE-2026-84445,HIGH,https://avd.aquasec.com/nvd/cve-2026-84445,bin/containerd-shim-runc-v2,"1.82.2, 1.83.2, 1.85.0-dev.0.20260825072537-93e31b48545e",false,affected,
rancher/rke2-runtime:v1.35.8-rke2r1,rancher/v2.16-head,google.golang.org/grpc,v1.82.1,gobinary,CVE-2026-84445,HIGH,https://avd.aquasec.com/nvd/cve-2026-84445,bin/crictl,"1.82.2, 1.83.2, 1.85.0-dev.0.20260825072537-93e31b48545e",false,affected,
rancher/rke2-runtime:v1.35.8-rke2r1,rancher/v2.16-head,google.golang.org/grpc,v1.82.1,gobinary,CVE-2026-84445,HIGH,https://avd.aquasec.com/nvd/cve-2026-84445,bin/ctr,"1.82.2, 1.83.2, 1.85.0-dev.0.20260825072537-93e31b48545e",false,affected,
rancher/rke2-runtime:v1.35.8-rke2r1,rancher/v2.16-head,google.golang.org/grpc,v1.82.1,gobinary,CVE-2026-84445,HIGH,https://avd.aquasec.com/nvd/cve-2026-84445,bin/kubelet,"1.82.2, 1.83.2, 1.85.0-dev.0.20260825072537-93e31b48545e",false,affected,
rancher/rke2-runtime:v1.36.4-rke2r1,rancher/v2.16-head,github.com/docker/docker,v27.1.1+incompatible,gobinary,CVE-2026-33997,MEDIUM,https://avd.aquasec.com/nvd/cve-2026-33997,bin/crictl,29.3.1,false,not_affected,vulnerable_code_not_in_execute_path
rancher/rke2-runtime:v1.36.4-rke2r1,rancher/v2.16-head,github.com/docker/docker,v27.3.1+incompatible,gobinary,CVE-2026-33997,MEDIUM,https://avd.aquasec.com/nvd/cve-2026-33997,bin/containerd,29.3.1,false,not_affected,vulnerable_code_not_in_execute_path
rancher/rke2-runtime:v1.36.4-rke2r1,rancher/v2.16-head,github.com/docker/docker,v27.1.1+incompatible,gobinary,CVE-2026-41567,HIGH,https://avd.aquasec.com/nvd/cve-2026-41567,bin/crictl,,false,not_affected,vulnerable_code_not_present
rancher/rke2-runtime:v1.36.4-rke2r1,rancher/v2.16-head,github.com/docker/docker,v27.3.1+incompatible,gobinary,CVE-2026-41567,HIGH,https://avd.aquasec.com/nvd/cve-2026-41567,bin/containerd,,false,not_affected,vulnerable_code_not_present
rancher/rke2-runtime:v1.36.4-rke2r1,rancher/v2.16-head,github.com/docker/docker,v27.1.1+incompatible,gobinary,CVE-2026-41568,MEDIUM,https://avd.aquasec.com/nvd/cve-2026-41568,bin/crictl,,false,not_affected,vulnerable_code_not_present
rancher/rke2-runtime:v1.36.4-rke2r1,rancher/v2.16-head,github.com/docker/docker,v27.3.1+incompatible,gobinary,CVE-2026-41568,MEDIUM,https://avd.aquasec.com/nvd/cve-2026-41568,bin/containerd,,false,not_affected,vulnerable_code_not_present
rancher/rke2-runtime:v1.36.4-rke2r1,rancher/v2.16-head,github.com/docker/docker,v27.1.1+incompatible,gobinary,CVE-2026-42306,HIGH,https://avd.aquasec.com/nvd/cve-2026-42306,bin/crictl,,false,not_affected,vulnerable_code_not_present
rancher/rke2-runtime:v1.36.4-rke2r1,rancher/v2.16-head,github.com/docker/docker,v27.3.1+incompatible,gobinary,CVE-2026-42306,HIGH,https://avd.aquasec.com/nvd/cve-2026-42306,bin/containerd,,false,not_affected,vulnerable_code_not_present
rancher/rke2-runtime:v1.36.4-rke2r1,rancher/v2.16-head,golang.org/x/net,v0.55.0,gobinary,CVE-2026-46600,HIGH,https://avd.aquasec.com/nvd/cve-2026-46600,bin/containerd,0.56.0,false,not_affected,vulnerable_code_not_present
rancher/rke2-runtime:v1.36.4-rke2r1,rancher/v2.16-head,golang.org/x/net,v0.55.0,gobinary,CVE-2026-46600,HIGH,https://avd.aquasec.com/nvd/cve-2026-46600,bin/containerd-shim-runc-v2,0.56.0,false,not_affected,vulnerable_code_not_present
rancher/rke2-runtime:v1.36.4-rke2r1,rancher/v2.16-head,golang.org/x/net,v0.55.0,gobinary,CVE-2026-46600,HIGH,https://avd.aquasec.com/nvd/cve-2026-46600,bin/crictl,0.56.0,false,not_affected,vulnerable_code_not_present
rancher/rke2-runtime:v1.36.4-rke2r1,rancher/v2.16-head,golang.org/x/net,v0.55.0,gobinary,CVE-2026-46600,HIGH,https://avd.aquasec.com/nvd/cve-2026-46600,bin/ctr,0.56.0,false,not_affected,vulnerable_code_not_present
rancher/rke2-runtime:v1.36.4-rke2r1,rancher/v2.16-head,golang.org/x/text,v0.38.0,gobinary,CVE-2026-56852,HIGH,https://avd.aquasec.com/nvd/cve-2026-56852,bin/containerd,0.39.0,false,not_affected,vulnerable_code_not_in_execute_path
rancher/rke2-runtime:v1.36.4-rke2r1,rancher/v2.16-head,golang.org/x/text,v0.38.0,gobinary,CVE-2026-56852,HIGH,https://avd.aquasec.com/nvd/cve-2026-56852,bin/containerd-shim-runc-v2,0.39.0,false,not_affected,vulnerable_code_not_in_execute_path
rancher/rke2-runtime:v1.36.4-rke2r1,rancher/v2.16-head,golang.org/x/text,v0.38.0,gobinary,CVE-2026-56852,HIGH,https://avd.aquasec.com/nvd/cve-2026-56852,bin/ctr,0.39.0,false,not_affected,vulnerable_code_not_in_execute_path
rancher/rke2-runtime:v1.36.4-rke2r1,rancher/v2.16-head,golang.org/x/crypto,v0.53.0,gobinary,CVE-2026-56854,HIGH,https://avd.aquasec.com/nvd/cve-2026-56854,bin/containerd,0.55.0,false,not_affected,vulnerable_code_not_present
rancher/rke2-runtime:v1.36.4-rke2r1,rancher/v2.16-head,golang.org/x/crypto,v0.53.0,gobinary,CVE-2026-56854,HIGH,https://avd.aquasec.com/nvd/cve-2026-56854,bin/kubelet,0.55.0,false,not_affected,vulnerable_code_not_in_execute_path
rancher/rke2-runtime:v1.36.4-rke2r1,rancher/v2.16-head,golang.org/x/crypto,v0.53.0,gobinary,CVE-2026-56855,MEDIUM,https://avd.aquasec.com/nvd/cve-2026-56855,bin/containerd,0.56.0,false,not_affected,vulnerable_code_not_present
rancher/rke2-runtime:v1.36.4-rke2r1,rancher/v2.16-head,golang.org/x/crypto,v0.53.0,gobinary,CVE-2026-56855,MEDIUM,https://avd.aquasec.com/nvd/cve-2026-56855,bin/kubelet,0.56.0,false,not_affected,vulnerable_code_not_present
rancher/rke2-runtime:v1.36.4-rke2r1,rancher/v2.16-head,golang.org/x/mod,v0.36.0,gobinary,CVE-2026-56864,HIGH,https://avd.aquasec.com/nvd/cve-2026-56864,bin/containerd,0.40.0,false,not_affected,vulnerable_code_not_present
rancher/rke2-runtime:v1.36.4-rke2r1,rancher/v2.16-head,golang.org/x/mod,v0.36.0,gobinary,CVE-2026-56864,HIGH,https://avd.aquasec.com/nvd/cve-2026-56864,bin/ctr,0.40.0,false,not_affected,vulnerable_code_not_present
rancher/rke2-runtime:v1.36.4-rke2r1,rancher/v2.16-head,golang.org/x/mod,v0.35.0,gobinary,CVE-2026-56865,HIGH,https://avd.aquasec.com/nvd/cve-2026-56865,bin/crictl,0.40.0,false,affected,
rancher/rke2-runtime:v1.36.4-rke2r1,rancher/v2.16-head,golang.org/x/mod,v0.36.0,gobinary,CVE-2026-56865,HIGH,https://avd.aquasec.com/nvd/cve-2026-56865,bin/containerd,0.40.0,false,not_affected,vulnerable_code_not_present
rancher/rke2-runtime:v1.36.4-rke2r1,rancher/v2.16-head,golang.org/x/mod,v0.36.0,gobinary,CVE-2026-56865,HIGH,https://avd.aquasec.com/nvd/cve-2026-56865,bin/ctr,0.40.0,false,not_affected,vulnerable_code_not_present
rancher/rke2-runtime:v1.36.4-rke2r1,rancher/v2.16-head,golang.org/x/crypto,v0.53.0,gobinary,CVE-2026-78662,MEDIUM,https://avd.aquasec.com/nvd/cve-2026-78662,bin/containerd,0.56.0,false,not_affected,vulnerable_code_not_present
rancher/rke2-runtime:v1.36.4-rke2r1,rancher/v2.16-head,golang.org/x/crypto,v0.53.0,gobinary,CVE-2026-78662,MEDIUM,https://avd.aquasec.com/nvd/cve-2026-78662,bin/kubelet,0.56.0,false,not_affected,vulnerable_code_not_present
rancher/rke2-runtime:v1.36.4-rke2r1,rancher/v2.16-head,google.golang.org/grpc,v1.82.1,gobinary,CVE-2026-84303,MEDIUM,https://avd.aquasec.com/nvd/cve-2026-84303,bin/containerd,1.83.1,false,not_affected,vulnerable_code_not_present
rancher/rke2-runtime:v1.36.4-rke2r1,rancher/v2.16-head,google.golang.org/grpc,v1.82.1,gobinary,CVE-2026-84303,MEDIUM,https://avd.aquasec.com/nvd/cve-2026-84303,bin/containerd-shim-runc-v2,1.83.1,false,not_affected,vulnerable_code_not_present
rancher/rke2-runtime:v1.36.4-rke2r1,rancher/v2.16-head,google.golang.org/grpc,v1.82.1,gobinary,CVE-2026-84303,CRITICAL,https://avd.aquasec.com/nvd/cve-2026-84303,bin/crictl,1.83.1,false,affected,severity_changed_due_to_suse_cvss_score
rancher/rke2-runtime:v1.36.4-rke2r1,rancher/v2.16-head,google.golang.org/grpc,v1.82.1,gobinary,CVE-2026-84303,MEDIUM,https://avd.aquasec.com/nvd/cve-2026-84303,bin/ctr,1.83.1,false,not_affected,vulnerable_code_not_present
rancher/rke2-runtime:v1.36.4-rke2r1,rancher/v2.16-head,google.golang.org/grpc,v1.82.1,gobinary,CVE-2026-84303,MEDIUM,https://avd.aquasec.com/nvd/cve-2026-84303,bin/kubelet,1.83.1,false,not_affected,vulnerable_code_not_present
rancher/rke2-runtime:v1.36.4-rke2r1,rancher/v2.16-head,google.golang.org/grpc,v1.82.1,gobinary,CVE-2026-84304,HIGH,https://avd.aquasec.com/nvd/cve-2026-84304,bin/containerd,1.83.1,false,affected,
rancher/rke2-runtime:v1.36.4-rke2r1,rancher/v2.16-head,google.golang.org/grpc,v1.82.1,gobinary,CVE-2026-84304,HIGH,https://avd.aquasec.com/nvd/cve-2026-84304,bin/containerd-shim-runc-v2,1.83.1,false,affected,
rancher/rke2-runtime:v1.36.4-rke2r1,rancher/v2.16-head,google.golang.org/grpc,v1.82.1,gobinary,CVE-2026-84304,HIGH,https://avd.aquasec.com/nvd/cve-2026-84304,bin/crictl,1.83.1,false,affected,
rancher/rke2-runtime:v1.36.4-rke2r1,rancher/v2.16-head,google.golang.org/grpc,v1.82.1,gobinary,CVE-2026-84304,HIGH,https://avd.aquasec.com/nvd/cve-2026-84304,bin/ctr,1.83.1,false,affected,
rancher/rke2-runtime:v1.36.4-rke2r1,rancher/v2.16-head,google.golang.org/grpc,v1.82.1,gobinary,CVE-2026-84304,HIGH,https://avd.aquasec.com/nvd/cve-2026-84304,bin/kubelet,1.83.1,false,affected,
rancher/rke2-runtime:v1.36.4-rke2r1,rancher/v2.16-head,google.golang.org/grpc,v1.82.1,gobinary,CVE-2026-84445,HIGH,https://avd.aquasec.com/nvd/cve-2026-84445,bin/containerd,"1.82.2, 1.83.2, 1.85.0-dev.0.20260825072537-93e31b48545e",false,affected,
rancher/rke2-runtime:v1.36.4-rke2r1,rancher/v2.16-head,google.golang.org/grpc,v1.82.1,gobinary,CVE-2026-84445,HIGH,https://avd.aquasec.com/nvd/cve-2026-84445,bin/containerd-shim-runc-v2,"1.82.2, 1.83.2, 1.85.0-dev.0.20260825072537-93e31b48545e",false,affected,
rancher/rke2-runtime:v1.36.4-rke2r1,rancher/v2.16-head,google.golang.org/grpc,v1.82.1,gobinary,CVE-2026-84445,HIGH,https://avd.aquasec.com/nvd/cve-2026-84445,bin/crictl,"1.82.2, 1.83.2, 1.85.0-dev.0.20260825072537-93e31b48545e",false,affected,
rancher/rke2-runtime:v1.36.4-rke2r1,rancher/v2.16-head,google.golang.org/grpc,v1.82.1,gobinary,CVE-2026-84445,HIGH,https://avd.aquasec.com/nvd/cve-2026-84445,bin/ctr,"1.82.2, 1.83.2, 1.85.0-dev.0.20260825072537-93e31b48545e",false,affected,
rancher/rke2-runtime:v1.36.4-rke2r1,rancher/v2.16-head,google.golang.org/grpc,v1.82.1,gobinary,CVE-2026-84445,HIGH,https://avd.aquasec.com/nvd/cve-2026-84445,bin/kubelet,"1.82.2, 1.83.2, 1.85.0-dev.0.20260825072537-93e31b48545e",false,affected,
rancher/rke2-runtime:v1.37.0-rke2r1,rancher/v2.16-head,github.com/docker/docker,v27.3.1+incompatible,gobinary,CVE-2026-33997,MEDIUM,https://avd.aquasec.com/nvd/cve-2026-33997,bin/containerd,29.3.1,false,not_affected,vulnerable_code_not_in_execute_path
rancher/rke2-runtime:v1.37.0-rke2r1,rancher/v2.16-head,github.com/docker/docker,v27.3.1+incompatible,gobinary,CVE-2026-41567,HIGH,https://avd.aquasec.com/nvd/cve-2026-41567,bin/containerd,,false,not_affected,vulnerable_code_not_present
rancher/rke2-runtime:v1.37.0-rke2r1,rancher/v2.16-head,github.com/docker/docker,v27.3.1+incompatible,gobinary,CVE-2026-41568,MEDIUM,https://avd.aquasec.com/nvd/cve-2026-41568,bin/containerd,,false,not_affected,vulnerable_code_not_present
rancher/rke2-runtime:v1.37.0-rke2r1,rancher/v2.16-head,github.com/docker/docker,v27.3.1+incompatible,gobinary,CVE-2026-42306,HIGH,https://avd.aquasec.com/nvd/cve-2026-42306,bin/containerd,,false,not_affected,vulnerable_code_not_present
rancher/rke2-runtime:v1.37.0-rke2r1,rancher/v2.16-head,golang.org/x/net,v0.55.0,gobinary,CVE-2026-46600,HIGH,https://avd.aquasec.com/nvd/cve-2026-46600,bin/crictl,0.56.0,false,not_affected,vulnerable_code_not_present
rancher/rke2-runtime:v1.37.0-rke2r1,rancher/v2.16-head,golang.org/x/crypto,v0.55.0,gobinary,CVE-2026-56855,HIGH,https://avd.aquasec.com/nvd/cve-2026-56855,bin/containerd,0.56.0,false,affected,severity_changed_due_to_suse_cvss_score
rancher/rke2-runtime:v1.37.0-rke2r1,rancher/v2.16-head,golang.org/x/crypto,v0.55.0,gobinary,CVE-2026-56855,MEDIUM,https://avd.aquasec.com/nvd/cve-2026-56855,bin/kubelet,0.56.0,false,not_affected,vulnerable_code_not_present
rancher/rke2-runtime:v1.37.0-rke2r1,rancher/v2.16-head,golang.org/x/mod,v0.37.0,gobinary,CVE-2026-56864,HIGH,https://avd.aquasec.com/nvd/cve-2026-56864,bin/containerd,0.40.0,false,not_affected,vulnerable_code_not_present
rancher/rke2-runtime:v1.37.0-rke2r1,rancher/v2.16-head,golang.org/x/mod,v0.37.0,gobinary,CVE-2026-56864,HIGH,https://avd.aquasec.com/nvd/cve-2026-56864,bin/ctr,0.40.0,false,not_affected,vulnerable_code_not_present
rancher/rke2-runtime:v1.37.0-rke2r1,rancher/v2.16-head,golang.org/x/mod,v0.38.0,gobinary,CVE-2026-56864,HIGH,https://avd.aquasec.com/nvd/cve-2026-56864,bin/crictl,0.40.0,false,not_affected,vulnerable_code_not_present
rancher/rke2-runtime:v1.37.0-rke2r1,rancher/v2.16-head,golang.org/x/mod,v0.37.0,gobinary,CVE-2026-56865,HIGH,https://avd.aquasec.com/nvd/cve-2026-56865,bin/containerd,0.40.0,false,not_affected,vulnerable_code_not_present
rancher/rke2-runtime:v1.37.0-rke2r1,rancher/v2.16-head,golang.org/x/mod,v0.37.0,gobinary,CVE-2026-56865,HIGH,https://avd.aquasec.com/nvd/cve-2026-56865,bin/ctr,0.40.0,false,not_affected,vulnerable_code_not_present
rancher/rke2-runtime:v1.37.0-rke2r1,rancher/v2.16-head,golang.org/x/mod,v0.38.0,gobinary,CVE-2026-56865,HIGH,https://avd.aquasec.com/nvd/cve-2026-56865,bin/crictl,0.40.0,false,not_affected,vulnerable_code_not_present
rancher/rke2-runtime:v1.37.0-rke2r1,rancher/v2.16-head,golang.org/x/crypto,v0.55.0,gobinary,CVE-2026-78662,HIGH,https://avd.aquasec.com/nvd/cve-2026-78662,bin/containerd,0.56.0,false,affected,severity_changed_due_to_suse_cvss_score
rancher/rke2-runtime:v1.37.0-rke2r1,rancher/v2.16-head,golang.org/x/crypto,v0.55.0,gobinary,CVE-2026-78662,MEDIUM,https://avd.aquasec.com/nvd/cve-2026-78662,bin/kubelet,0.56.0,false,not_affected,vulnerable_code_not_present
rancher/rke2-upgrade:v1.35.8-rke2r1,rancher/v2.16-head,libcrypto3,3.5.7-r0,alpine,CVE-2026-14456,HIGH,https://avd.aquasec.com/nvd/cve-2026-14456,rancher/rke2-upgrade:v1.35.8-rke2r1 (alpine 3.23.5),3.5.8-r0,false,affected,
rancher/rke2-upgrade:v1.35.8-rke2r1,rancher/v2.16-head,libssl3,3.5.7-r0,alpine,CVE-2026-14456,HIGH,https://avd.aquasec.com/nvd/cve-2026-14456,rancher/rke2-upgrade:v1.35.8-rke2r1 (alpine 3.23.5),3.5.8-r0,false,affected,
rancher/rke2-upgrade:v1.35.8-rke2r1,rancher/v2.16-head,jq,1.8.1-r0,alpine,CVE-2026-32316,HIGH,https://avd.aquasec.com/nvd/cve-2026-32316,rancher/rke2-upgrade:v1.35.8-rke2r1 (alpine 3.23.5),1.8.2-r0,false,affected,
rancher/rke2-upgrade:v1.35.8-rke2r1,rancher/v2.16-head,google.golang.org/grpc,v1.72.2,gobinary,CVE-2026-33186,HIGH,https://avd.aquasec.com/nvd/cve-2026-33186,opt/rke2,1.79.3,false,affected,severity_changed_due_to_suse_cvss_score
rancher/rke2-upgrade:v1.35.8-rke2r1,rancher/v2.16-head,stdlib,v1.26.5,gobinary,CVE-2026-33818,HIGH,https://avd.aquasec.com/nvd/cve-2026-33818,usr/local/bin/kubectl,"1.25.13, 1.26.6, 1.27.0-rc.3",false,not_affected,vulnerable_code_not_in_execute_path
rancher/rke2-upgrade:v1.35.8-rke2r1,rancher/v2.16-head,github.com/docker/docker,v25.0.15-0.20260325154711-d2dbc0547253+incompatible,gobinary,CVE-2026-33997,HIGH,https://avd.aquasec.com/nvd/cve-2026-33997,opt/rke2,29.3.1,false,affected,severity_changed_due_to_suse_cvss_score
rancher/rke2-upgrade:v1.35.8-rke2r1,rancher/v2.16-head,stdlib,v1.26.5,gobinary,CVE-2026-39821,HIGH,https://avd.aquasec.com/nvd/cve-2026-39821,usr/local/bin/kubectl,"1.25.13, 1.26.6, 1.27.0-rc.3",false,not_affected,vulnerable_code_not_in_execute_path
rancher/rke2-upgrade:v1.35.8-rke2r1,rancher/v2.16-head,golang.org/x/crypto,v0.47.0,gobinary,CVE-2026-39827,MEDIUM,https://avd.aquasec.com/nvd/cve-2026-39827,opt/rke2,0.52.0,false,not_affected,vulnerable_code_not_present
rancher/rke2-upgrade:v1.35.8-rke2r1,rancher/v2.16-head,golang.org/x/crypto,v0.47.0,gobinary,CVE-2026-39828,HIGH,https://avd.aquasec.com/nvd/cve-2026-39828,opt/rke2,0.52.0,false,not_affected,vulnerable_code_not_present
rancher/rke2-upgrade:v1.35.8-rke2r1,rancher/v2.16-head,golang.org/x/crypto,v0.47.0,gobinary,CVE-2026-39829,HIGH,https://avd.aquasec.com/nvd/cve-2026-39829,opt/rke2,0.52.0,false,not_affected,vulnerable_code_not_present
rancher/rke2-upgrade:v1.35.8-rke2r1,rancher/v2.16-head,golang.org/x/crypto,v0.47.0,gobinary,CVE-2026-39830,HIGH,https://avd.aquasec.com/nvd/cve-2026-39830,opt/rke2,0.52.0,false,not_affected,vulnerable_code_not_present
rancher/rke2-upgrade:v1.35.8-rke2r1,rancher/v2.16-head,golang.org/x/crypto,v0.47.0,gobinary,CVE-2026-39831,HIGH,https://avd.aquasec.com/nvd/cve-2026-39831,opt/rke2,0.52.0,false,not_affected,vulnerable_code_not_present
rancher/rke2-upgrade:v1.35.8-rke2r1,rancher/v2.16-head,golang.org/x/crypto,v0.47.0,gobinary,CVE-2026-39832,HIGH,https://avd.aquasec.com/nvd/cve-2026-39832,opt/rke2,0.52.0,false,not_affected,vulnerable_code_not_present
rancher/rke2-upgrade:v1.35.8-rke2r1,rancher/v2.16-head,golang.org/x/crypto,v0.47.0,gobinary,CVE-2026-39833,MEDIUM,https://avd.aquasec.com/nvd/cve-2026-39833,opt/rke2,0.52.0,false,not_affected,vulnerable_code_not_present
rancher/rke2-upgrade:v1.35.8-rke2r1,rancher/v2.16-head,golang.org/x/crypto,v0.47.0,gobinary,CVE-2026-39834,MEDIUM,https://avd.aquasec.com/nvd/cve-2026-39834,opt/rke2,0.52.0,false,not_affected,vulnerable_code_not_present
rancher/rke2-upgrade:v1.35.8-rke2r1,rancher/v2.16-head,golang.org/x/crypto,v0.47.0,gobinary,CVE-2026-39835,HIGH,https://avd.aquasec.com/nvd/cve-2026-39835,opt/rke2,0.52.0,false,not_affected,vulnerable_code_not_present
rancher/rke2-upgrade:v1.35.8-rke2r1,rancher/v2.16-head,jq,1.8.1-r0,alpine,CVE-2026-40164,HIGH,https://avd.aquasec.com/nvd/cve-2026-40164,rancher/rke2-upgrade:v1.35.8-rke2r1 (alpine 3.23.5),1.8.2-r0,false,affected,
rancher/rke2-upgrade:v1.35.8-rke2r1,rancher/v2.16-head,github.com/docker/docker,v25.0.15-0.20260325154711-d2dbc0547253+incompatible,gobinary,CVE-2026-41567,HIGH,https://avd.aquasec.com/nvd/cve-2026-41567,opt/rke2,,false,not_affected,vulnerable_code_not_present
rancher/rke2-upgrade:v1.35.8-rke2r1,rancher/v2.16-head,github.com/docker/docker,v25.0.15-0.20260325154711-d2dbc0547253+incompatible,gobinary,CVE-2026-41568,MEDIUM,https://avd.aquasec.com/nvd/cve-2026-41568,opt/rke2,,false,not_affected,vulnerable_code_not_present
rancher/rke2-upgrade:v1.35.8-rke2r1,rancher/v2.16-head,github.com/docker/docker,v25.0.15-0.20260325154711-d2dbc0547253+incompatible,gobinary,CVE-2026-42306,HIGH,https://avd.aquasec.com/nvd/cve-2026-42306,opt/rke2,,false,not_affected,vulnerable_code_not_present
rancher/rke2-upgrade:v1.35.8-rke2r1,rancher/v2.16-head,golang.org/x/crypto,v0.47.0,gobinary,CVE-2026-42508,HIGH,https://avd.aquasec.com/nvd/cve-2026-42508,opt/rke2,0.52.0,false,not_affected,vulnerable_code_not_present
rancher/rke2-upgrade:v1.35.8-rke2r1,rancher/v2.16-head,golang.org/x/crypto,v0.47.0,gobinary,CVE-2026-46595,HIGH,https://avd.aquasec.com/nvd/cve-2026-46595,opt/rke2,0.52.0,false,not_affected,vulnerable_code_not_present
rancher/rke2-upgrade:v1.35.8-rke2r1,rancher/v2.16-head,golang.org/x/crypto,v0.47.0,gobinary,CVE-2026-46597,HIGH,https://avd.aquasec.com/nvd/cve-2026-46597,opt/rke2,0.52.0,false,not_affected,vulnerable_code_not_present
rancher/rke2-upgrade:v1.35.8-rke2r1,rancher/v2.16-head,golang.org/x/crypto,v0.47.0,gobinary,CVE-2026-46598,MEDIUM,https://avd.aquasec.com/nvd/cve-2026-46598,opt/rke2,0.52.0,false,not_affected,vulnerable_code_not_present
rancher/rke2-upgrade:v1.35.8-rke2r1,rancher/v2.16-head,golang.org/x/net,v0.55.0,gobinary,CVE-2026-46600,HIGH,https://avd.aquasec.com/nvd/cve-2026-46600,opt/rke2,0.56.0,false,not_affected,vulnerable_code_not_in_execute_path
rancher/rke2-upgrade:v1.35.8-rke2r1,rancher/v2.16-head,stdlib,v1.26.5,gobinary,CVE-2026-46600,HIGH,https://avd.aquasec.com/nvd/cve-2026-46600,usr/local/bin/kubectl,"1.26.6, 1.27.0-rc.3",false,not_affected,vulnerable_code_not_in_execute_path
rancher/rke2-upgrade:v1.35.8-rke2r1,rancher/v2.16-head,github.com/pion/stun/v3,v3.1.1,gobinary,CVE-2026-54909,MEDIUM,https://avd.aquasec.com/nvd/cve-2026-54909,opt/rke2,3.1.5,false,not_affected,vulnerable_code_not_in_execute_path
rancher/rke2-upgrade:v1.35.8-rke2r1,rancher/v2.16-head,stdlib,v1.26.5,gobinary,CVE-2026-56853,HIGH,https://avd.aquasec.com/nvd/cve-2026-56853,usr/local/bin/kubectl,"1.25.13, 1.26.6, 1.27.0-rc.3",false,not_affected,vulnerable_code_not_in_execute_path
rancher/rke2-upgrade:v1.35.8-rke2r1,rancher/v2.16-head,golang.org/x/crypto,v0.47.0,gobinary,CVE-2026-56854,HIGH,https://avd.aquasec.com/nvd/cve-2026-56854,opt/rke2,0.55.0,false,not_affected,vulnerable_code_not_present
rancher/rke2-upgrade:v1.35.8-rke2r1,rancher/v2.16-head,golang.org/x/crypto,v0.47.0,gobinary,CVE-2026-56855,MEDIUM,https://avd.aquasec.com/nvd/cve-2026-56855,opt/rke2,0.56.0,false,not_affected,vulnerable_code_not_present
rancher/rke2-upgrade:v1.35.8-rke2r1,rancher/v2.16-head,stdlib,v1.26.5,gobinary,CVE-2026-56858,HIGH,https://avd.aquasec.com/nvd/cve-2026-56858,usr/local/bin/kubectl,"1.25.13, 1.26.6, 1.27.0-rc.3",false,not_affected,vulnerable_code_not_in_execute_path
rancher/rke2-upgrade:v1.35.8-rke2r1,rancher/v2.16-head,stdlib,v1.26.5,gobinary,CVE-2026-56859,HIGH,https://avd.aquasec.com/nvd/cve-2026-56859,usr/local/bin/kubectl,"1.25.13, 1.26.6, 1.27.0-rc.3",false,not_affected,vulnerable_code_not_in_execute_path
rancher/rke2-upgrade:v1.35.8-rke2r1,rancher/v2.16-head,stdlib,v1.26.5,gobinary,CVE-2026-56860,HIGH,https://avd.aquasec.com/nvd/cve-2026-56860,usr/local/bin/kubectl,"1.25.13, 1.26.6, 1.27.0-rc.3",false,not_affected,vulnerable_code_not_in_execute_path
rancher/rke2-upgrade:v1.35.8-rke2r1,rancher/v2.16-head,stdlib,v1.26.5,gobinary,CVE-2026-56862,HIGH,https://avd.aquasec.com/nvd/cve-2026-56862,usr/local/bin/kubectl,"1.25.13, 1.26.6, 1.27.0-rc.3",false,not_affected,vulnerable_code_not_in_execute_path
rancher/rke2-upgrade:v1.35.8-rke2r1,rancher/v2.16-head,golang.org/x/crypto,v0.47.0,gobinary,CVE-2026-78662,MEDIUM,https://avd.aquasec.com/nvd/cve-2026-78662,opt/rke2,0.56.0,false,not_affected,vulnerable_code_not_present
rancher/rke2-upgrade:v1.35.8-rke2r1,rancher/v2.16-head,google.golang.org/grpc,v1.72.2,gobinary,CVE-2026-84303,MEDIUM,https://avd.aquasec.com/nvd/cve-2026-84303,opt/rke2,1.83.1,false,not_affected,vulnerable_code_not_present
rancher/rke2-upgrade:v1.35.8-rke2r1,rancher/v2.16-head,google.golang.org/grpc,v1.72.2,gobinary,CVE-2026-84304,HIGH,https://avd.aquasec.com/nvd/cve-2026-84304,opt/rke2,1.83.1,false,affected,
rancher/rke2-upgrade:v1.35.8-rke2r1,rancher/v2.16-head,google.golang.org/grpc,v1.72.2,gobinary,CVE-2026-84445,HIGH,https://avd.aquasec.com/nvd/cve-2026-84445,opt/rke2,"1.82.2, 1.83.2, 1.85.0-dev.0.20260825072537-93e31b48545e",false,affected,
rancher/rke2-upgrade:v1.35.8-rke2r1,rancher/v2.16-head,google.golang.org/grpc,v1.72.2,gobinary,GHSA-hrxh-6v49-42gf,HIGH,https://github.com/advisories/GHSA-hrxh-6v49-42gf,opt/rke2,1.82.1,false,affected,
rancher/rke2-upgrade:v1.36.4-rke2r1,rancher/v2.16-head,libcrypto3,3.5.7-r0,alpine,CVE-2026-14456,HIGH,https://avd.aquasec.com/nvd/cve-2026-14456,rancher/rke2-upgrade:v1.36.4-rke2r1 (alpine 3.23.5),3.5.8-r0,false,affected,
rancher/rke2-upgrade:v1.36.4-rke2r1,rancher/v2.16-head,libssl3,3.5.7-r0,alpine,CVE-2026-14456,HIGH,https://avd.aquasec.com/nvd/cve-2026-14456,rancher/rke2-upgrade:v1.36.4-rke2r1 (alpine 3.23.5),3.5.8-r0,false,affected,
rancher/rke2-upgrade:v1.36.4-rke2r1,rancher/v2.16-head,jq,1.8.1-r0,alpine,CVE-2026-32316,HIGH,https://avd.aquasec.com/nvd/cve-2026-32316,rancher/rke2-upgrade:v1.36.4-rke2r1 (alpine 3.23.5),1.8.2-r0,false,affected,
rancher/rke2-upgrade:v1.36.4-rke2r1,rancher/v2.16-head,stdlib,v1.26.5,gobinary,CVE-2026-33818,HIGH,https://avd.aquasec.com/nvd/cve-2026-33818,usr/local/bin/kubectl,"1.25.13, 1.26.6, 1.27.0-rc.3",false,not_affected,vulnerable_code_not_in_execute_path
rancher/rke2-upgrade:v1.36.4-rke2r1,rancher/v2.16-head,github.com/docker/docker,v25.0.15-0.20260325154711-d2dbc0547253+incompatible,gobinary,CVE-2026-33997,HIGH,https://avd.aquasec.com/nvd/cve-2026-33997,opt/rke2,29.3.1,false,affected,severity_changed_due_to_suse_cvss_score
rancher/rke2-upgrade:v1.36.4-rke2r1,rancher/v2.16-head,stdlib,v1.26.5,gobinary,CVE-2026-39821,HIGH,https://avd.aquasec.com/nvd/cve-2026-39821,usr/local/bin/kubectl,"1.25.13, 1.26.6, 1.27.0-rc.3",false,not_affected,vulnerable_code_not_in_execute_path
rancher/rke2-upgrade:v1.36.4-rke2r1,rancher/v2.16-head,golang.org/x/crypto,v0.47.0,gobinary,CVE-2026-39827,MEDIUM,https://avd.aquasec.com/nvd/cve-2026-39827,opt/rke2,0.52.0,false,not_affected,vulnerable_code_not_present
rancher/rke2-upgrade:v1.36.4-rke2r1,rancher/v2.16-head,golang.org/x/crypto,v0.47.0,gobinary,CVE-2026-39828,HIGH,https://avd.aquasec.com/nvd/cve-2026-39828,opt/rke2,0.52.0,false,not_affected,vulnerable_code_not_present
rancher/rke2-upgrade:v1.36.4-rke2r1,rancher/v2.16-head,golang.org/x/crypto,v0.47.0,gobinary,CVE-2026-39829,HIGH,https://avd.aquasec.com/nvd/cve-2026-39829,opt/rke2,0.52.0,false,not_affected,vulnerable_code_not_present
rancher/rke2-upgrade:v1.36.4-rke2r1,rancher/v2.16-head,golang.org/x/crypto,v0.47.0,gobinary,CVE-2026-39830,HIGH,https://avd.aquasec.com/nvd/cve-2026-39830,opt/rke2,0.52.0,false,not_affected,vulnerable_code_not_present
rancher/rke2-upgrade:v1.36.4-rke2r1,rancher/v2.16-head,golang.org/x/crypto,v0.47.0,gobinary,CVE-2026-39831,HIGH,https://avd.aquasec.com/nvd/cve-2026-39831,opt/rke2,0.52.0,false,not_affected,vulnerable_code_not_present
rancher/rke2-upgrade:v1.36.4-rke2r1,rancher/v2.16-head,golang.org/x/crypto,v0.47.0,gobinary,CVE-2026-39832,HIGH,https://avd.aquasec.com/nvd/cve-2026-39832,opt/rke2,0.52.0,false,not_affected,vulnerable_code_not_present
rancher/rke2-upgrade:v1.36.4-rke2r1,rancher/v2.16-head,golang.org/x/crypto,v0.47.0,gobinary,CVE-2026-39833,MEDIUM,https://avd.aquasec.com/nvd/cve-2026-39833,opt/rke2,0.52.0,false,not_affected,vulnerable_code_not_present
rancher/rke2-upgrade:v1.36.4-rke2r1,rancher/v2.16-head,golang.org/x/crypto,v0.47.0,gobinary,CVE-2026-39834,MEDIUM,https://avd.aquasec.com/nvd/cve-2026-39834,opt/rke2,0.52.0,false,not_affected,vulnerable_code_not_present
rancher/rke2-upgrade:v1.36.4-rke2r1,rancher/v2.16-head,golang.org/x/crypto,v0.47.0,gobinary,CVE-2026-39835,HIGH,https://avd.aquasec.com/nvd/cve-2026-39835,opt/rke2,0.52.0,false,not_affected,vulnerable_code_not_present
rancher/rke2-upgrade:v1.36.4-rke2r1,rancher/v2.16-head,jq,1.8.1-r0,alpine,CVE-2026-40164,HIGH,https://avd.aquasec.com/nvd/cve-2026-40164,rancher/rke2-upgrade:v1.36.4-rke2r1 (alpine 3.23.5),1.8.2-r0,false,affected,
rancher/rke2-upgrade:v1.36.4-rke2r1,rancher/v2.16-head,github.com/docker/docker,v25.0.15-0.20260325154711-d2dbc0547253+incompatible,gobinary,CVE-2026-41567,HIGH,https://avd.aquasec.com/nvd/cve-2026-41567,opt/rke2,,false,not_affected,vulnerable_code_not_present
rancher/rke2-upgrade:v1.36.4-rke2r1,rancher/v2.16-head,github.com/docker/docker,v25.0.15-0.20260325154711-d2dbc0547253+incompatible,gobinary,CVE-2026-41568,MEDIUM,https://avd.aquasec.com/nvd/cve-2026-41568,opt/rke2,,false,not_affected,vulnerable_code_not_present
rancher/rke2-upgrade:v1.36.4-rke2r1,rancher/v2.16-head,github.com/docker/docker,v25.0.15-0.20260325154711-d2dbc0547253+incompatible,gobinary,CVE-2026-42306,HIGH,https://avd.aquasec.com/nvd/cve-2026-42306,opt/rke2,,false,not_affected,vulnerable_code_not_present
rancher/rke2-upgrade:v1.36.4-rke2r1,rancher/v2.16-head,golang.org/x/crypto,v0.47.0,gobinary,CVE-2026-42508,HIGH,https://avd.aquasec.com/nvd/cve-2026-42508,opt/rke2,0.52.0,false,not_affected,vulnerable_code_not_present
rancher/rke2-upgrade:v1.36.4-rke2r1,rancher/v2.16-head,golang.org/x/crypto,v0.47.0,gobinary,CVE-2026-46595,HIGH,https://avd.aquasec.com/nvd/cve-2026-46595,opt/rke2,0.52.0,false,not_affected,vulnerable_code_not_present
rancher/rke2-upgrade:v1.36.4-rke2r1,rancher/v2.16-head,golang.org/x/crypto,v0.47.0,gobinary,CVE-2026-46597,HIGH,https://avd.aquasec.com/nvd/cve-2026-46597,opt/rke2,0.52.0,false,not_affected,vulnerable_code_not_present
rancher/rke2-upgrade:v1.36.4-rke2r1,rancher/v2.16-head,golang.org/x/crypto,v0.47.0,gobinary,CVE-2026-46598,MEDIUM,https://avd.aquasec.com/nvd/cve-2026-46598,opt/rke2,0.52.0,false,not_affected,vulnerable_code_not_present
rancher/rke2-upgrade:v1.36.4-rke2r1,rancher/v2.16-head,golang.org/x/net,v0.55.0,gobinary,CVE-2026-46600,HIGH,https://avd.aquasec.com/nvd/cve-2026-46600,opt/rke2,0.56.0,false,not_affected,vulnerable_code_not_in_execute_path
rancher/rke2-upgrade:v1.36.4-rke2r1,rancher/v2.16-head,stdlib,v1.26.5,gobinary,CVE-2026-46600,HIGH,https://avd.aquasec.com/nvd/cve-2026-46600,usr/local/bin/kubectl,"1.26.6, 1.27.0-rc.3",false,not_affected,vulnerable_code_not_in_execute_path
rancher/rke2-upgrade:v1.36.4-rke2r1,rancher/v2.16-head,github.com/pion/stun/v3,v3.1.1,gobinary,CVE-2026-54909,MEDIUM,https://avd.aquasec.com/nvd/cve-2026-54909,opt/rke2,3.1.5,false,not_affected,vulnerable_code_not_in_execute_path
rancher/rke2-upgrade:v1.36.4-rke2r1,rancher/v2.16-head,stdlib,v1.26.5,gobinary,CVE-2026-56853,HIGH,https://avd.aquasec.com/nvd/cve-2026-56853,usr/local/bin/kubectl,"1.25.13, 1.26.6, 1.27.0-rc.3",false,not_affected,vulnerable_code_not_in_execute_path
rancher/rke2-upgrade:v1.36.4-rke2r1,rancher/v2.16-head,golang.org/x/crypto,v0.47.0,gobinary,CVE-2026-56854,HIGH,https://avd.aquasec.com/nvd/cve-2026-56854,opt/rke2,0.55.0,false,not_affected,vulnerable_code_not_present
rancher/rke2-upgrade:v1.36.4-rke2r1,rancher/v2.16-head,golang.org/x/crypto,v0.47.0,gobinary,CVE-2026-56855,MEDIUM,https://avd.aquasec.com/nvd/cve-2026-56855,opt/rke2,0.56.0,false,not_affected,vulnerable_code_not_present
rancher/rke2-upgrade:v1.36.4-rke2r1,rancher/v2.16-head,stdlib,v1.26.5,gobinary,CVE-2026-56858,HIGH,https://avd.aquasec.com/nvd/cve-2026-56858,usr/local/bin/kubectl,"1.25.13, 1.26.6, 1.27.0-rc.3",false,not_affected,vulnerable_code_not_in_execute_path
rancher/rke2-upgrade:v1.36.4-rke2r1,rancher/v2.16-head,stdlib,v1.26.5,gobinary,CVE-2026-56859,HIGH,https://avd.aquasec.com/nvd/cve-2026-56859,usr/local/bin/kubectl,"1.25.13, 1.26.6, 1.27.0-rc.3",false,not_affected,vulnerable_code_not_in_execute_path
rancher/rke2-upgrade:v1.36.4-rke2r1,rancher/v2.16-head,stdlib,v1.26.5,gobinary,CVE-2026-56860,HIGH,https://avd.aquasec.com/nvd/cve-2026-56860,usr/local/bin/kubectl,"1.25.13, 1.26.6, 1.27.0-rc.3",false,not_affected,vulnerable_code_not_in_execute_path
rancher/rke2-upgrade:v1.36.4-rke2r1,rancher/v2.16-head,stdlib,v1.26.5,gobinary,CVE-2026-56862,HIGH,https://avd.aquasec.com/nvd/cve-2026-56862,usr/local/bin/kubectl,"1.25.13, 1.26.6, 1.27.0-rc.3",false,not_affected,vulnerable_code_not_in_execute_path
rancher/rke2-upgrade:v1.36.4-rke2r1,rancher/v2.16-head,golang.org/x/crypto,v0.47.0,gobinary,CVE-2026-78662,MEDIUM,https://avd.aquasec.com/nvd/cve-2026-78662,opt/rke2,0.56.0,false,not_affected,vulnerable_code_not_present
rancher/rke2-upgrade:v1.36.4-rke2r1,rancher/v2.16-head,google.golang.org/grpc,v1.79.3,gobinary,CVE-2026-84303,MEDIUM,https://avd.aquasec.com/nvd/cve-2026-84303,opt/rke2,1.83.1,false,not_affected,vulnerable_code_not_present
rancher/rke2-upgrade:v1.36.4-rke2r1,rancher/v2.16-head,google.golang.org/grpc,v1.79.3,gobinary,CVE-2026-84304,HIGH,https://avd.aquasec.com/nvd/cve-2026-84304,opt/rke2,1.83.1,false,affected,
rancher/rke2-upgrade:v1.36.4-rke2r1,rancher/v2.16-head,google.golang.org/grpc,v1.79.3,gobinary,CVE-2026-84445,HIGH,https://avd.aquasec.com/nvd/cve-2026-84445,opt/rke2,"1.82.2, 1.83.2, 1.85.0-dev.0.20260825072537-93e31b48545e",false,affected,
rancher/rke2-upgrade:v1.36.4-rke2r1,rancher/v2.16-head,google.golang.org/grpc,v1.79.3,gobinary,GHSA-hrxh-6v49-42gf,HIGH,https://github.com/advisories/GHSA-hrxh-6v49-42gf,opt/rke2,1.82.1,false,affected,
rancher/rke2-upgrade:v1.37.0-rke2r1,rancher/v2.16-head,libcrypto3,3.5.7-r0,alpine,CVE-2026-14456,HIGH,https://avd.aquasec.com/nvd/cve-2026-14456,rancher/rke2-upgrade:v1.37.0-rke2r1 (alpine 3.23.5),3.5.8-r0,false,affected,
rancher/rke2-upgrade:v1.37.0-rke2r1,rancher/v2.16-head,libssl3,3.5.7-r0,alpine,CVE-2026-14456,HIGH,https://avd.aquasec.com/nvd/cve-2026-14456,rancher/rke2-upgrade:v1.37.0-rke2r1 (alpine 3.23.5),3.5.8-r0,false,affected,
rancher/rke2-upgrade:v1.37.0-rke2r1,rancher/v2.16-head,github.com/docker/docker,v25.0.15-0.20260325154711-d2dbc0547253+incompatible,gobinary,CVE-2026-33997,HIGH,https://avd.aquasec.com/nvd/cve-2026-33997,opt/rke2,29.3.1,false,affected,severity_changed_due_to_suse_cvss_score
rancher/rke2-upgrade:v1.37.0-rke2r1,rancher/v2.16-head,github.com/docker/docker,v25.0.15-0.20260325154711-d2dbc0547253+incompatible,gobinary,CVE-2026-41567,HIGH,https://avd.aquasec.com/nvd/cve-2026-41567,opt/rke2,,false,not_affected,vulnerable_code_not_present
rancher/rke2-upgrade:v1.37.0-rke2r1,rancher/v2.16-head,github.com/docker/docker,v25.0.15-0.20260325154711-d2dbc0547253+incompatible,gobinary,CVE-2026-41568,MEDIUM,https://avd.aquasec.com/nvd/cve-2026-41568,opt/rke2,,false,not_affected,vulnerable_code_not_present
rancher/rke2-upgrade:v1.37.0-rke2r1,rancher/v2.16-head,github.com/docker/docker,v25.0.15-0.20260325154711-d2dbc0547253+incompatible,gobinary,CVE-2026-42306,HIGH,https://avd.aquasec.com/nvd/cve-2026-42306,opt/rke2,,false,not_affected,vulnerable_code_not_present
rancher/rke2-upgrade:v1.37.0-rke2r1,rancher/v2.16-head,github.com/pion/stun/v3,v3.1.1,gobinary,CVE-2026-54909,MEDIUM,https://avd.aquasec.com/nvd/cve-2026-54909,opt/rke2,3.1.5,false,not_affected,vulnerable_code_not_in_execute_path
rancher/rke2-upgrade:v1.37.0-rke2r1,rancher/v2.16-head,golang.org/x/crypto,v0.55.0,gobinary,CVE-2026-56855,MEDIUM,https://avd.aquasec.com/nvd/cve-2026-56855,opt/rke2,0.56.0,false,not_affected,vulnerable_code_not_present
rancher/rke2-upgrade:v1.37.0-rke2r1,rancher/v2.16-head,golang.org/x/crypto,v0.55.0,gobinary,CVE-2026-78662,MEDIUM,https://avd.aquasec.com/nvd/cve-2026-78662,opt/rke2,0.56.0,false,not_affected,vulnerable_code_not_present
rancher/shell:v0.8.1,rancher/v2.16-head,golang.org/x/net,v0.49.0,gobinary,CVE-2026-25680,MEDIUM,https://avd.aquasec.com/nvd/cve-2026-25680,usr/bin/kubectl1.36,0.55.0,false,not_affected,vulnerable_code_not_present
rancher/shell:v0.8.1,rancher/v2.16-head,golang.org/x/net,v0.49.0,gobinary,CVE-2026-25681,HIGH,https://avd.aquasec.com/nvd/cve-2026-25681,usr/bin/kubectl1.36,0.55.0,false,not_affected,vulnerable_code_not_present
rancher/shell:v0.8.1,rancher/v2.16-head,golang.org/x/net,v0.49.0,gobinary,CVE-2026-27136,HIGH,https://avd.aquasec.com/nvd/cve-2026-27136,usr/bin/kubectl1.36,0.55.0,false,not_affected,vulnerable_code_not_present
rancher/shell:v0.8.1,rancher/v2.16-head,golang.org/x/net,v0.49.0,gobinary,CVE-2026-33814,HIGH,https://avd.aquasec.com/nvd/cve-2026-33814,usr/bin/kubectl1.36,0.53.0,false,not_affected,vulnerable_code_not_in_execute_path
rancher/shell:v0.8.1,rancher/v2.16-head,stdlib,v1.25.12,gobinary,CVE-2026-33818,HIGH,https://avd.aquasec.com/nvd/cve-2026-33818,usr/bin/k9s,"1.25.13, 1.26.6, 1.27.0-rc.3",false,affected,
rancher/shell:v0.8.1,rancher/v2.16-head,stdlib,v1.26.5,gobinary,CVE-2026-33818,HIGH,https://avd.aquasec.com/nvd/cve-2026-33818,usr/bin/helm,"1.25.13, 1.26.6, 1.27.0-rc.3",false,affected,
rancher/shell:v0.8.1,rancher/v2.16-head,stdlib,v1.26.5,gobinary,CVE-2026-33818,HIGH,https://avd.aquasec.com/nvd/cve-2026-33818,usr/bin/kubectl1.36,"1.25.13, 1.26.6, 1.27.0-rc.3",false,not_affected,vulnerable_code_not_in_execute_path
rancher/shell:v0.8.1,rancher/v2.16-head,golang.org/x/net,v0.49.0,gobinary,CVE-2026-39821,HIGH,https://avd.aquasec.com/nvd/cve-2026-39821,usr/bin/kubectl1.36,0.55.0,false,not_affected,vulnerable_code_not_in_execute_path
rancher/shell:v0.8.1,rancher/v2.16-head,stdlib,v1.25.12,gobinary,CVE-2026-39821,HIGH,https://avd.aquasec.com/nvd/cve-2026-39821,usr/bin/k9s,"1.25.13, 1.26.6, 1.27.0-rc.3",false,affected,
rancher/shell:v0.8.1,rancher/v2.16-head,stdlib,v1.26.5,gobinary,CVE-2026-39821,HIGH,https://avd.aquasec.com/nvd/cve-2026-39821,usr/bin/helm,"1.25.13, 1.26.6, 1.27.0-rc.3",false,affected,
rancher/shell:v0.8.1,rancher/v2.16-head,stdlib,v1.26.5,gobinary,CVE-2026-39821,HIGH,https://avd.aquasec.com/nvd/cve-2026-39821,usr/bin/kubectl1.36,"1.25.13, 1.26.6, 1.27.0-rc.3",false,not_affected,vulnerable_code_not_in_execute_path
rancher/shell:v0.8.1,rancher/v2.16-head,golang.org/x/net,v0.49.0,gobinary,CVE-2026-42502,MEDIUM,https://avd.aquasec.com/nvd/cve-2026-42502,usr/bin/kubectl1.36,0.55.0,false,not_affected,vulnerable_code_not_present
rancher/shell:v0.8.1,rancher/v2.16-head,golang.org/x/net,v0.49.0,gobinary,CVE-2026-42506,MEDIUM,https://avd.aquasec.com/nvd/cve-2026-42506,usr/bin/kubectl1.36,0.55.0,false,not_affected,vulnerable_code_not_present
rancher/shell:v0.8.1,rancher/v2.16-head,golang.org/x/net,v0.49.0,gobinary,CVE-2026-46600,HIGH,https://avd.aquasec.com/nvd/cve-2026-46600,usr/bin/kubectl1.36,0.56.0,false,not_affected,vulnerable_code_not_present
rancher/shell:v0.8.1,rancher/v2.16-head,stdlib,v1.26.5,gobinary,CVE-2026-46600,HIGH,https://avd.aquasec.com/nvd/cve-2026-46600,usr/bin/helm,"1.26.6, 1.27.0-rc.3",false,not_affected,vulnerable_code_not_in_execute_path
rancher/shell:v0.8.1,rancher/v2.16-head,stdlib,v1.26.5,gobinary,CVE-2026-46600,HIGH,https://avd.aquasec.com/nvd/cve-2026-46600,usr/bin/kubectl1.36,"1.26.6, 1.27.0-rc.3",false,not_affected,vulnerable_code_not_in_execute_path
rancher/shell:v0.8.1,rancher/v2.16-head,github.com/containerd/containerd/v2,v2.2.4,gobinary,CVE-2026-47262,MEDIUM,https://avd.aquasec.com/nvd/cve-2026-47262,usr/bin/k9s,"2.0.10, 2.1.9, 2.2.5, 2.3.2",false,not_affected,vulnerable_code_not_present
rancher/shell:v0.8.1,rancher/v2.16-head,oras.land/oras-go/v2,v2.6.1,gobinary,CVE-2026-50163,HIGH,https://avd.aquasec.com/nvd/cve-2026-50163,usr/bin/helm,2.6.2,false,not_affected,vulnerable_code_not_present
rancher/shell:v0.8.1,rancher/v2.16-head,oras.land/oras-go/v2,v2.6.1,gobinary,CVE-2026-50163,HIGH,https://avd.aquasec.com/nvd/cve-2026-50163,usr/bin/k9s,2.6.2,false,not_affected,vulnerable_code_not_present
rancher/shell:v0.8.1,rancher/v2.16-head,github.com/containerd/containerd/v2,v2.2.4,gobinary,CVE-2026-50195,MEDIUM,https://avd.aquasec.com/nvd/cve-2026-50195,usr/bin/k9s,"2.1.9, 2.2.5, 2.3.2",false,not_affected,vulnerable_code_not_present
rancher/shell:v0.8.1,rancher/v2.16-head,github.com/containerd/containerd,v1.7.32,gobinary,CVE-2026-53488,HIGH,https://avd.aquasec.com/nvd/cve-2026-53488,usr/bin/k9s,1.7.33,false,affected,
rancher/shell:v0.8.1,rancher/v2.16-head,github.com/containerd/containerd/v2,v2.2.4,gobinary,CVE-2026-53488,HIGH,https://avd.aquasec.com/nvd/cve-2026-53488,usr/bin/k9s,"2.0.10, 2.1.9, 2.2.5, 2.3.2",false,not_affected,vulnerable_code_not_present
rancher/shell:v0.8.1,rancher/v2.16-head,github.com/containerd/containerd/v2,v2.2.4,gobinary,CVE-2026-53489,HIGH,https://avd.aquasec.com/nvd/cve-2026-53489,usr/bin/k9s,"2.1.9, 2.2.5, 2.3.2",false,not_affected,vulnerable_code_not_present
rancher/shell:v0.8.1,rancher/v2.16-head,github.com/containerd/containerd/v2,v2.2.4,gobinary,CVE-2026-53492,HIGH,https://avd.aquasec.com/nvd/cve-2026-53492,usr/bin/k9s,"2.1.9, 2.2.5, 2.3.2",false,not_affected,vulnerable_code_not_present
rancher/shell:v0.8.1,rancher/v2.16-head,golang.org/x/text,v0.33.0,gobinary,CVE-2026-56852,HIGH,https://avd.aquasec.com/nvd/cve-2026-56852,usr/bin/kubectl1.36,0.39.0,false,not_affected,vulnerable_code_not_in_execute_path
rancher/shell:v0.8.1,rancher/v2.16-head,stdlib,v1.25.12,gobinary,CVE-2026-56853,HIGH,https://avd.aquasec.com/nvd/cve-2026-56853,usr/bin/k9s,"1.25.13, 1.26.6, 1.27.0-rc.3",false,not_affected,vulnerable_code_not_in_execute_path
rancher/shell:v0.8.1,rancher/v2.16-head,stdlib,v1.26.5,gobinary,CVE-2026-56853,HIGH,https://avd.aquasec.com/nvd/cve-2026-56853,usr/bin/helm,"1.25.13, 1.26.6, 1.27.0-rc.3",false,affected,
rancher/shell:v0.8.1,rancher/v2.16-head,stdlib,v1.26.5,gobinary,CVE-2026-56853,HIGH,https://avd.aquasec.com/nvd/cve-2026-56853,usr/bin/kubectl1.36,"1.25.13, 1.26.6, 1.27.0-rc.3",false,not_affected,vulnerable_code_not_in_execute_path
rancher/shell:v0.8.1,rancher/v2.16-head,golang.org/x/crypto,v0.52.0,gobinary,CVE-2026-56854,HIGH,https://avd.aquasec.com/nvd/cve-2026-56854,usr/bin/k9s,0.55.0,false,not_affected,vulnerable_code_not_in_execute_path
rancher/shell:v0.8.1,rancher/v2.16-head,golang.org/x/crypto,v0.54.0,gobinary,CVE-2026-56854,HIGH,https://avd.aquasec.com/nvd/cve-2026-56854,usr/bin/helm,0.55.0,false,not_affected,vulnerable_code_not_present
rancher/shell:v0.8.1,rancher/v2.16-head,golang.org/x/crypto,v0.52.0,gobinary,CVE-2026-56855,HIGH,https://avd.aquasec.com/nvd/cve-2026-56855,usr/bin/k9s,0.56.0,false,affected,severity_changed_due_to_suse_cvss_score
rancher/shell:v0.8.1,rancher/v2.16-head,golang.org/x/crypto,v0.54.0,gobinary,CVE-2026-56855,MEDIUM,https://avd.aquasec.com/nvd/cve-2026-56855,usr/bin/helm,0.56.0,false,not_affected,vulnerable_code_not_present
rancher/shell:v0.8.1,rancher/v2.16-head,stdlib,v1.26.5,gobinary,CVE-2026-56858,HIGH,https://avd.aquasec.com/nvd/cve-2026-56858,usr/bin/kubectl1.36,"1.25.13, 1.26.6, 1.27.0-rc.3",false,not_affected,vulnerable_code_not_in_execute_path
rancher/shell:v0.8.1,rancher/v2.16-head,stdlib,v1.25.12,gobinary,CVE-2026-56859,HIGH,https://avd.aquasec.com/nvd/cve-2026-56859,usr/bin/k9s,"1.25.13, 1.26.6, 1.27.0-rc.3",false,affected,
rancher/shell:v0.8.1,rancher/v2.16-head,stdlib,v1.26.5,gobinary,CVE-2026-56859,HIGH,https://avd.aquasec.com/nvd/cve-2026-56859,usr/bin/helm,"1.25.13, 1.26.6, 1.27.0-rc.3",false,affected,
rancher/shell:v0.8.1,rancher/v2.16-head,stdlib,v1.26.5,gobinary,CVE-2026-56859,HIGH,https://avd.aquasec.com/nvd/cve-2026-56859,usr/bin/kubectl1.36,"1.25.13, 1.26.6, 1.27.0-rc.3",false,not_affected,vulnerable_code_not_in_execute_path
rancher/shell:v0.8.1,rancher/v2.16-head,stdlib,v1.26.5,gobinary,CVE-2026-56860,HIGH,https://avd.aquasec.com/nvd/cve-2026-56860,usr/bin/kubectl1.36,"1.25.13, 1.26.6, 1.27.0-rc.3",false,not_affected,vulnerable_code_not_in_execute_path
rancher/shell:v0.8.1,rancher/v2.16-head,stdlib,v1.25.12,gobinary,CVE-2026-56862,HIGH,https://avd.aquasec.com/nvd/cve-2026-56862,usr/bin/k9s,"1.25.13, 1.26.6, 1.27.0-rc.3",false,affected,
rancher/shell:v0.8.1,rancher/v2.16-head,stdlib,v1.26.5,gobinary,CVE-2026-56862,HIGH,https://avd.aquasec.com/nvd/cve-2026-56862,usr/bin/helm,"1.25.13, 1.26.6, 1.27.0-rc.3",false,affected,
rancher/shell:v0.8.1,rancher/v2.16-head,stdlib,v1.26.5,gobinary,CVE-2026-56862,HIGH,https://avd.aquasec.com/nvd/cve-2026-56862,usr/bin/kubectl1.36,"1.25.13, 1.26.6, 1.27.0-rc.3",false,not_affected,vulnerable_code_not_in_execute_path
rancher/shell:v0.8.1,rancher/v2.16-head,golang.org/x/mod,v0.37.0,gobinary,CVE-2026-56864,HIGH,https://avd.aquasec.com/nvd/cve-2026-56864,usr/bin/k9s,0.40.0,false,not_affected,vulnerable_code_not_present
rancher/shell:v0.8.1,rancher/v2.16-head,golang.org/x/mod,v0.37.0,gobinary,CVE-2026-56865,HIGH,https://avd.aquasec.com/nvd/cve-2026-56865,usr/bin/k9s,0.40.0,false,not_affected,vulnerable_code_not_present
rancher/shell:v0.8.1,rancher/v2.16-head,github.com/go-git/go-git/v5,v5.19.1,gobinary,CVE-2026-71556,HIGH,https://avd.aquasec.com/nvd/cve-2026-71556,usr/bin/k9s,5.19.2,false,affected,
rancher/shell:v0.8.1,rancher/v2.16-head,golang.org/x/crypto,v0.52.0,gobinary,CVE-2026-78662,HIGH,https://avd.aquasec.com/nvd/cve-2026-78662,usr/bin/k9s,0.56.0,false,affected,severity_changed_due_to_suse_cvss_score
rancher/shell:v0.8.1,rancher/v2.16-head,golang.org/x/crypto,v0.54.0,gobinary,CVE-2026-78662,MEDIUM,https://avd.aquasec.com/nvd/cve-2026-78662,usr/bin/helm,0.56.0,false,not_affected,vulnerable_code_not_present
rancher/shell:v0.8.1,rancher/v2.16-head,google.golang.org/grpc,v1.79.3,gobinary,CVE-2026-84303,CRITICAL,https://avd.aquasec.com/nvd/cve-2026-84303,usr/bin/k9s,1.83.1,false,affected,severity_changed_due_to_suse_cvss_score
rancher/shell:v0.8.1,rancher/v2.16-head,google.golang.org/grpc,v1.79.3,gobinary,CVE-2026-84304,HIGH,https://avd.aquasec.com/nvd/cve-2026-84304,usr/bin/k9s,1.83.1,false,affected,
rancher/shell:v0.8.1,rancher/v2.16-head,google.golang.org/grpc,v1.79.3,gobinary,CVE-2026-84445,HIGH,https://avd.aquasec.com/nvd/cve-2026-84445,usr/bin/k9s,"1.82.2, 1.83.2, 1.85.0-dev.0.20260825072537-93e31b48545e",false,affected,
rancher/shell:v0.8.1,rancher/v2.16-head,oras.land/oras-go/v2,v2.6.1,gobinary,CVE-2026-85731,HIGH,https://avd.aquasec.com/nvd/cve-2026-85731,usr/bin/helm,2.6.2,false,affected,
rancher/shell:v0.8.1,rancher/v2.16-head,oras.land/oras-go/v2,v2.6.1,gobinary,CVE-2026-85731,HIGH,https://avd.aquasec.com/nvd/cve-2026-85731,usr/bin/k9s,2.6.2,false,affected,
rancher/shell:v0.8.1,rancher/v2.16-head,google.golang.org/grpc,v1.79.3,gobinary,GHSA-hrxh-6v49-42gf,HIGH,https://github.com/advisories/GHSA-hrxh-6v49-42gf,usr/bin/k9s,1.82.1,false,affected,
rancher/shell:v0.8.1,rancher/v2.16-head,libssh-config,0.11.4-160000.1.1,sles,SUSE-SU-2026:22948-1,MEDIUM,,rancher/shell:v0.8.1 (sles 16.0),0.11.5-160000.1.1,false,not_affected,vulnerable_code_not_in_execute_path
rancher/shell:v0.8.1,rancher/v2.16-head,libssh4,0.11.4-160000.1.1,sles,SUSE-SU-2026:22948-1,MEDIUM,,rancher/shell:v0.8.1 (sles 16.0),0.11.5-160000.1.1,false,not_affected,vulnerable_code_not_in_execute_path
rancher/shell:v0.8.1,rancher/v2.16-head,libssh-config,0.11.4-160000.1.1,sles,SUSE-SU-2026:22956-1,MEDIUM,,rancher/shell:v0.8.1 (sles 16.0),0.11.5-160000.1.1,false,not_affected,vulnerable_code_not_in_execute_path
rancher/shell:v0.8.1,rancher/v2.16-head,libssh4,0.11.4-160000.1.1,sles,SUSE-SU-2026:22956-1,MEDIUM,,rancher/shell:v0.8.1 (sles 16.0),0.11.5-160000.1.1,false,not_affected,vulnerable_code_not_in_execute_path
rancher/system-agent:v0.16.0-rc.1-suc,rancher/v2.16-head,golang.org/x/net,v0.49.0,gobinary,CVE-2026-25680,MEDIUM,https://avd.aquasec.com/nvd/cve-2026-25680,usr/bin/kubectl,0.55.0,false,not_affected,vulnerable_code_not_present
rancher/system-agent:v0.16.0-rc.1-suc,rancher/v2.16-head,golang.org/x/net,v0.49.0,gobinary,CVE-2026-25681,HIGH,https://avd.aquasec.com/nvd/cve-2026-25681,usr/bin/kubectl,0.55.0,false,not_affected,vulnerable_code_not_present
rancher/system-agent:v0.16.0-rc.1-suc,rancher/v2.16-head,golang.org/x/net,v0.49.0,gobinary,CVE-2026-27136,HIGH,https://avd.aquasec.com/nvd/cve-2026-27136,usr/bin/kubectl,0.55.0,false,not_affected,vulnerable_code_not_present
rancher/system-agent:v0.16.0-rc.1-suc,rancher/v2.16-head,golang.org/x/net,v0.49.0,gobinary,CVE-2026-33814,HIGH,https://avd.aquasec.com/nvd/cve-2026-33814,usr/bin/kubectl,0.53.0,false,not_affected,vulnerable_code_not_in_execute_path
rancher/system-agent:v0.16.0-rc.1-suc,rancher/v2.16-head,stdlib,v1.26.4,gobinary,CVE-2026-33818,HIGH,https://avd.aquasec.com/nvd/cve-2026-33818,usr/bin/kubectl,"1.25.13, 1.26.6, 1.27.0-rc.3",false,affected,
rancher/system-agent:v0.16.0-rc.1-suc,rancher/v2.16-head,golang.org/x/net,v0.49.0,gobinary,CVE-2026-39821,HIGH,https://avd.aquasec.com/nvd/cve-2026-39821,usr/bin/kubectl,0.55.0,false,not_affected,vulnerable_code_not_in_execute_path
rancher/system-agent:v0.16.0-rc.1-suc,rancher/v2.16-head,stdlib,v1.26.4,gobinary,CVE-2026-39821,HIGH,https://avd.aquasec.com/nvd/cve-2026-39821,usr/bin/kubectl,"1.25.13, 1.26.6, 1.27.0-rc.3",false,affected,
rancher/system-agent:v0.16.0-rc.1-suc,rancher/v2.16-head,stdlib,v1.26.4,gobinary,CVE-2026-39822,HIGH,https://avd.aquasec.com/nvd/cve-2026-39822,usr/bin/kubectl,"1.25.12, 1.26.5, 1.27.0-rc.2",false,not_affected,vulnerable_code_not_in_execute_path
rancher/system-agent:v0.16.0-rc.1-suc,rancher/v2.16-head,golang.org/x/net,v0.49.0,gobinary,CVE-2026-42502,MEDIUM,https://avd.aquasec.com/nvd/cve-2026-42502,usr/bin/kubectl,0.55.0,false,not_affected,vulnerable_code_not_present
rancher/system-agent:v0.16.0-rc.1-suc,rancher/v2.16-head,stdlib,v1.26.4,gobinary,CVE-2026-42505,MEDIUM,https://avd.aquasec.com/nvd/cve-2026-42505,usr/bin/kubectl,"1.25.12, 1.26.5, 1.27.0-rc.2",false,not_affected,vulnerable_code_cannot_be_controlled_by_adversary
rancher/system-agent:v0.16.0-rc.1-suc,rancher/v2.16-head,golang.org/x/net,v0.49.0,gobinary,CVE-2026-42506,MEDIUM,https://avd.aquasec.com/nvd/cve-2026-42506,usr/bin/kubectl,0.55.0,false,not_affected,vulnerable_code_not_present
rancher/system-agent:v0.16.0-rc.1-suc,rancher/v2.16-head,golang.org/x/net,v0.49.0,gobinary,CVE-2026-46600,HIGH,https://avd.aquasec.com/nvd/cve-2026-46600,usr/bin/kubectl,0.56.0,false,not_affected,vulnerable_code_not_present
rancher/system-agent:v0.16.0-rc.1-suc,rancher/v2.16-head,golang.org/x/text,v0.33.0,gobinary,CVE-2026-56852,HIGH,https://avd.aquasec.com/nvd/cve-2026-56852,usr/bin/kubectl,0.39.0,false,not_affected,vulnerable_code_not_in_execute_path
rancher/system-agent:v0.16.0-rc.1-suc,rancher/v2.16-head,stdlib,v1.26.4,gobinary,CVE-2026-56853,HIGH,https://avd.aquasec.com/nvd/cve-2026-56853,usr/bin/kubectl,"1.25.13, 1.26.6, 1.27.0-rc.3",false,affected,
rancher/system-agent:v0.16.0-rc.1-suc,rancher/v2.16-head,stdlib,v1.26.4,gobinary,CVE-2026-56859,HIGH,https://avd.aquasec.com/nvd/cve-2026-56859,usr/bin/kubectl,"1.25.13, 1.26.6, 1.27.0-rc.3",false,affected,
rancher/system-agent:v0.16.0-rc.1-suc,rancher/v2.16-head,stdlib,v1.26.4,gobinary,CVE-2026-56862,HIGH,https://avd.aquasec.com/nvd/cve-2026-56862,usr/bin/kubectl,"1.25.13, 1.26.6, 1.27.0-rc.3",false,affected,
rancher/system-upgrade-controller:v0.20.1,rancher/v2.16-head,golang.org/x/net,v0.53.0,gobinary,CVE-2026-25680,MEDIUM,https://avd.aquasec.com/nvd/cve-2026-25680,bin/system-upgrade-controller,0.55.0,false,not_affected,vulnerable_code_not_present
rancher/system-upgrade-controller:v0.20.1,rancher/v2.16-head,golang.org/x/net,v0.53.0,gobinary,CVE-2026-25681,HIGH,https://avd.aquasec.com/nvd/cve-2026-25681,bin/system-upgrade-controller,0.55.0,false,not_affected,vulnerable_code_not_present
rancher/system-upgrade-controller:v0.20.1,rancher/v2.16-head,golang.org/x/net,v0.53.0,gobinary,CVE-2026-27136,HIGH,https://avd.aquasec.com/nvd/cve-2026-27136,bin/system-upgrade-controller,0.55.0,false,not_affected,vulnerable_code_not_present
rancher/system-upgrade-controller:v0.20.1,rancher/v2.16-head,stdlib,v1.26.5,gobinary,CVE-2026-33818,HIGH,https://avd.aquasec.com/nvd/cve-2026-33818,bin/system-upgrade-controller,"1.25.13, 1.26.6, 1.27.0-rc.3",false,affected,
rancher/system-upgrade-controller:v0.20.1,rancher/v2.16-head,golang.org/x/net,v0.53.0,gobinary,CVE-2026-39821,HIGH,https://avd.aquasec.com/nvd/cve-2026-39821,bin/system-upgrade-controller,0.55.0,false,affected,
rancher/system-upgrade-controller:v0.20.1,rancher/v2.16-head,stdlib,v1.26.5,gobinary,CVE-2026-39821,HIGH,https://avd.aquasec.com/nvd/cve-2026-39821,bin/system-upgrade-controller,"1.25.13, 1.26.6, 1.27.0-rc.3",false,affected,
rancher/system-upgrade-controller:v0.20.1,rancher/v2.16-head,golang.org/x/net,v0.53.0,gobinary,CVE-2026-42502,MEDIUM,https://avd.aquasec.com/nvd/cve-2026-42502,bin/system-upgrade-controller,0.55.0,false,not_affected,vulnerable_code_not_present
rancher/system-upgrade-controller:v0.20.1,rancher/v2.16-head,golang.org/x/net,v0.53.0,gobinary,CVE-2026-42506,MEDIUM,https://avd.aquasec.com/nvd/cve-2026-42506,bin/system-upgrade-controller,0.55.0,false,not_affected,vulnerable_code_not_present
rancher/system-upgrade-controller:v0.20.1,rancher/v2.16-head,golang.org/x/net,v0.53.0,gobinary,CVE-2026-46600,HIGH,https://avd.aquasec.com/nvd/cve-2026-46600,bin/system-upgrade-controller,0.56.0,false,not_affected,vulnerable_code_not_present
rancher/system-upgrade-controller:v0.20.1,rancher/v2.16-head,stdlib,v1.26.5,gobinary,CVE-2026-46600,HIGH,https://avd.aquasec.com/nvd/cve-2026-46600,bin/system-upgrade-controller,"1.26.6, 1.27.0-rc.3",false,not_affected,vulnerable_code_not_in_execute_path
rancher/system-upgrade-controller:v0.20.1,rancher/v2.16-head,stdlib,v1.26.5,gobinary,CVE-2026-56853,HIGH,https://avd.aquasec.com/nvd/cve-2026-56853,bin/system-upgrade-controller,"1.25.13, 1.26.6, 1.27.0-rc.3",false,affected,
rancher/system-upgrade-controller:v0.20.1,rancher/v2.16-head,stdlib,v1.26.5,gobinary,CVE-2026-56859,HIGH,https://avd.aquasec.com/nvd/cve-2026-56859,bin/system-upgrade-controller,"1.25.13, 1.26.6, 1.27.0-rc.3",false,not_affected,vulnerable_code_not_in_execute_path
rancher/system-upgrade-controller:v0.20.1,rancher/v2.16-head,stdlib,v1.26.5,gobinary,CVE-2026-56862,HIGH,https://avd.aquasec.com/nvd/cve-2026-56862,bin/system-upgrade-controller,"1.25.13, 1.26.6, 1.27.0-rc.3",false,affected,
rancher/ui-plugin-catalog:4.45.0,rancher/v2.16-head,libpcre2-8-0,10.42-150600.1.26,sles,SUSE-SU-2026:4241-1,HIGH,,rancher/ui-plugin-catalog:4.45.0 (sles 15.7),10.42-150600.3.3.1,false,affected,
