image,release,package_name,package_version,type,vulnerability_id,severity,url,target,patched_version,mirrored,status,justification
ghcr.io/k8snetworkplumbingwg/whereabouts:v0.9.3,harvester/v1.8.2,stdlib,v1.25.6,gobinary,CVE-2025-68121,HIGH,https://avd.aquasec.com/nvd/cve-2025-68121,ip-control-loop,"1.24.13, 1.25.7, 1.26.0-rc.3",false,affected,severity_changed_due_to_suse_cvss_score
ghcr.io/k8snetworkplumbingwg/whereabouts:v0.9.3,harvester/v1.8.2,stdlib,v1.25.6,gobinary,CVE-2025-68121,HIGH,https://avd.aquasec.com/nvd/cve-2025-68121,node-slice-controller,"1.24.13, 1.25.7, 1.26.0-rc.3",false,affected,severity_changed_due_to_suse_cvss_score
ghcr.io/k8snetworkplumbingwg/whereabouts:v0.9.3,harvester/v1.8.2,stdlib,v1.25.6,gobinary,CVE-2025-68121,HIGH,https://avd.aquasec.com/nvd/cve-2025-68121,whereabouts,"1.24.13, 1.25.7, 1.26.0-rc.3",false,affected,severity_changed_due_to_suse_cvss_score
ghcr.io/k8snetworkplumbingwg/whereabouts:v0.9.3,harvester/v1.8.2,zlib,1.3.1-r2,alpine,CVE-2026-22184,HIGH,https://avd.aquasec.com/nvd/cve-2026-22184,ghcr.io/k8snetworkplumbingwg/whereabouts:v0.9.3 (alpine 3.23.3),1.3.2-r0,false,affected,
ghcr.io/k8snetworkplumbingwg/whereabouts:v0.9.3,harvester/v1.8.2,golang.org/x/net,v0.49.0,gobinary,CVE-2026-25680,MEDIUM,https://avd.aquasec.com/nvd/cve-2026-25680,ip-control-loop,0.55.0,false,not_affected,vulnerable_code_not_present
ghcr.io/k8snetworkplumbingwg/whereabouts:v0.9.3,harvester/v1.8.2,golang.org/x/net,v0.49.0,gobinary,CVE-2026-25680,MEDIUM,https://avd.aquasec.com/nvd/cve-2026-25680,node-slice-controller,0.55.0,false,not_affected,vulnerable_code_not_present
ghcr.io/k8snetworkplumbingwg/whereabouts:v0.9.3,harvester/v1.8.2,golang.org/x/net,v0.49.0,gobinary,CVE-2026-25680,MEDIUM,https://avd.aquasec.com/nvd/cve-2026-25680,whereabouts,0.55.0,false,not_affected,vulnerable_code_not_present
ghcr.io/k8snetworkplumbingwg/whereabouts:v0.9.3,harvester/v1.8.2,golang.org/x/net,v0.49.0,gobinary,CVE-2026-25681,HIGH,https://avd.aquasec.com/nvd/cve-2026-25681,ip-control-loop,0.55.0,false,not_affected,vulnerable_code_not_present
ghcr.io/k8snetworkplumbingwg/whereabouts:v0.9.3,harvester/v1.8.2,golang.org/x/net,v0.49.0,gobinary,CVE-2026-25681,HIGH,https://avd.aquasec.com/nvd/cve-2026-25681,node-slice-controller,0.55.0,false,not_affected,vulnerable_code_not_present
ghcr.io/k8snetworkplumbingwg/whereabouts:v0.9.3,harvester/v1.8.2,golang.org/x/net,v0.49.0,gobinary,CVE-2026-25681,HIGH,https://avd.aquasec.com/nvd/cve-2026-25681,whereabouts,0.55.0,false,not_affected,vulnerable_code_not_present
ghcr.io/k8snetworkplumbingwg/whereabouts:v0.9.3,harvester/v1.8.2,golang.org/x/net,v0.49.0,gobinary,CVE-2026-27136,HIGH,https://avd.aquasec.com/nvd/cve-2026-27136,ip-control-loop,0.55.0,false,not_affected,vulnerable_code_not_present
ghcr.io/k8snetworkplumbingwg/whereabouts:v0.9.3,harvester/v1.8.2,golang.org/x/net,v0.49.0,gobinary,CVE-2026-27136,HIGH,https://avd.aquasec.com/nvd/cve-2026-27136,node-slice-controller,0.55.0,false,not_affected,vulnerable_code_not_present
ghcr.io/k8snetworkplumbingwg/whereabouts:v0.9.3,harvester/v1.8.2,golang.org/x/net,v0.49.0,gobinary,CVE-2026-27136,HIGH,https://avd.aquasec.com/nvd/cve-2026-27136,whereabouts,0.55.0,false,not_affected,vulnerable_code_not_present
ghcr.io/k8snetworkplumbingwg/whereabouts:v0.9.3,harvester/v1.8.2,stdlib,v1.25.6,gobinary,CVE-2026-27142,MEDIUM,https://avd.aquasec.com/nvd/cve-2026-27142,ip-control-loop,"1.25.8, 1.26.1",false,not_affected,vulnerable_code_not_present
ghcr.io/k8snetworkplumbingwg/whereabouts:v0.9.3,harvester/v1.8.2,stdlib,v1.25.6,gobinary,CVE-2026-27142,MEDIUM,https://avd.aquasec.com/nvd/cve-2026-27142,node-slice-controller,"1.25.8, 1.26.1",false,not_affected,vulnerable_code_not_present
ghcr.io/k8snetworkplumbingwg/whereabouts:v0.9.3,harvester/v1.8.2,stdlib,v1.25.6,gobinary,CVE-2026-27142,MEDIUM,https://avd.aquasec.com/nvd/cve-2026-27142,whereabouts,"1.25.8, 1.26.1",false,not_affected,vulnerable_code_not_present
ghcr.io/k8snetworkplumbingwg/whereabouts:v0.9.3,harvester/v1.8.2,libcrypto3,3.5.5-r0,alpine,CVE-2026-28387,HIGH,https://avd.aquasec.com/nvd/cve-2026-28387,ghcr.io/k8snetworkplumbingwg/whereabouts:v0.9.3 (alpine 3.23.3),3.5.6-r0,false,affected,
ghcr.io/k8snetworkplumbingwg/whereabouts:v0.9.3,harvester/v1.8.2,libssl3,3.5.5-r0,alpine,CVE-2026-28387,HIGH,https://avd.aquasec.com/nvd/cve-2026-28387,ghcr.io/k8snetworkplumbingwg/whereabouts:v0.9.3 (alpine 3.23.3),3.5.6-r0,false,affected,
ghcr.io/k8snetworkplumbingwg/whereabouts:v0.9.3,harvester/v1.8.2,libcrypto3,3.5.5-r0,alpine,CVE-2026-28388,HIGH,https://avd.aquasec.com/nvd/cve-2026-28388,ghcr.io/k8snetworkplumbingwg/whereabouts:v0.9.3 (alpine 3.23.3),3.5.6-r0,false,affected,
ghcr.io/k8snetworkplumbingwg/whereabouts:v0.9.3,harvester/v1.8.2,libssl3,3.5.5-r0,alpine,CVE-2026-28388,HIGH,https://avd.aquasec.com/nvd/cve-2026-28388,ghcr.io/k8snetworkplumbingwg/whereabouts:v0.9.3 (alpine 3.23.3),3.5.6-r0,false,affected,
ghcr.io/k8snetworkplumbingwg/whereabouts:v0.9.3,harvester/v1.8.2,libcrypto3,3.5.5-r0,alpine,CVE-2026-28389,HIGH,https://avd.aquasec.com/nvd/cve-2026-28389,ghcr.io/k8snetworkplumbingwg/whereabouts:v0.9.3 (alpine 3.23.3),3.5.6-r0,false,affected,
ghcr.io/k8snetworkplumbingwg/whereabouts:v0.9.3,harvester/v1.8.2,libssl3,3.5.5-r0,alpine,CVE-2026-28389,HIGH,https://avd.aquasec.com/nvd/cve-2026-28389,ghcr.io/k8snetworkplumbingwg/whereabouts:v0.9.3 (alpine 3.23.3),3.5.6-r0,false,affected,
ghcr.io/k8snetworkplumbingwg/whereabouts:v0.9.3,harvester/v1.8.2,libcrypto3,3.5.5-r0,alpine,CVE-2026-28390,HIGH,https://avd.aquasec.com/nvd/cve-2026-28390,ghcr.io/k8snetworkplumbingwg/whereabouts:v0.9.3 (alpine 3.23.3),3.5.6-r0,false,affected,
ghcr.io/k8snetworkplumbingwg/whereabouts:v0.9.3,harvester/v1.8.2,libssl3,3.5.5-r0,alpine,CVE-2026-28390,HIGH,https://avd.aquasec.com/nvd/cve-2026-28390,ghcr.io/k8snetworkplumbingwg/whereabouts:v0.9.3 (alpine 3.23.3),3.5.6-r0,false,affected,
ghcr.io/k8snetworkplumbingwg/whereabouts:v0.9.3,harvester/v1.8.2,libcrypto3,3.5.5-r0,alpine,CVE-2026-31789,CRITICAL,https://avd.aquasec.com/nvd/cve-2026-31789,ghcr.io/k8snetworkplumbingwg/whereabouts:v0.9.3 (alpine 3.23.3),3.5.6-r0,false,affected,
ghcr.io/k8snetworkplumbingwg/whereabouts:v0.9.3,harvester/v1.8.2,libssl3,3.5.5-r0,alpine,CVE-2026-31789,CRITICAL,https://avd.aquasec.com/nvd/cve-2026-31789,ghcr.io/k8snetworkplumbingwg/whereabouts:v0.9.3 (alpine 3.23.3),3.5.6-r0,false,affected,
ghcr.io/k8snetworkplumbingwg/whereabouts:v0.9.3,harvester/v1.8.2,stdlib,v1.25.6,gobinary,CVE-2026-32280,HIGH,https://avd.aquasec.com/nvd/cve-2026-32280,ip-control-loop,"1.25.9, 1.26.2",false,affected,
ghcr.io/k8snetworkplumbingwg/whereabouts:v0.9.3,harvester/v1.8.2,stdlib,v1.25.6,gobinary,CVE-2026-32280,HIGH,https://avd.aquasec.com/nvd/cve-2026-32280,node-slice-controller,"1.25.9, 1.26.2",false,affected,
ghcr.io/k8snetworkplumbingwg/whereabouts:v0.9.3,harvester/v1.8.2,stdlib,v1.25.6,gobinary,CVE-2026-32280,HIGH,https://avd.aquasec.com/nvd/cve-2026-32280,whereabouts,"1.25.9, 1.26.2",false,affected,
ghcr.io/k8snetworkplumbingwg/whereabouts:v0.9.3,harvester/v1.8.2,stdlib,v1.25.6,gobinary,CVE-2026-32282,MEDIUM,https://avd.aquasec.com/nvd/cve-2026-32282,ip-control-loop,"1.25.9, 1.26.2",false,not_affected,vulnerable_code_not_in_execute_path
ghcr.io/k8snetworkplumbingwg/whereabouts:v0.9.3,harvester/v1.8.2,stdlib,v1.25.6,gobinary,CVE-2026-32282,MEDIUM,https://avd.aquasec.com/nvd/cve-2026-32282,node-slice-controller,"1.25.9, 1.26.2",false,not_affected,vulnerable_code_not_in_execute_path
ghcr.io/k8snetworkplumbingwg/whereabouts:v0.9.3,harvester/v1.8.2,stdlib,v1.25.6,gobinary,CVE-2026-32282,MEDIUM,https://avd.aquasec.com/nvd/cve-2026-32282,whereabouts,"1.25.9, 1.26.2",false,not_affected,vulnerable_code_not_in_execute_path
ghcr.io/k8snetworkplumbingwg/whereabouts:v0.9.3,harvester/v1.8.2,stdlib,v1.25.6,gobinary,CVE-2026-32288,MEDIUM,https://avd.aquasec.com/nvd/cve-2026-32288,ip-control-loop,"1.25.9, 1.26.2",false,not_affected,vulnerable_code_not_present
ghcr.io/k8snetworkplumbingwg/whereabouts:v0.9.3,harvester/v1.8.2,stdlib,v1.25.6,gobinary,CVE-2026-32288,MEDIUM,https://avd.aquasec.com/nvd/cve-2026-32288,node-slice-controller,"1.25.9, 1.26.2",false,not_affected,vulnerable_code_not_present
ghcr.io/k8snetworkplumbingwg/whereabouts:v0.9.3,harvester/v1.8.2,stdlib,v1.25.6,gobinary,CVE-2026-32288,MEDIUM,https://avd.aquasec.com/nvd/cve-2026-32288,whereabouts,"1.25.9, 1.26.2",false,not_affected,vulnerable_code_not_present
ghcr.io/k8snetworkplumbingwg/whereabouts:v0.9.3,harvester/v1.8.2,stdlib,v1.25.6,gobinary,CVE-2026-32289,MEDIUM,https://avd.aquasec.com/nvd/cve-2026-32289,ip-control-loop,"1.25.9, 1.26.2",false,not_affected,vulnerable_code_not_present
ghcr.io/k8snetworkplumbingwg/whereabouts:v0.9.3,harvester/v1.8.2,stdlib,v1.25.6,gobinary,CVE-2026-32289,MEDIUM,https://avd.aquasec.com/nvd/cve-2026-32289,node-slice-controller,"1.25.9, 1.26.2",false,not_affected,vulnerable_code_not_present
ghcr.io/k8snetworkplumbingwg/whereabouts:v0.9.3,harvester/v1.8.2,stdlib,v1.25.6,gobinary,CVE-2026-32289,MEDIUM,https://avd.aquasec.com/nvd/cve-2026-32289,whereabouts,"1.25.9, 1.26.2",false,not_affected,vulnerable_code_not_present
ghcr.io/k8snetworkplumbingwg/whereabouts:v0.9.3,harvester/v1.8.2,stdlib,v1.25.6,gobinary,CVE-2026-33811,HIGH,https://avd.aquasec.com/nvd/cve-2026-33811,ip-control-loop,"1.25.10, 1.26.3",false,not_affected,vulnerable_code_not_in_execute_path
ghcr.io/k8snetworkplumbingwg/whereabouts:v0.9.3,harvester/v1.8.2,stdlib,v1.25.6,gobinary,CVE-2026-33811,HIGH,https://avd.aquasec.com/nvd/cve-2026-33811,node-slice-controller,"1.25.10, 1.26.3",false,not_affected,vulnerable_code_not_in_execute_path
ghcr.io/k8snetworkplumbingwg/whereabouts:v0.9.3,harvester/v1.8.2,stdlib,v1.25.6,gobinary,CVE-2026-33811,HIGH,https://avd.aquasec.com/nvd/cve-2026-33811,whereabouts,"1.25.10, 1.26.3",false,not_affected,vulnerable_code_not_in_execute_path
ghcr.io/k8snetworkplumbingwg/whereabouts:v0.9.3,harvester/v1.8.2,golang.org/x/net,v0.49.0,gobinary,CVE-2026-33814,HIGH,https://avd.aquasec.com/nvd/cve-2026-33814,ip-control-loop,0.53.0,false,affected,
ghcr.io/k8snetworkplumbingwg/whereabouts:v0.9.3,harvester/v1.8.2,golang.org/x/net,v0.49.0,gobinary,CVE-2026-33814,HIGH,https://avd.aquasec.com/nvd/cve-2026-33814,node-slice-controller,0.53.0,false,affected,
ghcr.io/k8snetworkplumbingwg/whereabouts:v0.9.3,harvester/v1.8.2,golang.org/x/net,v0.49.0,gobinary,CVE-2026-33814,HIGH,https://avd.aquasec.com/nvd/cve-2026-33814,whereabouts,0.53.0,false,affected,
ghcr.io/k8snetworkplumbingwg/whereabouts:v0.9.3,harvester/v1.8.2,stdlib,v1.25.6,gobinary,CVE-2026-33814,HIGH,https://avd.aquasec.com/nvd/cve-2026-33814,ip-control-loop,"1.25.10, 1.26.3",false,affected,
ghcr.io/k8snetworkplumbingwg/whereabouts:v0.9.3,harvester/v1.8.2,stdlib,v1.25.6,gobinary,CVE-2026-33814,HIGH,https://avd.aquasec.com/nvd/cve-2026-33814,node-slice-controller,"1.25.10, 1.26.3",false,affected,
ghcr.io/k8snetworkplumbingwg/whereabouts:v0.9.3,harvester/v1.8.2,stdlib,v1.25.6,gobinary,CVE-2026-33814,HIGH,https://avd.aquasec.com/nvd/cve-2026-33814,whereabouts,"1.25.10, 1.26.3",false,affected,
ghcr.io/k8snetworkplumbingwg/whereabouts:v0.9.3,harvester/v1.8.2,stdlib,v1.25.6,gobinary,CVE-2026-39820,HIGH,https://avd.aquasec.com/nvd/cve-2026-39820,ip-control-loop,"1.25.10, 1.26.3",false,not_affected,vulnerable_code_not_present
ghcr.io/k8snetworkplumbingwg/whereabouts:v0.9.3,harvester/v1.8.2,stdlib,v1.25.6,gobinary,CVE-2026-39820,HIGH,https://avd.aquasec.com/nvd/cve-2026-39820,node-slice-controller,"1.25.10, 1.26.3",false,not_affected,vulnerable_code_not_present
ghcr.io/k8snetworkplumbingwg/whereabouts:v0.9.3,harvester/v1.8.2,stdlib,v1.25.6,gobinary,CVE-2026-39820,HIGH,https://avd.aquasec.com/nvd/cve-2026-39820,whereabouts,"1.25.10, 1.26.3",false,not_affected,vulnerable_code_not_present
ghcr.io/k8snetworkplumbingwg/whereabouts:v0.9.3,harvester/v1.8.2,golang.org/x/net,v0.49.0,gobinary,CVE-2026-39821,HIGH,https://avd.aquasec.com/nvd/cve-2026-39821,ip-control-loop,0.55.0,false,affected,
ghcr.io/k8snetworkplumbingwg/whereabouts:v0.9.3,harvester/v1.8.2,golang.org/x/net,v0.49.0,gobinary,CVE-2026-39821,HIGH,https://avd.aquasec.com/nvd/cve-2026-39821,node-slice-controller,0.55.0,false,affected,
ghcr.io/k8snetworkplumbingwg/whereabouts:v0.9.3,harvester/v1.8.2,golang.org/x/net,v0.49.0,gobinary,CVE-2026-39821,HIGH,https://avd.aquasec.com/nvd/cve-2026-39821,whereabouts,0.55.0,false,affected,
ghcr.io/k8snetworkplumbingwg/whereabouts:v0.9.3,harvester/v1.8.2,stdlib,v1.25.6,gobinary,CVE-2026-39822,HIGH,https://avd.aquasec.com/nvd/cve-2026-39822,ip-control-loop,"1.25.12, 1.26.5, 1.27.0-rc.2",false,not_affected,vulnerable_code_not_in_execute_path
ghcr.io/k8snetworkplumbingwg/whereabouts:v0.9.3,harvester/v1.8.2,stdlib,v1.25.6,gobinary,CVE-2026-39822,HIGH,https://avd.aquasec.com/nvd/cve-2026-39822,node-slice-controller,"1.25.12, 1.26.5, 1.27.0-rc.2",false,not_affected,vulnerable_code_not_in_execute_path
ghcr.io/k8snetworkplumbingwg/whereabouts:v0.9.3,harvester/v1.8.2,stdlib,v1.25.6,gobinary,CVE-2026-39822,HIGH,https://avd.aquasec.com/nvd/cve-2026-39822,whereabouts,"1.25.12, 1.26.5, 1.27.0-rc.2",false,not_affected,vulnerable_code_not_in_execute_path
ghcr.io/k8snetworkplumbingwg/whereabouts:v0.9.3,harvester/v1.8.2,stdlib,v1.25.6,gobinary,CVE-2026-39823,MEDIUM,https://avd.aquasec.com/nvd/cve-2026-39823,ip-control-loop,"1.25.10, 1.26.3",false,not_affected,vulnerable_code_not_present
ghcr.io/k8snetworkplumbingwg/whereabouts:v0.9.3,harvester/v1.8.2,stdlib,v1.25.6,gobinary,CVE-2026-39823,MEDIUM,https://avd.aquasec.com/nvd/cve-2026-39823,node-slice-controller,"1.25.10, 1.26.3",false,not_affected,vulnerable_code_not_present
ghcr.io/k8snetworkplumbingwg/whereabouts:v0.9.3,harvester/v1.8.2,stdlib,v1.25.6,gobinary,CVE-2026-39823,MEDIUM,https://avd.aquasec.com/nvd/cve-2026-39823,whereabouts,"1.25.10, 1.26.3",false,not_affected,vulnerable_code_not_present
ghcr.io/k8snetworkplumbingwg/whereabouts:v0.9.3,harvester/v1.8.2,stdlib,v1.25.6,gobinary,CVE-2026-39825,MEDIUM,https://avd.aquasec.com/nvd/cve-2026-39825,ip-control-loop,"1.25.10, 1.26.3",false,not_affected,vulnerable_code_not_present
ghcr.io/k8snetworkplumbingwg/whereabouts:v0.9.3,harvester/v1.8.2,stdlib,v1.25.6,gobinary,CVE-2026-39825,MEDIUM,https://avd.aquasec.com/nvd/cve-2026-39825,node-slice-controller,"1.25.10, 1.26.3",false,not_affected,vulnerable_code_not_present
ghcr.io/k8snetworkplumbingwg/whereabouts:v0.9.3,harvester/v1.8.2,stdlib,v1.25.6,gobinary,CVE-2026-39825,MEDIUM,https://avd.aquasec.com/nvd/cve-2026-39825,whereabouts,"1.25.10, 1.26.3",false,not_affected,vulnerable_code_not_present
ghcr.io/k8snetworkplumbingwg/whereabouts:v0.9.3,harvester/v1.8.2,stdlib,v1.25.6,gobinary,CVE-2026-39826,MEDIUM,https://avd.aquasec.com/nvd/cve-2026-39826,ip-control-loop,"1.25.10, 1.26.3",false,not_affected,vulnerable_code_not_present
ghcr.io/k8snetworkplumbingwg/whereabouts:v0.9.3,harvester/v1.8.2,stdlib,v1.25.6,gobinary,CVE-2026-39826,MEDIUM,https://avd.aquasec.com/nvd/cve-2026-39826,node-slice-controller,"1.25.10, 1.26.3",false,not_affected,vulnerable_code_not_present
ghcr.io/k8snetworkplumbingwg/whereabouts:v0.9.3,harvester/v1.8.2,stdlib,v1.25.6,gobinary,CVE-2026-39826,MEDIUM,https://avd.aquasec.com/nvd/cve-2026-39826,whereabouts,"1.25.10, 1.26.3",false,not_affected,vulnerable_code_not_present
ghcr.io/k8snetworkplumbingwg/whereabouts:v0.9.3,harvester/v1.8.2,stdlib,v1.25.6,gobinary,CVE-2026-39836,HIGH,https://avd.aquasec.com/nvd/cve-2026-39836,ip-control-loop,"1.25.10, 1.26.3",false,affected,
ghcr.io/k8snetworkplumbingwg/whereabouts:v0.9.3,harvester/v1.8.2,stdlib,v1.25.6,gobinary,CVE-2026-39836,HIGH,https://avd.aquasec.com/nvd/cve-2026-39836,node-slice-controller,"1.25.10, 1.26.3",false,affected,
ghcr.io/k8snetworkplumbingwg/whereabouts:v0.9.3,harvester/v1.8.2,stdlib,v1.25.6,gobinary,CVE-2026-39836,HIGH,https://avd.aquasec.com/nvd/cve-2026-39836,whereabouts,"1.25.10, 1.26.3",false,affected,
ghcr.io/k8snetworkplumbingwg/whereabouts:v0.9.3,harvester/v1.8.2,musl,1.2.5-r21,alpine,CVE-2026-40200,HIGH,https://avd.aquasec.com/nvd/cve-2026-40200,ghcr.io/k8snetworkplumbingwg/whereabouts:v0.9.3 (alpine 3.23.3),1.2.5-r23,false,affected,
ghcr.io/k8snetworkplumbingwg/whereabouts:v0.9.3,harvester/v1.8.2,musl-utils,1.2.5-r21,alpine,CVE-2026-40200,HIGH,https://avd.aquasec.com/nvd/cve-2026-40200,ghcr.io/k8snetworkplumbingwg/whereabouts:v0.9.3 (alpine 3.23.3),1.2.5-r23,false,affected,
ghcr.io/k8snetworkplumbingwg/whereabouts:v0.9.3,harvester/v1.8.2,stdlib,v1.25.6,gobinary,CVE-2026-42499,HIGH,https://avd.aquasec.com/nvd/cve-2026-42499,ip-control-loop,"1.25.10, 1.26.3",false,not_affected,vulnerable_code_not_present
ghcr.io/k8snetworkplumbingwg/whereabouts:v0.9.3,harvester/v1.8.2,stdlib,v1.25.6,gobinary,CVE-2026-42499,HIGH,https://avd.aquasec.com/nvd/cve-2026-42499,node-slice-controller,"1.25.10, 1.26.3",false,not_affected,vulnerable_code_not_present
ghcr.io/k8snetworkplumbingwg/whereabouts:v0.9.3,harvester/v1.8.2,stdlib,v1.25.6,gobinary,CVE-2026-42499,HIGH,https://avd.aquasec.com/nvd/cve-2026-42499,whereabouts,"1.25.10, 1.26.3",false,not_affected,vulnerable_code_not_present
ghcr.io/k8snetworkplumbingwg/whereabouts:v0.9.3,harvester/v1.8.2,golang.org/x/net,v0.49.0,gobinary,CVE-2026-42502,MEDIUM,https://avd.aquasec.com/nvd/cve-2026-42502,ip-control-loop,0.55.0,false,not_affected,vulnerable_code_not_present
ghcr.io/k8snetworkplumbingwg/whereabouts:v0.9.3,harvester/v1.8.2,golang.org/x/net,v0.49.0,gobinary,CVE-2026-42502,MEDIUM,https://avd.aquasec.com/nvd/cve-2026-42502,node-slice-controller,0.55.0,false,not_affected,vulnerable_code_not_present
ghcr.io/k8snetworkplumbingwg/whereabouts:v0.9.3,harvester/v1.8.2,golang.org/x/net,v0.49.0,gobinary,CVE-2026-42502,MEDIUM,https://avd.aquasec.com/nvd/cve-2026-42502,whereabouts,0.55.0,false,not_affected,vulnerable_code_not_present
ghcr.io/k8snetworkplumbingwg/whereabouts:v0.9.3,harvester/v1.8.2,golang.org/x/net,v0.49.0,gobinary,CVE-2026-42506,MEDIUM,https://avd.aquasec.com/nvd/cve-2026-42506,ip-control-loop,0.55.0,false,not_affected,vulnerable_code_not_present
ghcr.io/k8snetworkplumbingwg/whereabouts:v0.9.3,harvester/v1.8.2,golang.org/x/net,v0.49.0,gobinary,CVE-2026-42506,MEDIUM,https://avd.aquasec.com/nvd/cve-2026-42506,node-slice-controller,0.55.0,false,not_affected,vulnerable_code_not_present
ghcr.io/k8snetworkplumbingwg/whereabouts:v0.9.3,harvester/v1.8.2,golang.org/x/net,v0.49.0,gobinary,CVE-2026-42506,MEDIUM,https://avd.aquasec.com/nvd/cve-2026-42506,whereabouts,0.55.0,false,not_affected,vulnerable_code_not_present
ghcr.io/k8snetworkplumbingwg/whereabouts:v0.9.3,harvester/v1.8.2,libcrypto3,3.5.5-r0,alpine,CVE-2026-45447,HIGH,https://avd.aquasec.com/nvd/cve-2026-45447,ghcr.io/k8snetworkplumbingwg/whereabouts:v0.9.3 (alpine 3.23.3),3.5.7-r0,false,affected,
ghcr.io/k8snetworkplumbingwg/whereabouts:v0.9.3,harvester/v1.8.2,libssl3,3.5.5-r0,alpine,CVE-2026-45447,HIGH,https://avd.aquasec.com/nvd/cve-2026-45447,ghcr.io/k8snetworkplumbingwg/whereabouts:v0.9.3 (alpine 3.23.3),3.5.7-r0,false,affected,
ghcr.io/k8snetworkplumbingwg/whereabouts:v0.9.3,harvester/v1.8.2,golang.org/x/net,v0.49.0,gobinary,CVE-2026-46600,HIGH,https://avd.aquasec.com/nvd/cve-2026-46600,ip-control-loop,0.56.0,false,not_affected,vulnerable_code_not_present
ghcr.io/k8snetworkplumbingwg/whereabouts:v0.9.3,harvester/v1.8.2,golang.org/x/net,v0.49.0,gobinary,CVE-2026-46600,HIGH,https://avd.aquasec.com/nvd/cve-2026-46600,node-slice-controller,0.56.0,false,not_affected,vulnerable_code_not_present
ghcr.io/k8snetworkplumbingwg/whereabouts:v0.9.3,harvester/v1.8.2,golang.org/x/net,v0.49.0,gobinary,CVE-2026-46600,HIGH,https://avd.aquasec.com/nvd/cve-2026-46600,whereabouts,0.56.0,false,not_affected,vulnerable_code_not_present
ghcr.io/k8snetworkplumbingwg/whereabouts:v0.9.3,harvester/v1.8.2,golang.org/x/text,v0.33.0,gobinary,CVE-2026-56852,HIGH,https://avd.aquasec.com/nvd/cve-2026-56852,ip-control-loop,0.39.0,false,not_affected,vulnerable_code_not_in_execute_path
ghcr.io/k8snetworkplumbingwg/whereabouts:v0.9.3,harvester/v1.8.2,golang.org/x/text,v0.33.0,gobinary,CVE-2026-56852,HIGH,https://avd.aquasec.com/nvd/cve-2026-56852,node-slice-controller,0.39.0,false,not_affected,vulnerable_code_not_in_execute_path
ghcr.io/k8snetworkplumbingwg/whereabouts:v0.9.3,harvester/v1.8.2,golang.org/x/text,v0.33.0,gobinary,CVE-2026-56852,HIGH,https://avd.aquasec.com/nvd/cve-2026-56852,whereabouts,0.39.0,false,not_affected,vulnerable_code_not_in_execute_path
kubeovn/kube-ovn:v1.15.4,harvester/v1.8.2,golang.org/x/net,v0.38.0,gobinary,CVE-2025-47911,MEDIUM,https://avd.aquasec.com/nvd/cve-2025-47911,usr/bin/gobgp,0.45.0,false,not_affected,vulnerable_code_not_present
kubeovn/kube-ovn:v1.15.4,harvester/v1.8.2,golang.org/x/net,v0.38.0,gobinary,CVE-2025-47911,MEDIUM,https://avd.aquasec.com/nvd/cve-2025-47911,usr/bin/kubectl,0.45.0,false,not_affected,vulnerable_code_not_present
kubeovn/kube-ovn:v1.15.4,harvester/v1.8.2,golang.org/x/net,v0.38.0,gobinary,CVE-2025-58190,MEDIUM,https://avd.aquasec.com/nvd/cve-2025-58190,usr/bin/gobgp,0.45.0,false,not_affected,vulnerable_code_not_present
kubeovn/kube-ovn:v1.15.4,harvester/v1.8.2,golang.org/x/net,v0.38.0,gobinary,CVE-2025-58190,MEDIUM,https://avd.aquasec.com/nvd/cve-2025-58190,usr/bin/kubectl,0.45.0,false,not_affected,vulnerable_code_not_present
kubeovn/kube-ovn:v1.15.4,harvester/v1.8.2,go.opentelemetry.io/otel/sdk,v1.39.0,gobinary,CVE-2026-24051,HIGH,https://avd.aquasec.com/nvd/cve-2026-24051,kube-ovn/kube-ovn-cmd,1.40.0,false,affected,
kubeovn/kube-ovn:v1.15.4,harvester/v1.8.2,go.opentelemetry.io/otel/sdk,v1.39.0,gobinary,CVE-2026-24051,HIGH,https://avd.aquasec.com/nvd/cve-2026-24051,kube-ovn/kube-ovn-controller,1.40.0,false,affected,
kubeovn/kube-ovn:v1.15.4,harvester/v1.8.2,go.opentelemetry.io/otel/sdk,v1.39.0,gobinary,CVE-2026-24051,HIGH,https://avd.aquasec.com/nvd/cve-2026-24051,kube-ovn/kube-ovn-daemon,1.40.0,false,affected,
kubeovn/kube-ovn:v1.15.4,harvester/v1.8.2,stdlib,v1.25.7,gobinary,CVE-2026-25679,HIGH,https://avd.aquasec.com/nvd/cve-2026-25679,loopback,"1.25.8, 1.26.1",false,not_affected,vulnerable_code_not_present
kubeovn/kube-ovn:v1.15.4,harvester/v1.8.2,stdlib,v1.25.7,gobinary,CVE-2026-25679,HIGH,https://avd.aquasec.com/nvd/cve-2026-25679,macvlan,"1.25.8, 1.26.1",false,not_affected,vulnerable_code_not_present
kubeovn/kube-ovn:v1.15.4,harvester/v1.8.2,stdlib,v1.25.7,gobinary,CVE-2026-25679,HIGH,https://avd.aquasec.com/nvd/cve-2026-25679,portmap,"1.25.8, 1.26.1",false,not_affected,vulnerable_code_not_present
kubeovn/kube-ovn:v1.15.4,harvester/v1.8.2,golang.org/x/net,v0.38.0,gobinary,CVE-2026-25680,MEDIUM,https://avd.aquasec.com/nvd/cve-2026-25680,usr/bin/gobgp,0.55.0,false,not_affected,vulnerable_code_not_present
kubeovn/kube-ovn:v1.15.4,harvester/v1.8.2,golang.org/x/net,v0.38.0,gobinary,CVE-2026-25680,MEDIUM,https://avd.aquasec.com/nvd/cve-2026-25680,usr/bin/kubectl,0.55.0,false,not_affected,vulnerable_code_not_present
kubeovn/kube-ovn:v1.15.4,harvester/v1.8.2,golang.org/x/net,v0.50.0,gobinary,CVE-2026-25680,MEDIUM,https://avd.aquasec.com/nvd/cve-2026-25680,kube-ovn/kube-ovn,0.55.0,false,not_affected,vulnerable_code_not_in_execute_path
kubeovn/kube-ovn:v1.15.4,harvester/v1.8.2,golang.org/x/net,v0.50.0,gobinary,CVE-2026-25680,MEDIUM,https://avd.aquasec.com/nvd/cve-2026-25680,kube-ovn/kube-ovn-cmd,0.55.0,false,not_affected,vulnerable_code_not_in_execute_path
kubeovn/kube-ovn:v1.15.4,harvester/v1.8.2,golang.org/x/net,v0.50.0,gobinary,CVE-2026-25680,MEDIUM,https://avd.aquasec.com/nvd/cve-2026-25680,kube-ovn/kube-ovn-controller,0.55.0,false,not_affected,vulnerable_code_not_in_execute_path
kubeovn/kube-ovn:v1.15.4,harvester/v1.8.2,golang.org/x/net,v0.50.0,gobinary,CVE-2026-25680,MEDIUM,https://avd.aquasec.com/nvd/cve-2026-25680,kube-ovn/kube-ovn-daemon,0.55.0,false,not_affected,vulnerable_code_not_in_execute_path
kubeovn/kube-ovn:v1.15.4,harvester/v1.8.2,golang.org/x/net,v0.38.0,gobinary,CVE-2026-25681,HIGH,https://avd.aquasec.com/nvd/cve-2026-25681,usr/bin/gobgp,0.55.0,false,not_affected,vulnerable_code_not_present
kubeovn/kube-ovn:v1.15.4,harvester/v1.8.2,golang.org/x/net,v0.38.0,gobinary,CVE-2026-25681,HIGH,https://avd.aquasec.com/nvd/cve-2026-25681,usr/bin/kubectl,0.55.0,false,not_affected,vulnerable_code_not_present
kubeovn/kube-ovn:v1.15.4,harvester/v1.8.2,golang.org/x/net,v0.50.0,gobinary,CVE-2026-25681,HIGH,https://avd.aquasec.com/nvd/cve-2026-25681,kube-ovn/kube-ovn,0.55.0,false,not_affected,vulnerable_code_not_in_execute_path
kubeovn/kube-ovn:v1.15.4,harvester/v1.8.2,golang.org/x/net,v0.50.0,gobinary,CVE-2026-25681,HIGH,https://avd.aquasec.com/nvd/cve-2026-25681,kube-ovn/kube-ovn-cmd,0.55.0,false,not_affected,vulnerable_code_not_in_execute_path
kubeovn/kube-ovn:v1.15.4,harvester/v1.8.2,golang.org/x/net,v0.50.0,gobinary,CVE-2026-25681,HIGH,https://avd.aquasec.com/nvd/cve-2026-25681,kube-ovn/kube-ovn-controller,0.55.0,false,not_affected,vulnerable_code_not_in_execute_path
kubeovn/kube-ovn:v1.15.4,harvester/v1.8.2,golang.org/x/net,v0.50.0,gobinary,CVE-2026-25681,HIGH,https://avd.aquasec.com/nvd/cve-2026-25681,kube-ovn/kube-ovn-daemon,0.55.0,false,not_affected,vulnerable_code_not_in_execute_path
kubeovn/kube-ovn:v1.15.4,harvester/v1.8.2,golang.org/x/net,v0.38.0,gobinary,CVE-2026-27136,HIGH,https://avd.aquasec.com/nvd/cve-2026-27136,usr/bin/gobgp,0.55.0,false,not_affected,vulnerable_code_not_present
kubeovn/kube-ovn:v1.15.4,harvester/v1.8.2,golang.org/x/net,v0.38.0,gobinary,CVE-2026-27136,HIGH,https://avd.aquasec.com/nvd/cve-2026-27136,usr/bin/kubectl,0.55.0,false,not_affected,vulnerable_code_not_present
kubeovn/kube-ovn:v1.15.4,harvester/v1.8.2,golang.org/x/net,v0.50.0,gobinary,CVE-2026-27136,HIGH,https://avd.aquasec.com/nvd/cve-2026-27136,kube-ovn/kube-ovn,0.55.0,false,not_affected,vulnerable_code_not_in_execute_path
kubeovn/kube-ovn:v1.15.4,harvester/v1.8.2,golang.org/x/net,v0.50.0,gobinary,CVE-2026-27136,HIGH,https://avd.aquasec.com/nvd/cve-2026-27136,kube-ovn/kube-ovn-cmd,0.55.0,false,not_affected,vulnerable_code_not_in_execute_path
kubeovn/kube-ovn:v1.15.4,harvester/v1.8.2,golang.org/x/net,v0.50.0,gobinary,CVE-2026-27136,HIGH,https://avd.aquasec.com/nvd/cve-2026-27136,kube-ovn/kube-ovn-controller,0.55.0,false,not_affected,vulnerable_code_not_in_execute_path
kubeovn/kube-ovn:v1.15.4,harvester/v1.8.2,golang.org/x/net,v0.50.0,gobinary,CVE-2026-27136,HIGH,https://avd.aquasec.com/nvd/cve-2026-27136,kube-ovn/kube-ovn-daemon,0.55.0,false,not_affected,vulnerable_code_not_in_execute_path
kubeovn/kube-ovn:v1.15.4,harvester/v1.8.2,golang.org/x/net,v0.50.0,gobinary,CVE-2026-27141,MEDIUM,https://avd.aquasec.com/nvd/cve-2026-27141,kube-ovn/kube-ovn,0.51.0,false,not_affected,vulnerable_code_not_in_execute_path
kubeovn/kube-ovn:v1.15.4,harvester/v1.8.2,golang.org/x/net,v0.50.0,gobinary,CVE-2026-27141,MEDIUM,https://avd.aquasec.com/nvd/cve-2026-27141,kube-ovn/kube-ovn-cmd,0.51.0,false,not_affected,vulnerable_code_not_in_execute_path
kubeovn/kube-ovn:v1.15.4,harvester/v1.8.2,golang.org/x/net,v0.50.0,gobinary,CVE-2026-27141,MEDIUM,https://avd.aquasec.com/nvd/cve-2026-27141,kube-ovn/kube-ovn-controller,0.51.0,false,not_affected,vulnerable_code_not_in_execute_path
kubeovn/kube-ovn:v1.15.4,harvester/v1.8.2,golang.org/x/net,v0.50.0,gobinary,CVE-2026-27141,MEDIUM,https://avd.aquasec.com/nvd/cve-2026-27141,kube-ovn/kube-ovn-daemon,0.51.0,false,not_affected,vulnerable_code_not_in_execute_path
kubeovn/kube-ovn:v1.15.4,harvester/v1.8.2,stdlib,v1.25.7,gobinary,CVE-2026-27142,MEDIUM,https://avd.aquasec.com/nvd/cve-2026-27142,kube-ovn/kube-ovn,"1.25.8, 1.26.1",false,not_affected,vulnerable_code_not_present
kubeovn/kube-ovn:v1.15.4,harvester/v1.8.2,stdlib,v1.25.7,gobinary,CVE-2026-27142,MEDIUM,https://avd.aquasec.com/nvd/cve-2026-27142,kube-ovn/kube-ovn-cmd,"1.25.8, 1.26.1",false,not_affected,vulnerable_code_not_present
kubeovn/kube-ovn:v1.15.4,harvester/v1.8.2,stdlib,v1.25.7,gobinary,CVE-2026-27142,MEDIUM,https://avd.aquasec.com/nvd/cve-2026-27142,kube-ovn/kube-ovn-controller,"1.25.8, 1.26.1",false,not_affected,vulnerable_code_not_present
kubeovn/kube-ovn:v1.15.4,harvester/v1.8.2,stdlib,v1.25.7,gobinary,CVE-2026-27142,MEDIUM,https://avd.aquasec.com/nvd/cve-2026-27142,kube-ovn/kube-ovn-daemon,"1.25.8, 1.26.1",false,not_affected,vulnerable_code_not_present
kubeovn/kube-ovn:v1.15.4,harvester/v1.8.2,stdlib,v1.25.7,gobinary,CVE-2026-27142,MEDIUM,https://avd.aquasec.com/nvd/cve-2026-27142,loopback,"1.25.8, 1.26.1",false,not_affected,vulnerable_code_not_present
kubeovn/kube-ovn:v1.15.4,harvester/v1.8.2,stdlib,v1.25.7,gobinary,CVE-2026-27142,MEDIUM,https://avd.aquasec.com/nvd/cve-2026-27142,macvlan,"1.25.8, 1.26.1",false,not_affected,vulnerable_code_not_present
kubeovn/kube-ovn:v1.15.4,harvester/v1.8.2,stdlib,v1.25.7,gobinary,CVE-2026-27142,MEDIUM,https://avd.aquasec.com/nvd/cve-2026-27142,portmap,"1.25.8, 1.26.1",false,not_affected,vulnerable_code_not_present
kubeovn/kube-ovn:v1.15.4,harvester/v1.8.2,stdlib,v1.25.7,gobinary,CVE-2026-27142,MEDIUM,https://avd.aquasec.com/nvd/cve-2026-27142,usr/bin/kubectl,"1.25.8, 1.26.1",false,not_affected,vulnerable_code_not_present
kubeovn/kube-ovn:v1.15.4,harvester/v1.8.2,stdlib,v1.25.7,gobinary,CVE-2026-27145,HIGH,https://avd.aquasec.com/nvd/cve-2026-27145,loopback,"1.25.11, 1.26.4",false,not_affected,vulnerable_code_not_present
kubeovn/kube-ovn:v1.15.4,harvester/v1.8.2,stdlib,v1.25.7,gobinary,CVE-2026-27145,HIGH,https://avd.aquasec.com/nvd/cve-2026-27145,macvlan,"1.25.11, 1.26.4",false,not_affected,vulnerable_code_not_present
kubeovn/kube-ovn:v1.15.4,harvester/v1.8.2,stdlib,v1.25.7,gobinary,CVE-2026-27145,HIGH,https://avd.aquasec.com/nvd/cve-2026-27145,portmap,"1.25.11, 1.26.4",false,not_affected,vulnerable_code_not_present
kubeovn/kube-ovn:v1.15.4,harvester/v1.8.2,go.opentelemetry.io/otel,v1.39.0,gobinary,CVE-2026-29181,HIGH,https://avd.aquasec.com/nvd/cve-2026-29181,kube-ovn/kube-ovn-cmd,1.41.0,false,affected,
kubeovn/kube-ovn:v1.15.4,harvester/v1.8.2,go.opentelemetry.io/otel,v1.39.0,gobinary,CVE-2026-29181,HIGH,https://avd.aquasec.com/nvd/cve-2026-29181,kube-ovn/kube-ovn-controller,1.41.0,false,affected,
kubeovn/kube-ovn:v1.15.4,harvester/v1.8.2,go.opentelemetry.io/otel,v1.39.0,gobinary,CVE-2026-29181,HIGH,https://avd.aquasec.com/nvd/cve-2026-29181,kube-ovn/kube-ovn-daemon,1.41.0,false,affected,
kubeovn/kube-ovn:v1.15.4,harvester/v1.8.2,github.com/osrg/gobgp/v4,v4.1.0,gobinary,CVE-2026-30405,HIGH,https://avd.aquasec.com/nvd/cve-2026-30405,kube-ovn/kube-ovn-cmd,,false,not_affected,vulnerable_code_not_present
kubeovn/kube-ovn:v1.15.4,harvester/v1.8.2,github.com/osrg/gobgp/v4,v4.1.0,gobinary,CVE-2026-30405,HIGH,https://avd.aquasec.com/nvd/cve-2026-30405,usr/bin/gobgp,,false,not_affected,vulnerable_code_not_present
kubeovn/kube-ovn:v1.15.4,harvester/v1.8.2,stdlib,v1.25.7,gobinary,CVE-2026-32280,HIGH,https://avd.aquasec.com/nvd/cve-2026-32280,kube-ovn/kube-ovn,"1.25.9, 1.26.2",false,affected,
kubeovn/kube-ovn:v1.15.4,harvester/v1.8.2,stdlib,v1.25.7,gobinary,CVE-2026-32280,HIGH,https://avd.aquasec.com/nvd/cve-2026-32280,kube-ovn/kube-ovn-cmd,"1.25.9, 1.26.2",false,affected,
kubeovn/kube-ovn:v1.15.4,harvester/v1.8.2,stdlib,v1.25.7,gobinary,CVE-2026-32280,HIGH,https://avd.aquasec.com/nvd/cve-2026-32280,kube-ovn/kube-ovn-controller,"1.25.9, 1.26.2",false,affected,
kubeovn/kube-ovn:v1.15.4,harvester/v1.8.2,stdlib,v1.25.7,gobinary,CVE-2026-32280,HIGH,https://avd.aquasec.com/nvd/cve-2026-32280,kube-ovn/kube-ovn-daemon,"1.25.9, 1.26.2",false,affected,
kubeovn/kube-ovn:v1.15.4,harvester/v1.8.2,stdlib,v1.25.7,gobinary,CVE-2026-32280,HIGH,https://avd.aquasec.com/nvd/cve-2026-32280,loopback,"1.25.9, 1.26.2",false,not_affected,vulnerable_code_not_present
kubeovn/kube-ovn:v1.15.4,harvester/v1.8.2,stdlib,v1.25.7,gobinary,CVE-2026-32280,HIGH,https://avd.aquasec.com/nvd/cve-2026-32280,macvlan,"1.25.9, 1.26.2",false,not_affected,vulnerable_code_not_present
kubeovn/kube-ovn:v1.15.4,harvester/v1.8.2,stdlib,v1.25.7,gobinary,CVE-2026-32280,HIGH,https://avd.aquasec.com/nvd/cve-2026-32280,portmap,"1.25.9, 1.26.2",false,not_affected,vulnerable_code_not_present
kubeovn/kube-ovn:v1.15.4,harvester/v1.8.2,stdlib,v1.25.7,gobinary,CVE-2026-32280,HIGH,https://avd.aquasec.com/nvd/cve-2026-32280,usr/bin/gobgp,"1.25.9, 1.26.2",false,affected,
kubeovn/kube-ovn:v1.15.4,harvester/v1.8.2,stdlib,v1.25.7,gobinary,CVE-2026-32280,HIGH,https://avd.aquasec.com/nvd/cve-2026-32280,usr/bin/kubectl,"1.25.9, 1.26.2",false,not_affected,vulnerable_code_not_in_execute_path
kubeovn/kube-ovn:v1.15.4,harvester/v1.8.2,stdlib,v1.25.7,gobinary,CVE-2026-32281,HIGH,https://avd.aquasec.com/nvd/cve-2026-32281,loopback,"1.25.9, 1.26.2",false,not_affected,vulnerable_code_not_present
kubeovn/kube-ovn:v1.15.4,harvester/v1.8.2,stdlib,v1.25.7,gobinary,CVE-2026-32281,HIGH,https://avd.aquasec.com/nvd/cve-2026-32281,macvlan,"1.25.9, 1.26.2",false,not_affected,vulnerable_code_not_present
kubeovn/kube-ovn:v1.15.4,harvester/v1.8.2,stdlib,v1.25.7,gobinary,CVE-2026-32281,HIGH,https://avd.aquasec.com/nvd/cve-2026-32281,portmap,"1.25.9, 1.26.2",false,not_affected,vulnerable_code_not_present
kubeovn/kube-ovn:v1.15.4,harvester/v1.8.2,stdlib,v1.25.7,gobinary,CVE-2026-32282,MEDIUM,https://avd.aquasec.com/nvd/cve-2026-32282,kube-ovn/kube-ovn,"1.25.9, 1.26.2",false,not_affected,vulnerable_code_not_in_execute_path
kubeovn/kube-ovn:v1.15.4,harvester/v1.8.2,stdlib,v1.25.7,gobinary,CVE-2026-32282,MEDIUM,https://avd.aquasec.com/nvd/cve-2026-32282,kube-ovn/kube-ovn-cmd,"1.25.9, 1.26.2",false,not_affected,vulnerable_code_not_in_execute_path
kubeovn/kube-ovn:v1.15.4,harvester/v1.8.2,stdlib,v1.25.7,gobinary,CVE-2026-32282,MEDIUM,https://avd.aquasec.com/nvd/cve-2026-32282,kube-ovn/kube-ovn-controller,"1.25.9, 1.26.2",false,not_affected,vulnerable_code_not_in_execute_path
kubeovn/kube-ovn:v1.15.4,harvester/v1.8.2,stdlib,v1.25.7,gobinary,CVE-2026-32282,MEDIUM,https://avd.aquasec.com/nvd/cve-2026-32282,kube-ovn/kube-ovn-daemon,"1.25.9, 1.26.2",false,not_affected,vulnerable_code_not_in_execute_path
kubeovn/kube-ovn:v1.15.4,harvester/v1.8.2,stdlib,v1.25.7,gobinary,CVE-2026-32282,MEDIUM,https://avd.aquasec.com/nvd/cve-2026-32282,loopback,"1.25.9, 1.26.2",false,not_affected,vulnerable_code_not_in_execute_path
kubeovn/kube-ovn:v1.15.4,harvester/v1.8.2,stdlib,v1.25.7,gobinary,CVE-2026-32282,MEDIUM,https://avd.aquasec.com/nvd/cve-2026-32282,macvlan,"1.25.9, 1.26.2",false,not_affected,vulnerable_code_not_in_execute_path
kubeovn/kube-ovn:v1.15.4,harvester/v1.8.2,stdlib,v1.25.7,gobinary,CVE-2026-32282,MEDIUM,https://avd.aquasec.com/nvd/cve-2026-32282,portmap,"1.25.9, 1.26.2",false,not_affected,vulnerable_code_not_in_execute_path
kubeovn/kube-ovn:v1.15.4,harvester/v1.8.2,stdlib,v1.25.7,gobinary,CVE-2026-32282,MEDIUM,https://avd.aquasec.com/nvd/cve-2026-32282,usr/bin/gobgp,"1.25.9, 1.26.2",false,not_affected,vulnerable_code_not_in_execute_path
kubeovn/kube-ovn:v1.15.4,harvester/v1.8.2,stdlib,v1.25.7,gobinary,CVE-2026-32282,MEDIUM,https://avd.aquasec.com/nvd/cve-2026-32282,usr/bin/kubectl,"1.25.9, 1.26.2",false,not_affected,vulnerable_code_not_in_execute_path
kubeovn/kube-ovn:v1.15.4,harvester/v1.8.2,stdlib,v1.25.7,gobinary,CVE-2026-32283,HIGH,https://avd.aquasec.com/nvd/cve-2026-32283,loopback,"1.25.9, 1.26.2",false,not_affected,vulnerable_code_not_present
kubeovn/kube-ovn:v1.15.4,harvester/v1.8.2,stdlib,v1.25.7,gobinary,CVE-2026-32283,HIGH,https://avd.aquasec.com/nvd/cve-2026-32283,macvlan,"1.25.9, 1.26.2",false,not_affected,vulnerable_code_not_present
kubeovn/kube-ovn:v1.15.4,harvester/v1.8.2,stdlib,v1.25.7,gobinary,CVE-2026-32283,HIGH,https://avd.aquasec.com/nvd/cve-2026-32283,portmap,"1.25.9, 1.26.2",false,not_affected,vulnerable_code_not_present
kubeovn/kube-ovn:v1.15.4,harvester/v1.8.2,stdlib,v1.25.7,gobinary,CVE-2026-32288,MEDIUM,https://avd.aquasec.com/nvd/cve-2026-32288,kube-ovn/kube-ovn,"1.25.9, 1.26.2",false,not_affected,vulnerable_code_not_present
kubeovn/kube-ovn:v1.15.4,harvester/v1.8.2,stdlib,v1.25.7,gobinary,CVE-2026-32288,MEDIUM,https://avd.aquasec.com/nvd/cve-2026-32288,kube-ovn/kube-ovn-cmd,"1.25.9, 1.26.2",false,not_affected,vulnerable_code_not_present
kubeovn/kube-ovn:v1.15.4,harvester/v1.8.2,stdlib,v1.25.7,gobinary,CVE-2026-32288,MEDIUM,https://avd.aquasec.com/nvd/cve-2026-32288,kube-ovn/kube-ovn-controller,"1.25.9, 1.26.2",false,not_affected,vulnerable_code_not_present
kubeovn/kube-ovn:v1.15.4,harvester/v1.8.2,stdlib,v1.25.7,gobinary,CVE-2026-32288,MEDIUM,https://avd.aquasec.com/nvd/cve-2026-32288,kube-ovn/kube-ovn-daemon,"1.25.9, 1.26.2",false,not_affected,vulnerable_code_not_present
kubeovn/kube-ovn:v1.15.4,harvester/v1.8.2,stdlib,v1.25.7,gobinary,CVE-2026-32288,MEDIUM,https://avd.aquasec.com/nvd/cve-2026-32288,loopback,"1.25.9, 1.26.2",false,not_affected,vulnerable_code_not_present
kubeovn/kube-ovn:v1.15.4,harvester/v1.8.2,stdlib,v1.25.7,gobinary,CVE-2026-32288,MEDIUM,https://avd.aquasec.com/nvd/cve-2026-32288,macvlan,"1.25.9, 1.26.2",false,not_affected,vulnerable_code_not_present
kubeovn/kube-ovn:v1.15.4,harvester/v1.8.2,stdlib,v1.25.7,gobinary,CVE-2026-32288,MEDIUM,https://avd.aquasec.com/nvd/cve-2026-32288,portmap,"1.25.9, 1.26.2",false,not_affected,vulnerable_code_not_present
kubeovn/kube-ovn:v1.15.4,harvester/v1.8.2,stdlib,v1.25.7,gobinary,CVE-2026-32288,MEDIUM,https://avd.aquasec.com/nvd/cve-2026-32288,usr/bin/gobgp,"1.25.9, 1.26.2",false,not_affected,vulnerable_code_not_present
kubeovn/kube-ovn:v1.15.4,harvester/v1.8.2,stdlib,v1.25.7,gobinary,CVE-2026-32289,MEDIUM,https://avd.aquasec.com/nvd/cve-2026-32289,kube-ovn/kube-ovn,"1.25.9, 1.26.2",false,not_affected,vulnerable_code_not_present
kubeovn/kube-ovn:v1.15.4,harvester/v1.8.2,stdlib,v1.25.7,gobinary,CVE-2026-32289,MEDIUM,https://avd.aquasec.com/nvd/cve-2026-32289,kube-ovn/kube-ovn-cmd,"1.25.9, 1.26.2",false,not_affected,vulnerable_code_not_present
kubeovn/kube-ovn:v1.15.4,harvester/v1.8.2,stdlib,v1.25.7,gobinary,CVE-2026-32289,MEDIUM,https://avd.aquasec.com/nvd/cve-2026-32289,kube-ovn/kube-ovn-controller,"1.25.9, 1.26.2",false,not_affected,vulnerable_code_not_present
kubeovn/kube-ovn:v1.15.4,harvester/v1.8.2,stdlib,v1.25.7,gobinary,CVE-2026-32289,MEDIUM,https://avd.aquasec.com/nvd/cve-2026-32289,kube-ovn/kube-ovn-daemon,"1.25.9, 1.26.2",false,not_affected,vulnerable_code_not_present
kubeovn/kube-ovn:v1.15.4,harvester/v1.8.2,stdlib,v1.25.7,gobinary,CVE-2026-32289,MEDIUM,https://avd.aquasec.com/nvd/cve-2026-32289,loopback,"1.25.9, 1.26.2",false,not_affected,vulnerable_code_not_present
kubeovn/kube-ovn:v1.15.4,harvester/v1.8.2,stdlib,v1.25.7,gobinary,CVE-2026-32289,MEDIUM,https://avd.aquasec.com/nvd/cve-2026-32289,macvlan,"1.25.9, 1.26.2",false,not_affected,vulnerable_code_not_present
kubeovn/kube-ovn:v1.15.4,harvester/v1.8.2,stdlib,v1.25.7,gobinary,CVE-2026-32289,MEDIUM,https://avd.aquasec.com/nvd/cve-2026-32289,portmap,"1.25.9, 1.26.2",false,not_affected,vulnerable_code_not_present
kubeovn/kube-ovn:v1.15.4,harvester/v1.8.2,stdlib,v1.25.7,gobinary,CVE-2026-32289,MEDIUM,https://avd.aquasec.com/nvd/cve-2026-32289,usr/bin/kubectl,"1.25.9, 1.26.2",false,not_affected,vulnerable_code_not_present
kubeovn/kube-ovn:v1.15.4,harvester/v1.8.2,google.golang.org/grpc,v1.73.0,gobinary,CVE-2026-33186,HIGH,https://avd.aquasec.com/nvd/cve-2026-33186,usr/bin/gobgp,1.79.3,false,affected,severity_changed_due_to_suse_cvss_score
kubeovn/kube-ovn:v1.15.4,harvester/v1.8.2,google.golang.org/grpc,v1.78.0,gobinary,CVE-2026-33186,HIGH,https://avd.aquasec.com/nvd/cve-2026-33186,kube-ovn/kube-ovn-cmd,1.79.3,false,affected,severity_changed_due_to_suse_cvss_score
kubeovn/kube-ovn:v1.15.4,harvester/v1.8.2,google.golang.org/grpc,v1.78.0,gobinary,CVE-2026-33186,HIGH,https://avd.aquasec.com/nvd/cve-2026-33186,kube-ovn/kube-ovn-controller,1.79.3,false,affected,severity_changed_due_to_suse_cvss_score
kubeovn/kube-ovn:v1.15.4,harvester/v1.8.2,google.golang.org/grpc,v1.78.0,gobinary,CVE-2026-33186,HIGH,https://avd.aquasec.com/nvd/cve-2026-33186,kube-ovn/kube-ovn-daemon,1.79.3,false,affected,severity_changed_due_to_suse_cvss_score
kubeovn/kube-ovn:v1.15.4,harvester/v1.8.2,libunbound8,1.19.2-1ubuntu3.7,ubuntu,CVE-2026-33278,HIGH,https://avd.aquasec.com/nvd/cve-2026-33278,kubeovn/kube-ovn:v1.15.4 (ubuntu 24.04),1.19.2-1ubuntu3.8,false,affected,
kubeovn/kube-ovn:v1.15.4,harvester/v1.8.2,stdlib,v1.25.7,gobinary,CVE-2026-33811,HIGH,https://avd.aquasec.com/nvd/cve-2026-33811,kube-ovn/kube-ovn,"1.25.10, 1.26.3",false,not_affected,vulnerable_code_not_in_execute_path
kubeovn/kube-ovn:v1.15.4,harvester/v1.8.2,stdlib,v1.25.7,gobinary,CVE-2026-33811,HIGH,https://avd.aquasec.com/nvd/cve-2026-33811,kube-ovn/kube-ovn-cmd,"1.25.10, 1.26.3",false,not_affected,vulnerable_code_not_in_execute_path
kubeovn/kube-ovn:v1.15.4,harvester/v1.8.2,stdlib,v1.25.7,gobinary,CVE-2026-33811,HIGH,https://avd.aquasec.com/nvd/cve-2026-33811,kube-ovn/kube-ovn-controller,"1.25.10, 1.26.3",false,not_affected,vulnerable_code_not_in_execute_path
kubeovn/kube-ovn:v1.15.4,harvester/v1.8.2,stdlib,v1.25.7,gobinary,CVE-2026-33811,HIGH,https://avd.aquasec.com/nvd/cve-2026-33811,kube-ovn/kube-ovn-daemon,"1.25.10, 1.26.3",false,not_affected,vulnerable_code_not_in_execute_path
kubeovn/kube-ovn:v1.15.4,harvester/v1.8.2,stdlib,v1.25.7,gobinary,CVE-2026-33811,HIGH,https://avd.aquasec.com/nvd/cve-2026-33811,loopback,"1.25.10, 1.26.3",false,not_affected,vulnerable_code_not_in_execute_path
kubeovn/kube-ovn:v1.15.4,harvester/v1.8.2,stdlib,v1.25.7,gobinary,CVE-2026-33811,HIGH,https://avd.aquasec.com/nvd/cve-2026-33811,macvlan,"1.25.10, 1.26.3",false,not_affected,vulnerable_code_not_in_execute_path
kubeovn/kube-ovn:v1.15.4,harvester/v1.8.2,stdlib,v1.25.7,gobinary,CVE-2026-33811,HIGH,https://avd.aquasec.com/nvd/cve-2026-33811,portmap,"1.25.10, 1.26.3",false,not_affected,vulnerable_code_not_in_execute_path
kubeovn/kube-ovn:v1.15.4,harvester/v1.8.2,stdlib,v1.25.7,gobinary,CVE-2026-33811,HIGH,https://avd.aquasec.com/nvd/cve-2026-33811,usr/bin/gobgp,"1.25.10, 1.26.3",false,affected,
kubeovn/kube-ovn:v1.15.4,harvester/v1.8.2,stdlib,v1.25.7,gobinary,CVE-2026-33811,HIGH,https://avd.aquasec.com/nvd/cve-2026-33811,usr/bin/kubectl,"1.25.10, 1.26.3",false,not_affected,vulnerable_code_not_in_execute_path
kubeovn/kube-ovn:v1.15.4,harvester/v1.8.2,golang.org/x/net,v0.38.0,gobinary,CVE-2026-33814,HIGH,https://avd.aquasec.com/nvd/cve-2026-33814,usr/bin/gobgp,0.53.0,false,not_affected,vulnerable_code_not_in_execute_path
kubeovn/kube-ovn:v1.15.4,harvester/v1.8.2,golang.org/x/net,v0.38.0,gobinary,CVE-2026-33814,HIGH,https://avd.aquasec.com/nvd/cve-2026-33814,usr/bin/kubectl,0.53.0,false,affected,
kubeovn/kube-ovn:v1.15.4,harvester/v1.8.2,golang.org/x/net,v0.50.0,gobinary,CVE-2026-33814,HIGH,https://avd.aquasec.com/nvd/cve-2026-33814,kube-ovn/kube-ovn,0.53.0,false,affected,
kubeovn/kube-ovn:v1.15.4,harvester/v1.8.2,golang.org/x/net,v0.50.0,gobinary,CVE-2026-33814,HIGH,https://avd.aquasec.com/nvd/cve-2026-33814,kube-ovn/kube-ovn-cmd,0.53.0,false,affected,
kubeovn/kube-ovn:v1.15.4,harvester/v1.8.2,golang.org/x/net,v0.50.0,gobinary,CVE-2026-33814,HIGH,https://avd.aquasec.com/nvd/cve-2026-33814,kube-ovn/kube-ovn-controller,0.53.0,false,affected,
kubeovn/kube-ovn:v1.15.4,harvester/v1.8.2,golang.org/x/net,v0.50.0,gobinary,CVE-2026-33814,HIGH,https://avd.aquasec.com/nvd/cve-2026-33814,kube-ovn/kube-ovn-daemon,0.53.0,false,affected,
kubeovn/kube-ovn:v1.15.4,harvester/v1.8.2,stdlib,v1.25.7,gobinary,CVE-2026-33814,HIGH,https://avd.aquasec.com/nvd/cve-2026-33814,kube-ovn/kube-ovn,"1.25.10, 1.26.3",false,affected,
kubeovn/kube-ovn:v1.15.4,harvester/v1.8.2,stdlib,v1.25.7,gobinary,CVE-2026-33814,HIGH,https://avd.aquasec.com/nvd/cve-2026-33814,kube-ovn/kube-ovn-cmd,"1.25.10, 1.26.3",false,affected,
kubeovn/kube-ovn:v1.15.4,harvester/v1.8.2,stdlib,v1.25.7,gobinary,CVE-2026-33814,HIGH,https://avd.aquasec.com/nvd/cve-2026-33814,kube-ovn/kube-ovn-controller,"1.25.10, 1.26.3",false,affected,
kubeovn/kube-ovn:v1.15.4,harvester/v1.8.2,stdlib,v1.25.7,gobinary,CVE-2026-33814,HIGH,https://avd.aquasec.com/nvd/cve-2026-33814,kube-ovn/kube-ovn-daemon,"1.25.10, 1.26.3",false,affected,
kubeovn/kube-ovn:v1.15.4,harvester/v1.8.2,stdlib,v1.25.7,gobinary,CVE-2026-33814,HIGH,https://avd.aquasec.com/nvd/cve-2026-33814,loopback,"1.25.10, 1.26.3",false,not_affected,vulnerable_code_not_in_execute_path
kubeovn/kube-ovn:v1.15.4,harvester/v1.8.2,stdlib,v1.25.7,gobinary,CVE-2026-33814,HIGH,https://avd.aquasec.com/nvd/cve-2026-33814,macvlan,"1.25.10, 1.26.3",false,not_affected,vulnerable_code_not_in_execute_path
kubeovn/kube-ovn:v1.15.4,harvester/v1.8.2,stdlib,v1.25.7,gobinary,CVE-2026-33814,HIGH,https://avd.aquasec.com/nvd/cve-2026-33814,portmap,"1.25.10, 1.26.3",false,not_affected,vulnerable_code_not_in_execute_path
kubeovn/kube-ovn:v1.15.4,harvester/v1.8.2,stdlib,v1.25.7,gobinary,CVE-2026-33814,HIGH,https://avd.aquasec.com/nvd/cve-2026-33814,usr/bin/gobgp,"1.25.10, 1.26.3",false,not_affected,vulnerable_code_not_in_execute_path
kubeovn/kube-ovn:v1.15.4,harvester/v1.8.2,stdlib,v1.25.7,gobinary,CVE-2026-33814,HIGH,https://avd.aquasec.com/nvd/cve-2026-33814,usr/bin/kubectl,"1.25.10, 1.26.3",false,not_affected,vulnerable_code_not_in_execute_path
kubeovn/kube-ovn:v1.15.4,harvester/v1.8.2,github.com/moby/spdystream,v0.5.0,gobinary,CVE-2026-35469,HIGH,https://avd.aquasec.com/nvd/cve-2026-35469,kube-ovn/kube-ovn,0.5.1,false,not_affected,vulnerable_code_not_in_execute_path
kubeovn/kube-ovn:v1.15.4,harvester/v1.8.2,github.com/moby/spdystream,v0.5.0,gobinary,CVE-2026-35469,HIGH,https://avd.aquasec.com/nvd/cve-2026-35469,kube-ovn/kube-ovn-cmd,0.5.1,false,not_affected,vulnerable_code_not_in_execute_path
kubeovn/kube-ovn:v1.15.4,harvester/v1.8.2,github.com/moby/spdystream,v0.5.0,gobinary,CVE-2026-35469,HIGH,https://avd.aquasec.com/nvd/cve-2026-35469,kube-ovn/kube-ovn-controller,0.5.1,false,not_affected,vulnerable_code_not_in_execute_path
kubeovn/kube-ovn:v1.15.4,harvester/v1.8.2,github.com/moby/spdystream,v0.5.0,gobinary,CVE-2026-35469,HIGH,https://avd.aquasec.com/nvd/cve-2026-35469,kube-ovn/kube-ovn-daemon,0.5.1,false,not_affected,vulnerable_code_not_in_execute_path
kubeovn/kube-ovn:v1.15.4,harvester/v1.8.2,github.com/osrg/gobgp/v4,v4.1.0,gobinary,CVE-2026-37461,HIGH,https://avd.aquasec.com/nvd/cve-2026-37461,kube-ovn/kube-ovn-cmd,4.4.0,false,affected,
kubeovn/kube-ovn:v1.15.4,harvester/v1.8.2,github.com/osrg/gobgp/v4,v4.1.0,gobinary,CVE-2026-37461,HIGH,https://avd.aquasec.com/nvd/cve-2026-37461,usr/bin/gobgp,4.4.0,false,affected,
kubeovn/kube-ovn:v1.15.4,harvester/v1.8.2,github.com/osrg/gobgp/v4,v4.1.0,gobinary,CVE-2026-37462,HIGH,https://avd.aquasec.com/nvd/cve-2026-37462,kube-ovn/kube-ovn-cmd,4.4.0,false,affected,
kubeovn/kube-ovn:v1.15.4,harvester/v1.8.2,github.com/osrg/gobgp/v4,v4.1.0,gobinary,CVE-2026-37462,HIGH,https://avd.aquasec.com/nvd/cve-2026-37462,usr/bin/gobgp,4.4.0,false,affected,
kubeovn/kube-ovn:v1.15.4,harvester/v1.8.2,stdlib,v1.25.7,gobinary,CVE-2026-39820,HIGH,https://avd.aquasec.com/nvd/cve-2026-39820,kube-ovn/kube-ovn,"1.25.10, 1.26.3",false,not_affected,vulnerable_code_not_present
kubeovn/kube-ovn:v1.15.4,harvester/v1.8.2,stdlib,v1.25.7,gobinary,CVE-2026-39820,HIGH,https://avd.aquasec.com/nvd/cve-2026-39820,kube-ovn/kube-ovn-cmd,"1.25.10, 1.26.3",false,not_affected,vulnerable_code_not_present
kubeovn/kube-ovn:v1.15.4,harvester/v1.8.2,stdlib,v1.25.7,gobinary,CVE-2026-39820,HIGH,https://avd.aquasec.com/nvd/cve-2026-39820,kube-ovn/kube-ovn-controller,"1.25.10, 1.26.3",false,not_affected,vulnerable_code_not_present
kubeovn/kube-ovn:v1.15.4,harvester/v1.8.2,stdlib,v1.25.7,gobinary,CVE-2026-39820,HIGH,https://avd.aquasec.com/nvd/cve-2026-39820,kube-ovn/kube-ovn-daemon,"1.25.10, 1.26.3",false,not_affected,vulnerable_code_not_present
kubeovn/kube-ovn:v1.15.4,harvester/v1.8.2,stdlib,v1.25.7,gobinary,CVE-2026-39820,HIGH,https://avd.aquasec.com/nvd/cve-2026-39820,loopback,"1.25.10, 1.26.3",false,not_affected,vulnerable_code_not_present
kubeovn/kube-ovn:v1.15.4,harvester/v1.8.2,stdlib,v1.25.7,gobinary,CVE-2026-39820,HIGH,https://avd.aquasec.com/nvd/cve-2026-39820,macvlan,"1.25.10, 1.26.3",false,not_affected,vulnerable_code_not_present
kubeovn/kube-ovn:v1.15.4,harvester/v1.8.2,stdlib,v1.25.7,gobinary,CVE-2026-39820,HIGH,https://avd.aquasec.com/nvd/cve-2026-39820,portmap,"1.25.10, 1.26.3",false,not_affected,vulnerable_code_not_present
kubeovn/kube-ovn:v1.15.4,harvester/v1.8.2,stdlib,v1.25.7,gobinary,CVE-2026-39820,HIGH,https://avd.aquasec.com/nvd/cve-2026-39820,usr/bin/gobgp,"1.25.10, 1.26.3",false,not_affected,vulnerable_code_not_present
kubeovn/kube-ovn:v1.15.4,harvester/v1.8.2,stdlib,v1.25.7,gobinary,CVE-2026-39820,HIGH,https://avd.aquasec.com/nvd/cve-2026-39820,usr/bin/kubectl,"1.25.10, 1.26.3",false,not_affected,vulnerable_code_not_present
kubeovn/kube-ovn:v1.15.4,harvester/v1.8.2,golang.org/x/net,v0.38.0,gobinary,CVE-2026-39821,HIGH,https://avd.aquasec.com/nvd/cve-2026-39821,usr/bin/gobgp,0.55.0,false,not_affected,vulnerable_code_not_in_execute_path
kubeovn/kube-ovn:v1.15.4,harvester/v1.8.2,golang.org/x/net,v0.38.0,gobinary,CVE-2026-39821,HIGH,https://avd.aquasec.com/nvd/cve-2026-39821,usr/bin/kubectl,0.55.0,false,affected,
kubeovn/kube-ovn:v1.15.4,harvester/v1.8.2,golang.org/x/net,v0.50.0,gobinary,CVE-2026-39821,HIGH,https://avd.aquasec.com/nvd/cve-2026-39821,kube-ovn/kube-ovn,0.55.0,false,not_affected,vulnerable_code_not_in_execute_path
kubeovn/kube-ovn:v1.15.4,harvester/v1.8.2,golang.org/x/net,v0.50.0,gobinary,CVE-2026-39821,HIGH,https://avd.aquasec.com/nvd/cve-2026-39821,kube-ovn/kube-ovn-cmd,0.55.0,false,not_affected,vulnerable_code_not_in_execute_path
kubeovn/kube-ovn:v1.15.4,harvester/v1.8.2,golang.org/x/net,v0.50.0,gobinary,CVE-2026-39821,HIGH,https://avd.aquasec.com/nvd/cve-2026-39821,kube-ovn/kube-ovn-controller,0.55.0,false,not_affected,vulnerable_code_not_in_execute_path
kubeovn/kube-ovn:v1.15.4,harvester/v1.8.2,golang.org/x/net,v0.50.0,gobinary,CVE-2026-39821,HIGH,https://avd.aquasec.com/nvd/cve-2026-39821,kube-ovn/kube-ovn-daemon,0.55.0,false,not_affected,vulnerable_code_not_in_execute_path
kubeovn/kube-ovn:v1.15.4,harvester/v1.8.2,stdlib,v1.25.7,gobinary,CVE-2026-39822,HIGH,https://avd.aquasec.com/nvd/cve-2026-39822,kube-ovn/kube-ovn,"1.25.12, 1.26.5, 1.27.0-rc.2",false,not_affected,vulnerable_code_not_in_execute_path
kubeovn/kube-ovn:v1.15.4,harvester/v1.8.2,stdlib,v1.25.7,gobinary,CVE-2026-39822,HIGH,https://avd.aquasec.com/nvd/cve-2026-39822,kube-ovn/kube-ovn-cmd,"1.25.12, 1.26.5, 1.27.0-rc.2",false,not_affected,vulnerable_code_not_in_execute_path
kubeovn/kube-ovn:v1.15.4,harvester/v1.8.2,stdlib,v1.25.7,gobinary,CVE-2026-39822,HIGH,https://avd.aquasec.com/nvd/cve-2026-39822,kube-ovn/kube-ovn-controller,"1.25.12, 1.26.5, 1.27.0-rc.2",false,not_affected,vulnerable_code_not_in_execute_path
kubeovn/kube-ovn:v1.15.4,harvester/v1.8.2,stdlib,v1.25.7,gobinary,CVE-2026-39822,HIGH,https://avd.aquasec.com/nvd/cve-2026-39822,kube-ovn/kube-ovn-daemon,"1.25.12, 1.26.5, 1.27.0-rc.2",false,not_affected,vulnerable_code_not_in_execute_path
kubeovn/kube-ovn:v1.15.4,harvester/v1.8.2,stdlib,v1.25.7,gobinary,CVE-2026-39822,HIGH,https://avd.aquasec.com/nvd/cve-2026-39822,loopback,"1.25.12, 1.26.5, 1.27.0-rc.2",false,not_affected,vulnerable_code_not_in_execute_path
kubeovn/kube-ovn:v1.15.4,harvester/v1.8.2,stdlib,v1.25.7,gobinary,CVE-2026-39822,HIGH,https://avd.aquasec.com/nvd/cve-2026-39822,macvlan,"1.25.12, 1.26.5, 1.27.0-rc.2",false,not_affected,vulnerable_code_not_in_execute_path
kubeovn/kube-ovn:v1.15.4,harvester/v1.8.2,stdlib,v1.25.7,gobinary,CVE-2026-39822,HIGH,https://avd.aquasec.com/nvd/cve-2026-39822,portmap,"1.25.12, 1.26.5, 1.27.0-rc.2",false,not_affected,vulnerable_code_not_in_execute_path
kubeovn/kube-ovn:v1.15.4,harvester/v1.8.2,stdlib,v1.25.7,gobinary,CVE-2026-39822,HIGH,https://avd.aquasec.com/nvd/cve-2026-39822,usr/bin/gobgp,"1.25.12, 1.26.5, 1.27.0-rc.2",false,not_affected,vulnerable_code_not_in_execute_path
kubeovn/kube-ovn:v1.15.4,harvester/v1.8.2,stdlib,v1.25.7,gobinary,CVE-2026-39822,HIGH,https://avd.aquasec.com/nvd/cve-2026-39822,usr/bin/kubectl,"1.25.12, 1.26.5, 1.27.0-rc.2",false,not_affected,vulnerable_code_not_in_execute_path
kubeovn/kube-ovn:v1.15.4,harvester/v1.8.2,stdlib,v1.25.7,gobinary,CVE-2026-39823,MEDIUM,https://avd.aquasec.com/nvd/cve-2026-39823,kube-ovn/kube-ovn,"1.25.10, 1.26.3",false,not_affected,vulnerable_code_not_present
kubeovn/kube-ovn:v1.15.4,harvester/v1.8.2,stdlib,v1.25.7,gobinary,CVE-2026-39823,MEDIUM,https://avd.aquasec.com/nvd/cve-2026-39823,kube-ovn/kube-ovn-cmd,"1.25.10, 1.26.3",false,not_affected,vulnerable_code_not_present
kubeovn/kube-ovn:v1.15.4,harvester/v1.8.2,stdlib,v1.25.7,gobinary,CVE-2026-39823,MEDIUM,https://avd.aquasec.com/nvd/cve-2026-39823,kube-ovn/kube-ovn-controller,"1.25.10, 1.26.3",false,not_affected,vulnerable_code_not_present
kubeovn/kube-ovn:v1.15.4,harvester/v1.8.2,stdlib,v1.25.7,gobinary,CVE-2026-39823,MEDIUM,https://avd.aquasec.com/nvd/cve-2026-39823,kube-ovn/kube-ovn-daemon,"1.25.10, 1.26.3",false,not_affected,vulnerable_code_not_present
kubeovn/kube-ovn:v1.15.4,harvester/v1.8.2,stdlib,v1.25.7,gobinary,CVE-2026-39823,MEDIUM,https://avd.aquasec.com/nvd/cve-2026-39823,loopback,"1.25.10, 1.26.3",false,not_affected,vulnerable_code_not_present
kubeovn/kube-ovn:v1.15.4,harvester/v1.8.2,stdlib,v1.25.7,gobinary,CVE-2026-39823,MEDIUM,https://avd.aquasec.com/nvd/cve-2026-39823,macvlan,"1.25.10, 1.26.3",false,not_affected,vulnerable_code_not_present
kubeovn/kube-ovn:v1.15.4,harvester/v1.8.2,stdlib,v1.25.7,gobinary,CVE-2026-39823,MEDIUM,https://avd.aquasec.com/nvd/cve-2026-39823,portmap,"1.25.10, 1.26.3",false,not_affected,vulnerable_code_not_present
kubeovn/kube-ovn:v1.15.4,harvester/v1.8.2,stdlib,v1.25.7,gobinary,CVE-2026-39823,MEDIUM,https://avd.aquasec.com/nvd/cve-2026-39823,usr/bin/kubectl,"1.25.10, 1.26.3",false,not_affected,vulnerable_code_not_present
kubeovn/kube-ovn:v1.15.4,harvester/v1.8.2,stdlib,v1.25.7,gobinary,CVE-2026-39825,MEDIUM,https://avd.aquasec.com/nvd/cve-2026-39825,kube-ovn/kube-ovn,"1.25.10, 1.26.3",false,not_affected,vulnerable_code_not_in_execute_path
kubeovn/kube-ovn:v1.15.4,harvester/v1.8.2,stdlib,v1.25.7,gobinary,CVE-2026-39825,MEDIUM,https://avd.aquasec.com/nvd/cve-2026-39825,kube-ovn/kube-ovn-cmd,"1.25.10, 1.26.3",false,not_affected,vulnerable_code_not_in_execute_path
kubeovn/kube-ovn:v1.15.4,harvester/v1.8.2,stdlib,v1.25.7,gobinary,CVE-2026-39825,MEDIUM,https://avd.aquasec.com/nvd/cve-2026-39825,kube-ovn/kube-ovn-controller,"1.25.10, 1.26.3",false,not_affected,vulnerable_code_not_in_execute_path
kubeovn/kube-ovn:v1.15.4,harvester/v1.8.2,stdlib,v1.25.7,gobinary,CVE-2026-39825,MEDIUM,https://avd.aquasec.com/nvd/cve-2026-39825,kube-ovn/kube-ovn-daemon,"1.25.10, 1.26.3",false,not_affected,vulnerable_code_not_in_execute_path
kubeovn/kube-ovn:v1.15.4,harvester/v1.8.2,stdlib,v1.25.7,gobinary,CVE-2026-39825,MEDIUM,https://avd.aquasec.com/nvd/cve-2026-39825,loopback,"1.25.10, 1.26.3",false,not_affected,vulnerable_code_not_present
kubeovn/kube-ovn:v1.15.4,harvester/v1.8.2,stdlib,v1.25.7,gobinary,CVE-2026-39825,MEDIUM,https://avd.aquasec.com/nvd/cve-2026-39825,macvlan,"1.25.10, 1.26.3",false,not_affected,vulnerable_code_not_present
kubeovn/kube-ovn:v1.15.4,harvester/v1.8.2,stdlib,v1.25.7,gobinary,CVE-2026-39825,MEDIUM,https://avd.aquasec.com/nvd/cve-2026-39825,portmap,"1.25.10, 1.26.3",false,not_affected,vulnerable_code_not_present
kubeovn/kube-ovn:v1.15.4,harvester/v1.8.2,stdlib,v1.25.7,gobinary,CVE-2026-39825,MEDIUM,https://avd.aquasec.com/nvd/cve-2026-39825,usr/bin/gobgp,"1.25.10, 1.26.3",false,not_affected,vulnerable_code_not_in_execute_path
kubeovn/kube-ovn:v1.15.4,harvester/v1.8.2,stdlib,v1.25.7,gobinary,CVE-2026-39826,MEDIUM,https://avd.aquasec.com/nvd/cve-2026-39826,kube-ovn/kube-ovn,"1.25.10, 1.26.3",false,not_affected,vulnerable_code_not_present
kubeovn/kube-ovn:v1.15.4,harvester/v1.8.2,stdlib,v1.25.7,gobinary,CVE-2026-39826,MEDIUM,https://avd.aquasec.com/nvd/cve-2026-39826,kube-ovn/kube-ovn-cmd,"1.25.10, 1.26.3",false,not_affected,vulnerable_code_not_present
kubeovn/kube-ovn:v1.15.4,harvester/v1.8.2,stdlib,v1.25.7,gobinary,CVE-2026-39826,MEDIUM,https://avd.aquasec.com/nvd/cve-2026-39826,kube-ovn/kube-ovn-controller,"1.25.10, 1.26.3",false,not_affected,vulnerable_code_not_present
kubeovn/kube-ovn:v1.15.4,harvester/v1.8.2,stdlib,v1.25.7,gobinary,CVE-2026-39826,MEDIUM,https://avd.aquasec.com/nvd/cve-2026-39826,kube-ovn/kube-ovn-daemon,"1.25.10, 1.26.3",false,not_affected,vulnerable_code_not_present
kubeovn/kube-ovn:v1.15.4,harvester/v1.8.2,stdlib,v1.25.7,gobinary,CVE-2026-39826,MEDIUM,https://avd.aquasec.com/nvd/cve-2026-39826,loopback,"1.25.10, 1.26.3",false,not_affected,vulnerable_code_not_present
kubeovn/kube-ovn:v1.15.4,harvester/v1.8.2,stdlib,v1.25.7,gobinary,CVE-2026-39826,MEDIUM,https://avd.aquasec.com/nvd/cve-2026-39826,macvlan,"1.25.10, 1.26.3",false,not_affected,vulnerable_code_not_present
kubeovn/kube-ovn:v1.15.4,harvester/v1.8.2,stdlib,v1.25.7,gobinary,CVE-2026-39826,MEDIUM,https://avd.aquasec.com/nvd/cve-2026-39826,portmap,"1.25.10, 1.26.3",false,not_affected,vulnerable_code_not_present
kubeovn/kube-ovn:v1.15.4,harvester/v1.8.2,stdlib,v1.25.7,gobinary,CVE-2026-39826,MEDIUM,https://avd.aquasec.com/nvd/cve-2026-39826,usr/bin/kubectl,"1.25.10, 1.26.3",false,not_affected,vulnerable_code_not_present
kubeovn/kube-ovn:v1.15.4,harvester/v1.8.2,golang.org/x/crypto,v0.48.0,gobinary,CVE-2026-39827,MEDIUM,https://avd.aquasec.com/nvd/cve-2026-39827,kube-ovn/kube-ovn-cmd,0.52.0,false,not_affected,vulnerable_code_not_present
kubeovn/kube-ovn:v1.15.4,harvester/v1.8.2,golang.org/x/crypto,v0.48.0,gobinary,CVE-2026-39827,MEDIUM,https://avd.aquasec.com/nvd/cve-2026-39827,kube-ovn/kube-ovn-controller,0.52.0,false,not_affected,vulnerable_code_not_present
kubeovn/kube-ovn:v1.15.4,harvester/v1.8.2,golang.org/x/crypto,v0.48.0,gobinary,CVE-2026-39827,MEDIUM,https://avd.aquasec.com/nvd/cve-2026-39827,kube-ovn/kube-ovn-daemon,0.52.0,false,not_affected,vulnerable_code_not_present
kubeovn/kube-ovn:v1.15.4,harvester/v1.8.2,golang.org/x/crypto,v0.48.0,gobinary,CVE-2026-39828,HIGH,https://avd.aquasec.com/nvd/cve-2026-39828,kube-ovn/kube-ovn-cmd,0.52.0,false,not_affected,vulnerable_code_not_present
kubeovn/kube-ovn:v1.15.4,harvester/v1.8.2,golang.org/x/crypto,v0.48.0,gobinary,CVE-2026-39828,HIGH,https://avd.aquasec.com/nvd/cve-2026-39828,kube-ovn/kube-ovn-controller,0.52.0,false,not_affected,vulnerable_code_not_present
kubeovn/kube-ovn:v1.15.4,harvester/v1.8.2,golang.org/x/crypto,v0.48.0,gobinary,CVE-2026-39828,HIGH,https://avd.aquasec.com/nvd/cve-2026-39828,kube-ovn/kube-ovn-daemon,0.52.0,false,not_affected,vulnerable_code_not_present
kubeovn/kube-ovn:v1.15.4,harvester/v1.8.2,golang.org/x/crypto,v0.48.0,gobinary,CVE-2026-39829,HIGH,https://avd.aquasec.com/nvd/cve-2026-39829,kube-ovn/kube-ovn-cmd,0.52.0,false,not_affected,vulnerable_code_not_present
kubeovn/kube-ovn:v1.15.4,harvester/v1.8.2,golang.org/x/crypto,v0.48.0,gobinary,CVE-2026-39829,HIGH,https://avd.aquasec.com/nvd/cve-2026-39829,kube-ovn/kube-ovn-controller,0.52.0,false,not_affected,vulnerable_code_not_present
kubeovn/kube-ovn:v1.15.4,harvester/v1.8.2,golang.org/x/crypto,v0.48.0,gobinary,CVE-2026-39829,HIGH,https://avd.aquasec.com/nvd/cve-2026-39829,kube-ovn/kube-ovn-daemon,0.52.0,false,not_affected,vulnerable_code_not_present
kubeovn/kube-ovn:v1.15.4,harvester/v1.8.2,golang.org/x/crypto,v0.48.0,gobinary,CVE-2026-39830,HIGH,https://avd.aquasec.com/nvd/cve-2026-39830,kube-ovn/kube-ovn-cmd,0.52.0,false,not_affected,vulnerable_code_not_present
kubeovn/kube-ovn:v1.15.4,harvester/v1.8.2,golang.org/x/crypto,v0.48.0,gobinary,CVE-2026-39830,HIGH,https://avd.aquasec.com/nvd/cve-2026-39830,kube-ovn/kube-ovn-controller,0.52.0,false,not_affected,vulnerable_code_not_present
kubeovn/kube-ovn:v1.15.4,harvester/v1.8.2,golang.org/x/crypto,v0.48.0,gobinary,CVE-2026-39830,HIGH,https://avd.aquasec.com/nvd/cve-2026-39830,kube-ovn/kube-ovn-daemon,0.52.0,false,not_affected,vulnerable_code_not_present
kubeovn/kube-ovn:v1.15.4,harvester/v1.8.2,golang.org/x/crypto,v0.48.0,gobinary,CVE-2026-39831,HIGH,https://avd.aquasec.com/nvd/cve-2026-39831,kube-ovn/kube-ovn-cmd,0.52.0,false,not_affected,vulnerable_code_not_present
kubeovn/kube-ovn:v1.15.4,harvester/v1.8.2,golang.org/x/crypto,v0.48.0,gobinary,CVE-2026-39831,HIGH,https://avd.aquasec.com/nvd/cve-2026-39831,kube-ovn/kube-ovn-controller,0.52.0,false,not_affected,vulnerable_code_not_present
kubeovn/kube-ovn:v1.15.4,harvester/v1.8.2,golang.org/x/crypto,v0.48.0,gobinary,CVE-2026-39831,HIGH,https://avd.aquasec.com/nvd/cve-2026-39831,kube-ovn/kube-ovn-daemon,0.52.0,false,not_affected,vulnerable_code_not_present
kubeovn/kube-ovn:v1.15.4,harvester/v1.8.2,golang.org/x/crypto,v0.48.0,gobinary,CVE-2026-39832,HIGH,https://avd.aquasec.com/nvd/cve-2026-39832,kube-ovn/kube-ovn-cmd,0.52.0,false,not_affected,vulnerable_code_not_present
kubeovn/kube-ovn:v1.15.4,harvester/v1.8.2,golang.org/x/crypto,v0.48.0,gobinary,CVE-2026-39832,HIGH,https://avd.aquasec.com/nvd/cve-2026-39832,kube-ovn/kube-ovn-controller,0.52.0,false,not_affected,vulnerable_code_not_present
kubeovn/kube-ovn:v1.15.4,harvester/v1.8.2,golang.org/x/crypto,v0.48.0,gobinary,CVE-2026-39832,HIGH,https://avd.aquasec.com/nvd/cve-2026-39832,kube-ovn/kube-ovn-daemon,0.52.0,false,not_affected,vulnerable_code_not_present
kubeovn/kube-ovn:v1.15.4,harvester/v1.8.2,golang.org/x/crypto,v0.48.0,gobinary,CVE-2026-39833,MEDIUM,https://avd.aquasec.com/nvd/cve-2026-39833,kube-ovn/kube-ovn-cmd,0.52.0,false,not_affected,vulnerable_code_not_present
kubeovn/kube-ovn:v1.15.4,harvester/v1.8.2,golang.org/x/crypto,v0.48.0,gobinary,CVE-2026-39833,MEDIUM,https://avd.aquasec.com/nvd/cve-2026-39833,kube-ovn/kube-ovn-controller,0.52.0,false,not_affected,vulnerable_code_not_present
kubeovn/kube-ovn:v1.15.4,harvester/v1.8.2,golang.org/x/crypto,v0.48.0,gobinary,CVE-2026-39833,MEDIUM,https://avd.aquasec.com/nvd/cve-2026-39833,kube-ovn/kube-ovn-daemon,0.52.0,false,not_affected,vulnerable_code_not_present
kubeovn/kube-ovn:v1.15.4,harvester/v1.8.2,golang.org/x/crypto,v0.48.0,gobinary,CVE-2026-39834,MEDIUM,https://avd.aquasec.com/nvd/cve-2026-39834,kube-ovn/kube-ovn-cmd,0.52.0,false,not_affected,vulnerable_code_not_present
kubeovn/kube-ovn:v1.15.4,harvester/v1.8.2,golang.org/x/crypto,v0.48.0,gobinary,CVE-2026-39834,MEDIUM,https://avd.aquasec.com/nvd/cve-2026-39834,kube-ovn/kube-ovn-controller,0.52.0,false,not_affected,vulnerable_code_not_present
kubeovn/kube-ovn:v1.15.4,harvester/v1.8.2,golang.org/x/crypto,v0.48.0,gobinary,CVE-2026-39834,MEDIUM,https://avd.aquasec.com/nvd/cve-2026-39834,kube-ovn/kube-ovn-daemon,0.52.0,false,not_affected,vulnerable_code_not_present
kubeovn/kube-ovn:v1.15.4,harvester/v1.8.2,golang.org/x/crypto,v0.48.0,gobinary,CVE-2026-39835,HIGH,https://avd.aquasec.com/nvd/cve-2026-39835,kube-ovn/kube-ovn-cmd,0.52.0,false,not_affected,vulnerable_code_not_present
kubeovn/kube-ovn:v1.15.4,harvester/v1.8.2,golang.org/x/crypto,v0.48.0,gobinary,CVE-2026-39835,HIGH,https://avd.aquasec.com/nvd/cve-2026-39835,kube-ovn/kube-ovn-controller,0.52.0,false,not_affected,vulnerable_code_not_present
kubeovn/kube-ovn:v1.15.4,harvester/v1.8.2,golang.org/x/crypto,v0.48.0,gobinary,CVE-2026-39835,HIGH,https://avd.aquasec.com/nvd/cve-2026-39835,kube-ovn/kube-ovn-daemon,0.52.0,false,not_affected,vulnerable_code_not_present
kubeovn/kube-ovn:v1.15.4,harvester/v1.8.2,stdlib,v1.25.7,gobinary,CVE-2026-39836,HIGH,https://avd.aquasec.com/nvd/cve-2026-39836,kube-ovn/kube-ovn,"1.25.10, 1.26.3",false,affected,
kubeovn/kube-ovn:v1.15.4,harvester/v1.8.2,stdlib,v1.25.7,gobinary,CVE-2026-39836,HIGH,https://avd.aquasec.com/nvd/cve-2026-39836,kube-ovn/kube-ovn-cmd,"1.25.10, 1.26.3",false,affected,
kubeovn/kube-ovn:v1.15.4,harvester/v1.8.2,stdlib,v1.25.7,gobinary,CVE-2026-39836,HIGH,https://avd.aquasec.com/nvd/cve-2026-39836,kube-ovn/kube-ovn-controller,"1.25.10, 1.26.3",false,affected,
kubeovn/kube-ovn:v1.15.4,harvester/v1.8.2,stdlib,v1.25.7,gobinary,CVE-2026-39836,HIGH,https://avd.aquasec.com/nvd/cve-2026-39836,kube-ovn/kube-ovn-daemon,"1.25.10, 1.26.3",false,affected,
kubeovn/kube-ovn:v1.15.4,harvester/v1.8.2,stdlib,v1.25.7,gobinary,CVE-2026-39836,HIGH,https://avd.aquasec.com/nvd/cve-2026-39836,loopback,"1.25.10, 1.26.3",false,not_affected,vulnerable_code_not_in_execute_path
kubeovn/kube-ovn:v1.15.4,harvester/v1.8.2,stdlib,v1.25.7,gobinary,CVE-2026-39836,HIGH,https://avd.aquasec.com/nvd/cve-2026-39836,macvlan,"1.25.10, 1.26.3",false,not_affected,vulnerable_code_not_in_execute_path
kubeovn/kube-ovn:v1.15.4,harvester/v1.8.2,stdlib,v1.25.7,gobinary,CVE-2026-39836,HIGH,https://avd.aquasec.com/nvd/cve-2026-39836,portmap,"1.25.10, 1.26.3",false,not_affected,vulnerable_code_not_in_execute_path
kubeovn/kube-ovn:v1.15.4,harvester/v1.8.2,stdlib,v1.25.7,gobinary,CVE-2026-39836,HIGH,https://avd.aquasec.com/nvd/cve-2026-39836,usr/bin/gobgp,"1.25.10, 1.26.3",false,affected,
kubeovn/kube-ovn:v1.15.4,harvester/v1.8.2,stdlib,v1.25.7,gobinary,CVE-2026-39836,HIGH,https://avd.aquasec.com/nvd/cve-2026-39836,usr/bin/kubectl,"1.25.10, 1.26.3",false,affected,
kubeovn/kube-ovn:v1.15.4,harvester/v1.8.2,go.opentelemetry.io/otel/sdk,v1.39.0,gobinary,CVE-2026-39883,HIGH,https://avd.aquasec.com/nvd/cve-2026-39883,kube-ovn/kube-ovn-cmd,1.43.0,false,not_affected,vulnerable_code_not_in_execute_path
kubeovn/kube-ovn:v1.15.4,harvester/v1.8.2,go.opentelemetry.io/otel/sdk,v1.39.0,gobinary,CVE-2026-39883,HIGH,https://avd.aquasec.com/nvd/cve-2026-39883,kube-ovn/kube-ovn-controller,1.43.0,false,not_affected,vulnerable_code_not_in_execute_path
kubeovn/kube-ovn:v1.15.4,harvester/v1.8.2,go.opentelemetry.io/otel/sdk,v1.39.0,gobinary,CVE-2026-39883,HIGH,https://avd.aquasec.com/nvd/cve-2026-39883,kube-ovn/kube-ovn-daemon,1.43.0,false,not_affected,vulnerable_code_not_in_execute_path
kubeovn/kube-ovn:v1.15.4,harvester/v1.8.2,github.com/osrg/gobgp/v4,v4.1.0,gobinary,CVE-2026-41643,HIGH,https://avd.aquasec.com/nvd/cve-2026-41643,kube-ovn/kube-ovn-cmd,4.3.0,false,not_affected,vulnerable_code_not_present
kubeovn/kube-ovn:v1.15.4,harvester/v1.8.2,github.com/osrg/gobgp/v4,v4.1.0,gobinary,CVE-2026-41643,HIGH,https://avd.aquasec.com/nvd/cve-2026-41643,usr/bin/gobgp,4.3.0,false,not_affected,vulnerable_code_not_present
kubeovn/kube-ovn:v1.15.4,harvester/v1.8.2,stdlib,v1.25.7,gobinary,CVE-2026-42499,HIGH,https://avd.aquasec.com/nvd/cve-2026-42499,kube-ovn/kube-ovn,"1.25.10, 1.26.3",false,not_affected,vulnerable_code_not_present
kubeovn/kube-ovn:v1.15.4,harvester/v1.8.2,stdlib,v1.25.7,gobinary,CVE-2026-42499,HIGH,https://avd.aquasec.com/nvd/cve-2026-42499,kube-ovn/kube-ovn-cmd,"1.25.10, 1.26.3",false,not_affected,vulnerable_code_not_present
kubeovn/kube-ovn:v1.15.4,harvester/v1.8.2,stdlib,v1.25.7,gobinary,CVE-2026-42499,HIGH,https://avd.aquasec.com/nvd/cve-2026-42499,kube-ovn/kube-ovn-controller,"1.25.10, 1.26.3",false,not_affected,vulnerable_code_not_present
kubeovn/kube-ovn:v1.15.4,harvester/v1.8.2,stdlib,v1.25.7,gobinary,CVE-2026-42499,HIGH,https://avd.aquasec.com/nvd/cve-2026-42499,kube-ovn/kube-ovn-daemon,"1.25.10, 1.26.3",false,not_affected,vulnerable_code_not_present
kubeovn/kube-ovn:v1.15.4,harvester/v1.8.2,stdlib,v1.25.7,gobinary,CVE-2026-42499,HIGH,https://avd.aquasec.com/nvd/cve-2026-42499,loopback,"1.25.10, 1.26.3",false,not_affected,vulnerable_code_not_present
kubeovn/kube-ovn:v1.15.4,harvester/v1.8.2,stdlib,v1.25.7,gobinary,CVE-2026-42499,HIGH,https://avd.aquasec.com/nvd/cve-2026-42499,macvlan,"1.25.10, 1.26.3",false,not_affected,vulnerable_code_not_present
kubeovn/kube-ovn:v1.15.4,harvester/v1.8.2,stdlib,v1.25.7,gobinary,CVE-2026-42499,HIGH,https://avd.aquasec.com/nvd/cve-2026-42499,portmap,"1.25.10, 1.26.3",false,not_affected,vulnerable_code_not_present
kubeovn/kube-ovn:v1.15.4,harvester/v1.8.2,stdlib,v1.25.7,gobinary,CVE-2026-42499,HIGH,https://avd.aquasec.com/nvd/cve-2026-42499,usr/bin/gobgp,"1.25.10, 1.26.3",false,not_affected,vulnerable_code_not_present
kubeovn/kube-ovn:v1.15.4,harvester/v1.8.2,stdlib,v1.25.7,gobinary,CVE-2026-42499,HIGH,https://avd.aquasec.com/nvd/cve-2026-42499,usr/bin/kubectl,"1.25.10, 1.26.3",false,not_affected,vulnerable_code_not_present
kubeovn/kube-ovn:v1.15.4,harvester/v1.8.2,golang.org/x/net,v0.38.0,gobinary,CVE-2026-42502,MEDIUM,https://avd.aquasec.com/nvd/cve-2026-42502,usr/bin/gobgp,0.55.0,false,not_affected,vulnerable_code_not_present
kubeovn/kube-ovn:v1.15.4,harvester/v1.8.2,golang.org/x/net,v0.38.0,gobinary,CVE-2026-42502,MEDIUM,https://avd.aquasec.com/nvd/cve-2026-42502,usr/bin/kubectl,0.55.0,false,not_affected,vulnerable_code_not_present
kubeovn/kube-ovn:v1.15.4,harvester/v1.8.2,golang.org/x/net,v0.50.0,gobinary,CVE-2026-42502,MEDIUM,https://avd.aquasec.com/nvd/cve-2026-42502,kube-ovn/kube-ovn,0.55.0,false,not_affected,vulnerable_code_not_in_execute_path
kubeovn/kube-ovn:v1.15.4,harvester/v1.8.2,golang.org/x/net,v0.50.0,gobinary,CVE-2026-42502,MEDIUM,https://avd.aquasec.com/nvd/cve-2026-42502,kube-ovn/kube-ovn-cmd,0.55.0,false,not_affected,vulnerable_code_not_in_execute_path
kubeovn/kube-ovn:v1.15.4,harvester/v1.8.2,golang.org/x/net,v0.50.0,gobinary,CVE-2026-42502,MEDIUM,https://avd.aquasec.com/nvd/cve-2026-42502,kube-ovn/kube-ovn-controller,0.55.0,false,not_affected,vulnerable_code_not_in_execute_path
kubeovn/kube-ovn:v1.15.4,harvester/v1.8.2,golang.org/x/net,v0.50.0,gobinary,CVE-2026-42502,MEDIUM,https://avd.aquasec.com/nvd/cve-2026-42502,kube-ovn/kube-ovn-daemon,0.55.0,false,not_affected,vulnerable_code_not_in_execute_path
kubeovn/kube-ovn:v1.15.4,harvester/v1.8.2,stdlib,v1.25.7,gobinary,CVE-2026-42504,HIGH,https://avd.aquasec.com/nvd/cve-2026-42504,kube-ovn/kube-ovn,"1.25.11, 1.26.4",false,not_affected,vulnerable_code_not_in_execute_path
kubeovn/kube-ovn:v1.15.4,harvester/v1.8.2,stdlib,v1.25.7,gobinary,CVE-2026-42504,HIGH,https://avd.aquasec.com/nvd/cve-2026-42504,kube-ovn/kube-ovn-cmd,"1.25.11, 1.26.4",false,not_affected,vulnerable_code_not_in_execute_path
kubeovn/kube-ovn:v1.15.4,harvester/v1.8.2,stdlib,v1.25.7,gobinary,CVE-2026-42504,HIGH,https://avd.aquasec.com/nvd/cve-2026-42504,kube-ovn/kube-ovn-controller,"1.25.11, 1.26.4",false,not_affected,vulnerable_code_not_in_execute_path
kubeovn/kube-ovn:v1.15.4,harvester/v1.8.2,stdlib,v1.25.7,gobinary,CVE-2026-42504,HIGH,https://avd.aquasec.com/nvd/cve-2026-42504,kube-ovn/kube-ovn-daemon,"1.25.11, 1.26.4",false,not_affected,vulnerable_code_not_in_execute_path
kubeovn/kube-ovn:v1.15.4,harvester/v1.8.2,stdlib,v1.25.7,gobinary,CVE-2026-42504,HIGH,https://avd.aquasec.com/nvd/cve-2026-42504,loopback,"1.25.11, 1.26.4",false,not_affected,vulnerable_code_not_in_execute_path
kubeovn/kube-ovn:v1.15.4,harvester/v1.8.2,stdlib,v1.25.7,gobinary,CVE-2026-42504,HIGH,https://avd.aquasec.com/nvd/cve-2026-42504,macvlan,"1.25.11, 1.26.4",false,not_affected,vulnerable_code_not_in_execute_path
kubeovn/kube-ovn:v1.15.4,harvester/v1.8.2,stdlib,v1.25.7,gobinary,CVE-2026-42504,HIGH,https://avd.aquasec.com/nvd/cve-2026-42504,portmap,"1.25.11, 1.26.4",false,not_affected,vulnerable_code_not_in_execute_path
kubeovn/kube-ovn:v1.15.4,harvester/v1.8.2,stdlib,v1.25.7,gobinary,CVE-2026-42504,HIGH,https://avd.aquasec.com/nvd/cve-2026-42504,usr/bin/gobgp,"1.25.11, 1.26.4",false,not_affected,vulnerable_code_not_in_execute_path
kubeovn/kube-ovn:v1.15.4,harvester/v1.8.2,stdlib,v1.25.7,gobinary,CVE-2026-42505,MEDIUM,https://avd.aquasec.com/nvd/cve-2026-42505,loopback,"1.25.12, 1.26.5, 1.27.0-rc.2",false,not_affected,vulnerable_code_not_present
kubeovn/kube-ovn:v1.15.4,harvester/v1.8.2,stdlib,v1.25.7,gobinary,CVE-2026-42505,MEDIUM,https://avd.aquasec.com/nvd/cve-2026-42505,macvlan,"1.25.12, 1.26.5, 1.27.0-rc.2",false,not_affected,vulnerable_code_not_present
kubeovn/kube-ovn:v1.15.4,harvester/v1.8.2,stdlib,v1.25.7,gobinary,CVE-2026-42505,MEDIUM,https://avd.aquasec.com/nvd/cve-2026-42505,portmap,"1.25.12, 1.26.5, 1.27.0-rc.2",false,not_affected,vulnerable_code_not_present
kubeovn/kube-ovn:v1.15.4,harvester/v1.8.2,golang.org/x/net,v0.38.0,gobinary,CVE-2026-42506,MEDIUM,https://avd.aquasec.com/nvd/cve-2026-42506,usr/bin/gobgp,0.55.0,false,not_affected,vulnerable_code_not_present
kubeovn/kube-ovn:v1.15.4,harvester/v1.8.2,golang.org/x/net,v0.38.0,gobinary,CVE-2026-42506,MEDIUM,https://avd.aquasec.com/nvd/cve-2026-42506,usr/bin/kubectl,0.55.0,false,not_affected,vulnerable_code_not_present
kubeovn/kube-ovn:v1.15.4,harvester/v1.8.2,golang.org/x/net,v0.50.0,gobinary,CVE-2026-42506,MEDIUM,https://avd.aquasec.com/nvd/cve-2026-42506,kube-ovn/kube-ovn,0.55.0,false,not_affected,vulnerable_code_not_in_execute_path
kubeovn/kube-ovn:v1.15.4,harvester/v1.8.2,golang.org/x/net,v0.50.0,gobinary,CVE-2026-42506,MEDIUM,https://avd.aquasec.com/nvd/cve-2026-42506,kube-ovn/kube-ovn-cmd,0.55.0,false,not_affected,vulnerable_code_not_in_execute_path
kubeovn/kube-ovn:v1.15.4,harvester/v1.8.2,golang.org/x/net,v0.50.0,gobinary,CVE-2026-42506,MEDIUM,https://avd.aquasec.com/nvd/cve-2026-42506,kube-ovn/kube-ovn-controller,0.55.0,false,not_affected,vulnerable_code_not_in_execute_path
kubeovn/kube-ovn:v1.15.4,harvester/v1.8.2,golang.org/x/net,v0.50.0,gobinary,CVE-2026-42506,MEDIUM,https://avd.aquasec.com/nvd/cve-2026-42506,kube-ovn/kube-ovn-daemon,0.55.0,false,not_affected,vulnerable_code_not_in_execute_path
kubeovn/kube-ovn:v1.15.4,harvester/v1.8.2,stdlib,v1.25.7,gobinary,CVE-2026-42507,MEDIUM,https://avd.aquasec.com/nvd/cve-2026-42507,loopback,"1.25.11, 1.26.4",false,not_affected,vulnerable_code_not_present
kubeovn/kube-ovn:v1.15.4,harvester/v1.8.2,stdlib,v1.25.7,gobinary,CVE-2026-42507,MEDIUM,https://avd.aquasec.com/nvd/cve-2026-42507,macvlan,"1.25.11, 1.26.4",false,not_affected,vulnerable_code_not_present
kubeovn/kube-ovn:v1.15.4,harvester/v1.8.2,stdlib,v1.25.7,gobinary,CVE-2026-42507,MEDIUM,https://avd.aquasec.com/nvd/cve-2026-42507,portmap,"1.25.11, 1.26.4",false,not_affected,vulnerable_code_not_present
kubeovn/kube-ovn:v1.15.4,harvester/v1.8.2,golang.org/x/crypto,v0.48.0,gobinary,CVE-2026-42508,HIGH,https://avd.aquasec.com/nvd/cve-2026-42508,kube-ovn/kube-ovn-cmd,0.52.0,false,not_affected,vulnerable_code_not_present
kubeovn/kube-ovn:v1.15.4,harvester/v1.8.2,golang.org/x/crypto,v0.48.0,gobinary,CVE-2026-42508,HIGH,https://avd.aquasec.com/nvd/cve-2026-42508,kube-ovn/kube-ovn-controller,0.52.0,false,not_affected,vulnerable_code_not_present
kubeovn/kube-ovn:v1.15.4,harvester/v1.8.2,golang.org/x/crypto,v0.48.0,gobinary,CVE-2026-42508,HIGH,https://avd.aquasec.com/nvd/cve-2026-42508,kube-ovn/kube-ovn-daemon,0.52.0,false,not_affected,vulnerable_code_not_present
kubeovn/kube-ovn:v1.15.4,harvester/v1.8.2,libssl3t64,3.0.13-0ubuntu3.7,ubuntu,CVE-2026-45447,HIGH,https://avd.aquasec.com/nvd/cve-2026-45447,kubeovn/kube-ovn:v1.15.4 (ubuntu 24.04),3.0.13-0ubuntu3.11,false,affected,
kubeovn/kube-ovn:v1.15.4,harvester/v1.8.2,libssl3t64-fips,3.0.13-0ubuntu3.7,ubuntu,CVE-2026-45447,HIGH,https://avd.aquasec.com/nvd/cve-2026-45447,kubeovn/kube-ovn:v1.15.4 (ubuntu 24.04),3.0.13-0ubuntu3.11,false,affected,
kubeovn/kube-ovn:v1.15.4,harvester/v1.8.2,openssl,3.0.13-0ubuntu3.7,ubuntu,CVE-2026-45447,HIGH,https://avd.aquasec.com/nvd/cve-2026-45447,kubeovn/kube-ovn:v1.15.4 (ubuntu 24.04),3.0.13-0ubuntu3.11,false,affected,
kubeovn/kube-ovn:v1.15.4,harvester/v1.8.2,golang.org/x/crypto,v0.48.0,gobinary,CVE-2026-46595,HIGH,https://avd.aquasec.com/nvd/cve-2026-46595,kube-ovn/kube-ovn-cmd,0.52.0,false,not_affected,vulnerable_code_not_present
kubeovn/kube-ovn:v1.15.4,harvester/v1.8.2,golang.org/x/crypto,v0.48.0,gobinary,CVE-2026-46595,HIGH,https://avd.aquasec.com/nvd/cve-2026-46595,kube-ovn/kube-ovn-controller,0.52.0,false,not_affected,vulnerable_code_not_present
kubeovn/kube-ovn:v1.15.4,harvester/v1.8.2,golang.org/x/crypto,v0.48.0,gobinary,CVE-2026-46595,HIGH,https://avd.aquasec.com/nvd/cve-2026-46595,kube-ovn/kube-ovn-daemon,0.52.0,false,not_affected,vulnerable_code_not_present
kubeovn/kube-ovn:v1.15.4,harvester/v1.8.2,golang.org/x/crypto,v0.48.0,gobinary,CVE-2026-46597,HIGH,https://avd.aquasec.com/nvd/cve-2026-46597,kube-ovn/kube-ovn-cmd,0.52.0,false,not_affected,vulnerable_code_not_present
kubeovn/kube-ovn:v1.15.4,harvester/v1.8.2,golang.org/x/crypto,v0.48.0,gobinary,CVE-2026-46597,HIGH,https://avd.aquasec.com/nvd/cve-2026-46597,kube-ovn/kube-ovn-controller,0.52.0,false,not_affected,vulnerable_code_not_present
kubeovn/kube-ovn:v1.15.4,harvester/v1.8.2,golang.org/x/crypto,v0.48.0,gobinary,CVE-2026-46597,HIGH,https://avd.aquasec.com/nvd/cve-2026-46597,kube-ovn/kube-ovn-daemon,0.52.0,false,not_affected,vulnerable_code_not_present
kubeovn/kube-ovn:v1.15.4,harvester/v1.8.2,golang.org/x/crypto,v0.48.0,gobinary,CVE-2026-46598,MEDIUM,https://avd.aquasec.com/nvd/cve-2026-46598,kube-ovn/kube-ovn-cmd,0.52.0,false,not_affected,vulnerable_code_not_present
kubeovn/kube-ovn:v1.15.4,harvester/v1.8.2,golang.org/x/crypto,v0.48.0,gobinary,CVE-2026-46598,MEDIUM,https://avd.aquasec.com/nvd/cve-2026-46598,kube-ovn/kube-ovn-controller,0.52.0,false,not_affected,vulnerable_code_not_present
kubeovn/kube-ovn:v1.15.4,harvester/v1.8.2,golang.org/x/crypto,v0.48.0,gobinary,CVE-2026-46598,MEDIUM,https://avd.aquasec.com/nvd/cve-2026-46598,kube-ovn/kube-ovn-daemon,0.52.0,false,not_affected,vulnerable_code_not_present
kubeovn/kube-ovn:v1.15.4,harvester/v1.8.2,golang.org/x/net,v0.38.0,gobinary,CVE-2026-46600,HIGH,https://avd.aquasec.com/nvd/cve-2026-46600,usr/bin/gobgp,0.56.0,false,not_affected,vulnerable_code_not_present
kubeovn/kube-ovn:v1.15.4,harvester/v1.8.2,golang.org/x/net,v0.38.0,gobinary,CVE-2026-46600,HIGH,https://avd.aquasec.com/nvd/cve-2026-46600,usr/bin/kubectl,0.56.0,false,not_affected,vulnerable_code_not_present
kubeovn/kube-ovn:v1.15.4,harvester/v1.8.2,golang.org/x/net,v0.50.0,gobinary,CVE-2026-46600,HIGH,https://avd.aquasec.com/nvd/cve-2026-46600,kube-ovn/kube-ovn,0.56.0,false,not_affected,vulnerable_code_not_present
kubeovn/kube-ovn:v1.15.4,harvester/v1.8.2,golang.org/x/net,v0.50.0,gobinary,CVE-2026-46600,HIGH,https://avd.aquasec.com/nvd/cve-2026-46600,kube-ovn/kube-ovn-cmd,0.56.0,false,not_affected,vulnerable_code_not_present
kubeovn/kube-ovn:v1.15.4,harvester/v1.8.2,golang.org/x/net,v0.50.0,gobinary,CVE-2026-46600,HIGH,https://avd.aquasec.com/nvd/cve-2026-46600,kube-ovn/kube-ovn-controller,0.56.0,false,not_affected,vulnerable_code_not_present
kubeovn/kube-ovn:v1.15.4,harvester/v1.8.2,golang.org/x/net,v0.50.0,gobinary,CVE-2026-46600,HIGH,https://avd.aquasec.com/nvd/cve-2026-46600,kube-ovn/kube-ovn-daemon,0.56.0,false,not_affected,vulnerable_code_not_present
kubeovn/kube-ovn:v1.15.4,harvester/v1.8.2,github.com/containerd/containerd/v2,v2.2.1,gobinary,CVE-2026-46680,HIGH,https://avd.aquasec.com/nvd/cve-2026-46680,kube-ovn/kube-ovn-daemon,"2.0.9, 2.2.4, 2.3.1",false,not_affected,vulnerable_code_not_present
kubeovn/kube-ovn:v1.15.4,harvester/v1.8.2,github.com/containerd/containerd/v2,v2.2.1,gobinary,CVE-2026-47262,MEDIUM,https://avd.aquasec.com/nvd/cve-2026-47262,kube-ovn/kube-ovn-daemon,"2.0.10, 2.1.9, 2.2.5, 2.3.2",false,not_affected,vulnerable_code_not_present
kubeovn/kube-ovn:v1.15.4,harvester/v1.8.2,github.com/osrg/gobgp/v4,v4.1.0,gobinary,CVE-2026-49838,MEDIUM,https://avd.aquasec.com/nvd/cve-2026-49838,kube-ovn/kube-ovn-cmd,4.7.0,false,not_affected,vulnerable_code_not_in_execute_path
kubeovn/kube-ovn:v1.15.4,harvester/v1.8.2,github.com/osrg/gobgp/v4,v4.1.0,gobinary,CVE-2026-49838,MEDIUM,https://avd.aquasec.com/nvd/cve-2026-49838,usr/bin/gobgp,4.7.0,false,not_affected,vulnerable_code_not_in_execute_path
kubeovn/kube-ovn:v1.15.4,harvester/v1.8.2,github.com/containerd/containerd/v2,v2.2.1,gobinary,CVE-2026-50195,MEDIUM,https://avd.aquasec.com/nvd/cve-2026-50195,kube-ovn/kube-ovn-daemon,"2.1.9, 2.2.5, 2.3.2",false,not_affected,vulnerable_code_not_present
kubeovn/kube-ovn:v1.15.4,harvester/v1.8.2,github.com/containerd/containerd/v2,v2.2.1,gobinary,CVE-2026-53488,HIGH,https://avd.aquasec.com/nvd/cve-2026-53488,kube-ovn/kube-ovn-daemon,"2.0.10, 2.1.9, 2.2.5, 2.3.2",false,not_affected,vulnerable_code_not_present
kubeovn/kube-ovn:v1.15.4,harvester/v1.8.2,github.com/containerd/containerd/v2,v2.2.1,gobinary,CVE-2026-53489,HIGH,https://avd.aquasec.com/nvd/cve-2026-53489,kube-ovn/kube-ovn-daemon,"2.1.9, 2.2.5, 2.3.2",false,not_affected,vulnerable_code_not_present
kubeovn/kube-ovn:v1.15.4,harvester/v1.8.2,github.com/containerd/containerd/v2,v2.2.1,gobinary,CVE-2026-53492,HIGH,https://avd.aquasec.com/nvd/cve-2026-53492,kube-ovn/kube-ovn-daemon,"2.1.9, 2.2.5, 2.3.2",false,not_affected,vulnerable_code_not_present
kubeovn/kube-ovn:v1.15.4,harvester/v1.8.2,golang.org/x/text,v0.23.0,gobinary,CVE-2026-56852,HIGH,https://avd.aquasec.com/nvd/cve-2026-56852,usr/bin/kubectl,0.39.0,false,not_affected,vulnerable_code_not_in_execute_path
kubeovn/kube-ovn:v1.15.4,harvester/v1.8.2,golang.org/x/text,v0.34.0,gobinary,CVE-2026-56852,HIGH,https://avd.aquasec.com/nvd/cve-2026-56852,kube-ovn/kube-ovn,0.39.0,false,not_affected,vulnerable_code_not_in_execute_path
kubeovn/kube-ovn:v1.15.4,harvester/v1.8.2,golang.org/x/text,v0.34.0,gobinary,CVE-2026-56852,HIGH,https://avd.aquasec.com/nvd/cve-2026-56852,kube-ovn/kube-ovn-cmd,0.39.0,false,not_affected,vulnerable_code_not_in_execute_path
kubeovn/kube-ovn:v1.15.4,harvester/v1.8.2,golang.org/x/text,v0.34.0,gobinary,CVE-2026-56852,HIGH,https://avd.aquasec.com/nvd/cve-2026-56852,kube-ovn/kube-ovn-controller,0.39.0,false,not_affected,vulnerable_code_not_in_execute_path
kubeovn/kube-ovn:v1.15.4,harvester/v1.8.2,golang.org/x/text,v0.34.0,gobinary,CVE-2026-56852,HIGH,https://avd.aquasec.com/nvd/cve-2026-56852,kube-ovn/kube-ovn-daemon,0.39.0,false,not_affected,vulnerable_code_not_in_execute_path
kubeovn/kube-ovn:v1.15.4,harvester/v1.8.2,github.com/osrg/gobgp/v4,v4.1.0,gobinary,CVE-2026-7736,MEDIUM,https://avd.aquasec.com/nvd/cve-2026-7736,kube-ovn/kube-ovn-cmd,4.4.0,false,not_affected,vulnerable_code_not_in_execute_path
kubeovn/kube-ovn:v1.15.4,harvester/v1.8.2,google.golang.org/grpc,v1.73.0,gobinary,GHSA-hrxh-6v49-42gf,HIGH,https://github.com/advisories/GHSA-hrxh-6v49-42gf,usr/bin/gobgp,1.82.1,false,affected,
kubeovn/kube-ovn:v1.15.4,harvester/v1.8.2,google.golang.org/grpc,v1.78.0,gobinary,GHSA-hrxh-6v49-42gf,HIGH,https://github.com/advisories/GHSA-hrxh-6v49-42gf,kube-ovn/kube-ovn-cmd,1.82.1,false,affected,
kubeovn/kube-ovn:v1.15.4,harvester/v1.8.2,google.golang.org/grpc,v1.78.0,gobinary,GHSA-hrxh-6v49-42gf,HIGH,https://github.com/advisories/GHSA-hrxh-6v49-42gf,kube-ovn/kube-ovn-controller,1.82.1,false,affected,
kubeovn/kube-ovn:v1.15.4,harvester/v1.8.2,google.golang.org/grpc,v1.78.0,gobinary,GHSA-hrxh-6v49-42gf,HIGH,https://github.com/advisories/GHSA-hrxh-6v49-42gf,kube-ovn/kube-ovn-daemon,1.82.1,false,affected,
longhornio/backing-image-manager:v1.11.2,harvester/v1.8.2,golang.org/x/net,v0.49.0,gobinary,CVE-2026-25680,MEDIUM,https://avd.aquasec.com/nvd/cve-2026-25680,usr/local/bin/backing-image-manager,0.55.0,false,not_affected,vulnerable_code_not_present
longhornio/backing-image-manager:v1.11.2,harvester/v1.8.2,golang.org/x/net,v0.49.0,gobinary,CVE-2026-25681,HIGH,https://avd.aquasec.com/nvd/cve-2026-25681,usr/local/bin/backing-image-manager,0.55.0,false,not_affected,vulnerable_code_not_present
longhornio/backing-image-manager:v1.11.2,harvester/v1.8.2,golang.org/x/net,v0.49.0,gobinary,CVE-2026-27136,HIGH,https://avd.aquasec.com/nvd/cve-2026-27136,usr/local/bin/backing-image-manager,0.55.0,false,not_affected,vulnerable_code_not_present
longhornio/backing-image-manager:v1.11.2,harvester/v1.8.2,stdlib,v1.25.9,gobinary,CVE-2026-33811,HIGH,https://avd.aquasec.com/nvd/cve-2026-33811,usr/local/bin/backing-image-manager,"1.25.10, 1.26.3",false,not_affected,vulnerable_code_not_in_execute_path
longhornio/backing-image-manager:v1.11.2,harvester/v1.8.2,golang.org/x/net,v0.49.0,gobinary,CVE-2026-33814,HIGH,https://avd.aquasec.com/nvd/cve-2026-33814,usr/local/bin/backing-image-manager,0.53.0,false,affected,
longhornio/backing-image-manager:v1.11.2,harvester/v1.8.2,stdlib,v1.25.9,gobinary,CVE-2026-33814,HIGH,https://avd.aquasec.com/nvd/cve-2026-33814,usr/local/bin/backing-image-manager,"1.25.10, 1.26.3",false,affected,
longhornio/backing-image-manager:v1.11.2,harvester/v1.8.2,stdlib,v1.25.9,gobinary,CVE-2026-39820,HIGH,https://avd.aquasec.com/nvd/cve-2026-39820,usr/local/bin/backing-image-manager,"1.25.10, 1.26.3",false,not_affected,vulnerable_code_not_present
longhornio/backing-image-manager:v1.11.2,harvester/v1.8.2,golang.org/x/net,v0.49.0,gobinary,CVE-2026-39821,HIGH,https://avd.aquasec.com/nvd/cve-2026-39821,usr/local/bin/backing-image-manager,0.55.0,false,affected,
longhornio/backing-image-manager:v1.11.2,harvester/v1.8.2,stdlib,v1.25.9,gobinary,CVE-2026-39822,HIGH,https://avd.aquasec.com/nvd/cve-2026-39822,usr/local/bin/backing-image-manager,"1.25.12, 1.26.5, 1.27.0-rc.2",false,not_affected,vulnerable_code_not_in_execute_path
longhornio/backing-image-manager:v1.11.2,harvester/v1.8.2,stdlib,v1.25.9,gobinary,CVE-2026-39825,MEDIUM,https://avd.aquasec.com/nvd/cve-2026-39825,usr/local/bin/backing-image-manager,"1.25.10, 1.26.3",false,not_affected,vulnerable_code_not_in_execute_path
longhornio/backing-image-manager:v1.11.2,harvester/v1.8.2,stdlib,v1.25.9,gobinary,CVE-2026-39826,MEDIUM,https://avd.aquasec.com/nvd/cve-2026-39826,usr/local/bin/backing-image-manager,"1.25.10, 1.26.3",false,not_affected,vulnerable_code_not_in_execute_path
longhornio/backing-image-manager:v1.11.2,harvester/v1.8.2,stdlib,v1.25.9,gobinary,CVE-2026-39836,HIGH,https://avd.aquasec.com/nvd/cve-2026-39836,usr/local/bin/backing-image-manager,"1.25.10, 1.26.3",false,not_affected,vulnerable_code_not_in_execute_path
longhornio/backing-image-manager:v1.11.2,harvester/v1.8.2,stdlib,v1.25.9,gobinary,CVE-2026-42499,HIGH,https://avd.aquasec.com/nvd/cve-2026-42499,usr/local/bin/backing-image-manager,"1.25.10, 1.26.3",false,not_affected,vulnerable_code_not_present
longhornio/backing-image-manager:v1.11.2,harvester/v1.8.2,golang.org/x/net,v0.49.0,gobinary,CVE-2026-42502,MEDIUM,https://avd.aquasec.com/nvd/cve-2026-42502,usr/local/bin/backing-image-manager,0.55.0,false,not_affected,vulnerable_code_not_present
longhornio/backing-image-manager:v1.11.2,harvester/v1.8.2,stdlib,v1.25.9,gobinary,CVE-2026-42504,HIGH,https://avd.aquasec.com/nvd/cve-2026-42504,usr/local/bin/backing-image-manager,"1.25.11, 1.26.4",false,not_affected,vulnerable_code_not_in_execute_path
longhornio/backing-image-manager:v1.11.2,harvester/v1.8.2,golang.org/x/net,v0.49.0,gobinary,CVE-2026-42506,MEDIUM,https://avd.aquasec.com/nvd/cve-2026-42506,usr/local/bin/backing-image-manager,0.55.0,false,not_affected,vulnerable_code_not_present
longhornio/backing-image-manager:v1.11.2,harvester/v1.8.2,golang.org/x/net,v0.49.0,gobinary,CVE-2026-46600,HIGH,https://avd.aquasec.com/nvd/cve-2026-46600,usr/local/bin/backing-image-manager,0.56.0,false,not_affected,vulnerable_code_not_present
longhornio/backing-image-manager:v1.11.2,harvester/v1.8.2,google.golang.org/grpc,v1.79.3,gobinary,GHSA-hrxh-6v49-42gf,HIGH,https://github.com/advisories/GHSA-hrxh-6v49-42gf,usr/local/bin/backing-image-manager,1.82.1,false,affected,
longhornio/backing-image-manager:v1.11.2,harvester/v1.8.2,libpython3_6m1_0,3.6.15-150300.10.109.1,sles,SUSE-SU-2026:1715-1,HIGH,,longhornio/backing-image-manager:v1.11.2 (sles 15.7),3.6.15-150300.10.118.1,false,not_affected,vulnerable_code_not_in_execute_path
longhornio/backing-image-manager:v1.11.2,harvester/v1.8.2,python3-base,3.6.15-150300.10.109.1,sles,SUSE-SU-2026:1715-1,HIGH,,longhornio/backing-image-manager:v1.11.2 (sles 15.7),3.6.15-150300.10.118.1,false,not_affected,vulnerable_code_not_in_execute_path
longhornio/backing-image-manager:v1.11.2,harvester/v1.8.2,sed,4.9-150600.1.4,sles,SUSE-SU-2026:1941-1,MEDIUM,,longhornio/backing-image-manager:v1.11.2 (sles 15.7),4.9-150600.3.3.1,false,not_affected,vulnerable_code_not_in_execute_path
longhornio/backing-image-manager:v1.11.2,harvester/v1.8.2,liblzma5,5.4.1-150600.3.3.1,sles,SUSE-SU-2026:2051-1,HIGH,,longhornio/backing-image-manager:v1.11.2 (sles 15.7),5.4.1-150600.3.6.1,false,affected,
longhornio/backing-image-manager:v1.11.2,harvester/v1.8.2,libgnutls30,3.8.3-150600.4.17.1,sles,SUSE-SU-2026:2115-1,HIGH,,longhornio/backing-image-manager:v1.11.2 (sles 15.7),3.8.3-150600.4.20.1,false,affected,
longhornio/backing-image-manager:v1.11.2,harvester/v1.8.2,glibc,2.38-150600.14.46.1,sles,SUSE-SU-2026:2231-1,HIGH,,longhornio/backing-image-manager:v1.11.2 (sles 15.7),2.38-150600.14.49.1,false,affected,
longhornio/backing-image-manager:v1.11.2,harvester/v1.8.2,glibc-devel,2.38-150600.14.46.1,sles,SUSE-SU-2026:2231-1,HIGH,,longhornio/backing-image-manager:v1.11.2 (sles 15.7),2.38-150600.14.49.1,false,affected,
longhornio/backing-image-manager:v1.11.2,harvester/v1.8.2,qemu-img,9.2.4-150700.3.17.1,sles,SUSE-SU-2026:2385-1,HIGH,,longhornio/backing-image-manager:v1.11.2 (sles 15.7),9.2.4-150700.3.20.1,false,affected,
longhornio/backing-image-manager:v1.11.2,harvester/v1.8.2,qemu-pr-helper,9.2.4-150700.3.17.1,sles,SUSE-SU-2026:2385-1,HIGH,,longhornio/backing-image-manager:v1.11.2 (sles 15.7),9.2.4-150700.3.20.1,false,not_affected,vulnerable_code_not_in_execute_path
longhornio/backing-image-manager:v1.11.2,harvester/v1.8.2,qemu-tools,9.2.4-150700.3.17.1,sles,SUSE-SU-2026:2385-1,HIGH,,longhornio/backing-image-manager:v1.11.2 (sles 15.7),9.2.4-150700.3.20.1,false,affected,
longhornio/backing-image-manager:v1.11.2,harvester/v1.8.2,qemu-vmsr-helper,9.2.4-150700.3.17.1,sles,SUSE-SU-2026:2385-1,HIGH,,longhornio/backing-image-manager:v1.11.2 (sles 15.7),9.2.4-150700.3.20.1,false,not_affected,vulnerable_code_not_in_execute_path
longhornio/backing-image-manager:v1.11.2,harvester/v1.8.2,libopenssl1_1,1.1.1w-150700.11.16.1,sles,SUSE-SU-2026:2392-1,HIGH,,longhornio/backing-image-manager:v1.11.2 (sles 15.7),1.1.1w-150700.11.22.1,false,affected,
longhornio/backing-image-manager:v1.11.2,harvester/v1.8.2,libsqlite3-0,3.51.3-150000.3.39.1,sles,SUSE-SU-2026:2528-1,HIGH,,longhornio/backing-image-manager:v1.11.2 (sles 15.7),3.53.2-150000.3.42.1,false,affected,
longhornio/backing-image-manager:v1.11.2,harvester/v1.8.2,libsolv-tools-base,0.7.35-150700.11.5.2,sles,SUSE-SU-2026:2531-1,HIGH,,longhornio/backing-image-manager:v1.11.2 (sles 15.7),0.7.39-150700.11.10.1,false,affected,
longhornio/backing-image-manager:v1.11.2,harvester/v1.8.2,libzypp,17.37.18-150700.6.3.1,sles,SUSE-SU-2026:2531-1,HIGH,,longhornio/backing-image-manager:v1.11.2 (sles 15.7),17.38.13-150700.6.13.1,false,not_affected,vulnerable_code_not_in_execute_path
longhornio/backing-image-manager:v1.11.2,harvester/v1.8.2,zypper,1.14.94-150700.13.3.1,sles,SUSE-SU-2026:2531-1,HIGH,,longhornio/backing-image-manager:v1.11.2 (sles 15.7),1.14.98-150700.13.6.1,false,affected,
longhornio/backing-image-manager:v1.11.2,harvester/v1.8.2,libopenssl-3-fips-provider,3.2.3-150700.5.31.1,sles,SUSE-SU-2026:2648-1,HIGH,,longhornio/backing-image-manager:v1.11.2 (sles 15.7),3.2.3-150700.5.36.1,false,affected,
longhornio/backing-image-manager:v1.11.2,harvester/v1.8.2,libopenssl3,3.2.3-150700.5.31.1,sles,SUSE-SU-2026:2648-1,HIGH,,longhornio/backing-image-manager:v1.11.2 (sles 15.7),3.2.3-150700.5.36.1,false,affected,
longhornio/backing-image-manager:v1.11.2,harvester/v1.8.2,openssl-3,3.2.3-150700.5.31.1,sles,SUSE-SU-2026:2648-1,HIGH,,longhornio/backing-image-manager:v1.11.2 (sles 15.7),3.2.3-150700.5.36.1,false,affected,
longhornio/backing-image-manager:v1.11.2,harvester/v1.8.2,tar,1.34-150000.3.37.1,sles,SUSE-SU-2026:2714-1,MEDIUM,,longhornio/backing-image-manager:v1.11.2 (sles 15.7),1.34-150000.3.42.1,false,not_affected,vulnerable_code_not_in_execute_path
longhornio/backing-image-manager:v1.11.2,harvester/v1.8.2,krb5,1.20.1-150600.11.14.1,sles,SUSE-SU-2026:2848-1,HIGH,,longhornio/backing-image-manager:v1.11.2 (sles 15.7),1.20.1-150600.11.19.1,false,affected,
longhornio/backing-image-manager:v1.11.2,harvester/v1.8.2,curl,8.14.1-150700.7.14.1,sles,SUSE-SU-2026:2925-1,HIGH,,longhornio/backing-image-manager:v1.11.2 (sles 15.7),8.14.1-150700.7.20.1,false,affected,
longhornio/backing-image-manager:v1.11.2,harvester/v1.8.2,libcurl4,8.14.1-150700.7.14.1,sles,SUSE-SU-2026:2925-1,HIGH,,longhornio/backing-image-manager:v1.11.2 (sles 15.7),8.14.1-150700.7.20.1,false,affected,
longhornio/backing-image-manager:v1.11.2,harvester/v1.8.2,qemu-img,9.2.4-150700.3.17.1,sles,SUSE-SU-2026:3038-1,HIGH,,longhornio/backing-image-manager:v1.11.2 (sles 15.7),9.2.4-150700.3.23.1,false,affected,
longhornio/backing-image-manager:v1.11.2,harvester/v1.8.2,qemu-pr-helper,9.2.4-150700.3.17.1,sles,SUSE-SU-2026:3038-1,HIGH,,longhornio/backing-image-manager:v1.11.2 (sles 15.7),9.2.4-150700.3.23.1,false,not_affected,vulnerable_code_not_in_execute_path
longhornio/backing-image-manager:v1.11.2,harvester/v1.8.2,qemu-tools,9.2.4-150700.3.17.1,sles,SUSE-SU-2026:3038-1,HIGH,,longhornio/backing-image-manager:v1.11.2 (sles 15.7),9.2.4-150700.3.23.1,false,affected,
longhornio/backing-image-manager:v1.11.2,harvester/v1.8.2,qemu-vmsr-helper,9.2.4-150700.3.17.1,sles,SUSE-SU-2026:3038-1,HIGH,,longhornio/backing-image-manager:v1.11.2 (sles 15.7),9.2.4-150700.3.23.1,false,not_affected,vulnerable_code_not_in_execute_path
longhornio/backing-image-manager:v1.11.2,harvester/v1.8.2,libxml2-2,2.12.10-150700.4.11.1,sles,SUSE-SU-2026:3097-1,HIGH,,longhornio/backing-image-manager:v1.11.2 (sles 15.7),2.12.10-150700.4.14.1,false,affected,
longhornio/backing-image-manager:v1.11.2,harvester/v1.8.2,pam,1.3.0-150000.6.86.1,sles,SUSE-SU-2026:3163-1,MEDIUM,,longhornio/backing-image-manager:v1.11.2 (sles 15.7),1.3.0-150000.6.89.1,false,not_affected,vulnerable_code_not_in_execute_path
longhornio/backing-image-manager:v1.11.2,harvester/v1.8.2,libgcrypt20,1.11.0-150700.5.7.1,sles,SUSE-SU-2026:3182-1,MEDIUM,,longhornio/backing-image-manager:v1.11.2 (sles 15.7),1.11.0-150700.5.10.1,false,not_affected,vulnerable_code_not_in_execute_path
longhornio/backing-image-manager:v1.11.2,harvester/v1.8.2,udev,254.27-150600.4.62.1,sles,SUSE-SU-2026:3244-1,MEDIUM,,longhornio/backing-image-manager:v1.11.2 (sles 15.7),254.27-150600.4.71.2,false,not_affected,vulnerable_code_not_in_execute_path
longhornio/backing-image-manager:v1.11.2,harvester/v1.8.2,gzip,1.10-150200.10.1,sles,SUSE-SU-2026:3269-1,HIGH,,longhornio/backing-image-manager:v1.11.2 (sles 15.7),1.10-150200.13.1,false,affected,
longhornio/backing-image-manager:v1.11.2,harvester/v1.8.2,libssh-config,0.9.8-150600.11.12.1,sles,SUSE-SU-2026:3330-1,MEDIUM,,longhornio/backing-image-manager:v1.11.2 (sles 15.7),0.9.8-150600.11.15.1,false,not_affected,vulnerable_code_not_in_execute_path
longhornio/backing-image-manager:v1.11.2,harvester/v1.8.2,libssh4,0.9.8-150600.11.12.1,sles,SUSE-SU-2026:3330-1,MEDIUM,,longhornio/backing-image-manager:v1.11.2 (sles 15.7),0.9.8-150600.11.15.1,false,not_affected,vulnerable_code_not_in_execute_path
longhornio/backing-image-manager:v1.11.2,harvester/v1.8.2,glib2-tools,2.78.6-150600.4.35.1,sles,SUSE-SU-2026:3341-1,HIGH,,longhornio/backing-image-manager:v1.11.2 (sles 15.7),2.78.6-150600.4.38.1,false,not_affected,vulnerable_code_not_in_execute_path
longhornio/backing-image-manager:v1.11.2,harvester/v1.8.2,libgio-2_0-0,2.78.6-150600.4.35.1,sles,SUSE-SU-2026:3341-1,HIGH,,longhornio/backing-image-manager:v1.11.2 (sles 15.7),2.78.6-150600.4.38.1,false,affected,
longhornio/backing-image-manager:v1.11.2,harvester/v1.8.2,libglib-2_0-0,2.78.6-150600.4.35.1,sles,SUSE-SU-2026:3341-1,HIGH,,longhornio/backing-image-manager:v1.11.2 (sles 15.7),2.78.6-150600.4.38.1,false,affected,
longhornio/backing-image-manager:v1.11.2,harvester/v1.8.2,libgmodule-2_0-0,2.78.6-150600.4.35.1,sles,SUSE-SU-2026:3341-1,HIGH,,longhornio/backing-image-manager:v1.11.2 (sles 15.7),2.78.6-150600.4.38.1,false,affected,
longhornio/backing-image-manager:v1.11.2,harvester/v1.8.2,libgobject-2_0-0,2.78.6-150600.4.35.1,sles,SUSE-SU-2026:3341-1,HIGH,,longhornio/backing-image-manager:v1.11.2 (sles 15.7),2.78.6-150600.4.38.1,false,affected,
longhornio/backing-image-manager:v1.11.2,harvester/v1.8.2,perl,5.26.1-150300.17.20.1,sles,SUSE-SU-2026:3558-1,HIGH,,longhornio/backing-image-manager:v1.11.2 (sles 15.7),5.26.1-150300.17.23.1,false,affected,
longhornio/backing-image-manager:v1.11.2,harvester/v1.8.2,perl-base,5.26.1-150300.17.20.1,sles,SUSE-SU-2026:3558-1,HIGH,,longhornio/backing-image-manager:v1.11.2 (sles 15.7),5.26.1-150300.17.23.1,false,affected,
longhornio/backing-image-manager:v1.11.2,harvester/v1.8.2,rpm-ndb,4.14.3-150400.59.16.1,sles,SUSE-SU-2026:3600-1,HIGH,,longhornio/backing-image-manager:v1.11.2 (sles 15.7),4.14.3-150400.59.19.1,false,affected,
longhornio/csi-attacher:v4.11.0-20260428,harvester/v1.8.2,golang.org/x/net,v0.48.0,gobinary,CVE-2026-25680,MEDIUM,https://avd.aquasec.com/nvd/cve-2026-25680,csi-attacher,0.55.0,false,not_affected,vulnerable_code_not_present
longhornio/csi-attacher:v4.11.0-20260428,harvester/v1.8.2,golang.org/x/net,v0.48.0,gobinary,CVE-2026-25681,HIGH,https://avd.aquasec.com/nvd/cve-2026-25681,csi-attacher,0.55.0,false,not_affected,vulnerable_code_not_present
longhornio/csi-attacher:v4.11.0-20260428,harvester/v1.8.2,golang.org/x/net,v0.48.0,gobinary,CVE-2026-27136,HIGH,https://avd.aquasec.com/nvd/cve-2026-27136,csi-attacher,0.55.0,false,not_affected,vulnerable_code_not_present
longhornio/csi-attacher:v4.11.0-20260428,harvester/v1.8.2,stdlib,v1.25.9,gobinary,CVE-2026-33811,HIGH,https://avd.aquasec.com/nvd/cve-2026-33811,csi-attacher,"1.25.10, 1.26.3",false,not_affected,vulnerable_code_not_present
longhornio/csi-attacher:v4.11.0-20260428,harvester/v1.8.2,golang.org/x/net,v0.48.0,gobinary,CVE-2026-33814,HIGH,https://avd.aquasec.com/nvd/cve-2026-33814,csi-attacher,0.53.0,false,affected,
longhornio/csi-attacher:v4.11.0-20260428,harvester/v1.8.2,stdlib,v1.25.9,gobinary,CVE-2026-33814,HIGH,https://avd.aquasec.com/nvd/cve-2026-33814,csi-attacher,"1.25.10, 1.26.3",false,affected,
longhornio/csi-attacher:v4.11.0-20260428,harvester/v1.8.2,stdlib,v1.25.9,gobinary,CVE-2026-39820,HIGH,https://avd.aquasec.com/nvd/cve-2026-39820,csi-attacher,"1.25.10, 1.26.3",false,not_affected,vulnerable_code_not_in_execute_path
longhornio/csi-attacher:v4.11.0-20260428,harvester/v1.8.2,golang.org/x/net,v0.48.0,gobinary,CVE-2026-39821,HIGH,https://avd.aquasec.com/nvd/cve-2026-39821,csi-attacher,0.55.0,false,affected,
longhornio/csi-attacher:v4.11.0-20260428,harvester/v1.8.2,stdlib,v1.25.9,gobinary,CVE-2026-39822,HIGH,https://avd.aquasec.com/nvd/cve-2026-39822,csi-attacher,"1.25.12, 1.26.5, 1.27.0-rc.2",false,not_affected,vulnerable_code_not_in_execute_path
longhornio/csi-attacher:v4.11.0-20260428,harvester/v1.8.2,stdlib,v1.25.9,gobinary,CVE-2026-39823,MEDIUM,https://avd.aquasec.com/nvd/cve-2026-39823,csi-attacher,"1.25.10, 1.26.3",false,not_affected,vulnerable_code_not_in_execute_path
longhornio/csi-attacher:v4.11.0-20260428,harvester/v1.8.2,stdlib,v1.25.9,gobinary,CVE-2026-39825,MEDIUM,https://avd.aquasec.com/nvd/cve-2026-39825,csi-attacher,"1.25.10, 1.26.3",false,not_affected,vulnerable_code_not_in_execute_path
longhornio/csi-attacher:v4.11.0-20260428,harvester/v1.8.2,stdlib,v1.25.9,gobinary,CVE-2026-39826,MEDIUM,https://avd.aquasec.com/nvd/cve-2026-39826,csi-attacher,"1.25.10, 1.26.3",false,not_affected,vulnerable_code_not_in_execute_path
longhornio/csi-attacher:v4.11.0-20260428,harvester/v1.8.2,golang.org/x/crypto,v0.46.0,gobinary,CVE-2026-39827,MEDIUM,https://avd.aquasec.com/nvd/cve-2026-39827,csi-attacher,0.52.0,false,not_affected,vulnerable_code_not_present
longhornio/csi-attacher:v4.11.0-20260428,harvester/v1.8.2,golang.org/x/crypto,v0.46.0,gobinary,CVE-2026-39828,HIGH,https://avd.aquasec.com/nvd/cve-2026-39828,csi-attacher,0.52.0,false,not_affected,vulnerable_code_not_present
longhornio/csi-attacher:v4.11.0-20260428,harvester/v1.8.2,golang.org/x/crypto,v0.46.0,gobinary,CVE-2026-39829,HIGH,https://avd.aquasec.com/nvd/cve-2026-39829,csi-attacher,0.52.0,false,not_affected,vulnerable_code_not_present
longhornio/csi-attacher:v4.11.0-20260428,harvester/v1.8.2,golang.org/x/crypto,v0.46.0,gobinary,CVE-2026-39830,HIGH,https://avd.aquasec.com/nvd/cve-2026-39830,csi-attacher,0.52.0,false,not_affected,vulnerable_code_not_present
longhornio/csi-attacher:v4.11.0-20260428,harvester/v1.8.2,golang.org/x/crypto,v0.46.0,gobinary,CVE-2026-39831,HIGH,https://avd.aquasec.com/nvd/cve-2026-39831,csi-attacher,0.52.0,false,not_affected,vulnerable_code_not_present
longhornio/csi-attacher:v4.11.0-20260428,harvester/v1.8.2,golang.org/x/crypto,v0.46.0,gobinary,CVE-2026-39832,HIGH,https://avd.aquasec.com/nvd/cve-2026-39832,csi-attacher,0.52.0,false,not_affected,vulnerable_code_not_present
longhornio/csi-attacher:v4.11.0-20260428,harvester/v1.8.2,golang.org/x/crypto,v0.46.0,gobinary,CVE-2026-39833,MEDIUM,https://avd.aquasec.com/nvd/cve-2026-39833,csi-attacher,0.52.0,false,not_affected,vulnerable_code_not_present
longhornio/csi-attacher:v4.11.0-20260428,harvester/v1.8.2,golang.org/x/crypto,v0.46.0,gobinary,CVE-2026-39834,MEDIUM,https://avd.aquasec.com/nvd/cve-2026-39834,csi-attacher,0.52.0,false,not_affected,vulnerable_code_not_present
longhornio/csi-attacher:v4.11.0-20260428,harvester/v1.8.2,golang.org/x/crypto,v0.46.0,gobinary,CVE-2026-39835,HIGH,https://avd.aquasec.com/nvd/cve-2026-39835,csi-attacher,0.52.0,false,not_affected,vulnerable_code_not_present
longhornio/csi-attacher:v4.11.0-20260428,harvester/v1.8.2,stdlib,v1.25.9,gobinary,CVE-2026-39836,HIGH,https://avd.aquasec.com/nvd/cve-2026-39836,csi-attacher,"1.25.10, 1.26.3",false,not_affected,vulnerable_code_not_in_execute_path
longhornio/csi-attacher:v4.11.0-20260428,harvester/v1.8.2,stdlib,v1.25.9,gobinary,CVE-2026-42499,HIGH,https://avd.aquasec.com/nvd/cve-2026-42499,csi-attacher,"1.25.10, 1.26.3",false,affected,
longhornio/csi-attacher:v4.11.0-20260428,harvester/v1.8.2,golang.org/x/net,v0.48.0,gobinary,CVE-2026-42502,MEDIUM,https://avd.aquasec.com/nvd/cve-2026-42502,csi-attacher,0.55.0,false,not_affected,vulnerable_code_not_present
longhornio/csi-attacher:v4.11.0-20260428,harvester/v1.8.2,stdlib,v1.25.9,gobinary,CVE-2026-42504,HIGH,https://avd.aquasec.com/nvd/cve-2026-42504,csi-attacher,"1.25.11, 1.26.4",false,not_affected,vulnerable_code_not_in_execute_path
longhornio/csi-attacher:v4.11.0-20260428,harvester/v1.8.2,golang.org/x/net,v0.48.0,gobinary,CVE-2026-42506,MEDIUM,https://avd.aquasec.com/nvd/cve-2026-42506,csi-attacher,0.55.0,false,not_affected,vulnerable_code_not_present
longhornio/csi-attacher:v4.11.0-20260428,harvester/v1.8.2,stdlib,v1.25.9,gobinary,CVE-2026-42507,MEDIUM,https://avd.aquasec.com/nvd/cve-2026-42507,csi-attacher,"1.25.11, 1.26.4",false,not_affected,vulnerable_code_not_in_execute_path
longhornio/csi-attacher:v4.11.0-20260428,harvester/v1.8.2,golang.org/x/crypto,v0.46.0,gobinary,CVE-2026-42508,HIGH,https://avd.aquasec.com/nvd/cve-2026-42508,csi-attacher,0.52.0,false,not_affected,vulnerable_code_not_present
longhornio/csi-attacher:v4.11.0-20260428,harvester/v1.8.2,golang.org/x/crypto,v0.46.0,gobinary,CVE-2026-46595,HIGH,https://avd.aquasec.com/nvd/cve-2026-46595,csi-attacher,0.52.0,false,not_affected,vulnerable_code_not_present
longhornio/csi-attacher:v4.11.0-20260428,harvester/v1.8.2,golang.org/x/crypto,v0.46.0,gobinary,CVE-2026-46597,HIGH,https://avd.aquasec.com/nvd/cve-2026-46597,csi-attacher,0.52.0,false,not_affected,vulnerable_code_not_present
longhornio/csi-attacher:v4.11.0-20260428,harvester/v1.8.2,golang.org/x/crypto,v0.46.0,gobinary,CVE-2026-46598,MEDIUM,https://avd.aquasec.com/nvd/cve-2026-46598,csi-attacher,0.52.0,false,not_affected,vulnerable_code_not_present
longhornio/csi-attacher:v4.11.0-20260428,harvester/v1.8.2,golang.org/x/net,v0.48.0,gobinary,CVE-2026-46600,HIGH,https://avd.aquasec.com/nvd/cve-2026-46600,csi-attacher,0.56.0,false,not_affected,vulnerable_code_not_present
longhornio/csi-attacher:v4.11.0-20260428,harvester/v1.8.2,google.golang.org/grpc,v1.79.3,gobinary,GHSA-hrxh-6v49-42gf,HIGH,https://github.com/advisories/GHSA-hrxh-6v49-42gf,csi-attacher,1.82.1,false,affected,
longhornio/csi-node-driver-registrar:v2.16.0-20260428,harvester/v1.8.2,golang.org/x/net,v0.49.0,gobinary,CVE-2026-25680,MEDIUM,https://avd.aquasec.com/nvd/cve-2026-25680,csi-node-driver-registrar,0.55.0,false,not_affected,vulnerable_code_not_present
longhornio/csi-node-driver-registrar:v2.16.0-20260428,harvester/v1.8.2,golang.org/x/net,v0.49.0,gobinary,CVE-2026-25681,HIGH,https://avd.aquasec.com/nvd/cve-2026-25681,csi-node-driver-registrar,0.55.0,false,not_affected,vulnerable_code_not_present
longhornio/csi-node-driver-registrar:v2.16.0-20260428,harvester/v1.8.2,golang.org/x/net,v0.49.0,gobinary,CVE-2026-27136,HIGH,https://avd.aquasec.com/nvd/cve-2026-27136,csi-node-driver-registrar,0.55.0,false,not_affected,vulnerable_code_not_present
longhornio/csi-node-driver-registrar:v2.16.0-20260428,harvester/v1.8.2,go.opentelemetry.io/otel,v1.40.0,gobinary,CVE-2026-29181,HIGH,https://avd.aquasec.com/nvd/cve-2026-29181,csi-node-driver-registrar,1.41.0,false,affected,
longhornio/csi-node-driver-registrar:v2.16.0-20260428,harvester/v1.8.2,stdlib,v1.25.9,gobinary,CVE-2026-33811,HIGH,https://avd.aquasec.com/nvd/cve-2026-33811,csi-node-driver-registrar,"1.25.10, 1.26.3",false,not_affected,vulnerable_code_not_present
longhornio/csi-node-driver-registrar:v2.16.0-20260428,harvester/v1.8.2,golang.org/x/net,v0.49.0,gobinary,CVE-2026-33814,HIGH,https://avd.aquasec.com/nvd/cve-2026-33814,csi-node-driver-registrar,0.53.0,false,not_affected,vulnerable_code_not_in_execute_path
longhornio/csi-node-driver-registrar:v2.16.0-20260428,harvester/v1.8.2,stdlib,v1.25.9,gobinary,CVE-2026-33814,HIGH,https://avd.aquasec.com/nvd/cve-2026-33814,csi-node-driver-registrar,"1.25.10, 1.26.3",false,affected,
longhornio/csi-node-driver-registrar:v2.16.0-20260428,harvester/v1.8.2,stdlib,v1.25.9,gobinary,CVE-2026-39820,HIGH,https://avd.aquasec.com/nvd/cve-2026-39820,csi-node-driver-registrar,"1.25.10, 1.26.3",false,not_affected,vulnerable_code_not_present
longhornio/csi-node-driver-registrar:v2.16.0-20260428,harvester/v1.8.2,golang.org/x/net,v0.49.0,gobinary,CVE-2026-39821,HIGH,https://avd.aquasec.com/nvd/cve-2026-39821,csi-node-driver-registrar,0.55.0,false,not_affected,vulnerable_code_not_in_execute_path
longhornio/csi-node-driver-registrar:v2.16.0-20260428,harvester/v1.8.2,stdlib,v1.25.9,gobinary,CVE-2026-39822,HIGH,https://avd.aquasec.com/nvd/cve-2026-39822,csi-node-driver-registrar,"1.25.12, 1.26.5, 1.27.0-rc.2",false,not_affected,vulnerable_code_not_in_execute_path
longhornio/csi-node-driver-registrar:v2.16.0-20260428,harvester/v1.8.2,stdlib,v1.25.9,gobinary,CVE-2026-39823,MEDIUM,https://avd.aquasec.com/nvd/cve-2026-39823,csi-node-driver-registrar,"1.25.10, 1.26.3",false,not_affected,vulnerable_code_not_present
longhornio/csi-node-driver-registrar:v2.16.0-20260428,harvester/v1.8.2,stdlib,v1.25.9,gobinary,CVE-2026-39825,MEDIUM,https://avd.aquasec.com/nvd/cve-2026-39825,csi-node-driver-registrar,"1.25.10, 1.26.3",false,not_affected,vulnerable_code_not_in_execute_path
longhornio/csi-node-driver-registrar:v2.16.0-20260428,harvester/v1.8.2,stdlib,v1.25.9,gobinary,CVE-2026-39826,MEDIUM,https://avd.aquasec.com/nvd/cve-2026-39826,csi-node-driver-registrar,"1.25.10, 1.26.3",false,not_affected,vulnerable_code_not_in_execute_path
longhornio/csi-node-driver-registrar:v2.16.0-20260428,harvester/v1.8.2,stdlib,v1.25.9,gobinary,CVE-2026-39836,HIGH,https://avd.aquasec.com/nvd/cve-2026-39836,csi-node-driver-registrar,"1.25.10, 1.26.3",false,affected,
longhornio/csi-node-driver-registrar:v2.16.0-20260428,harvester/v1.8.2,stdlib,v1.25.9,gobinary,CVE-2026-42499,HIGH,https://avd.aquasec.com/nvd/cve-2026-42499,csi-node-driver-registrar,"1.25.10, 1.26.3",false,not_affected,vulnerable_code_not_present
longhornio/csi-node-driver-registrar:v2.16.0-20260428,harvester/v1.8.2,golang.org/x/net,v0.49.0,gobinary,CVE-2026-42502,MEDIUM,https://avd.aquasec.com/nvd/cve-2026-42502,csi-node-driver-registrar,0.55.0,false,not_affected,vulnerable_code_not_present
longhornio/csi-node-driver-registrar:v2.16.0-20260428,harvester/v1.8.2,stdlib,v1.25.9,gobinary,CVE-2026-42504,HIGH,https://avd.aquasec.com/nvd/cve-2026-42504,csi-node-driver-registrar,"1.25.11, 1.26.4",false,not_affected,vulnerable_code_not_in_execute_path
longhornio/csi-node-driver-registrar:v2.16.0-20260428,harvester/v1.8.2,golang.org/x/net,v0.49.0,gobinary,CVE-2026-42506,MEDIUM,https://avd.aquasec.com/nvd/cve-2026-42506,csi-node-driver-registrar,0.55.0,false,not_affected,vulnerable_code_not_present
longhornio/csi-node-driver-registrar:v2.16.0-20260428,harvester/v1.8.2,stdlib,v1.25.9,gobinary,CVE-2026-42507,MEDIUM,https://avd.aquasec.com/nvd/cve-2026-42507,csi-node-driver-registrar,"1.25.11, 1.26.4",false,not_affected,vulnerable_code_not_in_execute_path
longhornio/csi-node-driver-registrar:v2.16.0-20260428,harvester/v1.8.2,golang.org/x/net,v0.49.0,gobinary,CVE-2026-46600,HIGH,https://avd.aquasec.com/nvd/cve-2026-46600,csi-node-driver-registrar,0.56.0,false,not_affected,vulnerable_code_not_present
longhornio/csi-node-driver-registrar:v2.16.0-20260428,harvester/v1.8.2,golang.org/x/text,v0.33.0,gobinary,CVE-2026-56852,HIGH,https://avd.aquasec.com/nvd/cve-2026-56852,csi-node-driver-registrar,0.39.0,false,not_affected,vulnerable_code_not_in_execute_path
longhornio/csi-node-driver-registrar:v2.16.0-20260428,harvester/v1.8.2,google.golang.org/grpc,v1.79.3,gobinary,GHSA-hrxh-6v49-42gf,HIGH,https://github.com/advisories/GHSA-hrxh-6v49-42gf,csi-node-driver-registrar,1.82.1,false,affected,
longhornio/csi-provisioner:v5.3.0-20260428,harvester/v1.8.2,golang.org/x/net,v0.48.0,gobinary,CVE-2026-25680,MEDIUM,https://avd.aquasec.com/nvd/cve-2026-25680,csi-provisioner,0.55.0,false,not_affected,vulnerable_code_not_in_execute_path
longhornio/csi-provisioner:v5.3.0-20260428,harvester/v1.8.2,golang.org/x/net,v0.48.0,gobinary,CVE-2026-25681,HIGH,https://avd.aquasec.com/nvd/cve-2026-25681,csi-provisioner,0.55.0,false,not_affected,vulnerable_code_not_in_execute_path
longhornio/csi-provisioner:v5.3.0-20260428,harvester/v1.8.2,golang.org/x/net,v0.48.0,gobinary,CVE-2026-27136,HIGH,https://avd.aquasec.com/nvd/cve-2026-27136,csi-provisioner,0.55.0,false,not_affected,vulnerable_code_not_in_execute_path
longhornio/csi-provisioner:v5.3.0-20260428,harvester/v1.8.2,go.opentelemetry.io/otel,v1.39.0,gobinary,CVE-2026-29181,HIGH,https://avd.aquasec.com/nvd/cve-2026-29181,csi-provisioner,1.41.0,false,affected,
longhornio/csi-provisioner:v5.3.0-20260428,harvester/v1.8.2,stdlib,v1.25.9,gobinary,CVE-2026-33811,HIGH,https://avd.aquasec.com/nvd/cve-2026-33811,csi-provisioner,"1.25.10, 1.26.3",false,not_affected,vulnerable_code_not_in_execute_path
longhornio/csi-provisioner:v5.3.0-20260428,harvester/v1.8.2,golang.org/x/net,v0.48.0,gobinary,CVE-2026-33814,HIGH,https://avd.aquasec.com/nvd/cve-2026-33814,csi-provisioner,0.53.0,false,affected,
longhornio/csi-provisioner:v5.3.0-20260428,harvester/v1.8.2,stdlib,v1.25.9,gobinary,CVE-2026-33814,HIGH,https://avd.aquasec.com/nvd/cve-2026-33814,csi-provisioner,"1.25.10, 1.26.3",false,affected,
longhornio/csi-provisioner:v5.3.0-20260428,harvester/v1.8.2,stdlib,v1.25.9,gobinary,CVE-2026-39820,HIGH,https://avd.aquasec.com/nvd/cve-2026-39820,csi-provisioner,"1.25.10, 1.26.3",false,not_affected,vulnerable_code_not_present
longhornio/csi-provisioner:v5.3.0-20260428,harvester/v1.8.2,golang.org/x/net,v0.48.0,gobinary,CVE-2026-39821,HIGH,https://avd.aquasec.com/nvd/cve-2026-39821,csi-provisioner,0.55.0,false,affected,
longhornio/csi-provisioner:v5.3.0-20260428,harvester/v1.8.2,stdlib,v1.25.9,gobinary,CVE-2026-39822,HIGH,https://avd.aquasec.com/nvd/cve-2026-39822,csi-provisioner,"1.25.12, 1.26.5, 1.27.0-rc.2",false,not_affected,vulnerable_code_not_in_execute_path
longhornio/csi-provisioner:v5.3.0-20260428,harvester/v1.8.2,stdlib,v1.25.9,gobinary,CVE-2026-39823,MEDIUM,https://avd.aquasec.com/nvd/cve-2026-39823,csi-provisioner,"1.25.10, 1.26.3",false,not_affected,vulnerable_code_not_in_execute_path
longhornio/csi-provisioner:v5.3.0-20260428,harvester/v1.8.2,stdlib,v1.25.9,gobinary,CVE-2026-39825,MEDIUM,https://avd.aquasec.com/nvd/cve-2026-39825,csi-provisioner,"1.25.10, 1.26.3",false,not_affected,vulnerable_code_not_in_execute_path
longhornio/csi-provisioner:v5.3.0-20260428,harvester/v1.8.2,stdlib,v1.25.9,gobinary,CVE-2026-39836,HIGH,https://avd.aquasec.com/nvd/cve-2026-39836,csi-provisioner,"1.25.10, 1.26.3",false,not_affected,vulnerable_code_not_in_execute_path
longhornio/csi-provisioner:v5.3.0-20260428,harvester/v1.8.2,stdlib,v1.25.9,gobinary,CVE-2026-42499,HIGH,https://avd.aquasec.com/nvd/cve-2026-42499,csi-provisioner,"1.25.10, 1.26.3",false,not_affected,vulnerable_code_not_present
longhornio/csi-provisioner:v5.3.0-20260428,harvester/v1.8.2,golang.org/x/net,v0.48.0,gobinary,CVE-2026-42502,MEDIUM,https://avd.aquasec.com/nvd/cve-2026-42502,csi-provisioner,0.55.0,false,not_affected,vulnerable_code_not_in_execute_path
longhornio/csi-provisioner:v5.3.0-20260428,harvester/v1.8.2,golang.org/x/net,v0.48.0,gobinary,CVE-2026-42506,MEDIUM,https://avd.aquasec.com/nvd/cve-2026-42506,csi-provisioner,0.55.0,false,not_affected,vulnerable_code_not_in_execute_path
longhornio/csi-provisioner:v5.3.0-20260428,harvester/v1.8.2,stdlib,v1.25.9,gobinary,CVE-2026-42507,MEDIUM,https://avd.aquasec.com/nvd/cve-2026-42507,csi-provisioner,"1.25.11, 1.26.4",false,not_affected,vulnerable_code_not_in_execute_path
longhornio/csi-provisioner:v5.3.0-20260428,harvester/v1.8.2,golang.org/x/net,v0.48.0,gobinary,CVE-2026-46600,HIGH,https://avd.aquasec.com/nvd/cve-2026-46600,csi-provisioner,0.56.0,false,not_affected,vulnerable_code_not_present
longhornio/csi-provisioner:v5.3.0-20260428,harvester/v1.8.2,golang.org/x/text,v0.32.0,gobinary,CVE-2026-56852,HIGH,https://avd.aquasec.com/nvd/cve-2026-56852,csi-provisioner,0.39.0,false,not_affected,vulnerable_code_not_in_execute_path
longhornio/csi-provisioner:v5.3.0-20260428,harvester/v1.8.2,google.golang.org/grpc,v1.79.3,gobinary,GHSA-hrxh-6v49-42gf,HIGH,https://github.com/advisories/GHSA-hrxh-6v49-42gf,csi-provisioner,1.82.1,false,affected,
longhornio/csi-resizer:v2.1.0-20260428,harvester/v1.8.2,golang.org/x/net,v0.48.0,gobinary,CVE-2026-25680,MEDIUM,https://avd.aquasec.com/nvd/cve-2026-25680,csi-resizer,0.55.0,false,not_affected,vulnerable_code_not_present
longhornio/csi-resizer:v2.1.0-20260428,harvester/v1.8.2,golang.org/x/net,v0.48.0,gobinary,CVE-2026-25681,HIGH,https://avd.aquasec.com/nvd/cve-2026-25681,csi-resizer,0.55.0,false,not_affected,vulnerable_code_not_present
longhornio/csi-resizer:v2.1.0-20260428,harvester/v1.8.2,golang.org/x/net,v0.48.0,gobinary,CVE-2026-27136,HIGH,https://avd.aquasec.com/nvd/cve-2026-27136,csi-resizer,0.55.0,false,not_affected,vulnerable_code_not_present
longhornio/csi-resizer:v2.1.0-20260428,harvester/v1.8.2,stdlib,v1.25.9,gobinary,CVE-2026-33811,HIGH,https://avd.aquasec.com/nvd/cve-2026-33811,csi-resizer,"1.25.10, 1.26.3",false,not_affected,vulnerable_code_not_in_execute_path
longhornio/csi-resizer:v2.1.0-20260428,harvester/v1.8.2,golang.org/x/net,v0.48.0,gobinary,CVE-2026-33814,HIGH,https://avd.aquasec.com/nvd/cve-2026-33814,csi-resizer,0.53.0,false,affected,
longhornio/csi-resizer:v2.1.0-20260428,harvester/v1.8.2,stdlib,v1.25.9,gobinary,CVE-2026-33814,HIGH,https://avd.aquasec.com/nvd/cve-2026-33814,csi-resizer,"1.25.10, 1.26.3",false,affected,
longhornio/csi-resizer:v2.1.0-20260428,harvester/v1.8.2,stdlib,v1.25.9,gobinary,CVE-2026-39820,HIGH,https://avd.aquasec.com/nvd/cve-2026-39820,csi-resizer,"1.25.10, 1.26.3",false,not_affected,vulnerable_code_not_in_execute_path
longhornio/csi-resizer:v2.1.0-20260428,harvester/v1.8.2,golang.org/x/net,v0.48.0,gobinary,CVE-2026-39821,HIGH,https://avd.aquasec.com/nvd/cve-2026-39821,csi-resizer,0.55.0,false,affected,
longhornio/csi-resizer:v2.1.0-20260428,harvester/v1.8.2,stdlib,v1.25.9,gobinary,CVE-2026-39822,HIGH,https://avd.aquasec.com/nvd/cve-2026-39822,csi-resizer,"1.25.12, 1.26.5, 1.27.0-rc.2",false,not_affected,vulnerable_code_not_in_execute_path
longhornio/csi-resizer:v2.1.0-20260428,harvester/v1.8.2,stdlib,v1.25.9,gobinary,CVE-2026-39823,MEDIUM,https://avd.aquasec.com/nvd/cve-2026-39823,csi-resizer,"1.25.10, 1.26.3",false,not_affected,vulnerable_code_not_in_execute_path
longhornio/csi-resizer:v2.1.0-20260428,harvester/v1.8.2,stdlib,v1.25.9,gobinary,CVE-2026-39825,MEDIUM,https://avd.aquasec.com/nvd/cve-2026-39825,csi-resizer,"1.25.10, 1.26.3",false,not_affected,vulnerable_code_not_in_execute_path
longhornio/csi-resizer:v2.1.0-20260428,harvester/v1.8.2,golang.org/x/crypto,v0.46.0,gobinary,CVE-2026-39827,MEDIUM,https://avd.aquasec.com/nvd/cve-2026-39827,csi-resizer,0.52.0,false,not_affected,vulnerable_code_not_present
longhornio/csi-resizer:v2.1.0-20260428,harvester/v1.8.2,golang.org/x/crypto,v0.46.0,gobinary,CVE-2026-39828,HIGH,https://avd.aquasec.com/nvd/cve-2026-39828,csi-resizer,0.52.0,false,not_affected,vulnerable_code_not_present
longhornio/csi-resizer:v2.1.0-20260428,harvester/v1.8.2,golang.org/x/crypto,v0.46.0,gobinary,CVE-2026-39829,HIGH,https://avd.aquasec.com/nvd/cve-2026-39829,csi-resizer,0.52.0,false,not_affected,vulnerable_code_not_present
longhornio/csi-resizer:v2.1.0-20260428,harvester/v1.8.2,golang.org/x/crypto,v0.46.0,gobinary,CVE-2026-39830,HIGH,https://avd.aquasec.com/nvd/cve-2026-39830,csi-resizer,0.52.0,false,not_affected,vulnerable_code_not_present
longhornio/csi-resizer:v2.1.0-20260428,harvester/v1.8.2,golang.org/x/crypto,v0.46.0,gobinary,CVE-2026-39831,HIGH,https://avd.aquasec.com/nvd/cve-2026-39831,csi-resizer,0.52.0,false,not_affected,vulnerable_code_not_present
longhornio/csi-resizer:v2.1.0-20260428,harvester/v1.8.2,golang.org/x/crypto,v0.46.0,gobinary,CVE-2026-39832,HIGH,https://avd.aquasec.com/nvd/cve-2026-39832,csi-resizer,0.52.0,false,not_affected,vulnerable_code_not_present
longhornio/csi-resizer:v2.1.0-20260428,harvester/v1.8.2,golang.org/x/crypto,v0.46.0,gobinary,CVE-2026-39833,MEDIUM,https://avd.aquasec.com/nvd/cve-2026-39833,csi-resizer,0.52.0,false,not_affected,vulnerable_code_not_present
longhornio/csi-resizer:v2.1.0-20260428,harvester/v1.8.2,golang.org/x/crypto,v0.46.0,gobinary,CVE-2026-39834,MEDIUM,https://avd.aquasec.com/nvd/cve-2026-39834,csi-resizer,0.52.0,false,not_affected,vulnerable_code_not_present
longhornio/csi-resizer:v2.1.0-20260428,harvester/v1.8.2,golang.org/x/crypto,v0.46.0,gobinary,CVE-2026-39835,HIGH,https://avd.aquasec.com/nvd/cve-2026-39835,csi-resizer,0.52.0,false,not_affected,vulnerable_code_not_present
longhornio/csi-resizer:v2.1.0-20260428,harvester/v1.8.2,stdlib,v1.25.9,gobinary,CVE-2026-39836,HIGH,https://avd.aquasec.com/nvd/cve-2026-39836,csi-resizer,"1.25.10, 1.26.3",false,not_affected,vulnerable_code_not_in_execute_path
longhornio/csi-resizer:v2.1.0-20260428,harvester/v1.8.2,stdlib,v1.25.9,gobinary,CVE-2026-42499,HIGH,https://avd.aquasec.com/nvd/cve-2026-42499,csi-resizer,"1.25.10, 1.26.3",false,affected,
longhornio/csi-resizer:v2.1.0-20260428,harvester/v1.8.2,golang.org/x/net,v0.48.0,gobinary,CVE-2026-42502,MEDIUM,https://avd.aquasec.com/nvd/cve-2026-42502,csi-resizer,0.55.0,false,not_affected,vulnerable_code_not_present
longhornio/csi-resizer:v2.1.0-20260428,harvester/v1.8.2,golang.org/x/net,v0.48.0,gobinary,CVE-2026-42506,MEDIUM,https://avd.aquasec.com/nvd/cve-2026-42506,csi-resizer,0.55.0,false,not_affected,vulnerable_code_not_present
longhornio/csi-resizer:v2.1.0-20260428,harvester/v1.8.2,stdlib,v1.25.9,gobinary,CVE-2026-42507,MEDIUM,https://avd.aquasec.com/nvd/cve-2026-42507,csi-resizer,"1.25.11, 1.26.4",false,not_affected,vulnerable_code_not_in_execute_path
longhornio/csi-resizer:v2.1.0-20260428,harvester/v1.8.2,golang.org/x/crypto,v0.46.0,gobinary,CVE-2026-42508,HIGH,https://avd.aquasec.com/nvd/cve-2026-42508,csi-resizer,0.52.0,false,not_affected,vulnerable_code_not_present
longhornio/csi-resizer:v2.1.0-20260428,harvester/v1.8.2,golang.org/x/crypto,v0.46.0,gobinary,CVE-2026-46595,HIGH,https://avd.aquasec.com/nvd/cve-2026-46595,csi-resizer,0.52.0,false,not_affected,vulnerable_code_not_present
longhornio/csi-resizer:v2.1.0-20260428,harvester/v1.8.2,golang.org/x/crypto,v0.46.0,gobinary,CVE-2026-46597,HIGH,https://avd.aquasec.com/nvd/cve-2026-46597,csi-resizer,0.52.0,false,not_affected,vulnerable_code_not_present
longhornio/csi-resizer:v2.1.0-20260428,harvester/v1.8.2,golang.org/x/crypto,v0.46.0,gobinary,CVE-2026-46598,MEDIUM,https://avd.aquasec.com/nvd/cve-2026-46598,csi-resizer,0.52.0,false,not_affected,vulnerable_code_not_present
longhornio/csi-resizer:v2.1.0-20260428,harvester/v1.8.2,golang.org/x/net,v0.48.0,gobinary,CVE-2026-46600,HIGH,https://avd.aquasec.com/nvd/cve-2026-46600,csi-resizer,0.56.0,false,not_affected,vulnerable_code_not_present
longhornio/csi-resizer:v2.1.0-20260428,harvester/v1.8.2,google.golang.org/grpc,v1.79.3,gobinary,GHSA-hrxh-6v49-42gf,HIGH,https://github.com/advisories/GHSA-hrxh-6v49-42gf,csi-resizer,1.82.1,false,affected,
longhornio/csi-snapshotter:v8.5.0-20260428,harvester/v1.8.2,golang.org/x/net,v0.49.0,gobinary,CVE-2026-25680,MEDIUM,https://avd.aquasec.com/nvd/cve-2026-25680,csi-snapshotter,0.55.0,false,not_affected,vulnerable_code_not_present
longhornio/csi-snapshotter:v8.5.0-20260428,harvester/v1.8.2,golang.org/x/net,v0.49.0,gobinary,CVE-2026-25681,HIGH,https://avd.aquasec.com/nvd/cve-2026-25681,csi-snapshotter,0.55.0,false,not_affected,vulnerable_code_not_present
longhornio/csi-snapshotter:v8.5.0-20260428,harvester/v1.8.2,golang.org/x/net,v0.49.0,gobinary,CVE-2026-27136,HIGH,https://avd.aquasec.com/nvd/cve-2026-27136,csi-snapshotter,0.55.0,false,not_affected,vulnerable_code_not_present
longhornio/csi-snapshotter:v8.5.0-20260428,harvester/v1.8.2,stdlib,v1.25.9,gobinary,CVE-2026-33811,HIGH,https://avd.aquasec.com/nvd/cve-2026-33811,csi-snapshotter,"1.25.10, 1.26.3",false,not_affected,vulnerable_code_not_in_execute_path
longhornio/csi-snapshotter:v8.5.0-20260428,harvester/v1.8.2,golang.org/x/net,v0.49.0,gobinary,CVE-2026-33814,HIGH,https://avd.aquasec.com/nvd/cve-2026-33814,csi-snapshotter,0.53.0,false,affected,
longhornio/csi-snapshotter:v8.5.0-20260428,harvester/v1.8.2,stdlib,v1.25.9,gobinary,CVE-2026-33814,HIGH,https://avd.aquasec.com/nvd/cve-2026-33814,csi-snapshotter,"1.25.10, 1.26.3",false,not_affected,vulnerable_code_not_in_execute_path
longhornio/csi-snapshotter:v8.5.0-20260428,harvester/v1.8.2,stdlib,v1.25.9,gobinary,CVE-2026-39820,HIGH,https://avd.aquasec.com/nvd/cve-2026-39820,csi-snapshotter,"1.25.10, 1.26.3",false,affected,
longhornio/csi-snapshotter:v8.5.0-20260428,harvester/v1.8.2,golang.org/x/net,v0.49.0,gobinary,CVE-2026-39821,HIGH,https://avd.aquasec.com/nvd/cve-2026-39821,csi-snapshotter,0.55.0,false,affected,
longhornio/csi-snapshotter:v8.5.0-20260428,harvester/v1.8.2,stdlib,v1.25.9,gobinary,CVE-2026-39822,HIGH,https://avd.aquasec.com/nvd/cve-2026-39822,csi-snapshotter,"1.25.12, 1.26.5, 1.27.0-rc.2",false,not_affected,vulnerable_code_not_in_execute_path
longhornio/csi-snapshotter:v8.5.0-20260428,harvester/v1.8.2,stdlib,v1.25.9,gobinary,CVE-2026-39825,MEDIUM,https://avd.aquasec.com/nvd/cve-2026-39825,csi-snapshotter,"1.25.10, 1.26.3",false,not_affected,vulnerable_code_not_in_execute_path
longhornio/csi-snapshotter:v8.5.0-20260428,harvester/v1.8.2,stdlib,v1.25.9,gobinary,CVE-2026-39826,MEDIUM,https://avd.aquasec.com/nvd/cve-2026-39826,csi-snapshotter,"1.25.10, 1.26.3",false,not_affected,vulnerable_code_not_in_execute_path
longhornio/csi-snapshotter:v8.5.0-20260428,harvester/v1.8.2,golang.org/x/crypto,v0.47.0,gobinary,CVE-2026-39827,MEDIUM,https://avd.aquasec.com/nvd/cve-2026-39827,csi-snapshotter,0.52.0,false,not_affected,vulnerable_code_not_present
longhornio/csi-snapshotter:v8.5.0-20260428,harvester/v1.8.2,golang.org/x/crypto,v0.47.0,gobinary,CVE-2026-39828,HIGH,https://avd.aquasec.com/nvd/cve-2026-39828,csi-snapshotter,0.52.0,false,not_affected,vulnerable_code_not_present
longhornio/csi-snapshotter:v8.5.0-20260428,harvester/v1.8.2,golang.org/x/crypto,v0.47.0,gobinary,CVE-2026-39829,HIGH,https://avd.aquasec.com/nvd/cve-2026-39829,csi-snapshotter,0.52.0,false,not_affected,vulnerable_code_not_present
longhornio/csi-snapshotter:v8.5.0-20260428,harvester/v1.8.2,golang.org/x/crypto,v0.47.0,gobinary,CVE-2026-39830,HIGH,https://avd.aquasec.com/nvd/cve-2026-39830,csi-snapshotter,0.52.0,false,not_affected,vulnerable_code_not_present
longhornio/csi-snapshotter:v8.5.0-20260428,harvester/v1.8.2,golang.org/x/crypto,v0.47.0,gobinary,CVE-2026-39831,HIGH,https://avd.aquasec.com/nvd/cve-2026-39831,csi-snapshotter,0.52.0,false,not_affected,vulnerable_code_not_present
longhornio/csi-snapshotter:v8.5.0-20260428,harvester/v1.8.2,golang.org/x/crypto,v0.47.0,gobinary,CVE-2026-39832,HIGH,https://avd.aquasec.com/nvd/cve-2026-39832,csi-snapshotter,0.52.0,false,not_affected,vulnerable_code_not_present
longhornio/csi-snapshotter:v8.5.0-20260428,harvester/v1.8.2,golang.org/x/crypto,v0.47.0,gobinary,CVE-2026-39833,MEDIUM,https://avd.aquasec.com/nvd/cve-2026-39833,csi-snapshotter,0.52.0,false,not_affected,vulnerable_code_not_present
longhornio/csi-snapshotter:v8.5.0-20260428,harvester/v1.8.2,golang.org/x/crypto,v0.47.0,gobinary,CVE-2026-39834,MEDIUM,https://avd.aquasec.com/nvd/cve-2026-39834,csi-snapshotter,0.52.0,false,not_affected,vulnerable_code_not_present
longhornio/csi-snapshotter:v8.5.0-20260428,harvester/v1.8.2,golang.org/x/crypto,v0.47.0,gobinary,CVE-2026-39835,HIGH,https://avd.aquasec.com/nvd/cve-2026-39835,csi-snapshotter,0.52.0,false,not_affected,vulnerable_code_not_present
longhornio/csi-snapshotter:v8.5.0-20260428,harvester/v1.8.2,stdlib,v1.25.9,gobinary,CVE-2026-39836,HIGH,https://avd.aquasec.com/nvd/cve-2026-39836,csi-snapshotter,"1.25.10, 1.26.3",false,not_affected,vulnerable_code_not_in_execute_path
longhornio/csi-snapshotter:v8.5.0-20260428,harvester/v1.8.2,stdlib,v1.25.9,gobinary,CVE-2026-42499,HIGH,https://avd.aquasec.com/nvd/cve-2026-42499,csi-snapshotter,"1.25.10, 1.26.3",false,affected,
longhornio/csi-snapshotter:v8.5.0-20260428,harvester/v1.8.2,golang.org/x/net,v0.49.0,gobinary,CVE-2026-42502,MEDIUM,https://avd.aquasec.com/nvd/cve-2026-42502,csi-snapshotter,0.55.0,false,not_affected,vulnerable_code_not_present
longhornio/csi-snapshotter:v8.5.0-20260428,harvester/v1.8.2,golang.org/x/net,v0.49.0,gobinary,CVE-2026-42506,MEDIUM,https://avd.aquasec.com/nvd/cve-2026-42506,csi-snapshotter,0.55.0,false,not_affected,vulnerable_code_not_present
longhornio/csi-snapshotter:v8.5.0-20260428,harvester/v1.8.2,golang.org/x/crypto,v0.47.0,gobinary,CVE-2026-42508,HIGH,https://avd.aquasec.com/nvd/cve-2026-42508,csi-snapshotter,0.52.0,false,not_affected,vulnerable_code_not_present
longhornio/csi-snapshotter:v8.5.0-20260428,harvester/v1.8.2,golang.org/x/crypto,v0.47.0,gobinary,CVE-2026-46595,HIGH,https://avd.aquasec.com/nvd/cve-2026-46595,csi-snapshotter,0.52.0,false,not_affected,vulnerable_code_not_present
longhornio/csi-snapshotter:v8.5.0-20260428,harvester/v1.8.2,golang.org/x/crypto,v0.47.0,gobinary,CVE-2026-46597,HIGH,https://avd.aquasec.com/nvd/cve-2026-46597,csi-snapshotter,0.52.0,false,not_affected,vulnerable_code_not_present
longhornio/csi-snapshotter:v8.5.0-20260428,harvester/v1.8.2,golang.org/x/crypto,v0.47.0,gobinary,CVE-2026-46598,MEDIUM,https://avd.aquasec.com/nvd/cve-2026-46598,csi-snapshotter,0.52.0,false,not_affected,vulnerable_code_not_present
longhornio/csi-snapshotter:v8.5.0-20260428,harvester/v1.8.2,golang.org/x/net,v0.49.0,gobinary,CVE-2026-46600,HIGH,https://avd.aquasec.com/nvd/cve-2026-46600,csi-snapshotter,0.56.0,false,not_affected,vulnerable_code_not_present
longhornio/csi-snapshotter:v8.5.0-20260428,harvester/v1.8.2,google.golang.org/grpc,v1.79.3,gobinary,GHSA-hrxh-6v49-42gf,HIGH,https://github.com/advisories/GHSA-hrxh-6v49-42gf,csi-snapshotter,1.82.1,false,affected,
longhornio/livenessprobe:v2.18.0-20260428,harvester/v1.8.2,golang.org/x/net,v0.49.0,gobinary,CVE-2026-25680,MEDIUM,https://avd.aquasec.com/nvd/cve-2026-25680,livenessprobe,0.55.0,false,not_affected,vulnerable_code_not_present
longhornio/livenessprobe:v2.18.0-20260428,harvester/v1.8.2,golang.org/x/net,v0.49.0,gobinary,CVE-2026-25681,HIGH,https://avd.aquasec.com/nvd/cve-2026-25681,livenessprobe,0.55.0,false,not_affected,vulnerable_code_not_present
longhornio/livenessprobe:v2.18.0-20260428,harvester/v1.8.2,golang.org/x/net,v0.49.0,gobinary,CVE-2026-27136,HIGH,https://avd.aquasec.com/nvd/cve-2026-27136,livenessprobe,0.55.0,false,not_affected,vulnerable_code_not_present
longhornio/livenessprobe:v2.18.0-20260428,harvester/v1.8.2,go.opentelemetry.io/otel,v1.39.0,gobinary,CVE-2026-29181,HIGH,https://avd.aquasec.com/nvd/cve-2026-29181,livenessprobe,1.41.0,false,affected,
longhornio/livenessprobe:v2.18.0-20260428,harvester/v1.8.2,stdlib,v1.25.9,gobinary,CVE-2026-33811,HIGH,https://avd.aquasec.com/nvd/cve-2026-33811,livenessprobe,"1.25.10, 1.26.3",false,affected,
longhornio/livenessprobe:v2.18.0-20260428,harvester/v1.8.2,golang.org/x/net,v0.49.0,gobinary,CVE-2026-33814,HIGH,https://avd.aquasec.com/nvd/cve-2026-33814,livenessprobe,0.53.0,false,not_affected,vulnerable_code_not_in_execute_path
longhornio/livenessprobe:v2.18.0-20260428,harvester/v1.8.2,stdlib,v1.25.9,gobinary,CVE-2026-33814,HIGH,https://avd.aquasec.com/nvd/cve-2026-33814,livenessprobe,"1.25.10, 1.26.3",false,not_affected,vulnerable_code_not_in_execute_path
longhornio/livenessprobe:v2.18.0-20260428,harvester/v1.8.2,stdlib,v1.25.9,gobinary,CVE-2026-39820,HIGH,https://avd.aquasec.com/nvd/cve-2026-39820,livenessprobe,"1.25.10, 1.26.3",false,not_affected,vulnerable_code_not_present
longhornio/livenessprobe:v2.18.0-20260428,harvester/v1.8.2,golang.org/x/net,v0.49.0,gobinary,CVE-2026-39821,HIGH,https://avd.aquasec.com/nvd/cve-2026-39821,livenessprobe,0.55.0,false,not_affected,vulnerable_code_not_in_execute_path
longhornio/livenessprobe:v2.18.0-20260428,harvester/v1.8.2,stdlib,v1.25.9,gobinary,CVE-2026-39822,HIGH,https://avd.aquasec.com/nvd/cve-2026-39822,livenessprobe,"1.25.12, 1.26.5, 1.27.0-rc.2",false,not_affected,vulnerable_code_not_in_execute_path
longhornio/livenessprobe:v2.18.0-20260428,harvester/v1.8.2,stdlib,v1.25.9,gobinary,CVE-2026-39823,MEDIUM,https://avd.aquasec.com/nvd/cve-2026-39823,livenessprobe,"1.25.10, 1.26.3",false,not_affected,vulnerable_code_not_present
longhornio/livenessprobe:v2.18.0-20260428,harvester/v1.8.2,stdlib,v1.25.9,gobinary,CVE-2026-39825,MEDIUM,https://avd.aquasec.com/nvd/cve-2026-39825,livenessprobe,"1.25.10, 1.26.3",false,not_affected,vulnerable_code_not_in_execute_path
longhornio/livenessprobe:v2.18.0-20260428,harvester/v1.8.2,stdlib,v1.25.9,gobinary,CVE-2026-39836,HIGH,https://avd.aquasec.com/nvd/cve-2026-39836,livenessprobe,"1.25.10, 1.26.3",false,not_affected,vulnerable_code_not_in_execute_path
longhornio/livenessprobe:v2.18.0-20260428,harvester/v1.8.2,stdlib,v1.25.9,gobinary,CVE-2026-42499,HIGH,https://avd.aquasec.com/nvd/cve-2026-42499,livenessprobe,"1.25.10, 1.26.3",false,not_affected,vulnerable_code_not_present
longhornio/livenessprobe:v2.18.0-20260428,harvester/v1.8.2,golang.org/x/net,v0.49.0,gobinary,CVE-2026-42502,MEDIUM,https://avd.aquasec.com/nvd/cve-2026-42502,livenessprobe,0.55.0,false,not_affected,vulnerable_code_not_present
longhornio/livenessprobe:v2.18.0-20260428,harvester/v1.8.2,stdlib,v1.25.9,gobinary,CVE-2026-42504,HIGH,https://avd.aquasec.com/nvd/cve-2026-42504,livenessprobe,"1.25.11, 1.26.4",false,not_affected,vulnerable_code_not_in_execute_path
longhornio/livenessprobe:v2.18.0-20260428,harvester/v1.8.2,golang.org/x/net,v0.49.0,gobinary,CVE-2026-42506,MEDIUM,https://avd.aquasec.com/nvd/cve-2026-42506,livenessprobe,0.55.0,false,not_affected,vulnerable_code_not_present
longhornio/livenessprobe:v2.18.0-20260428,harvester/v1.8.2,golang.org/x/net,v0.49.0,gobinary,CVE-2026-46600,HIGH,https://avd.aquasec.com/nvd/cve-2026-46600,livenessprobe,0.56.0,false,not_affected,vulnerable_code_not_present
longhornio/livenessprobe:v2.18.0-20260428,harvester/v1.8.2,golang.org/x/text,v0.33.0,gobinary,CVE-2026-56852,HIGH,https://avd.aquasec.com/nvd/cve-2026-56852,livenessprobe,0.39.0,false,not_affected,vulnerable_code_not_in_execute_path
longhornio/livenessprobe:v2.18.0-20260428,harvester/v1.8.2,google.golang.org/grpc,v1.79.3,gobinary,GHSA-hrxh-6v49-42gf,HIGH,https://github.com/advisories/GHSA-hrxh-6v49-42gf,livenessprobe,1.82.1,false,affected,
longhornio/longhorn-cli:v1.11.2,harvester/v1.8.2,golang.org/x/net,v0.49.0,gobinary,CVE-2026-25680,MEDIUM,https://avd.aquasec.com/nvd/cve-2026-25680,usr/local/bin/longhornctl,0.55.0,false,not_affected,vulnerable_code_not_present
longhornio/longhorn-cli:v1.11.2,harvester/v1.8.2,golang.org/x/net,v0.49.0,gobinary,CVE-2026-25680,MEDIUM,https://avd.aquasec.com/nvd/cve-2026-25680,usr/local/bin/longhornctl-local,0.55.0,false,not_affected,vulnerable_code_not_present
longhornio/longhorn-cli:v1.11.2,harvester/v1.8.2,golang.org/x/net,v0.49.0,gobinary,CVE-2026-25681,HIGH,https://avd.aquasec.com/nvd/cve-2026-25681,usr/local/bin/longhornctl,0.55.0,false,not_affected,vulnerable_code_not_present
longhornio/longhorn-cli:v1.11.2,harvester/v1.8.2,golang.org/x/net,v0.49.0,gobinary,CVE-2026-25681,HIGH,https://avd.aquasec.com/nvd/cve-2026-25681,usr/local/bin/longhornctl-local,0.55.0,false,not_affected,vulnerable_code_not_present
longhornio/longhorn-cli:v1.11.2,harvester/v1.8.2,golang.org/x/net,v0.49.0,gobinary,CVE-2026-27136,HIGH,https://avd.aquasec.com/nvd/cve-2026-27136,usr/local/bin/longhornctl,0.55.0,false,not_affected,vulnerable_code_not_present
longhornio/longhorn-cli:v1.11.2,harvester/v1.8.2,golang.org/x/net,v0.49.0,gobinary,CVE-2026-27136,HIGH,https://avd.aquasec.com/nvd/cve-2026-27136,usr/local/bin/longhornctl-local,0.55.0,false,not_affected,vulnerable_code_not_present
longhornio/longhorn-cli:v1.11.2,harvester/v1.8.2,stdlib,v1.25.9,gobinary,CVE-2026-33811,HIGH,https://avd.aquasec.com/nvd/cve-2026-33811,usr/local/bin/longhornctl,"1.25.10, 1.26.3",false,not_affected,vulnerable_code_not_in_execute_path
longhornio/longhorn-cli:v1.11.2,harvester/v1.8.2,stdlib,v1.25.9,gobinary,CVE-2026-33811,HIGH,https://avd.aquasec.com/nvd/cve-2026-33811,usr/local/bin/longhornctl-local,"1.25.10, 1.26.3",false,not_affected,vulnerable_code_not_in_execute_path
longhornio/longhorn-cli:v1.11.2,harvester/v1.8.2,golang.org/x/net,v0.49.0,gobinary,CVE-2026-33814,HIGH,https://avd.aquasec.com/nvd/cve-2026-33814,usr/local/bin/longhornctl,0.53.0,false,affected,
longhornio/longhorn-cli:v1.11.2,harvester/v1.8.2,golang.org/x/net,v0.49.0,gobinary,CVE-2026-33814,HIGH,https://avd.aquasec.com/nvd/cve-2026-33814,usr/local/bin/longhornctl-local,0.53.0,false,affected,
longhornio/longhorn-cli:v1.11.2,harvester/v1.8.2,stdlib,v1.25.9,gobinary,CVE-2026-33814,HIGH,https://avd.aquasec.com/nvd/cve-2026-33814,usr/local/bin/longhornctl,"1.25.10, 1.26.3",false,affected,
longhornio/longhorn-cli:v1.11.2,harvester/v1.8.2,stdlib,v1.25.9,gobinary,CVE-2026-33814,HIGH,https://avd.aquasec.com/nvd/cve-2026-33814,usr/local/bin/longhornctl-local,"1.25.10, 1.26.3",false,affected,
longhornio/longhorn-cli:v1.11.2,harvester/v1.8.2,stdlib,v1.25.9,gobinary,CVE-2026-39820,HIGH,https://avd.aquasec.com/nvd/cve-2026-39820,usr/local/bin/longhornctl,"1.25.10, 1.26.3",false,not_affected,vulnerable_code_not_present
longhornio/longhorn-cli:v1.11.2,harvester/v1.8.2,stdlib,v1.25.9,gobinary,CVE-2026-39820,HIGH,https://avd.aquasec.com/nvd/cve-2026-39820,usr/local/bin/longhornctl-local,"1.25.10, 1.26.3",false,not_affected,vulnerable_code_not_present
longhornio/longhorn-cli:v1.11.2,harvester/v1.8.2,golang.org/x/net,v0.49.0,gobinary,CVE-2026-39821,HIGH,https://avd.aquasec.com/nvd/cve-2026-39821,usr/local/bin/longhornctl,0.55.0,false,affected,
longhornio/longhorn-cli:v1.11.2,harvester/v1.8.2,golang.org/x/net,v0.49.0,gobinary,CVE-2026-39821,HIGH,https://avd.aquasec.com/nvd/cve-2026-39821,usr/local/bin/longhornctl-local,0.55.0,false,affected,
longhornio/longhorn-cli:v1.11.2,harvester/v1.8.2,stdlib,v1.25.9,gobinary,CVE-2026-39822,HIGH,https://avd.aquasec.com/nvd/cve-2026-39822,usr/local/bin/longhornctl,"1.25.12, 1.26.5, 1.27.0-rc.2",false,not_affected,vulnerable_code_not_in_execute_path
longhornio/longhorn-cli:v1.11.2,harvester/v1.8.2,stdlib,v1.25.9,gobinary,CVE-2026-39822,HIGH,https://avd.aquasec.com/nvd/cve-2026-39822,usr/local/bin/longhornctl-local,"1.25.12, 1.26.5, 1.27.0-rc.2",false,not_affected,vulnerable_code_not_in_execute_path
longhornio/longhorn-cli:v1.11.2,harvester/v1.8.2,stdlib,v1.25.9,gobinary,CVE-2026-39823,MEDIUM,https://avd.aquasec.com/nvd/cve-2026-39823,usr/local/bin/longhornctl,"1.25.10, 1.26.3",false,not_affected,vulnerable_code_not_present
longhornio/longhorn-cli:v1.11.2,harvester/v1.8.2,stdlib,v1.25.9,gobinary,CVE-2026-39823,MEDIUM,https://avd.aquasec.com/nvd/cve-2026-39823,usr/local/bin/longhornctl-local,"1.25.10, 1.26.3",false,not_affected,vulnerable_code_not_present
longhornio/longhorn-cli:v1.11.2,harvester/v1.8.2,stdlib,v1.25.9,gobinary,CVE-2026-39825,MEDIUM,https://avd.aquasec.com/nvd/cve-2026-39825,usr/local/bin/longhornctl,"1.25.10, 1.26.3",false,not_affected,vulnerable_code_not_in_execute_path
longhornio/longhorn-cli:v1.11.2,harvester/v1.8.2,stdlib,v1.25.9,gobinary,CVE-2026-39825,MEDIUM,https://avd.aquasec.com/nvd/cve-2026-39825,usr/local/bin/longhornctl-local,"1.25.10, 1.26.3",false,not_affected,vulnerable_code_not_in_execute_path
longhornio/longhorn-cli:v1.11.2,harvester/v1.8.2,stdlib,v1.25.9,gobinary,CVE-2026-39826,MEDIUM,https://avd.aquasec.com/nvd/cve-2026-39826,usr/local/bin/longhornctl,"1.25.10, 1.26.3",false,not_affected,vulnerable_code_not_present
longhornio/longhorn-cli:v1.11.2,harvester/v1.8.2,stdlib,v1.25.9,gobinary,CVE-2026-39826,MEDIUM,https://avd.aquasec.com/nvd/cve-2026-39826,usr/local/bin/longhornctl-local,"1.25.10, 1.26.3",false,not_affected,vulnerable_code_not_present
longhornio/longhorn-cli:v1.11.2,harvester/v1.8.2,golang.org/x/crypto,v0.47.0,gobinary,CVE-2026-39827,MEDIUM,https://avd.aquasec.com/nvd/cve-2026-39827,usr/local/bin/longhornctl,0.52.0,false,not_affected,vulnerable_code_not_in_execute_path
longhornio/longhorn-cli:v1.11.2,harvester/v1.8.2,golang.org/x/crypto,v0.47.0,gobinary,CVE-2026-39827,MEDIUM,https://avd.aquasec.com/nvd/cve-2026-39827,usr/local/bin/longhornctl-local,0.52.0,false,not_affected,vulnerable_code_not_in_execute_path
longhornio/longhorn-cli:v1.11.2,harvester/v1.8.2,golang.org/x/crypto,v0.47.0,gobinary,CVE-2026-39828,HIGH,https://avd.aquasec.com/nvd/cve-2026-39828,usr/local/bin/longhornctl,0.52.0,false,not_affected,vulnerable_code_not_in_execute_path
longhornio/longhorn-cli:v1.11.2,harvester/v1.8.2,golang.org/x/crypto,v0.47.0,gobinary,CVE-2026-39828,HIGH,https://avd.aquasec.com/nvd/cve-2026-39828,usr/local/bin/longhornctl-local,0.52.0,false,not_affected,vulnerable_code_not_in_execute_path
longhornio/longhorn-cli:v1.11.2,harvester/v1.8.2,golang.org/x/crypto,v0.47.0,gobinary,CVE-2026-39829,HIGH,https://avd.aquasec.com/nvd/cve-2026-39829,usr/local/bin/longhornctl,0.52.0,false,not_affected,vulnerable_code_not_in_execute_path
longhornio/longhorn-cli:v1.11.2,harvester/v1.8.2,golang.org/x/crypto,v0.47.0,gobinary,CVE-2026-39829,HIGH,https://avd.aquasec.com/nvd/cve-2026-39829,usr/local/bin/longhornctl-local,0.52.0,false,not_affected,vulnerable_code_not_in_execute_path
longhornio/longhorn-cli:v1.11.2,harvester/v1.8.2,golang.org/x/crypto,v0.47.0,gobinary,CVE-2026-39830,HIGH,https://avd.aquasec.com/nvd/cve-2026-39830,usr/local/bin/longhornctl,0.52.0,false,not_affected,vulnerable_code_not_in_execute_path
longhornio/longhorn-cli:v1.11.2,harvester/v1.8.2,golang.org/x/crypto,v0.47.0,gobinary,CVE-2026-39830,HIGH,https://avd.aquasec.com/nvd/cve-2026-39830,usr/local/bin/longhornctl-local,0.52.0,false,not_affected,vulnerable_code_not_in_execute_path
longhornio/longhorn-cli:v1.11.2,harvester/v1.8.2,golang.org/x/crypto,v0.47.0,gobinary,CVE-2026-39831,HIGH,https://avd.aquasec.com/nvd/cve-2026-39831,usr/local/bin/longhornctl,0.52.0,false,not_affected,vulnerable_code_not_in_execute_path
longhornio/longhorn-cli:v1.11.2,harvester/v1.8.2,golang.org/x/crypto,v0.47.0,gobinary,CVE-2026-39831,HIGH,https://avd.aquasec.com/nvd/cve-2026-39831,usr/local/bin/longhornctl-local,0.52.0,false,not_affected,vulnerable_code_not_in_execute_path
longhornio/longhorn-cli:v1.11.2,harvester/v1.8.2,golang.org/x/crypto,v0.47.0,gobinary,CVE-2026-39832,HIGH,https://avd.aquasec.com/nvd/cve-2026-39832,usr/local/bin/longhornctl,0.52.0,false,not_affected,vulnerable_code_not_present
longhornio/longhorn-cli:v1.11.2,harvester/v1.8.2,golang.org/x/crypto,v0.47.0,gobinary,CVE-2026-39832,HIGH,https://avd.aquasec.com/nvd/cve-2026-39832,usr/local/bin/longhornctl-local,0.52.0,false,not_affected,vulnerable_code_not_present
longhornio/longhorn-cli:v1.11.2,harvester/v1.8.2,golang.org/x/crypto,v0.47.0,gobinary,CVE-2026-39833,MEDIUM,https://avd.aquasec.com/nvd/cve-2026-39833,usr/local/bin/longhornctl,0.52.0,false,not_affected,vulnerable_code_not_present
longhornio/longhorn-cli:v1.11.2,harvester/v1.8.2,golang.org/x/crypto,v0.47.0,gobinary,CVE-2026-39833,MEDIUM,https://avd.aquasec.com/nvd/cve-2026-39833,usr/local/bin/longhornctl-local,0.52.0,false,not_affected,vulnerable_code_not_present
longhornio/longhorn-cli:v1.11.2,harvester/v1.8.2,golang.org/x/crypto,v0.47.0,gobinary,CVE-2026-39834,MEDIUM,https://avd.aquasec.com/nvd/cve-2026-39834,usr/local/bin/longhornctl,0.52.0,false,not_affected,vulnerable_code_not_in_execute_path
longhornio/longhorn-cli:v1.11.2,harvester/v1.8.2,golang.org/x/crypto,v0.47.0,gobinary,CVE-2026-39834,MEDIUM,https://avd.aquasec.com/nvd/cve-2026-39834,usr/local/bin/longhornctl-local,0.52.0,false,not_affected,vulnerable_code_not_in_execute_path
longhornio/longhorn-cli:v1.11.2,harvester/v1.8.2,golang.org/x/crypto,v0.47.0,gobinary,CVE-2026-39835,HIGH,https://avd.aquasec.com/nvd/cve-2026-39835,usr/local/bin/longhornctl,0.52.0,false,not_affected,vulnerable_code_not_in_execute_path
longhornio/longhorn-cli:v1.11.2,harvester/v1.8.2,golang.org/x/crypto,v0.47.0,gobinary,CVE-2026-39835,HIGH,https://avd.aquasec.com/nvd/cve-2026-39835,usr/local/bin/longhornctl-local,0.52.0,false,not_affected,vulnerable_code_not_in_execute_path
longhornio/longhorn-cli:v1.11.2,harvester/v1.8.2,stdlib,v1.25.9,gobinary,CVE-2026-39836,HIGH,https://avd.aquasec.com/nvd/cve-2026-39836,usr/local/bin/longhornctl,"1.25.10, 1.26.3",false,affected,
longhornio/longhorn-cli:v1.11.2,harvester/v1.8.2,stdlib,v1.25.9,gobinary,CVE-2026-39836,HIGH,https://avd.aquasec.com/nvd/cve-2026-39836,usr/local/bin/longhornctl-local,"1.25.10, 1.26.3",false,affected,
longhornio/longhorn-cli:v1.11.2,harvester/v1.8.2,stdlib,v1.25.9,gobinary,CVE-2026-42499,HIGH,https://avd.aquasec.com/nvd/cve-2026-42499,usr/local/bin/longhornctl,"1.25.10, 1.26.3",false,not_affected,vulnerable_code_not_present
longhornio/longhorn-cli:v1.11.2,harvester/v1.8.2,stdlib,v1.25.9,gobinary,CVE-2026-42499,HIGH,https://avd.aquasec.com/nvd/cve-2026-42499,usr/local/bin/longhornctl-local,"1.25.10, 1.26.3",false,not_affected,vulnerable_code_not_present
longhornio/longhorn-cli:v1.11.2,harvester/v1.8.2,golang.org/x/net,v0.49.0,gobinary,CVE-2026-42502,MEDIUM,https://avd.aquasec.com/nvd/cve-2026-42502,usr/local/bin/longhornctl,0.55.0,false,not_affected,vulnerable_code_not_present
longhornio/longhorn-cli:v1.11.2,harvester/v1.8.2,golang.org/x/net,v0.49.0,gobinary,CVE-2026-42502,MEDIUM,https://avd.aquasec.com/nvd/cve-2026-42502,usr/local/bin/longhornctl-local,0.55.0,false,not_affected,vulnerable_code_not_present
longhornio/longhorn-cli:v1.11.2,harvester/v1.8.2,golang.org/x/net,v0.49.0,gobinary,CVE-2026-42506,MEDIUM,https://avd.aquasec.com/nvd/cve-2026-42506,usr/local/bin/longhornctl,0.55.0,false,not_affected,vulnerable_code_not_present
longhornio/longhorn-cli:v1.11.2,harvester/v1.8.2,golang.org/x/net,v0.49.0,gobinary,CVE-2026-42506,MEDIUM,https://avd.aquasec.com/nvd/cve-2026-42506,usr/local/bin/longhornctl-local,0.55.0,false,not_affected,vulnerable_code_not_present
longhornio/longhorn-cli:v1.11.2,harvester/v1.8.2,golang.org/x/crypto,v0.47.0,gobinary,CVE-2026-42508,HIGH,https://avd.aquasec.com/nvd/cve-2026-42508,usr/local/bin/longhornctl,0.52.0,false,not_affected,vulnerable_code_not_present
longhornio/longhorn-cli:v1.11.2,harvester/v1.8.2,golang.org/x/crypto,v0.47.0,gobinary,CVE-2026-42508,HIGH,https://avd.aquasec.com/nvd/cve-2026-42508,usr/local/bin/longhornctl-local,0.52.0,false,not_affected,vulnerable_code_not_present
longhornio/longhorn-cli:v1.11.2,harvester/v1.8.2,golang.org/x/crypto,v0.47.0,gobinary,CVE-2026-46595,HIGH,https://avd.aquasec.com/nvd/cve-2026-46595,usr/local/bin/longhornctl,0.52.0,false,not_affected,vulnerable_code_not_in_execute_path
longhornio/longhorn-cli:v1.11.2,harvester/v1.8.2,golang.org/x/crypto,v0.47.0,gobinary,CVE-2026-46595,HIGH,https://avd.aquasec.com/nvd/cve-2026-46595,usr/local/bin/longhornctl-local,0.52.0,false,not_affected,vulnerable_code_not_in_execute_path
longhornio/longhorn-cli:v1.11.2,harvester/v1.8.2,golang.org/x/crypto,v0.47.0,gobinary,CVE-2026-46597,HIGH,https://avd.aquasec.com/nvd/cve-2026-46597,usr/local/bin/longhornctl,0.52.0,false,not_affected,vulnerable_code_not_in_execute_path
longhornio/longhorn-cli:v1.11.2,harvester/v1.8.2,golang.org/x/crypto,v0.47.0,gobinary,CVE-2026-46597,HIGH,https://avd.aquasec.com/nvd/cve-2026-46597,usr/local/bin/longhornctl-local,0.52.0,false,not_affected,vulnerable_code_not_in_execute_path
longhornio/longhorn-cli:v1.11.2,harvester/v1.8.2,golang.org/x/crypto,v0.47.0,gobinary,CVE-2026-46598,MEDIUM,https://avd.aquasec.com/nvd/cve-2026-46598,usr/local/bin/longhornctl,0.52.0,false,not_affected,vulnerable_code_not_present
longhornio/longhorn-cli:v1.11.2,harvester/v1.8.2,golang.org/x/crypto,v0.47.0,gobinary,CVE-2026-46598,MEDIUM,https://avd.aquasec.com/nvd/cve-2026-46598,usr/local/bin/longhornctl-local,0.52.0,false,not_affected,vulnerable_code_not_present
longhornio/longhorn-cli:v1.11.2,harvester/v1.8.2,golang.org/x/net,v0.49.0,gobinary,CVE-2026-46600,HIGH,https://avd.aquasec.com/nvd/cve-2026-46600,usr/local/bin/longhornctl,0.56.0,false,not_affected,vulnerable_code_not_present
longhornio/longhorn-cli:v1.11.2,harvester/v1.8.2,golang.org/x/net,v0.49.0,gobinary,CVE-2026-46600,HIGH,https://avd.aquasec.com/nvd/cve-2026-46600,usr/local/bin/longhornctl-local,0.56.0,false,not_affected,vulnerable_code_not_present
longhornio/longhorn-cli:v1.11.2,harvester/v1.8.2,liblzma5,5.4.1-150600.3.3.1,sles,SUSE-SU-2026:2051-1,HIGH,,longhornio/longhorn-cli:v1.11.2 (sles 15.7),5.4.1-150600.3.6.1,false,not_affected,vulnerable_code_not_in_execute_path
longhornio/longhorn-cli:v1.11.2,harvester/v1.8.2,glibc,2.38-150600.14.46.1,sles,SUSE-SU-2026:2231-1,HIGH,,longhornio/longhorn-cli:v1.11.2 (sles 15.7),2.38-150600.14.49.1,false,not_affected,vulnerable_code_not_in_execute_path
longhornio/longhorn-cli:v1.11.2,harvester/v1.8.2,libsmartcols1,2.40.4-150700.4.10.1,sles,SUSE-SU-2026:2485-1,MEDIUM,,longhornio/longhorn-cli:v1.11.2 (sles 15.7),2.40.4-150700.4.13.1,false,not_affected,vulnerable_code_not_in_execute_path
longhornio/longhorn-cli:v1.11.2,harvester/v1.8.2,libuuid1,2.40.4-150700.4.10.1,sles,SUSE-SU-2026:2485-1,MEDIUM,,longhornio/longhorn-cli:v1.11.2 (sles 15.7),2.40.4-150700.4.13.1,false,not_affected,vulnerable_code_not_in_execute_path
longhornio/longhorn-cli:v1.11.2,harvester/v1.8.2,libsqlite3-0,3.51.3-150000.3.39.1,sles,SUSE-SU-2026:2528-1,HIGH,,longhornio/longhorn-cli:v1.11.2 (sles 15.7),3.53.2-150000.3.42.1,false,affected,
longhornio/longhorn-cli:v1.11.2,harvester/v1.8.2,libsolv-tools-base,0.7.35-150700.11.5.2,sles,SUSE-SU-2026:2531-1,HIGH,,longhornio/longhorn-cli:v1.11.2 (sles 15.7),0.7.39-150700.11.10.1,false,affected,
longhornio/longhorn-cli:v1.11.2,harvester/v1.8.2,libzypp,17.37.18-150700.6.3.1,sles,SUSE-SU-2026:2531-1,HIGH,,longhornio/longhorn-cli:v1.11.2 (sles 15.7),17.38.13-150700.6.13.1,false,not_affected,vulnerable_code_not_in_execute_path
longhornio/longhorn-cli:v1.11.2,harvester/v1.8.2,zypper,1.14.94-150700.13.3.1,sles,SUSE-SU-2026:2531-1,HIGH,,longhornio/longhorn-cli:v1.11.2 (sles 15.7),1.14.98-150700.13.6.1,false,not_affected,vulnerable_code_not_in_execute_path
longhornio/longhorn-cli:v1.11.2,harvester/v1.8.2,libopenssl-3-fips-provider,3.2.3-150700.5.31.1,sles,SUSE-SU-2026:2648-1,HIGH,,longhornio/longhorn-cli:v1.11.2 (sles 15.7),3.2.3-150700.5.36.1,false,not_affected,vulnerable_code_not_in_execute_path
longhornio/longhorn-cli:v1.11.2,harvester/v1.8.2,libopenssl3,3.2.3-150700.5.31.1,sles,SUSE-SU-2026:2648-1,HIGH,,longhornio/longhorn-cli:v1.11.2 (sles 15.7),3.2.3-150700.5.36.1,false,not_affected,vulnerable_code_not_in_execute_path
longhornio/longhorn-cli:v1.11.2,harvester/v1.8.2,openssl-3,3.2.3-150700.5.31.1,sles,SUSE-SU-2026:2648-1,HIGH,,longhornio/longhorn-cli:v1.11.2 (sles 15.7),3.2.3-150700.5.36.1,false,affected,
longhornio/longhorn-cli:v1.11.2,harvester/v1.8.2,tar,1.34-150000.3.37.1,sles,SUSE-SU-2026:2714-1,MEDIUM,,longhornio/longhorn-cli:v1.11.2 (sles 15.7),1.34-150000.3.42.1,false,not_affected,vulnerable_code_not_in_execute_path
longhornio/longhorn-cli:v1.11.2,harvester/v1.8.2,krb5,1.20.1-150600.11.14.1,sles,SUSE-SU-2026:2848-1,HIGH,,longhornio/longhorn-cli:v1.11.2 (sles 15.7),1.20.1-150600.11.19.1,false,not_affected,vulnerable_code_not_in_execute_path
longhornio/longhorn-cli:v1.11.2,harvester/v1.8.2,curl,8.14.1-150700.7.14.1,sles,SUSE-SU-2026:2925-1,HIGH,,longhornio/longhorn-cli:v1.11.2 (sles 15.7),8.14.1-150700.7.20.1,false,not_affected,vulnerable_code_not_in_execute_path
longhornio/longhorn-cli:v1.11.2,harvester/v1.8.2,libcurl4,8.14.1-150700.7.14.1,sles,SUSE-SU-2026:2925-1,HIGH,,longhornio/longhorn-cli:v1.11.2 (sles 15.7),8.14.1-150700.7.20.1,false,not_affected,vulnerable_code_not_in_execute_path
longhornio/longhorn-cli:v1.11.2,harvester/v1.8.2,libxml2-2,2.12.10-150700.4.11.1,sles,SUSE-SU-2026:3097-1,HIGH,,longhornio/longhorn-cli:v1.11.2 (sles 15.7),2.12.10-150700.4.14.1,false,not_affected,vulnerable_code_not_in_execute_path
longhornio/longhorn-cli:v1.11.2,harvester/v1.8.2,pam,1.3.0-150000.6.86.1,sles,SUSE-SU-2026:3163-1,MEDIUM,,longhornio/longhorn-cli:v1.11.2 (sles 15.7),1.3.0-150000.6.89.1,false,not_affected,vulnerable_code_not_in_execute_path
longhornio/longhorn-cli:v1.11.2,harvester/v1.8.2,libgcrypt20,1.11.0-150700.5.7.1,sles,SUSE-SU-2026:3182-1,MEDIUM,,longhornio/longhorn-cli:v1.11.2 (sles 15.7),1.11.0-150700.5.10.1,false,not_affected,vulnerable_code_not_in_execute_path
longhornio/longhorn-cli:v1.11.2,harvester/v1.8.2,gzip,1.10-150200.10.1,sles,SUSE-SU-2026:3269-1,HIGH,,longhornio/longhorn-cli:v1.11.2 (sles 15.7),1.10-150200.13.1,false,affected,
longhornio/longhorn-cli:v1.11.2,harvester/v1.8.2,libssh-config,0.9.8-150600.11.12.1,sles,SUSE-SU-2026:3330-1,MEDIUM,,longhornio/longhorn-cli:v1.11.2 (sles 15.7),0.9.8-150600.11.15.1,false,not_affected,vulnerable_code_not_in_execute_path
longhornio/longhorn-cli:v1.11.2,harvester/v1.8.2,libssh4,0.9.8-150600.11.12.1,sles,SUSE-SU-2026:3330-1,MEDIUM,,longhornio/longhorn-cli:v1.11.2 (sles 15.7),0.9.8-150600.11.15.1,false,not_affected,vulnerable_code_not_in_execute_path
longhornio/longhorn-cli:v1.11.2,harvester/v1.8.2,libglib-2_0-0,2.78.6-150600.4.35.1,sles,SUSE-SU-2026:3341-1,HIGH,,longhornio/longhorn-cli:v1.11.2 (sles 15.7),2.78.6-150600.4.38.1,false,not_affected,vulnerable_code_not_in_execute_path
longhornio/longhorn-cli:v1.11.2,harvester/v1.8.2,perl-base,5.26.1-150300.17.20.1,sles,SUSE-SU-2026:3558-1,HIGH,,longhornio/longhorn-cli:v1.11.2 (sles 15.7),5.26.1-150300.17.23.1,false,affected,
longhornio/longhorn-cli:v1.11.2,harvester/v1.8.2,rpm-ndb,4.14.3-150400.59.16.1,sles,SUSE-SU-2026:3600-1,HIGH,,longhornio/longhorn-cli:v1.11.2 (sles 15.7),4.14.3-150400.59.19.1,false,affected,
longhornio/longhorn-engine:v1.11.2,harvester/v1.8.2,golang.org/x/net,v0.48.0,gobinary,CVE-2026-25680,MEDIUM,https://avd.aquasec.com/nvd/cve-2026-25680,usr/local/bin/grpc_health_probe,0.55.0,false,not_affected,vulnerable_code_not_present
longhornio/longhorn-engine:v1.11.2,harvester/v1.8.2,golang.org/x/net,v0.49.0,gobinary,CVE-2026-25680,MEDIUM,https://avd.aquasec.com/nvd/cve-2026-25680,usr/local/bin/longhorn,0.55.0,false,not_affected,vulnerable_code_not_present
longhornio/longhorn-engine:v1.11.2,harvester/v1.8.2,golang.org/x/net,v0.49.0,gobinary,CVE-2026-25680,MEDIUM,https://avd.aquasec.com/nvd/cve-2026-25680,usr/local/bin/longhorn-instance-manager,0.55.0,false,not_affected,vulnerable_code_not_present
longhornio/longhorn-engine:v1.11.2,harvester/v1.8.2,golang.org/x/net,v0.48.0,gobinary,CVE-2026-25681,HIGH,https://avd.aquasec.com/nvd/cve-2026-25681,usr/local/bin/grpc_health_probe,0.55.0,false,not_affected,vulnerable_code_not_present
longhornio/longhorn-engine:v1.11.2,harvester/v1.8.2,golang.org/x/net,v0.49.0,gobinary,CVE-2026-25681,HIGH,https://avd.aquasec.com/nvd/cve-2026-25681,usr/local/bin/longhorn,0.55.0,false,not_affected,vulnerable_code_not_present
longhornio/longhorn-engine:v1.11.2,harvester/v1.8.2,golang.org/x/net,v0.49.0,gobinary,CVE-2026-25681,HIGH,https://avd.aquasec.com/nvd/cve-2026-25681,usr/local/bin/longhorn-instance-manager,0.55.0,false,not_affected,vulnerable_code_not_present
longhornio/longhorn-engine:v1.11.2,harvester/v1.8.2,golang.org/x/net,v0.48.0,gobinary,CVE-2026-27136,HIGH,https://avd.aquasec.com/nvd/cve-2026-27136,usr/local/bin/grpc_health_probe,0.55.0,false,not_affected,vulnerable_code_not_present
longhornio/longhorn-engine:v1.11.2,harvester/v1.8.2,golang.org/x/net,v0.49.0,gobinary,CVE-2026-27136,HIGH,https://avd.aquasec.com/nvd/cve-2026-27136,usr/local/bin/longhorn,0.55.0,false,not_affected,vulnerable_code_not_present
longhornio/longhorn-engine:v1.11.2,harvester/v1.8.2,golang.org/x/net,v0.49.0,gobinary,CVE-2026-27136,HIGH,https://avd.aquasec.com/nvd/cve-2026-27136,usr/local/bin/longhorn-instance-manager,0.55.0,false,not_affected,vulnerable_code_not_present
longhornio/longhorn-engine:v1.11.2,harvester/v1.8.2,stdlib,v1.26.2,gobinary,CVE-2026-27145,HIGH,https://avd.aquasec.com/nvd/cve-2026-27145,usr/local/bin/grpc_health_probe,"1.25.11, 1.26.4",false,not_affected,vulnerable_code_not_in_execute_path
longhornio/longhorn-engine:v1.11.2,harvester/v1.8.2,stdlib,v1.25.9,gobinary,CVE-2026-33811,HIGH,https://avd.aquasec.com/nvd/cve-2026-33811,usr/local/bin/longhorn,"1.25.10, 1.26.3",false,not_affected,vulnerable_code_not_in_execute_path
longhornio/longhorn-engine:v1.11.2,harvester/v1.8.2,stdlib,v1.25.9,gobinary,CVE-2026-33811,HIGH,https://avd.aquasec.com/nvd/cve-2026-33811,usr/local/bin/longhorn-instance-manager,"1.25.10, 1.26.3",false,not_affected,vulnerable_code_not_in_execute_path
longhornio/longhorn-engine:v1.11.2,harvester/v1.8.2,stdlib,v1.26.2,gobinary,CVE-2026-33811,HIGH,https://avd.aquasec.com/nvd/cve-2026-33811,usr/local/bin/grpc_health_probe,"1.25.10, 1.26.3",false,not_affected,vulnerable_code_not_in_execute_path
longhornio/longhorn-engine:v1.11.2,harvester/v1.8.2,golang.org/x/net,v0.48.0,gobinary,CVE-2026-33814,HIGH,https://avd.aquasec.com/nvd/cve-2026-33814,usr/local/bin/grpc_health_probe,0.53.0,false,not_affected,vulnerable_code_not_in_execute_path
longhornio/longhorn-engine:v1.11.2,harvester/v1.8.2,golang.org/x/net,v0.49.0,gobinary,CVE-2026-33814,HIGH,https://avd.aquasec.com/nvd/cve-2026-33814,usr/local/bin/longhorn,0.53.0,false,affected,
longhornio/longhorn-engine:v1.11.2,harvester/v1.8.2,golang.org/x/net,v0.49.0,gobinary,CVE-2026-33814,HIGH,https://avd.aquasec.com/nvd/cve-2026-33814,usr/local/bin/longhorn-instance-manager,0.53.0,false,affected,
longhornio/longhorn-engine:v1.11.2,harvester/v1.8.2,stdlib,v1.25.9,gobinary,CVE-2026-33814,HIGH,https://avd.aquasec.com/nvd/cve-2026-33814,usr/local/bin/longhorn,"1.25.10, 1.26.3",false,affected,
longhornio/longhorn-engine:v1.11.2,harvester/v1.8.2,stdlib,v1.25.9,gobinary,CVE-2026-33814,HIGH,https://avd.aquasec.com/nvd/cve-2026-33814,usr/local/bin/longhorn-instance-manager,"1.25.10, 1.26.3",false,not_affected,vulnerable_code_not_in_execute_path
longhornio/longhorn-engine:v1.11.2,harvester/v1.8.2,stdlib,v1.26.2,gobinary,CVE-2026-33814,HIGH,https://avd.aquasec.com/nvd/cve-2026-33814,usr/local/bin/grpc_health_probe,"1.25.10, 1.26.3",false,not_affected,vulnerable_code_not_in_execute_path
longhornio/longhorn-engine:v1.11.2,harvester/v1.8.2,stdlib,v1.25.9,gobinary,CVE-2026-39820,HIGH,https://avd.aquasec.com/nvd/cve-2026-39820,usr/local/bin/longhorn,"1.25.10, 1.26.3",false,not_affected,vulnerable_code_not_present
longhornio/longhorn-engine:v1.11.2,harvester/v1.8.2,stdlib,v1.25.9,gobinary,CVE-2026-39820,HIGH,https://avd.aquasec.com/nvd/cve-2026-39820,usr/local/bin/longhorn-instance-manager,"1.25.10, 1.26.3",false,not_affected,vulnerable_code_not_present
longhornio/longhorn-engine:v1.11.2,harvester/v1.8.2,stdlib,v1.26.2,gobinary,CVE-2026-39820,HIGH,https://avd.aquasec.com/nvd/cve-2026-39820,usr/local/bin/grpc_health_probe,"1.25.10, 1.26.3",false,not_affected,vulnerable_code_not_present
longhornio/longhorn-engine:v1.11.2,harvester/v1.8.2,golang.org/x/net,v0.48.0,gobinary,CVE-2026-39821,HIGH,https://avd.aquasec.com/nvd/cve-2026-39821,usr/local/bin/grpc_health_probe,0.55.0,false,not_affected,vulnerable_code_not_in_execute_path
longhornio/longhorn-engine:v1.11.2,harvester/v1.8.2,golang.org/x/net,v0.49.0,gobinary,CVE-2026-39821,HIGH,https://avd.aquasec.com/nvd/cve-2026-39821,usr/local/bin/longhorn,0.55.0,false,affected,
longhornio/longhorn-engine:v1.11.2,harvester/v1.8.2,golang.org/x/net,v0.49.0,gobinary,CVE-2026-39821,HIGH,https://avd.aquasec.com/nvd/cve-2026-39821,usr/local/bin/longhorn-instance-manager,0.55.0,false,affected,
longhornio/longhorn-engine:v1.11.2,harvester/v1.8.2,stdlib,v1.25.9,gobinary,CVE-2026-39822,HIGH,https://avd.aquasec.com/nvd/cve-2026-39822,usr/local/bin/longhorn,"1.25.12, 1.26.5, 1.27.0-rc.2",false,not_affected,vulnerable_code_not_in_execute_path
longhornio/longhorn-engine:v1.11.2,harvester/v1.8.2,stdlib,v1.25.9,gobinary,CVE-2026-39822,HIGH,https://avd.aquasec.com/nvd/cve-2026-39822,usr/local/bin/longhorn-instance-manager,"1.25.12, 1.26.5, 1.27.0-rc.2",false,not_affected,vulnerable_code_not_in_execute_path
longhornio/longhorn-engine:v1.11.2,harvester/v1.8.2,stdlib,v1.26.2,gobinary,CVE-2026-39822,HIGH,https://avd.aquasec.com/nvd/cve-2026-39822,usr/local/bin/grpc_health_probe,"1.25.12, 1.26.5, 1.27.0-rc.2",false,not_affected,vulnerable_code_not_in_execute_path
longhornio/longhorn-engine:v1.11.2,harvester/v1.8.2,stdlib,v1.25.9,gobinary,CVE-2026-39823,MEDIUM,https://avd.aquasec.com/nvd/cve-2026-39823,usr/local/bin/longhorn,"1.25.10, 1.26.3",false,not_affected,vulnerable_code_not_present
longhornio/longhorn-engine:v1.11.2,harvester/v1.8.2,stdlib,v1.25.9,gobinary,CVE-2026-39823,MEDIUM,https://avd.aquasec.com/nvd/cve-2026-39823,usr/local/bin/longhorn-instance-manager,"1.25.10, 1.26.3",false,not_affected,vulnerable_code_not_in_execute_path
longhornio/longhorn-engine:v1.11.2,harvester/v1.8.2,stdlib,v1.26.2,gobinary,CVE-2026-39823,MEDIUM,https://avd.aquasec.com/nvd/cve-2026-39823,usr/local/bin/grpc_health_probe,"1.25.10, 1.26.3",false,not_affected,vulnerable_code_not_in_execute_path
longhornio/longhorn-engine:v1.11.2,harvester/v1.8.2,stdlib,v1.25.9,gobinary,CVE-2026-39825,MEDIUM,https://avd.aquasec.com/nvd/cve-2026-39825,usr/local/bin/longhorn,"1.25.10, 1.26.3",false,not_affected,vulnerable_code_not_in_execute_path
longhornio/longhorn-engine:v1.11.2,harvester/v1.8.2,stdlib,v1.25.9,gobinary,CVE-2026-39825,MEDIUM,https://avd.aquasec.com/nvd/cve-2026-39825,usr/local/bin/longhorn-instance-manager,"1.25.10, 1.26.3",false,not_affected,vulnerable_code_not_in_execute_path
longhornio/longhorn-engine:v1.11.2,harvester/v1.8.2,stdlib,v1.26.2,gobinary,CVE-2026-39825,MEDIUM,https://avd.aquasec.com/nvd/cve-2026-39825,usr/local/bin/grpc_health_probe,"1.25.10, 1.26.3",false,not_affected,vulnerable_code_not_in_execute_path
longhornio/longhorn-engine:v1.11.2,harvester/v1.8.2,stdlib,v1.25.9,gobinary,CVE-2026-39826,MEDIUM,https://avd.aquasec.com/nvd/cve-2026-39826,usr/local/bin/longhorn,"1.25.10, 1.26.3",false,not_affected,vulnerable_code_not_in_execute_path
longhornio/longhorn-engine:v1.11.2,harvester/v1.8.2,stdlib,v1.25.9,gobinary,CVE-2026-39826,MEDIUM,https://avd.aquasec.com/nvd/cve-2026-39826,usr/local/bin/longhorn-instance-manager,"1.25.10, 1.26.3",false,not_affected,vulnerable_code_not_in_execute_path
longhornio/longhorn-engine:v1.11.2,harvester/v1.8.2,stdlib,v1.26.2,gobinary,CVE-2026-39826,MEDIUM,https://avd.aquasec.com/nvd/cve-2026-39826,usr/local/bin/grpc_health_probe,"1.25.10, 1.26.3",false,not_affected,vulnerable_code_not_in_execute_path
longhornio/longhorn-engine:v1.11.2,harvester/v1.8.2,stdlib,v1.25.9,gobinary,CVE-2026-39836,HIGH,https://avd.aquasec.com/nvd/cve-2026-39836,usr/local/bin/longhorn,"1.25.10, 1.26.3",false,not_affected,vulnerable_code_not_in_execute_path
longhornio/longhorn-engine:v1.11.2,harvester/v1.8.2,stdlib,v1.25.9,gobinary,CVE-2026-39836,HIGH,https://avd.aquasec.com/nvd/cve-2026-39836,usr/local/bin/longhorn-instance-manager,"1.25.10, 1.26.3",false,affected,
longhornio/longhorn-engine:v1.11.2,harvester/v1.8.2,stdlib,v1.26.2,gobinary,CVE-2026-39836,HIGH,https://avd.aquasec.com/nvd/cve-2026-39836,usr/local/bin/grpc_health_probe,"1.25.10, 1.26.3",false,not_affected,vulnerable_code_not_in_execute_path
longhornio/longhorn-engine:v1.11.2,harvester/v1.8.2,stdlib,v1.25.9,gobinary,CVE-2026-42499,HIGH,https://avd.aquasec.com/nvd/cve-2026-42499,usr/local/bin/longhorn,"1.25.10, 1.26.3",false,not_affected,vulnerable_code_not_present
longhornio/longhorn-engine:v1.11.2,harvester/v1.8.2,stdlib,v1.25.9,gobinary,CVE-2026-42499,HIGH,https://avd.aquasec.com/nvd/cve-2026-42499,usr/local/bin/longhorn-instance-manager,"1.25.10, 1.26.3",false,not_affected,vulnerable_code_not_present
longhornio/longhorn-engine:v1.11.2,harvester/v1.8.2,stdlib,v1.26.2,gobinary,CVE-2026-42499,HIGH,https://avd.aquasec.com/nvd/cve-2026-42499,usr/local/bin/grpc_health_probe,"1.25.10, 1.26.3",false,not_affected,vulnerable_code_not_present
longhornio/longhorn-engine:v1.11.2,harvester/v1.8.2,golang.org/x/net,v0.48.0,gobinary,CVE-2026-42502,MEDIUM,https://avd.aquasec.com/nvd/cve-2026-42502,usr/local/bin/grpc_health_probe,0.55.0,false,not_affected,vulnerable_code_not_present
longhornio/longhorn-engine:v1.11.2,harvester/v1.8.2,golang.org/x/net,v0.49.0,gobinary,CVE-2026-42502,MEDIUM,https://avd.aquasec.com/nvd/cve-2026-42502,usr/local/bin/longhorn,0.55.0,false,not_affected,vulnerable_code_not_present
longhornio/longhorn-engine:v1.11.2,harvester/v1.8.2,golang.org/x/net,v0.49.0,gobinary,CVE-2026-42502,MEDIUM,https://avd.aquasec.com/nvd/cve-2026-42502,usr/local/bin/longhorn-instance-manager,0.55.0,false,not_affected,vulnerable_code_not_present
longhornio/longhorn-engine:v1.11.2,harvester/v1.8.2,stdlib,v1.25.9,gobinary,CVE-2026-42504,HIGH,https://avd.aquasec.com/nvd/cve-2026-42504,usr/local/bin/longhorn,"1.25.11, 1.26.4",false,not_affected,vulnerable_code_not_in_execute_path
longhornio/longhorn-engine:v1.11.2,harvester/v1.8.2,stdlib,v1.25.9,gobinary,CVE-2026-42504,HIGH,https://avd.aquasec.com/nvd/cve-2026-42504,usr/local/bin/longhorn-instance-manager,"1.25.11, 1.26.4",false,not_affected,vulnerable_code_not_in_execute_path
longhornio/longhorn-engine:v1.11.2,harvester/v1.8.2,stdlib,v1.26.2,gobinary,CVE-2026-42504,HIGH,https://avd.aquasec.com/nvd/cve-2026-42504,usr/local/bin/grpc_health_probe,"1.25.11, 1.26.4",false,not_affected,vulnerable_code_not_in_execute_path
longhornio/longhorn-engine:v1.11.2,harvester/v1.8.2,stdlib,v1.26.2,gobinary,CVE-2026-42505,MEDIUM,https://avd.aquasec.com/nvd/cve-2026-42505,usr/local/bin/grpc_health_probe,"1.25.12, 1.26.5, 1.27.0-rc.2",false,not_affected,vulnerable_code_cannot_be_controlled_by_adversary
longhornio/longhorn-engine:v1.11.2,harvester/v1.8.2,golang.org/x/net,v0.48.0,gobinary,CVE-2026-42506,MEDIUM,https://avd.aquasec.com/nvd/cve-2026-42506,usr/local/bin/grpc_health_probe,0.55.0,false,not_affected,vulnerable_code_not_present
longhornio/longhorn-engine:v1.11.2,harvester/v1.8.2,golang.org/x/net,v0.49.0,gobinary,CVE-2026-42506,MEDIUM,https://avd.aquasec.com/nvd/cve-2026-42506,usr/local/bin/longhorn,0.55.0,false,not_affected,vulnerable_code_not_present
longhornio/longhorn-engine:v1.11.2,harvester/v1.8.2,golang.org/x/net,v0.49.0,gobinary,CVE-2026-42506,MEDIUM,https://avd.aquasec.com/nvd/cve-2026-42506,usr/local/bin/longhorn-instance-manager,0.55.0,false,not_affected,vulnerable_code_not_present
longhornio/longhorn-engine:v1.11.2,harvester/v1.8.2,stdlib,v1.26.2,gobinary,CVE-2026-42507,MEDIUM,https://avd.aquasec.com/nvd/cve-2026-42507,usr/local/bin/grpc_health_probe,"1.25.11, 1.26.4",false,not_affected,vulnerable_code_not_in_execute_path
longhornio/longhorn-engine:v1.11.2,harvester/v1.8.2,golang.org/x/net,v0.48.0,gobinary,CVE-2026-46600,HIGH,https://avd.aquasec.com/nvd/cve-2026-46600,usr/local/bin/grpc_health_probe,0.56.0,false,not_affected,vulnerable_code_not_present
longhornio/longhorn-engine:v1.11.2,harvester/v1.8.2,golang.org/x/net,v0.49.0,gobinary,CVE-2026-46600,HIGH,https://avd.aquasec.com/nvd/cve-2026-46600,usr/local/bin/longhorn,0.56.0,false,not_affected,vulnerable_code_not_present
longhornio/longhorn-engine:v1.11.2,harvester/v1.8.2,golang.org/x/net,v0.49.0,gobinary,CVE-2026-46600,HIGH,https://avd.aquasec.com/nvd/cve-2026-46600,usr/local/bin/longhorn-instance-manager,0.56.0,false,not_affected,vulnerable_code_not_present
longhornio/longhorn-engine:v1.11.2,harvester/v1.8.2,golang.org/x/text,v0.32.0,gobinary,CVE-2026-56852,HIGH,https://avd.aquasec.com/nvd/cve-2026-56852,usr/local/bin/grpc_health_probe,0.39.0,false,not_affected,vulnerable_code_not_in_execute_path
longhornio/longhorn-engine:v1.11.2,harvester/v1.8.2,google.golang.org/grpc,v1.79.3,gobinary,GHSA-hrxh-6v49-42gf,HIGH,https://github.com/advisories/GHSA-hrxh-6v49-42gf,usr/local/bin/grpc_health_probe,1.82.1,false,affected,
longhornio/longhorn-engine:v1.11.2,harvester/v1.8.2,google.golang.org/grpc,v1.79.3,gobinary,GHSA-hrxh-6v49-42gf,HIGH,https://github.com/advisories/GHSA-hrxh-6v49-42gf,usr/local/bin/longhorn,1.82.1,false,affected,
longhornio/longhorn-engine:v1.11.2,harvester/v1.8.2,google.golang.org/grpc,v1.79.3,gobinary,GHSA-hrxh-6v49-42gf,HIGH,https://github.com/advisories/GHSA-hrxh-6v49-42gf,usr/local/bin/longhorn-instance-manager,1.82.1,false,affected,
longhornio/longhorn-engine:v1.11.2,harvester/v1.8.2,libpython3_6m1_0,3.6.15-150300.10.109.1,sles,SUSE-SU-2026:1715-1,HIGH,,longhornio/longhorn-engine:v1.11.2 (sles 15.7),3.6.15-150300.10.118.1,false,not_affected,vulnerable_code_not_in_execute_path
longhornio/longhorn-engine:v1.11.2,harvester/v1.8.2,python3-base,3.6.15-150300.10.109.1,sles,SUSE-SU-2026:1715-1,HIGH,,longhornio/longhorn-engine:v1.11.2 (sles 15.7),3.6.15-150300.10.118.1,false,not_affected,vulnerable_code_not_in_execute_path
longhornio/longhorn-engine:v1.11.2,harvester/v1.8.2,sed,4.9-150600.1.4,sles,SUSE-SU-2026:1941-1,MEDIUM,,longhornio/longhorn-engine:v1.11.2 (sles 15.7),4.9-150600.3.3.1,false,not_affected,vulnerable_code_not_in_execute_path
longhornio/longhorn-engine:v1.11.2,harvester/v1.8.2,liblzma5,5.4.1-150600.3.3.1,sles,SUSE-SU-2026:2051-1,HIGH,,longhornio/longhorn-engine:v1.11.2 (sles 15.7),5.4.1-150600.3.6.1,false,not_affected,vulnerable_code_not_in_execute_path
longhornio/longhorn-engine:v1.11.2,harvester/v1.8.2,libldb2,4.21.10+git.449.dcced69e1b5-150700.3.19.1,sles,SUSE-SU-2026:2076-1,CRITICAL,,longhornio/longhorn-engine:v1.11.2 (sles 15.7),4.21.10+git.501.277ba349a01-150700.3.26.1,false,not_affected,vulnerable_code_not_in_execute_path
longhornio/longhorn-engine:v1.11.2,harvester/v1.8.2,samba-client-libs,4.21.10+git.449.dcced69e1b5-150700.3.19.1,sles,SUSE-SU-2026:2076-1,CRITICAL,,longhornio/longhorn-engine:v1.11.2 (sles 15.7),4.21.10+git.501.277ba349a01-150700.3.26.1,false,affected,
longhornio/longhorn-engine:v1.11.2,harvester/v1.8.2,libgnutls30,3.8.3-150600.4.17.1,sles,SUSE-SU-2026:2115-1,HIGH,,longhornio/longhorn-engine:v1.11.2 (sles 15.7),3.8.3-150600.4.20.1,false,affected,
longhornio/longhorn-engine:v1.11.2,harvester/v1.8.2,glibc,2.38-150600.14.46.1,sles,SUSE-SU-2026:2231-1,HIGH,,longhornio/longhorn-engine:v1.11.2 (sles 15.7),2.38-150600.14.49.1,false,affected,
longhornio/longhorn-engine:v1.11.2,harvester/v1.8.2,jq,1.6-150000.3.12.1,sles,SUSE-SU-2026:2283-1,MEDIUM,,longhornio/longhorn-engine:v1.11.2 (sles 15.7),1.6-150000.3.15.1,false,not_affected,vulnerable_code_not_in_execute_path
longhornio/longhorn-engine:v1.11.2,harvester/v1.8.2,qemu-img,9.2.4-150700.3.17.1,sles,SUSE-SU-2026:2385-1,HIGH,,longhornio/longhorn-engine:v1.11.2 (sles 15.7),9.2.4-150700.3.20.1,false,affected,
longhornio/longhorn-engine:v1.11.2,harvester/v1.8.2,qemu-pr-helper,9.2.4-150700.3.17.1,sles,SUSE-SU-2026:2385-1,HIGH,,longhornio/longhorn-engine:v1.11.2 (sles 15.7),9.2.4-150700.3.20.1,false,affected,
longhornio/longhorn-engine:v1.11.2,harvester/v1.8.2,qemu-tools,9.2.4-150700.3.17.1,sles,SUSE-SU-2026:2385-1,HIGH,,longhornio/longhorn-engine:v1.11.2 (sles 15.7),9.2.4-150700.3.20.1,false,affected,
longhornio/longhorn-engine:v1.11.2,harvester/v1.8.2,qemu-vmsr-helper,9.2.4-150700.3.17.1,sles,SUSE-SU-2026:2385-1,HIGH,,longhornio/longhorn-engine:v1.11.2 (sles 15.7),9.2.4-150700.3.20.1,false,not_affected,vulnerable_code_not_in_execute_path
longhornio/longhorn-engine:v1.11.2,harvester/v1.8.2,libopenssl1_1,1.1.1w-150700.11.16.1,sles,SUSE-SU-2026:2392-1,HIGH,,longhornio/longhorn-engine:v1.11.2 (sles 15.7),1.1.1w-150700.11.22.1,false,affected,
longhornio/longhorn-engine:v1.11.2,harvester/v1.8.2,libsqlite3-0,3.51.3-150000.3.39.1,sles,SUSE-SU-2026:2528-1,HIGH,,longhornio/longhorn-engine:v1.11.2 (sles 15.7),3.53.2-150000.3.42.1,false,not_affected,vulnerable_code_not_in_execute_path
longhornio/longhorn-engine:v1.11.2,harvester/v1.8.2,libsolv-tools-base,0.7.35-150700.11.5.2,sles,SUSE-SU-2026:2531-1,HIGH,,longhornio/longhorn-engine:v1.11.2 (sles 15.7),0.7.39-150700.11.10.1,false,affected,
longhornio/longhorn-engine:v1.11.2,harvester/v1.8.2,libzypp,17.37.18-150700.6.3.1,sles,SUSE-SU-2026:2531-1,HIGH,,longhornio/longhorn-engine:v1.11.2 (sles 15.7),17.38.13-150700.6.13.1,false,affected,
longhornio/longhorn-engine:v1.11.2,harvester/v1.8.2,zypper,1.14.94-150700.13.3.1,sles,SUSE-SU-2026:2531-1,HIGH,,longhornio/longhorn-engine:v1.11.2 (sles 15.7),1.14.98-150700.13.6.1,false,not_affected,vulnerable_code_not_in_execute_path
longhornio/longhorn-engine:v1.11.2,harvester/v1.8.2,libopenssl-3-fips-provider,3.2.3-150700.5.31.1,sles,SUSE-SU-2026:2648-1,HIGH,,longhornio/longhorn-engine:v1.11.2 (sles 15.7),3.2.3-150700.5.36.1,false,not_affected,vulnerable_code_not_in_execute_path
longhornio/longhorn-engine:v1.11.2,harvester/v1.8.2,libopenssl3,3.2.3-150700.5.31.1,sles,SUSE-SU-2026:2648-1,HIGH,,longhornio/longhorn-engine:v1.11.2 (sles 15.7),3.2.3-150700.5.36.1,false,affected,
longhornio/longhorn-engine:v1.11.2,harvester/v1.8.2,openssl-3,3.2.3-150700.5.31.1,sles,SUSE-SU-2026:2648-1,HIGH,,longhornio/longhorn-engine:v1.11.2 (sles 15.7),3.2.3-150700.5.36.1,false,affected,
longhornio/longhorn-engine:v1.11.2,harvester/v1.8.2,cifs-utils,6.15-150400.3.18.1,sles,SUSE-SU-2026:2699-1,HIGH,,longhornio/longhorn-engine:v1.11.2 (sles 15.7),6.15-150400.3.21.1,false,affected,
longhornio/longhorn-engine:v1.11.2,harvester/v1.8.2,tar,1.34-150000.3.37.1,sles,SUSE-SU-2026:2714-1,MEDIUM,,longhornio/longhorn-engine:v1.11.2 (sles 15.7),1.34-150000.3.42.1,false,not_affected,vulnerable_code_not_in_execute_path
longhornio/longhorn-engine:v1.11.2,harvester/v1.8.2,krb5,1.20.1-150600.11.14.1,sles,SUSE-SU-2026:2848-1,HIGH,,longhornio/longhorn-engine:v1.11.2 (sles 15.7),1.20.1-150600.11.19.1,false,affected,
longhornio/longhorn-engine:v1.11.2,harvester/v1.8.2,curl,8.14.1-150700.7.14.1,sles,SUSE-SU-2026:2925-1,HIGH,,longhornio/longhorn-engine:v1.11.2 (sles 15.7),8.14.1-150700.7.20.1,false,affected,
longhornio/longhorn-engine:v1.11.2,harvester/v1.8.2,libcurl4,8.14.1-150700.7.14.1,sles,SUSE-SU-2026:2925-1,HIGH,,longhornio/longhorn-engine:v1.11.2 (sles 15.7),8.14.1-150700.7.20.1,false,affected,
longhornio/longhorn-engine:v1.11.2,harvester/v1.8.2,jq,1.6-150000.3.12.1,sles,SUSE-SU-2026:2983-1,MEDIUM,,longhornio/longhorn-engine:v1.11.2 (sles 15.7),1.6-150000.3.20.1,false,not_affected,vulnerable_code_not_in_execute_path
longhornio/longhorn-engine:v1.11.2,harvester/v1.8.2,qemu-img,9.2.4-150700.3.17.1,sles,SUSE-SU-2026:3038-1,HIGH,,longhornio/longhorn-engine:v1.11.2 (sles 15.7),9.2.4-150700.3.23.1,false,affected,
longhornio/longhorn-engine:v1.11.2,harvester/v1.8.2,qemu-pr-helper,9.2.4-150700.3.17.1,sles,SUSE-SU-2026:3038-1,HIGH,,longhornio/longhorn-engine:v1.11.2 (sles 15.7),9.2.4-150700.3.23.1,false,affected,
longhornio/longhorn-engine:v1.11.2,harvester/v1.8.2,qemu-tools,9.2.4-150700.3.17.1,sles,SUSE-SU-2026:3038-1,HIGH,,longhornio/longhorn-engine:v1.11.2 (sles 15.7),9.2.4-150700.3.23.1,false,affected,
longhornio/longhorn-engine:v1.11.2,harvester/v1.8.2,qemu-vmsr-helper,9.2.4-150700.3.17.1,sles,SUSE-SU-2026:3038-1,HIGH,,longhornio/longhorn-engine:v1.11.2 (sles 15.7),9.2.4-150700.3.23.1,false,not_affected,vulnerable_code_not_in_execute_path
longhornio/longhorn-engine:v1.11.2,harvester/v1.8.2,libxml2-2,2.12.10-150700.4.11.1,sles,SUSE-SU-2026:3097-1,HIGH,,longhornio/longhorn-engine:v1.11.2 (sles 15.7),2.12.10-150700.4.14.1,false,affected,
longhornio/longhorn-engine:v1.11.2,harvester/v1.8.2,pam,1.3.0-150000.6.86.1,sles,SUSE-SU-2026:3163-1,MEDIUM,,longhornio/longhorn-engine:v1.11.2 (sles 15.7),1.3.0-150000.6.89.1,false,not_affected,vulnerable_code_not_in_execute_path
longhornio/longhorn-engine:v1.11.2,harvester/v1.8.2,systemd,254.27-150600.4.62.1,sles,SUSE-SU-2026:3244-1,MEDIUM,,longhornio/longhorn-engine:v1.11.2 (sles 15.7),254.27-150600.4.71.2,false,not_affected,vulnerable_code_not_in_execute_path
longhornio/longhorn-engine:v1.11.2,harvester/v1.8.2,gzip,1.10-150200.10.1,sles,SUSE-SU-2026:3269-1,HIGH,,longhornio/longhorn-engine:v1.11.2 (sles 15.7),1.10-150200.13.1,false,affected,
longhornio/longhorn-engine:v1.11.2,harvester/v1.8.2,libssh-config,0.9.8-150600.11.12.1,sles,SUSE-SU-2026:3330-1,MEDIUM,,longhornio/longhorn-engine:v1.11.2 (sles 15.7),0.9.8-150600.11.15.1,false,not_affected,vulnerable_code_not_in_execute_path
longhornio/longhorn-engine:v1.11.2,harvester/v1.8.2,libssh4,0.9.8-150600.11.12.1,sles,SUSE-SU-2026:3330-1,MEDIUM,,longhornio/longhorn-engine:v1.11.2 (sles 15.7),0.9.8-150600.11.15.1,false,not_affected,vulnerable_code_not_in_execute_path
longhornio/longhorn-engine:v1.11.2,harvester/v1.8.2,libglib-2_0-0,2.78.6-150600.4.35.1,sles,SUSE-SU-2026:3341-1,HIGH,,longhornio/longhorn-engine:v1.11.2 (sles 15.7),2.78.6-150600.4.38.1,false,not_affected,vulnerable_code_not_in_execute_path
longhornio/longhorn-engine:v1.11.2,harvester/v1.8.2,libgmodule-2_0-0,2.78.6-150600.4.35.1,sles,SUSE-SU-2026:3341-1,HIGH,,longhornio/longhorn-engine:v1.11.2 (sles 15.7),2.78.6-150600.4.38.1,false,affected,
longhornio/longhorn-engine:v1.11.2,harvester/v1.8.2,libldb2,4.21.10+git.449.dcced69e1b5-150700.3.19.1,sles,SUSE-SU-2026:3363-1,HIGH,,longhornio/longhorn-engine:v1.11.2 (sles 15.7),4.21.10+git.533.31d7e5508d-150700.3.29.1,false,not_affected,vulnerable_code_not_in_execute_path
longhornio/longhorn-engine:v1.11.2,harvester/v1.8.2,samba-client-libs,4.21.10+git.449.dcced69e1b5-150700.3.19.1,sles,SUSE-SU-2026:3363-1,HIGH,,longhornio/longhorn-engine:v1.11.2 (sles 15.7),4.21.10+git.533.31d7e5508d-150700.3.29.1,false,affected,
longhornio/longhorn-engine:v1.11.2,harvester/v1.8.2,perl-base,5.26.1-150300.17.20.1,sles,SUSE-SU-2026:3558-1,HIGH,,longhornio/longhorn-engine:v1.11.2 (sles 15.7),5.26.1-150300.17.23.1,false,affected,
longhornio/longhorn-engine:v1.11.2,harvester/v1.8.2,rpm-ndb,4.14.3-150400.59.16.1,sles,SUSE-SU-2026:3600-1,HIGH,,longhornio/longhorn-engine:v1.11.2 (sles 15.7),4.14.3-150400.59.19.1,false,affected,
longhornio/longhorn-instance-manager:v1.11.2,harvester/v1.8.2,golang.org/x/net,v0.48.0,gobinary,CVE-2026-25680,MEDIUM,https://avd.aquasec.com/nvd/cve-2026-25680,usr/local/bin/grpc_health_probe,0.55.0,false,not_affected,vulnerable_code_not_present
longhornio/longhorn-instance-manager:v1.11.2,harvester/v1.8.2,golang.org/x/net,v0.49.0,gobinary,CVE-2026-25680,MEDIUM,https://avd.aquasec.com/nvd/cve-2026-25680,usr/local/bin/longhorn-instance-manager,0.55.0,false,not_affected,vulnerable_code_not_present
longhornio/longhorn-instance-manager:v1.11.2,harvester/v1.8.2,golang.org/x/net,v0.48.0,gobinary,CVE-2026-25681,HIGH,https://avd.aquasec.com/nvd/cve-2026-25681,usr/local/bin/grpc_health_probe,0.55.0,false,not_affected,vulnerable_code_not_present
longhornio/longhorn-instance-manager:v1.11.2,harvester/v1.8.2,golang.org/x/net,v0.49.0,gobinary,CVE-2026-25681,HIGH,https://avd.aquasec.com/nvd/cve-2026-25681,usr/local/bin/longhorn-instance-manager,0.55.0,false,not_affected,vulnerable_code_not_present
longhornio/longhorn-instance-manager:v1.11.2,harvester/v1.8.2,golang.org/x/net,v0.48.0,gobinary,CVE-2026-27136,HIGH,https://avd.aquasec.com/nvd/cve-2026-27136,usr/local/bin/grpc_health_probe,0.55.0,false,not_affected,vulnerable_code_not_present
longhornio/longhorn-instance-manager:v1.11.2,harvester/v1.8.2,golang.org/x/net,v0.49.0,gobinary,CVE-2026-27136,HIGH,https://avd.aquasec.com/nvd/cve-2026-27136,usr/local/bin/longhorn-instance-manager,0.55.0,false,not_affected,vulnerable_code_not_present
longhornio/longhorn-instance-manager:v1.11.2,harvester/v1.8.2,stdlib,v1.25.9,gobinary,CVE-2026-27145,HIGH,https://avd.aquasec.com/nvd/cve-2026-27145,usr/local/bin/go-spdk-helper,"1.25.11, 1.26.4",false,not_affected,vulnerable_code_not_in_execute_path
longhornio/longhorn-instance-manager:v1.11.2,harvester/v1.8.2,stdlib,v1.26.2,gobinary,CVE-2026-27145,HIGH,https://avd.aquasec.com/nvd/cve-2026-27145,usr/local/bin/grpc_health_probe,"1.25.11, 1.26.4",false,not_affected,vulnerable_code_not_in_execute_path
longhornio/longhorn-instance-manager:v1.11.2,harvester/v1.8.2,stdlib,v1.25.9,gobinary,CVE-2026-33811,HIGH,https://avd.aquasec.com/nvd/cve-2026-33811,usr/local/bin/go-spdk-helper,"1.25.10, 1.26.3",false,not_affected,vulnerable_code_not_in_execute_path
longhornio/longhorn-instance-manager:v1.11.2,harvester/v1.8.2,stdlib,v1.25.9,gobinary,CVE-2026-33811,HIGH,https://avd.aquasec.com/nvd/cve-2026-33811,usr/local/bin/longhorn-instance-manager,"1.25.10, 1.26.3",false,not_affected,vulnerable_code_not_in_execute_path
longhornio/longhorn-instance-manager:v1.11.2,harvester/v1.8.2,stdlib,v1.26.2,gobinary,CVE-2026-33811,HIGH,https://avd.aquasec.com/nvd/cve-2026-33811,usr/local/bin/grpc_health_probe,"1.25.10, 1.26.3",false,not_affected,vulnerable_code_not_in_execute_path
longhornio/longhorn-instance-manager:v1.11.2,harvester/v1.8.2,golang.org/x/net,v0.48.0,gobinary,CVE-2026-33814,HIGH,https://avd.aquasec.com/nvd/cve-2026-33814,usr/local/bin/grpc_health_probe,0.53.0,false,not_affected,vulnerable_code_not_in_execute_path
longhornio/longhorn-instance-manager:v1.11.2,harvester/v1.8.2,golang.org/x/net,v0.49.0,gobinary,CVE-2026-33814,HIGH,https://avd.aquasec.com/nvd/cve-2026-33814,usr/local/bin/longhorn-instance-manager,0.53.0,false,affected,
longhornio/longhorn-instance-manager:v1.11.2,harvester/v1.8.2,stdlib,v1.25.9,gobinary,CVE-2026-33814,HIGH,https://avd.aquasec.com/nvd/cve-2026-33814,usr/local/bin/go-spdk-helper,"1.25.10, 1.26.3",false,not_affected,vulnerable_code_not_in_execute_path
longhornio/longhorn-instance-manager:v1.11.2,harvester/v1.8.2,stdlib,v1.25.9,gobinary,CVE-2026-33814,HIGH,https://avd.aquasec.com/nvd/cve-2026-33814,usr/local/bin/longhorn-instance-manager,"1.25.10, 1.26.3",false,not_affected,vulnerable_code_not_in_execute_path
longhornio/longhorn-instance-manager:v1.11.2,harvester/v1.8.2,stdlib,v1.26.2,gobinary,CVE-2026-33814,HIGH,https://avd.aquasec.com/nvd/cve-2026-33814,usr/local/bin/grpc_health_probe,"1.25.10, 1.26.3",false,not_affected,vulnerable_code_not_in_execute_path
longhornio/longhorn-instance-manager:v1.11.2,harvester/v1.8.2,stdlib,v1.25.9,gobinary,CVE-2026-39820,HIGH,https://avd.aquasec.com/nvd/cve-2026-39820,usr/local/bin/go-spdk-helper,"1.25.10, 1.26.3",false,not_affected,vulnerable_code_not_present
longhornio/longhorn-instance-manager:v1.11.2,harvester/v1.8.2,stdlib,v1.25.9,gobinary,CVE-2026-39820,HIGH,https://avd.aquasec.com/nvd/cve-2026-39820,usr/local/bin/longhorn-instance-manager,"1.25.10, 1.26.3",false,not_affected,vulnerable_code_not_present
longhornio/longhorn-instance-manager:v1.11.2,harvester/v1.8.2,stdlib,v1.26.2,gobinary,CVE-2026-39820,HIGH,https://avd.aquasec.com/nvd/cve-2026-39820,usr/local/bin/grpc_health_probe,"1.25.10, 1.26.3",false,not_affected,vulnerable_code_not_present
longhornio/longhorn-instance-manager:v1.11.2,harvester/v1.8.2,golang.org/x/net,v0.48.0,gobinary,CVE-2026-39821,HIGH,https://avd.aquasec.com/nvd/cve-2026-39821,usr/local/bin/grpc_health_probe,0.55.0,false,not_affected,vulnerable_code_not_in_execute_path
longhornio/longhorn-instance-manager:v1.11.2,harvester/v1.8.2,golang.org/x/net,v0.49.0,gobinary,CVE-2026-39821,HIGH,https://avd.aquasec.com/nvd/cve-2026-39821,usr/local/bin/longhorn-instance-manager,0.55.0,false,affected,
longhornio/longhorn-instance-manager:v1.11.2,harvester/v1.8.2,stdlib,v1.25.9,gobinary,CVE-2026-39822,HIGH,https://avd.aquasec.com/nvd/cve-2026-39822,usr/local/bin/go-spdk-helper,"1.25.12, 1.26.5, 1.27.0-rc.2",false,not_affected,vulnerable_code_not_in_execute_path
longhornio/longhorn-instance-manager:v1.11.2,harvester/v1.8.2,stdlib,v1.25.9,gobinary,CVE-2026-39822,HIGH,https://avd.aquasec.com/nvd/cve-2026-39822,usr/local/bin/longhorn-instance-manager,"1.25.12, 1.26.5, 1.27.0-rc.2",false,not_affected,vulnerable_code_not_in_execute_path
longhornio/longhorn-instance-manager:v1.11.2,harvester/v1.8.2,stdlib,v1.26.2,gobinary,CVE-2026-39822,HIGH,https://avd.aquasec.com/nvd/cve-2026-39822,usr/local/bin/grpc_health_probe,"1.25.12, 1.26.5, 1.27.0-rc.2",false,not_affected,vulnerable_code_not_in_execute_path
longhornio/longhorn-instance-manager:v1.11.2,harvester/v1.8.2,stdlib,v1.25.9,gobinary,CVE-2026-39823,MEDIUM,https://avd.aquasec.com/nvd/cve-2026-39823,usr/local/bin/go-spdk-helper,"1.25.10, 1.26.3",false,not_affected,vulnerable_code_not_present
longhornio/longhorn-instance-manager:v1.11.2,harvester/v1.8.2,stdlib,v1.25.9,gobinary,CVE-2026-39823,MEDIUM,https://avd.aquasec.com/nvd/cve-2026-39823,usr/local/bin/longhorn-instance-manager,"1.25.10, 1.26.3",false,not_affected,vulnerable_code_not_in_execute_path
longhornio/longhorn-instance-manager:v1.11.2,harvester/v1.8.2,stdlib,v1.26.2,gobinary,CVE-2026-39823,MEDIUM,https://avd.aquasec.com/nvd/cve-2026-39823,usr/local/bin/grpc_health_probe,"1.25.10, 1.26.3",false,not_affected,vulnerable_code_not_in_execute_path
longhornio/longhorn-instance-manager:v1.11.2,harvester/v1.8.2,stdlib,v1.25.9,gobinary,CVE-2026-39825,MEDIUM,https://avd.aquasec.com/nvd/cve-2026-39825,usr/local/bin/go-spdk-helper,"1.25.10, 1.26.3",false,not_affected,vulnerable_code_not_in_execute_path
longhornio/longhorn-instance-manager:v1.11.2,harvester/v1.8.2,stdlib,v1.25.9,gobinary,CVE-2026-39825,MEDIUM,https://avd.aquasec.com/nvd/cve-2026-39825,usr/local/bin/longhorn-instance-manager,"1.25.10, 1.26.3",false,not_affected,vulnerable_code_not_in_execute_path
longhornio/longhorn-instance-manager:v1.11.2,harvester/v1.8.2,stdlib,v1.26.2,gobinary,CVE-2026-39825,MEDIUM,https://avd.aquasec.com/nvd/cve-2026-39825,usr/local/bin/grpc_health_probe,"1.25.10, 1.26.3",false,not_affected,vulnerable_code_not_in_execute_path
longhornio/longhorn-instance-manager:v1.11.2,harvester/v1.8.2,stdlib,v1.25.9,gobinary,CVE-2026-39826,MEDIUM,https://avd.aquasec.com/nvd/cve-2026-39826,usr/local/bin/go-spdk-helper,"1.25.10, 1.26.3",false,not_affected,vulnerable_code_not_present
longhornio/longhorn-instance-manager:v1.11.2,harvester/v1.8.2,stdlib,v1.25.9,gobinary,CVE-2026-39826,MEDIUM,https://avd.aquasec.com/nvd/cve-2026-39826,usr/local/bin/longhorn-instance-manager,"1.25.10, 1.26.3",false,not_affected,vulnerable_code_not_in_execute_path
longhornio/longhorn-instance-manager:v1.11.2,harvester/v1.8.2,stdlib,v1.26.2,gobinary,CVE-2026-39826,MEDIUM,https://avd.aquasec.com/nvd/cve-2026-39826,usr/local/bin/grpc_health_probe,"1.25.10, 1.26.3",false,not_affected,vulnerable_code_not_in_execute_path
longhornio/longhorn-instance-manager:v1.11.2,harvester/v1.8.2,stdlib,v1.25.9,gobinary,CVE-2026-39836,HIGH,https://avd.aquasec.com/nvd/cve-2026-39836,usr/local/bin/go-spdk-helper,"1.25.10, 1.26.3",false,not_affected,vulnerable_code_not_in_execute_path
longhornio/longhorn-instance-manager:v1.11.2,harvester/v1.8.2,stdlib,v1.25.9,gobinary,CVE-2026-39836,HIGH,https://avd.aquasec.com/nvd/cve-2026-39836,usr/local/bin/longhorn-instance-manager,"1.25.10, 1.26.3",false,affected,
longhornio/longhorn-instance-manager:v1.11.2,harvester/v1.8.2,stdlib,v1.26.2,gobinary,CVE-2026-39836,HIGH,https://avd.aquasec.com/nvd/cve-2026-39836,usr/local/bin/grpc_health_probe,"1.25.10, 1.26.3",false,not_affected,vulnerable_code_not_in_execute_path
longhornio/longhorn-instance-manager:v1.11.2,harvester/v1.8.2,stdlib,v1.25.9,gobinary,CVE-2026-42499,HIGH,https://avd.aquasec.com/nvd/cve-2026-42499,usr/local/bin/go-spdk-helper,"1.25.10, 1.26.3",false,not_affected,vulnerable_code_not_present
longhornio/longhorn-instance-manager:v1.11.2,harvester/v1.8.2,stdlib,v1.25.9,gobinary,CVE-2026-42499,HIGH,https://avd.aquasec.com/nvd/cve-2026-42499,usr/local/bin/longhorn-instance-manager,"1.25.10, 1.26.3",false,not_affected,vulnerable_code_not_present
longhornio/longhorn-instance-manager:v1.11.2,harvester/v1.8.2,stdlib,v1.26.2,gobinary,CVE-2026-42499,HIGH,https://avd.aquasec.com/nvd/cve-2026-42499,usr/local/bin/grpc_health_probe,"1.25.10, 1.26.3",false,not_affected,vulnerable_code_not_present
longhornio/longhorn-instance-manager:v1.11.2,harvester/v1.8.2,golang.org/x/net,v0.48.0,gobinary,CVE-2026-42502,MEDIUM,https://avd.aquasec.com/nvd/cve-2026-42502,usr/local/bin/grpc_health_probe,0.55.0,false,not_affected,vulnerable_code_not_present
longhornio/longhorn-instance-manager:v1.11.2,harvester/v1.8.2,golang.org/x/net,v0.49.0,gobinary,CVE-2026-42502,MEDIUM,https://avd.aquasec.com/nvd/cve-2026-42502,usr/local/bin/longhorn-instance-manager,0.55.0,false,not_affected,vulnerable_code_not_present
longhornio/longhorn-instance-manager:v1.11.2,harvester/v1.8.2,stdlib,v1.25.9,gobinary,CVE-2026-42504,HIGH,https://avd.aquasec.com/nvd/cve-2026-42504,usr/local/bin/go-spdk-helper,"1.25.11, 1.26.4",false,not_affected,vulnerable_code_not_in_execute_path
longhornio/longhorn-instance-manager:v1.11.2,harvester/v1.8.2,stdlib,v1.25.9,gobinary,CVE-2026-42504,HIGH,https://avd.aquasec.com/nvd/cve-2026-42504,usr/local/bin/longhorn-instance-manager,"1.25.11, 1.26.4",false,not_affected,vulnerable_code_not_in_execute_path
longhornio/longhorn-instance-manager:v1.11.2,harvester/v1.8.2,stdlib,v1.26.2,gobinary,CVE-2026-42504,HIGH,https://avd.aquasec.com/nvd/cve-2026-42504,usr/local/bin/grpc_health_probe,"1.25.11, 1.26.4",false,not_affected,vulnerable_code_not_in_execute_path
longhornio/longhorn-instance-manager:v1.11.2,harvester/v1.8.2,stdlib,v1.25.9,gobinary,CVE-2026-42505,MEDIUM,https://avd.aquasec.com/nvd/cve-2026-42505,usr/local/bin/go-spdk-helper,"1.25.12, 1.26.5, 1.27.0-rc.2",false,not_affected,vulnerable_code_not_in_execute_path
longhornio/longhorn-instance-manager:v1.11.2,harvester/v1.8.2,stdlib,v1.26.2,gobinary,CVE-2026-42505,MEDIUM,https://avd.aquasec.com/nvd/cve-2026-42505,usr/local/bin/grpc_health_probe,"1.25.12, 1.26.5, 1.27.0-rc.2",false,not_affected,vulnerable_code_cannot_be_controlled_by_adversary
longhornio/longhorn-instance-manager:v1.11.2,harvester/v1.8.2,golang.org/x/net,v0.48.0,gobinary,CVE-2026-42506,MEDIUM,https://avd.aquasec.com/nvd/cve-2026-42506,usr/local/bin/grpc_health_probe,0.55.0,false,not_affected,vulnerable_code_not_present
longhornio/longhorn-instance-manager:v1.11.2,harvester/v1.8.2,golang.org/x/net,v0.49.0,gobinary,CVE-2026-42506,MEDIUM,https://avd.aquasec.com/nvd/cve-2026-42506,usr/local/bin/longhorn-instance-manager,0.55.0,false,not_affected,vulnerable_code_not_present
longhornio/longhorn-instance-manager:v1.11.2,harvester/v1.8.2,stdlib,v1.25.9,gobinary,CVE-2026-42507,MEDIUM,https://avd.aquasec.com/nvd/cve-2026-42507,usr/local/bin/go-spdk-helper,"1.25.11, 1.26.4",false,not_affected,vulnerable_code_not_present
longhornio/longhorn-instance-manager:v1.11.2,harvester/v1.8.2,stdlib,v1.26.2,gobinary,CVE-2026-42507,MEDIUM,https://avd.aquasec.com/nvd/cve-2026-42507,usr/local/bin/grpc_health_probe,"1.25.11, 1.26.4",false,not_affected,vulnerable_code_not_in_execute_path
longhornio/longhorn-instance-manager:v1.11.2,harvester/v1.8.2,golang.org/x/net,v0.48.0,gobinary,CVE-2026-46600,HIGH,https://avd.aquasec.com/nvd/cve-2026-46600,usr/local/bin/grpc_health_probe,0.56.0,false,not_affected,vulnerable_code_not_present
longhornio/longhorn-instance-manager:v1.11.2,harvester/v1.8.2,golang.org/x/net,v0.49.0,gobinary,CVE-2026-46600,HIGH,https://avd.aquasec.com/nvd/cve-2026-46600,usr/local/bin/longhorn-instance-manager,0.56.0,false,not_affected,vulnerable_code_not_present
longhornio/longhorn-instance-manager:v1.11.2,harvester/v1.8.2,golang.org/x/text,v0.32.0,gobinary,CVE-2026-56852,HIGH,https://avd.aquasec.com/nvd/cve-2026-56852,usr/local/bin/grpc_health_probe,0.39.0,false,not_affected,vulnerable_code_not_in_execute_path
longhornio/longhorn-instance-manager:v1.11.2,harvester/v1.8.2,cryptography,47.0.0,python-pkg,CVE-2026-69247,HIGH,https://avd.aquasec.com/nvd/cve-2026-69247,Python,50.0.0,false,affected,
longhornio/longhorn-instance-manager:v1.11.2,harvester/v1.8.2,cryptography,47.0.0,python-pkg,CVE-2026-69249,HIGH,https://avd.aquasec.com/nvd/cve-2026-69249,Python,49.0.0,false,affected,
longhornio/longhorn-instance-manager:v1.11.2,harvester/v1.8.2,cryptography,47.0.0,python-pkg,GHSA-537c-gmf6-5ccf,HIGH,https://github.com/advisories/GHSA-537c-gmf6-5ccf,Python,48.0.1,false,affected,
longhornio/longhorn-instance-manager:v1.11.2,harvester/v1.8.2,google.golang.org/grpc,v1.79.3,gobinary,GHSA-hrxh-6v49-42gf,HIGH,https://github.com/advisories/GHSA-hrxh-6v49-42gf,usr/local/bin/grpc_health_probe,1.82.1,false,affected,
longhornio/longhorn-instance-manager:v1.11.2,harvester/v1.8.2,google.golang.org/grpc,v1.79.3,gobinary,GHSA-hrxh-6v49-42gf,HIGH,https://github.com/advisories/GHSA-hrxh-6v49-42gf,usr/local/bin/longhorn-instance-manager,1.82.1,false,affected,
longhornio/longhorn-instance-manager:v1.11.2,harvester/v1.8.2,libpython3_6m1_0,3.6.15-150300.10.109.1,sles,SUSE-SU-2026:1715-1,HIGH,,longhornio/longhorn-instance-manager:v1.11.2 (sles 15.7),3.6.15-150300.10.118.1,false,not_affected,vulnerable_code_not_in_execute_path
longhornio/longhorn-instance-manager:v1.11.2,harvester/v1.8.2,python3-base,3.6.15-150300.10.109.1,sles,SUSE-SU-2026:1715-1,HIGH,,longhornio/longhorn-instance-manager:v1.11.2 (sles 15.7),3.6.15-150300.10.118.1,false,not_affected,vulnerable_code_not_in_execute_path
longhornio/longhorn-instance-manager:v1.11.2,harvester/v1.8.2,sed,4.9-150600.1.4,sles,SUSE-SU-2026:1941-1,MEDIUM,,longhornio/longhorn-instance-manager:v1.11.2 (sles 15.7),4.9-150600.3.3.1,false,not_affected,vulnerable_code_not_in_execute_path
longhornio/longhorn-instance-manager:v1.11.2,harvester/v1.8.2,liblzma5,5.4.1-150600.3.3.1,sles,SUSE-SU-2026:2051-1,HIGH,,longhornio/longhorn-instance-manager:v1.11.2 (sles 15.7),5.4.1-150600.3.6.1,false,not_affected,vulnerable_code_not_in_execute_path
longhornio/longhorn-instance-manager:v1.11.2,harvester/v1.8.2,xz,5.4.1-150600.3.3.1,sles,SUSE-SU-2026:2051-1,HIGH,,longhornio/longhorn-instance-manager:v1.11.2 (sles 15.7),5.4.1-150600.3.6.1,false,not_affected,vulnerable_code_not_in_execute_path
longhornio/longhorn-instance-manager:v1.11.2,harvester/v1.8.2,libldb2,4.21.10+git.449.dcced69e1b5-150700.3.19.1,sles,SUSE-SU-2026:2076-1,CRITICAL,,longhornio/longhorn-instance-manager:v1.11.2 (sles 15.7),4.21.10+git.501.277ba349a01-150700.3.26.1,false,not_affected,vulnerable_code_not_in_execute_path
longhornio/longhorn-instance-manager:v1.11.2,harvester/v1.8.2,samba-client-libs,4.21.10+git.449.dcced69e1b5-150700.3.19.1,sles,SUSE-SU-2026:2076-1,CRITICAL,,longhornio/longhorn-instance-manager:v1.11.2 (sles 15.7),4.21.10+git.501.277ba349a01-150700.3.26.1,false,affected,
longhornio/longhorn-instance-manager:v1.11.2,harvester/v1.8.2,libgnutls30,3.8.3-150600.4.17.1,sles,SUSE-SU-2026:2115-1,HIGH,,longhornio/longhorn-instance-manager:v1.11.2 (sles 15.7),3.8.3-150600.4.20.1,false,affected,
longhornio/longhorn-instance-manager:v1.11.2,harvester/v1.8.2,glibc,2.38-150600.14.46.1,sles,SUSE-SU-2026:2231-1,HIGH,,longhornio/longhorn-instance-manager:v1.11.2 (sles 15.7),2.38-150600.14.49.1,false,affected,
longhornio/longhorn-instance-manager:v1.11.2,harvester/v1.8.2,glibc-devel,2.38-150600.14.46.1,sles,SUSE-SU-2026:2231-1,HIGH,,longhornio/longhorn-instance-manager:v1.11.2 (sles 15.7),2.38-150600.14.49.1,false,not_affected,vulnerable_code_not_in_execute_path
longhornio/longhorn-instance-manager:v1.11.2,harvester/v1.8.2,jq,1.6-150000.3.12.1,sles,SUSE-SU-2026:2283-1,MEDIUM,,longhornio/longhorn-instance-manager:v1.11.2 (sles 15.7),1.6-150000.3.15.1,false,not_affected,vulnerable_code_not_in_execute_path
longhornio/longhorn-instance-manager:v1.11.2,harvester/v1.8.2,libjq1,1.6-150000.3.12.1,sles,SUSE-SU-2026:2283-1,MEDIUM,,longhornio/longhorn-instance-manager:v1.11.2 (sles 15.7),1.6-150000.3.15.1,false,not_affected,vulnerable_code_not_in_execute_path
longhornio/longhorn-instance-manager:v1.11.2,harvester/v1.8.2,libavahi-client3,0.8-150600.15.15.1,sles,SUSE-SU-2026:2297-1,MEDIUM,,longhornio/longhorn-instance-manager:v1.11.2 (sles 15.7),0.8-150600.15.18.1,false,not_affected,vulnerable_code_not_in_execute_path
longhornio/longhorn-instance-manager:v1.11.2,harvester/v1.8.2,python311-base,3.11.15-150600.3.53.1,sles,SUSE-SU-2026:2298-1,MEDIUM,,longhornio/longhorn-instance-manager:v1.11.2 (sles 15.7),3.11.15-150600.3.56.1,false,not_affected,vulnerable_code_not_in_execute_path
longhornio/longhorn-instance-manager:v1.11.2,harvester/v1.8.2,qemu-img,9.2.4-150700.3.17.1,sles,SUSE-SU-2026:2385-1,HIGH,,longhornio/longhorn-instance-manager:v1.11.2 (sles 15.7),9.2.4-150700.3.20.1,false,affected,
longhornio/longhorn-instance-manager:v1.11.2,harvester/v1.8.2,qemu-pr-helper,9.2.4-150700.3.17.1,sles,SUSE-SU-2026:2385-1,HIGH,,longhornio/longhorn-instance-manager:v1.11.2 (sles 15.7),9.2.4-150700.3.20.1,false,affected,
longhornio/longhorn-instance-manager:v1.11.2,harvester/v1.8.2,qemu-tools,9.2.4-150700.3.17.1,sles,SUSE-SU-2026:2385-1,HIGH,,longhornio/longhorn-instance-manager:v1.11.2 (sles 15.7),9.2.4-150700.3.20.1,false,affected,
longhornio/longhorn-instance-manager:v1.11.2,harvester/v1.8.2,qemu-vmsr-helper,9.2.4-150700.3.17.1,sles,SUSE-SU-2026:2385-1,HIGH,,longhornio/longhorn-instance-manager:v1.11.2 (sles 15.7),9.2.4-150700.3.20.1,false,not_affected,vulnerable_code_not_in_execute_path
longhornio/longhorn-instance-manager:v1.11.2,harvester/v1.8.2,libopenssl1_1,1.1.1w-150700.11.16.1,sles,SUSE-SU-2026:2392-1,HIGH,,longhornio/longhorn-instance-manager:v1.11.2 (sles 15.7),1.1.1w-150700.11.22.1,false,not_affected,vulnerable_code_not_in_execute_path
longhornio/longhorn-instance-manager:v1.11.2,harvester/v1.8.2,libsmartcols1,2.40.4-150700.4.10.1,sles,SUSE-SU-2026:2485-1,MEDIUM,,longhornio/longhorn-instance-manager:v1.11.2 (sles 15.7),2.40.4-150700.4.13.1,false,not_affected,vulnerable_code_not_in_execute_path
longhornio/longhorn-instance-manager:v1.11.2,harvester/v1.8.2,libuuid-devel,2.40.4-150700.4.10.1,sles,SUSE-SU-2026:2485-1,MEDIUM,,longhornio/longhorn-instance-manager:v1.11.2 (sles 15.7),2.40.4-150700.4.13.1,false,not_affected,vulnerable_code_not_in_execute_path
longhornio/longhorn-instance-manager:v1.11.2,harvester/v1.8.2,libarchive13,3.7.2-150600.3.17.1,sles,SUSE-SU-2026:2490-1,HIGH,,longhornio/longhorn-instance-manager:v1.11.2 (sles 15.7),3.7.2-150600.3.20.1,false,affected,
longhornio/longhorn-instance-manager:v1.11.2,harvester/v1.8.2,libsqlite3-0,3.51.3-150000.3.39.1,sles,SUSE-SU-2026:2528-1,HIGH,,longhornio/longhorn-instance-manager:v1.11.2 (sles 15.7),3.53.2-150000.3.42.1,false,affected,
longhornio/longhorn-instance-manager:v1.11.2,harvester/v1.8.2,libsolv-tools-base,0.7.35-150700.11.5.2,sles,SUSE-SU-2026:2531-1,HIGH,,longhornio/longhorn-instance-manager:v1.11.2 (sles 15.7),0.7.39-150700.11.10.1,false,affected,
longhornio/longhorn-instance-manager:v1.11.2,harvester/v1.8.2,libzypp,17.37.18-150700.6.3.1,sles,SUSE-SU-2026:2531-1,HIGH,,longhornio/longhorn-instance-manager:v1.11.2 (sles 15.7),17.38.13-150700.6.13.1,false,affected,
longhornio/longhorn-instance-manager:v1.11.2,harvester/v1.8.2,zypper,1.14.94-150700.13.3.1,sles,SUSE-SU-2026:2531-1,HIGH,,longhornio/longhorn-instance-manager:v1.11.2 (sles 15.7),1.14.98-150700.13.6.1,false,affected,
longhornio/longhorn-instance-manager:v1.11.2,harvester/v1.8.2,libopenssl-3-devel,3.2.3-150700.5.31.1,sles,SUSE-SU-2026:2648-1,HIGH,,longhornio/longhorn-instance-manager:v1.11.2 (sles 15.7),3.2.3-150700.5.36.1,false,not_affected,vulnerable_code_not_in_execute_path
longhornio/longhorn-instance-manager:v1.11.2,harvester/v1.8.2,libopenssl-3-fips-provider,3.2.3-150700.5.31.1,sles,SUSE-SU-2026:2648-1,HIGH,,longhornio/longhorn-instance-manager:v1.11.2 (sles 15.7),3.2.3-150700.5.36.1,false,affected,
longhornio/longhorn-instance-manager:v1.11.2,harvester/v1.8.2,libopenssl3,3.2.3-150700.5.31.1,sles,SUSE-SU-2026:2648-1,HIGH,,longhornio/longhorn-instance-manager:v1.11.2 (sles 15.7),3.2.3-150700.5.36.1,false,affected,
longhornio/longhorn-instance-manager:v1.11.2,harvester/v1.8.2,openssl-3,3.2.3-150700.5.31.1,sles,SUSE-SU-2026:2648-1,HIGH,,longhornio/longhorn-instance-manager:v1.11.2 (sles 15.7),3.2.3-150700.5.36.1,false,affected,
longhornio/longhorn-instance-manager:v1.11.2,harvester/v1.8.2,cifs-utils,6.15-150400.3.18.1,sles,SUSE-SU-2026:2699-1,HIGH,,longhornio/longhorn-instance-manager:v1.11.2 (sles 15.7),6.15-150400.3.21.1,false,affected,
longhornio/longhorn-instance-manager:v1.11.2,harvester/v1.8.2,tar,1.34-150000.3.37.1,sles,SUSE-SU-2026:2714-1,MEDIUM,,longhornio/longhorn-instance-manager:v1.11.2 (sles 15.7),1.34-150000.3.42.1,false,not_affected,vulnerable_code_not_in_execute_path
longhornio/longhorn-instance-manager:v1.11.2,harvester/v1.8.2,krb5,1.20.1-150600.11.14.1,sles,SUSE-SU-2026:2848-1,HIGH,,longhornio/longhorn-instance-manager:v1.11.2 (sles 15.7),1.20.1-150600.11.19.1,false,not_affected,vulnerable_code_not_in_execute_path
longhornio/longhorn-instance-manager:v1.11.2,harvester/v1.8.2,curl,8.14.1-150700.7.14.1,sles,SUSE-SU-2026:2925-1,HIGH,,longhornio/longhorn-instance-manager:v1.11.2 (sles 15.7),8.14.1-150700.7.20.1,false,affected,
longhornio/longhorn-instance-manager:v1.11.2,harvester/v1.8.2,libcurl4,8.14.1-150700.7.14.1,sles,SUSE-SU-2026:2925-1,HIGH,,longhornio/longhorn-instance-manager:v1.11.2 (sles 15.7),8.14.1-150700.7.20.1,false,affected,
longhornio/longhorn-instance-manager:v1.11.2,harvester/v1.8.2,jq,1.6-150000.3.12.1,sles,SUSE-SU-2026:2983-1,MEDIUM,,longhornio/longhorn-instance-manager:v1.11.2 (sles 15.7),1.6-150000.3.20.1,false,not_affected,vulnerable_code_not_in_execute_path
longhornio/longhorn-instance-manager:v1.11.2,harvester/v1.8.2,libjq1,1.6-150000.3.12.1,sles,SUSE-SU-2026:2983-1,MEDIUM,,longhornio/longhorn-instance-manager:v1.11.2 (sles 15.7),1.6-150000.3.20.1,false,not_affected,vulnerable_code_not_in_execute_path
longhornio/longhorn-instance-manager:v1.11.2,harvester/v1.8.2,glibc-devel,2.38-150600.14.46.1,sles,SUSE-SU-2026:3030-1,MEDIUM,,longhornio/longhorn-instance-manager:v1.11.2 (sles 15.7),2.38-150600.14.52.1,false,not_affected,vulnerable_code_not_in_execute_path
longhornio/longhorn-instance-manager:v1.11.2,harvester/v1.8.2,qemu-img,9.2.4-150700.3.17.1,sles,SUSE-SU-2026:3038-1,HIGH,,longhornio/longhorn-instance-manager:v1.11.2 (sles 15.7),9.2.4-150700.3.23.1,false,affected,
longhornio/longhorn-instance-manager:v1.11.2,harvester/v1.8.2,qemu-pr-helper,9.2.4-150700.3.17.1,sles,SUSE-SU-2026:3038-1,HIGH,,longhornio/longhorn-instance-manager:v1.11.2 (sles 15.7),9.2.4-150700.3.23.1,false,affected,
longhornio/longhorn-instance-manager:v1.11.2,harvester/v1.8.2,qemu-tools,9.2.4-150700.3.17.1,sles,SUSE-SU-2026:3038-1,HIGH,,longhornio/longhorn-instance-manager:v1.11.2 (sles 15.7),9.2.4-150700.3.23.1,false,affected,
longhornio/longhorn-instance-manager:v1.11.2,harvester/v1.8.2,qemu-vmsr-helper,9.2.4-150700.3.17.1,sles,SUSE-SU-2026:3038-1,HIGH,,longhornio/longhorn-instance-manager:v1.11.2 (sles 15.7),9.2.4-150700.3.23.1,false,not_affected,vulnerable_code_not_in_execute_path
longhornio/longhorn-instance-manager:v1.11.2,harvester/v1.8.2,libxml2-2,2.12.10-150700.4.11.1,sles,SUSE-SU-2026:3097-1,HIGH,,longhornio/longhorn-instance-manager:v1.11.2 (sles 15.7),2.12.10-150700.4.14.1,false,affected,
longhornio/longhorn-instance-manager:v1.11.2,harvester/v1.8.2,libpython3_11-1_0,3.11.15-150600.3.53.1,sles,SUSE-SU-2026:3104-1,HIGH,,longhornio/longhorn-instance-manager:v1.11.2 (sles 15.7),3.11.15-150600.3.59.3,false,affected,
longhornio/longhorn-instance-manager:v1.11.2,harvester/v1.8.2,python311-base,3.11.15-150600.3.53.1,sles,SUSE-SU-2026:3104-1,HIGH,,longhornio/longhorn-instance-manager:v1.11.2 (sles 15.7),3.11.15-150600.3.59.3,false,not_affected,vulnerable_code_not_in_execute_path
longhornio/longhorn-instance-manager:v1.11.2,harvester/v1.8.2,pam,1.3.0-150000.6.86.1,sles,SUSE-SU-2026:3163-1,MEDIUM,,longhornio/longhorn-instance-manager:v1.11.2 (sles 15.7),1.3.0-150000.6.89.1,false,not_affected,vulnerable_code_not_in_execute_path
longhornio/longhorn-instance-manager:v1.11.2,harvester/v1.8.2,libavahi-client3,0.8-150600.15.15.1,sles,SUSE-SU-2026:3218-1,MEDIUM,,longhornio/longhorn-instance-manager:v1.11.2 (sles 15.7),0.8-150600.15.21.1,false,not_affected,vulnerable_code_not_in_execute_path
longhornio/longhorn-instance-manager:v1.11.2,harvester/v1.8.2,systemd,254.27-150600.4.62.1,sles,SUSE-SU-2026:3244-1,MEDIUM,,longhornio/longhorn-instance-manager:v1.11.2 (sles 15.7),254.27-150600.4.71.2,false,not_affected,vulnerable_code_not_in_execute_path
longhornio/longhorn-instance-manager:v1.11.2,harvester/v1.8.2,gzip,1.10-150200.10.1,sles,SUSE-SU-2026:3269-1,HIGH,,longhornio/longhorn-instance-manager:v1.11.2 (sles 15.7),1.10-150200.13.1,false,affected,
longhornio/longhorn-instance-manager:v1.11.2,harvester/v1.8.2,libssh-config,0.9.8-150600.11.12.1,sles,SUSE-SU-2026:3330-1,MEDIUM,,longhornio/longhorn-instance-manager:v1.11.2 (sles 15.7),0.9.8-150600.11.15.1,false,not_affected,vulnerable_code_not_in_execute_path
longhornio/longhorn-instance-manager:v1.11.2,harvester/v1.8.2,libssh4,0.9.8-150600.11.12.1,sles,SUSE-SU-2026:3330-1,MEDIUM,,longhornio/longhorn-instance-manager:v1.11.2 (sles 15.7),0.9.8-150600.11.15.1,false,not_affected,vulnerable_code_not_in_execute_path
longhornio/longhorn-instance-manager:v1.11.2,harvester/v1.8.2,libglib-2_0-0,2.78.6-150600.4.35.1,sles,SUSE-SU-2026:3341-1,HIGH,,longhornio/longhorn-instance-manager:v1.11.2 (sles 15.7),2.78.6-150600.4.38.1,false,affected,
longhornio/longhorn-instance-manager:v1.11.2,harvester/v1.8.2,libgmodule-2_0-0,2.78.6-150600.4.35.1,sles,SUSE-SU-2026:3341-1,HIGH,,longhornio/longhorn-instance-manager:v1.11.2 (sles 15.7),2.78.6-150600.4.38.1,false,not_affected,vulnerable_code_not_in_execute_path
longhornio/longhorn-instance-manager:v1.11.2,harvester/v1.8.2,libldb2,4.21.10+git.449.dcced69e1b5-150700.3.19.1,sles,SUSE-SU-2026:3363-1,HIGH,,longhornio/longhorn-instance-manager:v1.11.2 (sles 15.7),4.21.10+git.533.31d7e5508d-150700.3.29.1,false,not_affected,vulnerable_code_not_in_execute_path
longhornio/longhorn-instance-manager:v1.11.2,harvester/v1.8.2,samba-client-libs,4.21.10+git.449.dcced69e1b5-150700.3.19.1,sles,SUSE-SU-2026:3363-1,HIGH,,longhornio/longhorn-instance-manager:v1.11.2 (sles 15.7),4.21.10+git.533.31d7e5508d-150700.3.29.1,false,affected,
longhornio/longhorn-instance-manager:v1.11.2,harvester/v1.8.2,perl,5.26.1-150300.17.20.1,sles,SUSE-SU-2026:3558-1,HIGH,,longhornio/longhorn-instance-manager:v1.11.2 (sles 15.7),5.26.1-150300.17.23.1,false,affected,
longhornio/longhorn-instance-manager:v1.11.2,harvester/v1.8.2,perl-base,5.26.1-150300.17.20.1,sles,SUSE-SU-2026:3558-1,HIGH,,longhornio/longhorn-instance-manager:v1.11.2 (sles 15.7),5.26.1-150300.17.23.1,false,affected,
longhornio/longhorn-instance-manager:v1.11.2,harvester/v1.8.2,libpython3_11-1_0,3.11.15-150600.3.53.1,sles,SUSE-SU-2026:3560-1,HIGH,,longhornio/longhorn-instance-manager:v1.11.2 (sles 15.7),3.11.15-150600.3.62.2,false,affected,
longhornio/longhorn-instance-manager:v1.11.2,harvester/v1.8.2,python311-base,3.11.15-150600.3.53.1,sles,SUSE-SU-2026:3560-1,HIGH,,longhornio/longhorn-instance-manager:v1.11.2 (sles 15.7),3.11.15-150600.3.62.2,false,affected,
longhornio/longhorn-instance-manager:v1.11.2,harvester/v1.8.2,rpm-ndb,4.14.3-150400.59.16.1,sles,SUSE-SU-2026:3600-1,HIGH,,longhornio/longhorn-instance-manager:v1.11.2 (sles 15.7),4.14.3-150400.59.19.1,false,affected,
longhornio/longhorn-manager:v1.11.2,harvester/v1.8.2,golang.org/x/net,v0.49.0,gobinary,CVE-2026-25680,MEDIUM,https://avd.aquasec.com/nvd/cve-2026-25680,usr/local/sbin/longhorn-manager,0.55.0,false,not_affected,vulnerable_code_not_present
longhornio/longhorn-manager:v1.11.2,harvester/v1.8.2,golang.org/x/net,v0.49.0,gobinary,CVE-2026-25681,HIGH,https://avd.aquasec.com/nvd/cve-2026-25681,usr/local/sbin/longhorn-manager,0.55.0,false,not_affected,vulnerable_code_not_present
longhornio/longhorn-manager:v1.11.2,harvester/v1.8.2,golang.org/x/net,v0.49.0,gobinary,CVE-2026-27136,HIGH,https://avd.aquasec.com/nvd/cve-2026-27136,usr/local/sbin/longhorn-manager,0.55.0,false,not_affected,vulnerable_code_not_present
longhornio/longhorn-manager:v1.11.2,harvester/v1.8.2,stdlib,v1.25.9,gobinary,CVE-2026-33811,HIGH,https://avd.aquasec.com/nvd/cve-2026-33811,usr/local/sbin/longhorn-manager,"1.25.10, 1.26.3",false,not_affected,vulnerable_code_not_in_execute_path
longhornio/longhorn-manager:v1.11.2,harvester/v1.8.2,golang.org/x/net,v0.49.0,gobinary,CVE-2026-33814,HIGH,https://avd.aquasec.com/nvd/cve-2026-33814,usr/local/sbin/longhorn-manager,0.53.0,false,affected,
longhornio/longhorn-manager:v1.11.2,harvester/v1.8.2,stdlib,v1.25.9,gobinary,CVE-2026-33814,HIGH,https://avd.aquasec.com/nvd/cve-2026-33814,usr/local/sbin/longhorn-manager,"1.25.10, 1.26.3",false,not_affected,vulnerable_code_not_in_execute_path
longhornio/longhorn-manager:v1.11.2,harvester/v1.8.2,stdlib,v1.25.9,gobinary,CVE-2026-39820,HIGH,https://avd.aquasec.com/nvd/cve-2026-39820,usr/local/sbin/longhorn-manager,"1.25.10, 1.26.3",false,not_affected,vulnerable_code_not_present
longhornio/longhorn-manager:v1.11.2,harvester/v1.8.2,golang.org/x/net,v0.49.0,gobinary,CVE-2026-39821,HIGH,https://avd.aquasec.com/nvd/cve-2026-39821,usr/local/sbin/longhorn-manager,0.55.0,false,affected,
longhornio/longhorn-manager:v1.11.2,harvester/v1.8.2,stdlib,v1.25.9,gobinary,CVE-2026-39822,HIGH,https://avd.aquasec.com/nvd/cve-2026-39822,usr/local/sbin/longhorn-manager,"1.25.12, 1.26.5, 1.27.0-rc.2",false,not_affected,vulnerable_code_not_in_execute_path
longhornio/longhorn-manager:v1.11.2,harvester/v1.8.2,stdlib,v1.25.9,gobinary,CVE-2026-39826,MEDIUM,https://avd.aquasec.com/nvd/cve-2026-39826,usr/local/sbin/longhorn-manager,"1.25.10, 1.26.3",false,not_affected,vulnerable_code_not_in_execute_path
longhornio/longhorn-manager:v1.11.2,harvester/v1.8.2,golang.org/x/crypto,v0.47.0,gobinary,CVE-2026-39827,MEDIUM,https://avd.aquasec.com/nvd/cve-2026-39827,usr/local/sbin/longhorn-manager,0.52.0,false,not_affected,vulnerable_code_not_in_execute_path
longhornio/longhorn-manager:v1.11.2,harvester/v1.8.2,golang.org/x/crypto,v0.47.0,gobinary,CVE-2026-39828,HIGH,https://avd.aquasec.com/nvd/cve-2026-39828,usr/local/sbin/longhorn-manager,0.52.0,false,not_affected,vulnerable_code_not_in_execute_path
longhornio/longhorn-manager:v1.11.2,harvester/v1.8.2,golang.org/x/crypto,v0.47.0,gobinary,CVE-2026-39829,HIGH,https://avd.aquasec.com/nvd/cve-2026-39829,usr/local/sbin/longhorn-manager,0.52.0,false,not_affected,vulnerable_code_not_in_execute_path
longhornio/longhorn-manager:v1.11.2,harvester/v1.8.2,golang.org/x/crypto,v0.47.0,gobinary,CVE-2026-39830,HIGH,https://avd.aquasec.com/nvd/cve-2026-39830,usr/local/sbin/longhorn-manager,0.52.0,false,not_affected,vulnerable_code_not_in_execute_path
longhornio/longhorn-manager:v1.11.2,harvester/v1.8.2,golang.org/x/crypto,v0.47.0,gobinary,CVE-2026-39831,HIGH,https://avd.aquasec.com/nvd/cve-2026-39831,usr/local/sbin/longhorn-manager,0.52.0,false,not_affected,vulnerable_code_not_in_execute_path
longhornio/longhorn-manager:v1.11.2,harvester/v1.8.2,golang.org/x/crypto,v0.47.0,gobinary,CVE-2026-39832,HIGH,https://avd.aquasec.com/nvd/cve-2026-39832,usr/local/sbin/longhorn-manager,0.52.0,false,not_affected,vulnerable_code_not_present
longhornio/longhorn-manager:v1.11.2,harvester/v1.8.2,golang.org/x/crypto,v0.47.0,gobinary,CVE-2026-39833,MEDIUM,https://avd.aquasec.com/nvd/cve-2026-39833,usr/local/sbin/longhorn-manager,0.52.0,false,not_affected,vulnerable_code_not_present
longhornio/longhorn-manager:v1.11.2,harvester/v1.8.2,golang.org/x/crypto,v0.47.0,gobinary,CVE-2026-39834,MEDIUM,https://avd.aquasec.com/nvd/cve-2026-39834,usr/local/sbin/longhorn-manager,0.52.0,false,not_affected,vulnerable_code_not_in_execute_path
longhornio/longhorn-manager:v1.11.2,harvester/v1.8.2,golang.org/x/crypto,v0.47.0,gobinary,CVE-2026-39835,HIGH,https://avd.aquasec.com/nvd/cve-2026-39835,usr/local/sbin/longhorn-manager,0.52.0,false,not_affected,vulnerable_code_not_in_execute_path
longhornio/longhorn-manager:v1.11.2,harvester/v1.8.2,stdlib,v1.25.9,gobinary,CVE-2026-39836,HIGH,https://avd.aquasec.com/nvd/cve-2026-39836,usr/local/sbin/longhorn-manager,"1.25.10, 1.26.3",false,not_affected,vulnerable_code_not_in_execute_path
longhornio/longhorn-manager:v1.11.2,harvester/v1.8.2,stdlib,v1.25.9,gobinary,CVE-2026-42499,HIGH,https://avd.aquasec.com/nvd/cve-2026-42499,usr/local/sbin/longhorn-manager,"1.25.10, 1.26.3",false,not_affected,vulnerable_code_not_present
longhornio/longhorn-manager:v1.11.2,harvester/v1.8.2,golang.org/x/net,v0.49.0,gobinary,CVE-2026-42502,MEDIUM,https://avd.aquasec.com/nvd/cve-2026-42502,usr/local/sbin/longhorn-manager,0.55.0,false,not_affected,vulnerable_code_not_present
longhornio/longhorn-manager:v1.11.2,harvester/v1.8.2,golang.org/x/net,v0.49.0,gobinary,CVE-2026-42506,MEDIUM,https://avd.aquasec.com/nvd/cve-2026-42506,usr/local/sbin/longhorn-manager,0.55.0,false,not_affected,vulnerable_code_not_present
longhornio/longhorn-manager:v1.11.2,harvester/v1.8.2,golang.org/x/crypto,v0.47.0,gobinary,CVE-2026-42508,HIGH,https://avd.aquasec.com/nvd/cve-2026-42508,usr/local/sbin/longhorn-manager,0.52.0,false,not_affected,vulnerable_code_not_present
longhornio/longhorn-manager:v1.11.2,harvester/v1.8.2,golang.org/x/crypto,v0.47.0,gobinary,CVE-2026-46595,HIGH,https://avd.aquasec.com/nvd/cve-2026-46595,usr/local/sbin/longhorn-manager,0.52.0,false,not_affected,vulnerable_code_not_in_execute_path
longhornio/longhorn-manager:v1.11.2,harvester/v1.8.2,golang.org/x/crypto,v0.47.0,gobinary,CVE-2026-46597,HIGH,https://avd.aquasec.com/nvd/cve-2026-46597,usr/local/sbin/longhorn-manager,0.52.0,false,not_affected,vulnerable_code_not_in_execute_path
longhornio/longhorn-manager:v1.11.2,harvester/v1.8.2,golang.org/x/crypto,v0.47.0,gobinary,CVE-2026-46598,MEDIUM,https://avd.aquasec.com/nvd/cve-2026-46598,usr/local/sbin/longhorn-manager,0.52.0,false,not_affected,vulnerable_code_not_present
longhornio/longhorn-manager:v1.11.2,harvester/v1.8.2,golang.org/x/net,v0.49.0,gobinary,CVE-2026-46600,HIGH,https://avd.aquasec.com/nvd/cve-2026-46600,usr/local/sbin/longhorn-manager,0.56.0,false,not_affected,vulnerable_code_not_present
longhornio/longhorn-manager:v1.11.2,harvester/v1.8.2,google.golang.org/grpc,v1.79.3,gobinary,GHSA-hrxh-6v49-42gf,HIGH,https://github.com/advisories/GHSA-hrxh-6v49-42gf,usr/local/sbin/longhorn-manager,1.82.1,false,affected,
longhornio/longhorn-manager:v1.11.2,harvester/v1.8.2,libpython3_6m1_0,3.6.15-150300.10.109.1,sles,SUSE-SU-2026:1715-1,HIGH,,longhornio/longhorn-manager:v1.11.2 (sles 15.7),3.6.15-150300.10.118.1,false,affected,
longhornio/longhorn-manager:v1.11.2,harvester/v1.8.2,python3-base,3.6.15-150300.10.109.1,sles,SUSE-SU-2026:1715-1,HIGH,,longhornio/longhorn-manager:v1.11.2 (sles 15.7),3.6.15-150300.10.118.1,false,not_affected,vulnerable_code_not_in_execute_path
longhornio/longhorn-manager:v1.11.2,harvester/v1.8.2,liblzma5,5.4.1-150600.3.3.1,sles,SUSE-SU-2026:2051-1,HIGH,,longhornio/longhorn-manager:v1.11.2 (sles 15.7),5.4.1-150600.3.6.1,false,not_affected,vulnerable_code_not_in_execute_path
longhornio/longhorn-manager:v1.11.2,harvester/v1.8.2,libldb2,4.21.10+git.449.dcced69e1b5-150700.3.19.1,sles,SUSE-SU-2026:2076-1,CRITICAL,,longhornio/longhorn-manager:v1.11.2 (sles 15.7),4.21.10+git.501.277ba349a01-150700.3.26.1,false,affected,
longhornio/longhorn-manager:v1.11.2,harvester/v1.8.2,samba-client-libs,4.21.10+git.449.dcced69e1b5-150700.3.19.1,sles,SUSE-SU-2026:2076-1,CRITICAL,,longhornio/longhorn-manager:v1.11.2 (sles 15.7),4.21.10+git.501.277ba349a01-150700.3.26.1,false,affected,
longhornio/longhorn-manager:v1.11.2,harvester/v1.8.2,libgnutls30,3.8.3-150600.4.17.1,sles,SUSE-SU-2026:2115-1,HIGH,,longhornio/longhorn-manager:v1.11.2 (sles 15.7),3.8.3-150600.4.20.1,false,not_affected,vulnerable_code_not_in_execute_path
longhornio/longhorn-manager:v1.11.2,harvester/v1.8.2,glibc,2.38-150600.14.46.1,sles,SUSE-SU-2026:2231-1,HIGH,,longhornio/longhorn-manager:v1.11.2 (sles 15.7),2.38-150600.14.49.1,false,affected,
longhornio/longhorn-manager:v1.11.2,harvester/v1.8.2,libavahi-common3,0.8-150600.15.15.1,sles,SUSE-SU-2026:2297-1,MEDIUM,,longhornio/longhorn-manager:v1.11.2 (sles 15.7),0.8-150600.15.18.1,false,not_affected,vulnerable_code_not_in_execute_path
longhornio/longhorn-manager:v1.11.2,harvester/v1.8.2,libopenssl1_1,1.1.1w-150700.11.16.1,sles,SUSE-SU-2026:2392-1,HIGH,,longhornio/longhorn-manager:v1.11.2 (sles 15.7),1.1.1w-150700.11.22.1,false,not_affected,vulnerable_code_not_in_execute_path
longhornio/longhorn-manager:v1.11.2,harvester/v1.8.2,libfdisk1,2.40.4-150700.4.10.1,sles,SUSE-SU-2026:2485-1,MEDIUM,,longhornio/longhorn-manager:v1.11.2 (sles 15.7),2.40.4-150700.4.13.1,false,not_affected,vulnerable_code_not_in_execute_path
longhornio/longhorn-manager:v1.11.2,harvester/v1.8.2,libsqlite3-0,3.51.3-150000.3.39.1,sles,SUSE-SU-2026:2528-1,HIGH,,longhornio/longhorn-manager:v1.11.2 (sles 15.7),3.53.2-150000.3.42.1,false,not_affected,vulnerable_code_not_in_execute_path
longhornio/longhorn-manager:v1.11.2,harvester/v1.8.2,libsolv-tools-base,0.7.35-150700.11.5.2,sles,SUSE-SU-2026:2531-1,HIGH,,longhornio/longhorn-manager:v1.11.2 (sles 15.7),0.7.39-150700.11.10.1,false,affected,
longhornio/longhorn-manager:v1.11.2,harvester/v1.8.2,libzypp,17.37.18-150700.6.3.1,sles,SUSE-SU-2026:2531-1,HIGH,,longhornio/longhorn-manager:v1.11.2 (sles 15.7),17.38.13-150700.6.13.1,false,not_affected,vulnerable_code_not_in_execute_path
longhornio/longhorn-manager:v1.11.2,harvester/v1.8.2,zypper,1.14.94-150700.13.3.1,sles,SUSE-SU-2026:2531-1,HIGH,,longhornio/longhorn-manager:v1.11.2 (sles 15.7),1.14.98-150700.13.6.1,false,affected,
longhornio/longhorn-manager:v1.11.2,harvester/v1.8.2,libopenssl-3-fips-provider,3.2.3-150700.5.31.1,sles,SUSE-SU-2026:2648-1,HIGH,,longhornio/longhorn-manager:v1.11.2 (sles 15.7),3.2.3-150700.5.36.1,false,affected,
longhornio/longhorn-manager:v1.11.2,harvester/v1.8.2,libopenssl3,3.2.3-150700.5.31.1,sles,SUSE-SU-2026:2648-1,HIGH,,longhornio/longhorn-manager:v1.11.2 (sles 15.7),3.2.3-150700.5.36.1,false,affected,
longhornio/longhorn-manager:v1.11.2,harvester/v1.8.2,openssl-3,3.2.3-150700.5.31.1,sles,SUSE-SU-2026:2648-1,HIGH,,longhornio/longhorn-manager:v1.11.2 (sles 15.7),3.2.3-150700.5.36.1,false,affected,
longhornio/longhorn-manager:v1.11.2,harvester/v1.8.2,bind-utils,9.20.21-150700.3.18.1,sles,SUSE-SU-2026:2673-1,HIGH,,longhornio/longhorn-manager:v1.11.2 (sles 15.7),9.20.23-150700.3.25.1,false,not_affected,vulnerable_code_not_in_execute_path
longhornio/longhorn-manager:v1.11.2,harvester/v1.8.2,cifs-utils,6.15-150400.3.18.1,sles,SUSE-SU-2026:2699-1,HIGH,,longhornio/longhorn-manager:v1.11.2 (sles 15.7),6.15-150400.3.21.1,false,affected,
longhornio/longhorn-manager:v1.11.2,harvester/v1.8.2,tar,1.34-150000.3.37.1,sles,SUSE-SU-2026:2714-1,MEDIUM,,longhornio/longhorn-manager:v1.11.2 (sles 15.7),1.34-150000.3.42.1,false,not_affected,vulnerable_code_not_in_execute_path
longhornio/longhorn-manager:v1.11.2,harvester/v1.8.2,krb5,1.20.1-150600.11.14.1,sles,SUSE-SU-2026:2848-1,HIGH,,longhornio/longhorn-manager:v1.11.2 (sles 15.7),1.20.1-150600.11.19.1,false,not_affected,vulnerable_code_not_in_execute_path
longhornio/longhorn-manager:v1.11.2,harvester/v1.8.2,curl,8.14.1-150700.7.14.1,sles,SUSE-SU-2026:2925-1,HIGH,,longhornio/longhorn-manager:v1.11.2 (sles 15.7),8.14.1-150700.7.20.1,false,affected,
longhornio/longhorn-manager:v1.11.2,harvester/v1.8.2,libcurl4,8.14.1-150700.7.14.1,sles,SUSE-SU-2026:2925-1,HIGH,,longhornio/longhorn-manager:v1.11.2 (sles 15.7),8.14.1-150700.7.20.1,false,affected,
longhornio/longhorn-manager:v1.11.2,harvester/v1.8.2,libxml2-2,2.12.10-150700.4.11.1,sles,SUSE-SU-2026:3097-1,HIGH,,longhornio/longhorn-manager:v1.11.2 (sles 15.7),2.12.10-150700.4.14.1,false,affected,
longhornio/longhorn-manager:v1.11.2,harvester/v1.8.2,pam,1.3.0-150000.6.86.1,sles,SUSE-SU-2026:3163-1,MEDIUM,,longhornio/longhorn-manager:v1.11.2 (sles 15.7),1.3.0-150000.6.89.1,false,not_affected,vulnerable_code_not_in_execute_path
longhornio/longhorn-manager:v1.11.2,harvester/v1.8.2,gzip,1.10-150200.10.1,sles,SUSE-SU-2026:3269-1,HIGH,,longhornio/longhorn-manager:v1.11.2 (sles 15.7),1.10-150200.13.1,false,affected,
longhornio/longhorn-manager:v1.11.2,harvester/v1.8.2,libssh-config,0.9.8-150600.11.12.1,sles,SUSE-SU-2026:3330-1,MEDIUM,,longhornio/longhorn-manager:v1.11.2 (sles 15.7),0.9.8-150600.11.15.1,false,not_affected,vulnerable_code_not_in_execute_path
longhornio/longhorn-manager:v1.11.2,harvester/v1.8.2,libssh4,0.9.8-150600.11.12.1,sles,SUSE-SU-2026:3330-1,MEDIUM,,longhornio/longhorn-manager:v1.11.2 (sles 15.7),0.9.8-150600.11.15.1,false,not_affected,vulnerable_code_not_in_execute_path
longhornio/longhorn-manager:v1.11.2,harvester/v1.8.2,libglib-2_0-0,2.78.6-150600.4.35.1,sles,SUSE-SU-2026:3341-1,HIGH,,longhornio/longhorn-manager:v1.11.2 (sles 15.7),2.78.6-150600.4.38.1,false,affected,
longhornio/longhorn-manager:v1.11.2,harvester/v1.8.2,libldb2,4.21.10+git.449.dcced69e1b5-150700.3.19.1,sles,SUSE-SU-2026:3363-1,HIGH,,longhornio/longhorn-manager:v1.11.2 (sles 15.7),4.21.10+git.533.31d7e5508d-150700.3.29.1,false,affected,
longhornio/longhorn-manager:v1.11.2,harvester/v1.8.2,samba-client-libs,4.21.10+git.449.dcced69e1b5-150700.3.19.1,sles,SUSE-SU-2026:3363-1,HIGH,,longhornio/longhorn-manager:v1.11.2 (sles 15.7),4.21.10+git.533.31d7e5508d-150700.3.29.1,false,affected,
longhornio/longhorn-manager:v1.11.2,harvester/v1.8.2,bind-utils,9.20.21-150700.3.18.1,sles,SUSE-SU-2026:3426-1,HIGH,,longhornio/longhorn-manager:v1.11.2 (sles 15.7),9.20.26-150700.3.29.1,false,not_affected,vulnerable_code_not_in_execute_path
longhornio/longhorn-manager:v1.11.2,harvester/v1.8.2,perl-base,5.26.1-150300.17.20.1,sles,SUSE-SU-2026:3558-1,HIGH,,longhornio/longhorn-manager:v1.11.2 (sles 15.7),5.26.1-150300.17.23.1,false,affected,
longhornio/longhorn-manager:v1.11.2,harvester/v1.8.2,rpm-ndb,4.14.3-150400.59.16.1,sles,SUSE-SU-2026:3600-1,HIGH,,longhornio/longhorn-manager:v1.11.2 (sles 15.7),4.14.3-150400.59.19.1,false,affected,
longhornio/longhorn-share-manager:v1.11.2,harvester/v1.8.2,golang.org/x/net,v0.48.0,gobinary,CVE-2026-25680,MEDIUM,https://avd.aquasec.com/nvd/cve-2026-25680,longhorn-share-manager,0.55.0,false,not_affected,vulnerable_code_not_present
longhornio/longhorn-share-manager:v1.11.2,harvester/v1.8.2,golang.org/x/net,v0.48.0,gobinary,CVE-2026-25681,HIGH,https://avd.aquasec.com/nvd/cve-2026-25681,longhorn-share-manager,0.55.0,false,not_affected,vulnerable_code_not_present
longhornio/longhorn-share-manager:v1.11.2,harvester/v1.8.2,golang.org/x/net,v0.48.0,gobinary,CVE-2026-27136,HIGH,https://avd.aquasec.com/nvd/cve-2026-27136,longhorn-share-manager,0.55.0,false,not_affected,vulnerable_code_not_present
longhornio/longhorn-share-manager:v1.11.2,harvester/v1.8.2,stdlib,v1.25.9,gobinary,CVE-2026-33811,HIGH,https://avd.aquasec.com/nvd/cve-2026-33811,longhorn-share-manager,"1.25.10, 1.26.3",false,not_affected,vulnerable_code_not_in_execute_path
longhornio/longhorn-share-manager:v1.11.2,harvester/v1.8.2,golang.org/x/net,v0.48.0,gobinary,CVE-2026-33814,HIGH,https://avd.aquasec.com/nvd/cve-2026-33814,longhorn-share-manager,0.53.0,false,affected,
longhornio/longhorn-share-manager:v1.11.2,harvester/v1.8.2,stdlib,v1.25.9,gobinary,CVE-2026-33814,HIGH,https://avd.aquasec.com/nvd/cve-2026-33814,longhorn-share-manager,"1.25.10, 1.26.3",false,affected,
longhornio/longhorn-share-manager:v1.11.2,harvester/v1.8.2,stdlib,v1.25.9,gobinary,CVE-2026-39820,HIGH,https://avd.aquasec.com/nvd/cve-2026-39820,longhorn-share-manager,"1.25.10, 1.26.3",false,not_affected,vulnerable_code_not_present
longhornio/longhorn-share-manager:v1.11.2,harvester/v1.8.2,golang.org/x/net,v0.48.0,gobinary,CVE-2026-39821,HIGH,https://avd.aquasec.com/nvd/cve-2026-39821,longhorn-share-manager,0.55.0,false,affected,
longhornio/longhorn-share-manager:v1.11.2,harvester/v1.8.2,stdlib,v1.25.9,gobinary,CVE-2026-39822,HIGH,https://avd.aquasec.com/nvd/cve-2026-39822,longhorn-share-manager,"1.25.12, 1.26.5, 1.27.0-rc.2",false,not_affected,vulnerable_code_not_in_execute_path
longhornio/longhorn-share-manager:v1.11.2,harvester/v1.8.2,stdlib,v1.25.9,gobinary,CVE-2026-39823,MEDIUM,https://avd.aquasec.com/nvd/cve-2026-39823,longhorn-share-manager,"1.25.10, 1.26.3",false,not_affected,vulnerable_code_not_in_execute_path
longhornio/longhorn-share-manager:v1.11.2,harvester/v1.8.2,stdlib,v1.25.9,gobinary,CVE-2026-39825,MEDIUM,https://avd.aquasec.com/nvd/cve-2026-39825,longhorn-share-manager,"1.25.10, 1.26.3",false,not_affected,vulnerable_code_not_in_execute_path
longhornio/longhorn-share-manager:v1.11.2,harvester/v1.8.2,stdlib,v1.25.9,gobinary,CVE-2026-39826,MEDIUM,https://avd.aquasec.com/nvd/cve-2026-39826,longhorn-share-manager,"1.25.10, 1.26.3",false,not_affected,vulnerable_code_not_in_execute_path
longhornio/longhorn-share-manager:v1.11.2,harvester/v1.8.2,stdlib,v1.25.9,gobinary,CVE-2026-39836,HIGH,https://avd.aquasec.com/nvd/cve-2026-39836,longhorn-share-manager,"1.25.10, 1.26.3",false,not_affected,vulnerable_code_not_in_execute_path
longhornio/longhorn-share-manager:v1.11.2,harvester/v1.8.2,stdlib,v1.25.9,gobinary,CVE-2026-42499,HIGH,https://avd.aquasec.com/nvd/cve-2026-42499,longhorn-share-manager,"1.25.10, 1.26.3",false,not_affected,vulnerable_code_not_present
longhornio/longhorn-share-manager:v1.11.2,harvester/v1.8.2,golang.org/x/net,v0.48.0,gobinary,CVE-2026-42502,MEDIUM,https://avd.aquasec.com/nvd/cve-2026-42502,longhorn-share-manager,0.55.0,false,not_affected,vulnerable_code_not_present
longhornio/longhorn-share-manager:v1.11.2,harvester/v1.8.2,golang.org/x/net,v0.48.0,gobinary,CVE-2026-42506,MEDIUM,https://avd.aquasec.com/nvd/cve-2026-42506,longhorn-share-manager,0.55.0,false,not_affected,vulnerable_code_not_present
longhornio/longhorn-share-manager:v1.11.2,harvester/v1.8.2,golang.org/x/net,v0.48.0,gobinary,CVE-2026-46600,HIGH,https://avd.aquasec.com/nvd/cve-2026-46600,longhorn-share-manager,0.56.0,false,not_affected,vulnerable_code_not_present
longhornio/longhorn-share-manager:v1.11.2,harvester/v1.8.2,google.golang.org/grpc,v1.79.3,gobinary,GHSA-hrxh-6v49-42gf,HIGH,https://github.com/advisories/GHSA-hrxh-6v49-42gf,longhorn-share-manager,1.82.1,false,affected,
longhornio/longhorn-share-manager:v1.11.2,harvester/v1.8.2,liblzma5,5.4.1-150600.3.3.1,sles,SUSE-SU-2026:2051-1,HIGH,,longhornio/longhorn-share-manager:v1.11.2 (sles 15.7),5.4.1-150600.3.6.1,false,affected,
longhornio/longhorn-share-manager:v1.11.2,harvester/v1.8.2,glibc,2.38-150600.14.46.1,sles,SUSE-SU-2026:2231-1,HIGH,,longhornio/longhorn-share-manager:v1.11.2 (sles 15.7),2.38-150600.14.49.1,false,affected,
longhornio/longhorn-share-manager:v1.11.2,harvester/v1.8.2,glibc-devel,2.38-150600.14.46.1,sles,SUSE-SU-2026:2231-1,HIGH,,longhornio/longhorn-share-manager:v1.11.2 (sles 15.7),2.38-150600.14.49.1,false,affected,
longhornio/longhorn-share-manager:v1.11.2,harvester/v1.8.2,libsqlite3-0,3.51.3-150000.3.39.1,sles,SUSE-SU-2026:2528-1,HIGH,,longhornio/longhorn-share-manager:v1.11.2 (sles 15.7),3.53.2-150000.3.42.1,false,affected,
longhornio/longhorn-share-manager:v1.11.2,harvester/v1.8.2,libsolv-tools-base,0.7.35-150700.11.5.2,sles,SUSE-SU-2026:2531-1,HIGH,,longhornio/longhorn-share-manager:v1.11.2 (sles 15.7),0.7.39-150700.11.10.1,false,affected,
longhornio/longhorn-share-manager:v1.11.2,harvester/v1.8.2,libzypp,17.37.18-150700.6.3.1,sles,SUSE-SU-2026:2531-1,HIGH,,longhornio/longhorn-share-manager:v1.11.2 (sles 15.7),17.38.13-150700.6.13.1,false,affected,
longhornio/longhorn-share-manager:v1.11.2,harvester/v1.8.2,zypper,1.14.94-150700.13.3.1,sles,SUSE-SU-2026:2531-1,HIGH,,longhornio/longhorn-share-manager:v1.11.2 (sles 15.7),1.14.98-150700.13.6.1,false,not_affected,vulnerable_code_not_in_execute_path
longhornio/longhorn-share-manager:v1.11.2,harvester/v1.8.2,libopenssl-3-fips-provider,3.2.3-150700.5.31.1,sles,SUSE-SU-2026:2648-1,HIGH,,longhornio/longhorn-share-manager:v1.11.2 (sles 15.7),3.2.3-150700.5.36.1,false,affected,
longhornio/longhorn-share-manager:v1.11.2,harvester/v1.8.2,libopenssl3,3.2.3-150700.5.31.1,sles,SUSE-SU-2026:2648-1,HIGH,,longhornio/longhorn-share-manager:v1.11.2 (sles 15.7),3.2.3-150700.5.36.1,false,affected,
longhornio/longhorn-share-manager:v1.11.2,harvester/v1.8.2,openssl-3,3.2.3-150700.5.31.1,sles,SUSE-SU-2026:2648-1,HIGH,,longhornio/longhorn-share-manager:v1.11.2 (sles 15.7),3.2.3-150700.5.36.1,false,affected,
longhornio/longhorn-share-manager:v1.11.2,harvester/v1.8.2,tar,1.34-150000.3.37.1,sles,SUSE-SU-2026:2714-1,MEDIUM,,longhornio/longhorn-share-manager:v1.11.2 (sles 15.7),1.34-150000.3.42.1,false,not_affected,vulnerable_code_not_in_execute_path
longhornio/longhorn-share-manager:v1.11.2,harvester/v1.8.2,krb5,1.20.1-150600.11.14.1,sles,SUSE-SU-2026:2848-1,HIGH,,longhornio/longhorn-share-manager:v1.11.2 (sles 15.7),1.20.1-150600.11.19.1,false,affected,
longhornio/longhorn-share-manager:v1.11.2,harvester/v1.8.2,curl,8.14.1-150700.7.14.1,sles,SUSE-SU-2026:2925-1,HIGH,,longhornio/longhorn-share-manager:v1.11.2 (sles 15.7),8.14.1-150700.7.20.1,false,affected,
longhornio/longhorn-share-manager:v1.11.2,harvester/v1.8.2,libcurl4,8.14.1-150700.7.14.1,sles,SUSE-SU-2026:2925-1,HIGH,,longhornio/longhorn-share-manager:v1.11.2 (sles 15.7),8.14.1-150700.7.20.1,false,affected,
longhornio/longhorn-share-manager:v1.11.2,harvester/v1.8.2,libxml2-2,2.12.10-150700.4.11.1,sles,SUSE-SU-2026:3097-1,HIGH,,longhornio/longhorn-share-manager:v1.11.2 (sles 15.7),2.12.10-150700.4.14.1,false,not_affected,vulnerable_code_not_in_execute_path
longhornio/longhorn-share-manager:v1.11.2,harvester/v1.8.2,pam,1.3.0-150000.6.86.1,sles,SUSE-SU-2026:3163-1,MEDIUM,,longhornio/longhorn-share-manager:v1.11.2 (sles 15.7),1.3.0-150000.6.89.1,false,not_affected,vulnerable_code_not_in_execute_path
longhornio/longhorn-share-manager:v1.11.2,harvester/v1.8.2,gzip,1.10-150200.10.1,sles,SUSE-SU-2026:3269-1,HIGH,,longhornio/longhorn-share-manager:v1.11.2 (sles 15.7),1.10-150200.13.1,false,affected,
longhornio/longhorn-share-manager:v1.11.2,harvester/v1.8.2,libssh-config,0.9.8-150600.11.12.1,sles,SUSE-SU-2026:3330-1,MEDIUM,,longhornio/longhorn-share-manager:v1.11.2 (sles 15.7),0.9.8-150600.11.15.1,false,not_affected,vulnerable_code_not_in_execute_path
longhornio/longhorn-share-manager:v1.11.2,harvester/v1.8.2,libssh4,0.9.8-150600.11.12.1,sles,SUSE-SU-2026:3330-1,MEDIUM,,longhornio/longhorn-share-manager:v1.11.2 (sles 15.7),0.9.8-150600.11.15.1,false,not_affected,vulnerable_code_not_in_execute_path
longhornio/longhorn-share-manager:v1.11.2,harvester/v1.8.2,libglib-2_0-0,2.78.6-150600.4.35.1,sles,SUSE-SU-2026:3341-1,HIGH,,longhornio/longhorn-share-manager:v1.11.2 (sles 15.7),2.78.6-150600.4.38.1,false,affected,
longhornio/longhorn-share-manager:v1.11.2,harvester/v1.8.2,perl-base,5.26.1-150300.17.20.1,sles,SUSE-SU-2026:3558-1,HIGH,,longhornio/longhorn-share-manager:v1.11.2 (sles 15.7),5.26.1-150300.17.23.1,false,affected,
longhornio/longhorn-share-manager:v1.11.2,harvester/v1.8.2,rpm-ndb,4.14.3-150400.59.16.1,sles,SUSE-SU-2026:3600-1,HIGH,,longhornio/longhorn-share-manager:v1.11.2 (sles 15.7),4.14.3-150400.59.19.1,false,affected,
longhornio/longhorn-ui:v1.11.2,harvester/v1.8.2,nginx,1.21.5-150600.10.12.1,sles,SUSE-SU-2026:1761-1,HIGH,,longhornio/longhorn-ui:v1.11.2 (sles 15.7),1.21.5-150600.10.15.1,false,affected,
longhornio/longhorn-ui:v1.11.2,harvester/v1.8.2,libtiff5,4.0.9-150000.45.63.1,sles,SUSE-SU-2026:1965-1,HIGH,,longhornio/longhorn-ui:v1.11.2 (sles 15.7),4.0.9-150000.45.66.1,false,affected,
longhornio/longhorn-ui:v1.11.2,harvester/v1.8.2,nginx,1.21.5-150600.10.12.1,sles,SUSE-SU-2026:2050-1,HIGH,,longhornio/longhorn-ui:v1.11.2 (sles 15.7),1.21.5-150600.10.18.1,false,affected,
longhornio/longhorn-ui:v1.11.2,harvester/v1.8.2,liblzma5,5.4.1-150600.3.3.1,sles,SUSE-SU-2026:2051-1,HIGH,,longhornio/longhorn-ui:v1.11.2 (sles 15.7),5.4.1-150600.3.6.1,false,affected,
longhornio/longhorn-ui:v1.11.2,harvester/v1.8.2,glibc,2.38-150600.14.46.1,sles,SUSE-SU-2026:2231-1,HIGH,,longhornio/longhorn-ui:v1.11.2 (sles 15.7),2.38-150600.14.49.1,false,affected,
longhornio/longhorn-ui:v1.11.2,harvester/v1.8.2,nginx,1.21.5-150600.10.12.1,sles,SUSE-SU-2026:2307-1,HIGH,,longhornio/longhorn-ui:v1.11.2 (sles 15.7),1.21.5-150600.10.21.1,false,affected,
longhornio/longhorn-ui:v1.11.2,harvester/v1.8.2,libfdisk1,2.40.4-150700.4.10.1,sles,SUSE-SU-2026:2485-1,MEDIUM,,longhornio/longhorn-ui:v1.11.2 (sles 15.7),2.40.4-150700.4.13.1,false,not_affected,vulnerable_code_not_in_execute_path
longhornio/longhorn-ui:v1.11.2,harvester/v1.8.2,libmount1,2.40.4-150700.4.10.1,sles,SUSE-SU-2026:2485-1,MEDIUM,,longhornio/longhorn-ui:v1.11.2 (sles 15.7),2.40.4-150700.4.13.1,false,not_affected,vulnerable_code_not_in_execute_path
longhornio/longhorn-ui:v1.11.2,harvester/v1.8.2,libsmartcols1,2.40.4-150700.4.10.1,sles,SUSE-SU-2026:2485-1,MEDIUM,,longhornio/longhorn-ui:v1.11.2 (sles 15.7),2.40.4-150700.4.13.1,false,not_affected,vulnerable_code_not_in_execute_path
longhornio/longhorn-ui:v1.11.2,harvester/v1.8.2,util-linux,2.40.4-150700.4.10.1,sles,SUSE-SU-2026:2485-1,MEDIUM,,longhornio/longhorn-ui:v1.11.2 (sles 15.7),2.40.4-150700.4.13.1,false,not_affected,vulnerable_code_not_in_execute_path
longhornio/longhorn-ui:v1.11.2,harvester/v1.8.2,libsqlite3-0,3.51.3-150000.3.39.1,sles,SUSE-SU-2026:2528-1,HIGH,,longhornio/longhorn-ui:v1.11.2 (sles 15.7),3.53.2-150000.3.42.1,false,affected,
longhornio/longhorn-ui:v1.11.2,harvester/v1.8.2,libsolv-tools-base,0.7.35-150700.11.5.2,sles,SUSE-SU-2026:2531-1,HIGH,,longhornio/longhorn-ui:v1.11.2 (sles 15.7),0.7.39-150700.11.10.1,false,affected,
longhornio/longhorn-ui:v1.11.2,harvester/v1.8.2,libzypp,17.37.18-150700.6.3.1,sles,SUSE-SU-2026:2531-1,HIGH,,longhornio/longhorn-ui:v1.11.2 (sles 15.7),17.38.13-150700.6.13.1,false,not_affected,vulnerable_code_not_in_execute_path
longhornio/longhorn-ui:v1.11.2,harvester/v1.8.2,zypper,1.14.94-150700.13.3.1,sles,SUSE-SU-2026:2531-1,HIGH,,longhornio/longhorn-ui:v1.11.2 (sles 15.7),1.14.98-150700.13.6.1,false,affected,
longhornio/longhorn-ui:v1.11.2,harvester/v1.8.2,libopenssl-3-fips-provider,3.2.3-150700.5.31.1,sles,SUSE-SU-2026:2648-1,HIGH,,longhornio/longhorn-ui:v1.11.2 (sles 15.7),3.2.3-150700.5.36.1,false,not_affected,vulnerable_code_not_in_execute_path
longhornio/longhorn-ui:v1.11.2,harvester/v1.8.2,libopenssl3,3.2.3-150700.5.31.1,sles,SUSE-SU-2026:2648-1,HIGH,,longhornio/longhorn-ui:v1.11.2 (sles 15.7),3.2.3-150700.5.36.1,false,affected,
longhornio/longhorn-ui:v1.11.2,harvester/v1.8.2,openssl-3,3.2.3-150700.5.31.1,sles,SUSE-SU-2026:2648-1,HIGH,,longhornio/longhorn-ui:v1.11.2 (sles 15.7),3.2.3-150700.5.36.1,false,affected,
longhornio/longhorn-ui:v1.11.2,harvester/v1.8.2,tar,1.34-150000.3.37.1,sles,SUSE-SU-2026:2714-1,MEDIUM,,longhornio/longhorn-ui:v1.11.2 (sles 15.7),1.34-150000.3.42.1,false,not_affected,vulnerable_code_not_in_execute_path
longhornio/longhorn-ui:v1.11.2,harvester/v1.8.2,krb5,1.20.1-150600.11.14.1,sles,SUSE-SU-2026:2848-1,HIGH,,longhornio/longhorn-ui:v1.11.2 (sles 15.7),1.20.1-150600.11.19.1,false,affected,
longhornio/longhorn-ui:v1.11.2,harvester/v1.8.2,curl,8.14.1-150700.7.14.1,sles,SUSE-SU-2026:2925-1,HIGH,,longhornio/longhorn-ui:v1.11.2 (sles 15.7),8.14.1-150700.7.20.1,false,affected,
longhornio/longhorn-ui:v1.11.2,harvester/v1.8.2,libcurl4,8.14.1-150700.7.14.1,sles,SUSE-SU-2026:2925-1,HIGH,,longhornio/longhorn-ui:v1.11.2 (sles 15.7),8.14.1-150700.7.20.1,false,not_affected,vulnerable_code_not_in_execute_path
longhornio/longhorn-ui:v1.11.2,harvester/v1.8.2,libtiff5,4.0.9-150000.45.63.1,sles,SUSE-SU-2026:3054-1,HIGH,,longhornio/longhorn-ui:v1.11.2 (sles 15.7),4.0.9-150000.45.69.1,false,affected,
longhornio/longhorn-ui:v1.11.2,harvester/v1.8.2,libxml2-2,2.12.10-150700.4.11.1,sles,SUSE-SU-2026:3097-1,HIGH,,longhornio/longhorn-ui:v1.11.2 (sles 15.7),2.12.10-150700.4.14.1,false,not_affected,vulnerable_code_not_in_execute_path
longhornio/longhorn-ui:v1.11.2,harvester/v1.8.2,libxml2-tools,2.12.10-150700.4.11.1,sles,SUSE-SU-2026:3097-1,HIGH,,longhornio/longhorn-ui:v1.11.2 (sles 15.7),2.12.10-150700.4.14.1,false,affected,
longhornio/longhorn-ui:v1.11.2,harvester/v1.8.2,pam,1.3.0-150000.6.86.1,sles,SUSE-SU-2026:3163-1,MEDIUM,,longhornio/longhorn-ui:v1.11.2 (sles 15.7),1.3.0-150000.6.89.1,false,not_affected,vulnerable_code_not_in_execute_path
longhornio/longhorn-ui:v1.11.2,harvester/v1.8.2,libgcrypt20,1.11.0-150700.5.7.1,sles,SUSE-SU-2026:3182-1,MEDIUM,,longhornio/longhorn-ui:v1.11.2 (sles 15.7),1.11.0-150700.5.10.1,false,not_affected,vulnerable_code_not_in_execute_path
longhornio/longhorn-ui:v1.11.2,harvester/v1.8.2,gzip,1.10-150200.10.1,sles,SUSE-SU-2026:3269-1,HIGH,,longhornio/longhorn-ui:v1.11.2 (sles 15.7),1.10-150200.13.1,false,affected,
longhornio/longhorn-ui:v1.11.2,harvester/v1.8.2,nginx,1.21.5-150600.10.12.1,sles,SUSE-SU-2026:3329-1,HIGH,,longhornio/longhorn-ui:v1.11.2 (sles 15.7),1.21.5-150600.10.24.1,false,affected,
longhornio/longhorn-ui:v1.11.2,harvester/v1.8.2,libssh-config,0.9.8-150600.11.12.1,sles,SUSE-SU-2026:3330-1,MEDIUM,,longhornio/longhorn-ui:v1.11.2 (sles 15.7),0.9.8-150600.11.15.1,false,not_affected,vulnerable_code_not_in_execute_path
longhornio/longhorn-ui:v1.11.2,harvester/v1.8.2,libssh4,0.9.8-150600.11.12.1,sles,SUSE-SU-2026:3330-1,MEDIUM,,longhornio/longhorn-ui:v1.11.2 (sles 15.7),0.9.8-150600.11.15.1,false,not_affected,vulnerable_code_not_in_execute_path
longhornio/longhorn-ui:v1.11.2,harvester/v1.8.2,libglib-2_0-0,2.78.6-150600.4.35.1,sles,SUSE-SU-2026:3341-1,HIGH,,longhornio/longhorn-ui:v1.11.2 (sles 15.7),2.78.6-150600.4.38.1,false,not_affected,vulnerable_code_not_in_execute_path
longhornio/longhorn-ui:v1.11.2,harvester/v1.8.2,nginx,1.21.5-150600.10.12.1,sles,SUSE-SU-2026:3469-1,HIGH,,longhornio/longhorn-ui:v1.11.2 (sles 15.7),1.21.5-150600.10.27.1,false,affected,
longhornio/longhorn-ui:v1.11.2,harvester/v1.8.2,libgd3,2.2.5-11.3.1,sles,SUSE-SU-2026:3553-1,HIGH,,longhornio/longhorn-ui:v1.11.2 (sles 15.7),2.2.5-150200.11.8.1,false,affected,
longhornio/longhorn-ui:v1.11.2,harvester/v1.8.2,perl,5.26.1-150300.17.20.1,sles,SUSE-SU-2026:3558-1,HIGH,,longhornio/longhorn-ui:v1.11.2 (sles 15.7),5.26.1-150300.17.23.1,false,affected,
longhornio/longhorn-ui:v1.11.2,harvester/v1.8.2,perl-base,5.26.1-150300.17.20.1,sles,SUSE-SU-2026:3558-1,HIGH,,longhornio/longhorn-ui:v1.11.2 (sles 15.7),5.26.1-150300.17.23.1,false,affected,
longhornio/longhorn-ui:v1.11.2,harvester/v1.8.2,rpm-ndb,4.14.3-150400.59.16.1,sles,SUSE-SU-2026:3600-1,HIGH,,longhornio/longhorn-ui:v1.11.2 (sles 15.7),4.14.3-150400.59.19.1,false,affected,
longhornio/support-bundle-kit:v0.0.84,harvester/v1.8.2,golang.org/x/net,v0.52.0,gobinary,CVE-2026-25680,MEDIUM,https://avd.aquasec.com/nvd/cve-2026-25680,usr/bin/support-bundle-kit,0.55.0,false,not_affected,vulnerable_code_not_in_execute_path
longhornio/support-bundle-kit:v0.0.84,harvester/v1.8.2,golang.org/x/net,v0.52.0,gobinary,CVE-2026-25680,MEDIUM,https://avd.aquasec.com/nvd/cve-2026-25680,usr/bin/yq,0.55.0,false,not_affected,vulnerable_code_not_in_execute_path
longhornio/support-bundle-kit:v0.0.84,harvester/v1.8.2,golang.org/x/net,v0.52.0,gobinary,CVE-2026-25681,HIGH,https://avd.aquasec.com/nvd/cve-2026-25681,usr/bin/support-bundle-kit,0.55.0,false,not_affected,vulnerable_code_not_in_execute_path
longhornio/support-bundle-kit:v0.0.84,harvester/v1.8.2,golang.org/x/net,v0.52.0,gobinary,CVE-2026-25681,HIGH,https://avd.aquasec.com/nvd/cve-2026-25681,usr/bin/yq,0.55.0,false,not_affected,vulnerable_code_not_in_execute_path
longhornio/support-bundle-kit:v0.0.84,harvester/v1.8.2,golang.org/x/net,v0.52.0,gobinary,CVE-2026-27136,HIGH,https://avd.aquasec.com/nvd/cve-2026-27136,usr/bin/support-bundle-kit,0.55.0,false,not_affected,vulnerable_code_not_in_execute_path
longhornio/support-bundle-kit:v0.0.84,harvester/v1.8.2,golang.org/x/net,v0.52.0,gobinary,CVE-2026-27136,HIGH,https://avd.aquasec.com/nvd/cve-2026-27136,usr/bin/yq,0.55.0,false,not_affected,vulnerable_code_not_in_execute_path
longhornio/support-bundle-kit:v0.0.84,harvester/v1.8.2,stdlib,v1.26.2,gobinary,CVE-2026-27145,HIGH,https://avd.aquasec.com/nvd/cve-2026-27145,usr/bin/yq,"1.25.11, 1.26.4",false,not_affected,vulnerable_code_not_in_execute_path
longhornio/support-bundle-kit:v0.0.84,harvester/v1.8.2,stdlib,v1.25.9,gobinary,CVE-2026-33811,HIGH,https://avd.aquasec.com/nvd/cve-2026-33811,usr/bin/support-bundle-kit,"1.25.10, 1.26.3",false,not_affected,vulnerable_code_not_in_execute_path
longhornio/support-bundle-kit:v0.0.84,harvester/v1.8.2,stdlib,v1.26.2,gobinary,CVE-2026-33811,HIGH,https://avd.aquasec.com/nvd/cve-2026-33811,usr/bin/yq,"1.25.10, 1.26.3",false,not_affected,vulnerable_code_not_in_execute_path
longhornio/support-bundle-kit:v0.0.84,harvester/v1.8.2,golang.org/x/net,v0.52.0,gobinary,CVE-2026-33814,HIGH,https://avd.aquasec.com/nvd/cve-2026-33814,usr/bin/support-bundle-kit,0.53.0,false,affected,
longhornio/support-bundle-kit:v0.0.84,harvester/v1.8.2,golang.org/x/net,v0.52.0,gobinary,CVE-2026-33814,HIGH,https://avd.aquasec.com/nvd/cve-2026-33814,usr/bin/yq,0.53.0,false,affected,
longhornio/support-bundle-kit:v0.0.84,harvester/v1.8.2,stdlib,v1.25.9,gobinary,CVE-2026-33814,HIGH,https://avd.aquasec.com/nvd/cve-2026-33814,usr/bin/support-bundle-kit,"1.25.10, 1.26.3",false,affected,
longhornio/support-bundle-kit:v0.0.84,harvester/v1.8.2,stdlib,v1.26.2,gobinary,CVE-2026-33814,HIGH,https://avd.aquasec.com/nvd/cve-2026-33814,usr/bin/yq,"1.25.10, 1.26.3",false,not_affected,vulnerable_code_not_in_execute_path
longhornio/support-bundle-kit:v0.0.84,harvester/v1.8.2,stdlib,v1.25.9,gobinary,CVE-2026-39820,HIGH,https://avd.aquasec.com/nvd/cve-2026-39820,usr/bin/support-bundle-kit,"1.25.10, 1.26.3",false,not_affected,vulnerable_code_not_in_execute_path
longhornio/support-bundle-kit:v0.0.84,harvester/v1.8.2,stdlib,v1.26.2,gobinary,CVE-2026-39820,HIGH,https://avd.aquasec.com/nvd/cve-2026-39820,usr/bin/yq,"1.25.10, 1.26.3",false,not_affected,vulnerable_code_not_present
longhornio/support-bundle-kit:v0.0.84,harvester/v1.8.2,golang.org/x/net,v0.52.0,gobinary,CVE-2026-39821,HIGH,https://avd.aquasec.com/nvd/cve-2026-39821,usr/bin/support-bundle-kit,0.55.0,false,affected,
longhornio/support-bundle-kit:v0.0.84,harvester/v1.8.2,golang.org/x/net,v0.52.0,gobinary,CVE-2026-39821,HIGH,https://avd.aquasec.com/nvd/cve-2026-39821,usr/bin/yq,0.55.0,false,not_affected,vulnerable_code_not_present
longhornio/support-bundle-kit:v0.0.84,harvester/v1.8.2,stdlib,v1.25.9,gobinary,CVE-2026-39822,HIGH,https://avd.aquasec.com/nvd/cve-2026-39822,usr/bin/support-bundle-kit,"1.25.12, 1.26.5, 1.27.0-rc.2",false,not_affected,vulnerable_code_not_in_execute_path
longhornio/support-bundle-kit:v0.0.84,harvester/v1.8.2,stdlib,v1.26.2,gobinary,CVE-2026-39822,HIGH,https://avd.aquasec.com/nvd/cve-2026-39822,usr/bin/yq,"1.25.12, 1.26.5, 1.27.0-rc.2",false,not_affected,vulnerable_code_not_in_execute_path
longhornio/support-bundle-kit:v0.0.84,harvester/v1.8.2,stdlib,v1.25.9,gobinary,CVE-2026-39823,MEDIUM,https://avd.aquasec.com/nvd/cve-2026-39823,usr/bin/support-bundle-kit,"1.25.10, 1.26.3",false,not_affected,vulnerable_code_not_in_execute_path
longhornio/support-bundle-kit:v0.0.84,harvester/v1.8.2,stdlib,v1.26.2,gobinary,CVE-2026-39823,MEDIUM,https://avd.aquasec.com/nvd/cve-2026-39823,usr/bin/yq,"1.25.10, 1.26.3",false,not_affected,vulnerable_code_not_present
longhornio/support-bundle-kit:v0.0.84,harvester/v1.8.2,stdlib,v1.25.9,gobinary,CVE-2026-39825,MEDIUM,https://avd.aquasec.com/nvd/cve-2026-39825,usr/bin/support-bundle-kit,"1.25.10, 1.26.3",false,not_affected,vulnerable_code_not_in_execute_path
longhornio/support-bundle-kit:v0.0.84,harvester/v1.8.2,stdlib,v1.26.2,gobinary,CVE-2026-39825,MEDIUM,https://avd.aquasec.com/nvd/cve-2026-39825,usr/bin/yq,"1.25.10, 1.26.3",false,not_affected,vulnerable_code_not_present
longhornio/support-bundle-kit:v0.0.84,harvester/v1.8.2,stdlib,v1.25.9,gobinary,CVE-2026-39826,MEDIUM,https://avd.aquasec.com/nvd/cve-2026-39826,usr/bin/support-bundle-kit,"1.25.10, 1.26.3",false,not_affected,vulnerable_code_not_in_execute_path
longhornio/support-bundle-kit:v0.0.84,harvester/v1.8.2,stdlib,v1.26.2,gobinary,CVE-2026-39826,MEDIUM,https://avd.aquasec.com/nvd/cve-2026-39826,usr/bin/yq,"1.25.10, 1.26.3",false,not_affected,vulnerable_code_not_present
longhornio/support-bundle-kit:v0.0.84,harvester/v1.8.2,golang.org/x/crypto,v0.49.0,gobinary,CVE-2026-39827,MEDIUM,https://avd.aquasec.com/nvd/cve-2026-39827,usr/bin/support-bundle-kit,0.52.0,false,not_affected,vulnerable_code_not_present
longhornio/support-bundle-kit:v0.0.84,harvester/v1.8.2,golang.org/x/crypto,v0.49.0,gobinary,CVE-2026-39828,HIGH,https://avd.aquasec.com/nvd/cve-2026-39828,usr/bin/support-bundle-kit,0.52.0,false,not_affected,vulnerable_code_not_present
longhornio/support-bundle-kit:v0.0.84,harvester/v1.8.2,golang.org/x/crypto,v0.49.0,gobinary,CVE-2026-39829,HIGH,https://avd.aquasec.com/nvd/cve-2026-39829,usr/bin/support-bundle-kit,0.52.0,false,not_affected,vulnerable_code_not_present
longhornio/support-bundle-kit:v0.0.84,harvester/v1.8.2,golang.org/x/crypto,v0.49.0,gobinary,CVE-2026-39830,HIGH,https://avd.aquasec.com/nvd/cve-2026-39830,usr/bin/support-bundle-kit,0.52.0,false,not_affected,vulnerable_code_not_present
longhornio/support-bundle-kit:v0.0.84,harvester/v1.8.2,golang.org/x/crypto,v0.49.0,gobinary,CVE-2026-39831,HIGH,https://avd.aquasec.com/nvd/cve-2026-39831,usr/bin/support-bundle-kit,0.52.0,false,not_affected,vulnerable_code_not_present
longhornio/support-bundle-kit:v0.0.84,harvester/v1.8.2,golang.org/x/crypto,v0.49.0,gobinary,CVE-2026-39832,HIGH,https://avd.aquasec.com/nvd/cve-2026-39832,usr/bin/support-bundle-kit,0.52.0,false,not_affected,vulnerable_code_not_present
longhornio/support-bundle-kit:v0.0.84,harvester/v1.8.2,golang.org/x/crypto,v0.49.0,gobinary,CVE-2026-39833,MEDIUM,https://avd.aquasec.com/nvd/cve-2026-39833,usr/bin/support-bundle-kit,0.52.0,false,not_affected,vulnerable_code_not_present
longhornio/support-bundle-kit:v0.0.84,harvester/v1.8.2,golang.org/x/crypto,v0.49.0,gobinary,CVE-2026-39834,MEDIUM,https://avd.aquasec.com/nvd/cve-2026-39834,usr/bin/support-bundle-kit,0.52.0,false,not_affected,vulnerable_code_not_present
longhornio/support-bundle-kit:v0.0.84,harvester/v1.8.2,golang.org/x/crypto,v0.49.0,gobinary,CVE-2026-39835,HIGH,https://avd.aquasec.com/nvd/cve-2026-39835,usr/bin/support-bundle-kit,0.52.0,false,not_affected,vulnerable_code_not_present
longhornio/support-bundle-kit:v0.0.84,harvester/v1.8.2,stdlib,v1.25.9,gobinary,CVE-2026-39836,HIGH,https://avd.aquasec.com/nvd/cve-2026-39836,usr/bin/support-bundle-kit,"1.25.10, 1.26.3",false,not_affected,vulnerable_code_not_in_execute_path
longhornio/support-bundle-kit:v0.0.84,harvester/v1.8.2,stdlib,v1.26.2,gobinary,CVE-2026-39836,HIGH,https://avd.aquasec.com/nvd/cve-2026-39836,usr/bin/yq,"1.25.10, 1.26.3",false,not_affected,vulnerable_code_not_in_execute_path
longhornio/support-bundle-kit:v0.0.84,harvester/v1.8.2,stdlib,v1.25.9,gobinary,CVE-2026-42499,HIGH,https://avd.aquasec.com/nvd/cve-2026-42499,usr/bin/support-bundle-kit,"1.25.10, 1.26.3",false,not_affected,vulnerable_code_not_present
longhornio/support-bundle-kit:v0.0.84,harvester/v1.8.2,stdlib,v1.26.2,gobinary,CVE-2026-42499,HIGH,https://avd.aquasec.com/nvd/cve-2026-42499,usr/bin/yq,"1.25.10, 1.26.3",false,not_affected,vulnerable_code_not_present
longhornio/support-bundle-kit:v0.0.84,harvester/v1.8.2,golang.org/x/net,v0.52.0,gobinary,CVE-2026-42502,MEDIUM,https://avd.aquasec.com/nvd/cve-2026-42502,usr/bin/support-bundle-kit,0.55.0,false,not_affected,vulnerable_code_not_in_execute_path
longhornio/support-bundle-kit:v0.0.84,harvester/v1.8.2,golang.org/x/net,v0.52.0,gobinary,CVE-2026-42502,MEDIUM,https://avd.aquasec.com/nvd/cve-2026-42502,usr/bin/yq,0.55.0,false,not_affected,vulnerable_code_not_in_execute_path
longhornio/support-bundle-kit:v0.0.84,harvester/v1.8.2,stdlib,v1.26.2,gobinary,CVE-2026-42504,HIGH,https://avd.aquasec.com/nvd/cve-2026-42504,usr/bin/yq,"1.25.11, 1.26.4",false,not_affected,vulnerable_code_not_in_execute_path
longhornio/support-bundle-kit:v0.0.84,harvester/v1.8.2,stdlib,v1.26.2,gobinary,CVE-2026-42505,MEDIUM,https://avd.aquasec.com/nvd/cve-2026-42505,usr/bin/yq,"1.25.12, 1.26.5, 1.27.0-rc.2",false,not_affected,vulnerable_code_not_in_execute_path
longhornio/support-bundle-kit:v0.0.84,harvester/v1.8.2,golang.org/x/net,v0.52.0,gobinary,CVE-2026-42506,MEDIUM,https://avd.aquasec.com/nvd/cve-2026-42506,usr/bin/support-bundle-kit,0.55.0,false,not_affected,vulnerable_code_not_in_execute_path
longhornio/support-bundle-kit:v0.0.84,harvester/v1.8.2,golang.org/x/net,v0.52.0,gobinary,CVE-2026-42506,MEDIUM,https://avd.aquasec.com/nvd/cve-2026-42506,usr/bin/yq,0.55.0,false,not_affected,vulnerable_code_not_in_execute_path
longhornio/support-bundle-kit:v0.0.84,harvester/v1.8.2,stdlib,v1.26.2,gobinary,CVE-2026-42507,MEDIUM,https://avd.aquasec.com/nvd/cve-2026-42507,usr/bin/yq,"1.25.11, 1.26.4",false,not_affected,vulnerable_code_not_present
longhornio/support-bundle-kit:v0.0.84,harvester/v1.8.2,golang.org/x/crypto,v0.49.0,gobinary,CVE-2026-42508,HIGH,https://avd.aquasec.com/nvd/cve-2026-42508,usr/bin/support-bundle-kit,0.52.0,false,not_affected,vulnerable_code_not_present
longhornio/support-bundle-kit:v0.0.84,harvester/v1.8.2,golang.org/x/crypto,v0.49.0,gobinary,CVE-2026-46595,HIGH,https://avd.aquasec.com/nvd/cve-2026-46595,usr/bin/support-bundle-kit,0.52.0,false,not_affected,vulnerable_code_not_present
longhornio/support-bundle-kit:v0.0.84,harvester/v1.8.2,golang.org/x/crypto,v0.49.0,gobinary,CVE-2026-46597,HIGH,https://avd.aquasec.com/nvd/cve-2026-46597,usr/bin/support-bundle-kit,0.52.0,false,not_affected,vulnerable_code_not_present
longhornio/support-bundle-kit:v0.0.84,harvester/v1.8.2,golang.org/x/crypto,v0.49.0,gobinary,CVE-2026-46598,MEDIUM,https://avd.aquasec.com/nvd/cve-2026-46598,usr/bin/support-bundle-kit,0.52.0,false,not_affected,vulnerable_code_not_present
longhornio/support-bundle-kit:v0.0.84,harvester/v1.8.2,golang.org/x/net,v0.52.0,gobinary,CVE-2026-46600,HIGH,https://avd.aquasec.com/nvd/cve-2026-46600,usr/bin/support-bundle-kit,0.56.0,false,not_affected,vulnerable_code_not_present
longhornio/support-bundle-kit:v0.0.84,harvester/v1.8.2,golang.org/x/net,v0.52.0,gobinary,CVE-2026-46600,HIGH,https://avd.aquasec.com/nvd/cve-2026-46600,usr/bin/yq,0.56.0,false,not_affected,vulnerable_code_not_present
longhornio/support-bundle-kit:v0.0.84,harvester/v1.8.2,google.golang.org/grpc,v1.79.3,gobinary,GHSA-hrxh-6v49-42gf,HIGH,https://github.com/advisories/GHSA-hrxh-6v49-42gf,usr/bin/support-bundle-kit,1.82.1,false,affected,
longhornio/support-bundle-kit:v0.0.84,harvester/v1.8.2,libncurses6,6.1-150000.5.30.1,sles,SUSE-SU-2026:1510-1,MEDIUM,,longhornio/support-bundle-kit:v0.0.84 (sles 15.7),6.1-150000.5.33.1,false,not_affected,vulnerable_code_not_in_execute_path
longhornio/support-bundle-kit:v0.0.84,harvester/v1.8.2,ncurses-utils,6.1-150000.5.30.1,sles,SUSE-SU-2026:1510-1,MEDIUM,,longhornio/support-bundle-kit:v0.0.84 (sles 15.7),6.1-150000.5.33.1,false,not_affected,vulnerable_code_not_in_execute_path
longhornio/support-bundle-kit:v0.0.84,harvester/v1.8.2,terminfo-base,6.1-150000.5.30.1,sles,SUSE-SU-2026:1510-1,MEDIUM,,longhornio/support-bundle-kit:v0.0.84 (sles 15.7),6.1-150000.5.33.1,false,not_affected,vulnerable_code_not_in_execute_path
longhornio/support-bundle-kit:v0.0.84,harvester/v1.8.2,liblzma5,5.4.1-150600.3.3.1,sles,SUSE-SU-2026:2051-1,HIGH,,longhornio/support-bundle-kit:v0.0.84 (sles 15.7),5.4.1-150600.3.6.1,false,affected,
longhornio/support-bundle-kit:v0.0.84,harvester/v1.8.2,glibc,2.38-150600.14.46.1,sles,SUSE-SU-2026:2231-1,HIGH,,longhornio/support-bundle-kit:v0.0.84 (sles 15.7),2.38-150600.14.49.1,false,affected,
longhornio/support-bundle-kit:v0.0.84,harvester/v1.8.2,libsmartcols1,2.40.4-150700.4.10.1,sles,SUSE-SU-2026:2485-1,MEDIUM,,longhornio/support-bundle-kit:v0.0.84 (sles 15.7),2.40.4-150700.4.13.1,false,not_affected,vulnerable_code_not_in_execute_path
longhornio/support-bundle-kit:v0.0.84,harvester/v1.8.2,libsqlite3-0,3.51.3-150000.3.39.1,sles,SUSE-SU-2026:2528-1,HIGH,,longhornio/support-bundle-kit:v0.0.84 (sles 15.7),3.53.2-150000.3.42.1,false,not_affected,vulnerable_code_not_in_execute_path
longhornio/support-bundle-kit:v0.0.84,harvester/v1.8.2,libsolv-tools-base,0.7.35-150700.11.5.2,sles,SUSE-SU-2026:2531-1,HIGH,,longhornio/support-bundle-kit:v0.0.84 (sles 15.7),0.7.39-150700.11.10.1,false,not_affected,vulnerable_code_not_in_execute_path
longhornio/support-bundle-kit:v0.0.84,harvester/v1.8.2,libzypp,17.37.18-150700.6.3.1,sles,SUSE-SU-2026:2531-1,HIGH,,longhornio/support-bundle-kit:v0.0.84 (sles 15.7),17.38.13-150700.6.13.1,false,not_affected,vulnerable_code_not_in_execute_path
longhornio/support-bundle-kit:v0.0.84,harvester/v1.8.2,zypper,1.14.94-150700.13.3.1,sles,SUSE-SU-2026:2531-1,HIGH,,longhornio/support-bundle-kit:v0.0.84 (sles 15.7),1.14.98-150700.13.6.1,false,not_affected,vulnerable_code_not_in_execute_path
longhornio/support-bundle-kit:v0.0.84,harvester/v1.8.2,libopenssl-3-fips-provider,3.2.3-150700.5.31.1,sles,SUSE-SU-2026:2648-1,HIGH,,longhornio/support-bundle-kit:v0.0.84 (sles 15.7),3.2.3-150700.5.36.1,false,not_affected,vulnerable_code_not_in_execute_path
longhornio/support-bundle-kit:v0.0.84,harvester/v1.8.2,libopenssl3,3.2.3-150700.5.31.1,sles,SUSE-SU-2026:2648-1,HIGH,,longhornio/support-bundle-kit:v0.0.84 (sles 15.7),3.2.3-150700.5.36.1,false,not_affected,vulnerable_code_not_in_execute_path
longhornio/support-bundle-kit:v0.0.84,harvester/v1.8.2,openssl-3,3.2.3-150700.5.31.1,sles,SUSE-SU-2026:2648-1,HIGH,,longhornio/support-bundle-kit:v0.0.84 (sles 15.7),3.2.3-150700.5.36.1,false,affected,
longhornio/support-bundle-kit:v0.0.84,harvester/v1.8.2,tar,1.34-150000.3.37.1,sles,SUSE-SU-2026:2714-1,MEDIUM,,longhornio/support-bundle-kit:v0.0.84 (sles 15.7),1.34-150000.3.42.1,false,not_affected,vulnerable_code_not_in_execute_path
longhornio/support-bundle-kit:v0.0.84,harvester/v1.8.2,krb5,1.20.1-150600.11.14.1,sles,SUSE-SU-2026:2848-1,HIGH,,longhornio/support-bundle-kit:v0.0.84 (sles 15.7),1.20.1-150600.11.19.1,false,affected,
longhornio/support-bundle-kit:v0.0.84,harvester/v1.8.2,curl,8.14.1-150700.7.14.1,sles,SUSE-SU-2026:2925-1,HIGH,,longhornio/support-bundle-kit:v0.0.84 (sles 15.7),8.14.1-150700.7.20.1,false,affected,
longhornio/support-bundle-kit:v0.0.84,harvester/v1.8.2,libcurl4,8.14.1-150700.7.14.1,sles,SUSE-SU-2026:2925-1,HIGH,,longhornio/support-bundle-kit:v0.0.84 (sles 15.7),8.14.1-150700.7.20.1,false,affected,
longhornio/support-bundle-kit:v0.0.84,harvester/v1.8.2,libxml2-2,2.12.10-150700.4.11.1,sles,SUSE-SU-2026:3097-1,HIGH,,longhornio/support-bundle-kit:v0.0.84 (sles 15.7),2.12.10-150700.4.14.1,false,not_affected,vulnerable_code_not_in_execute_path
longhornio/support-bundle-kit:v0.0.84,harvester/v1.8.2,pam,1.3.0-150000.6.86.1,sles,SUSE-SU-2026:3163-1,MEDIUM,,longhornio/support-bundle-kit:v0.0.84 (sles 15.7),1.3.0-150000.6.89.1,false,not_affected,vulnerable_code_not_in_execute_path
longhornio/support-bundle-kit:v0.0.84,harvester/v1.8.2,gzip,1.10-150200.10.1,sles,SUSE-SU-2026:3269-1,HIGH,,longhornio/support-bundle-kit:v0.0.84 (sles 15.7),1.10-150200.13.1,false,affected,
longhornio/support-bundle-kit:v0.0.84,harvester/v1.8.2,libssh-config,0.9.8-150600.11.12.1,sles,SUSE-SU-2026:3330-1,MEDIUM,,longhornio/support-bundle-kit:v0.0.84 (sles 15.7),0.9.8-150600.11.15.1,false,not_affected,vulnerable_code_not_in_execute_path
longhornio/support-bundle-kit:v0.0.84,harvester/v1.8.2,libssh4,0.9.8-150600.11.12.1,sles,SUSE-SU-2026:3330-1,MEDIUM,,longhornio/support-bundle-kit:v0.0.84 (sles 15.7),0.9.8-150600.11.15.1,false,not_affected,vulnerable_code_not_in_execute_path
longhornio/support-bundle-kit:v0.0.84,harvester/v1.8.2,libglib-2_0-0,2.78.6-150600.4.35.1,sles,SUSE-SU-2026:3341-1,HIGH,,longhornio/support-bundle-kit:v0.0.84 (sles 15.7),2.78.6-150600.4.38.1,false,affected,
longhornio/support-bundle-kit:v0.0.84,harvester/v1.8.2,perl-base,5.26.1-150300.17.20.1,sles,SUSE-SU-2026:3558-1,HIGH,,longhornio/support-bundle-kit:v0.0.84 (sles 15.7),5.26.1-150300.17.23.1,false,affected,
longhornio/support-bundle-kit:v0.0.84,harvester/v1.8.2,rpm-ndb,4.14.3-150400.59.16.1,sles,SUSE-SU-2026:3600-1,HIGH,,longhornio/support-bundle-kit:v0.0.84 (sles 15.7),4.14.3-150400.59.19.1,false,affected,
rancher/appco-alertmanager:0.28.1-12.7,harvester/v1.8.2,golang.org/x/oauth2,v0.24.0,gobinary,CVE-2025-22868,HIGH,https://avd.aquasec.com/nvd/cve-2025-22868,usr/bin/alertmanager,0.27.0,false,not_affected,vulnerable_code_not_present
rancher/appco-alertmanager:0.28.1-12.7,harvester/v1.8.2,golang.org/x/crypto,v0.31.0,gobinary,CVE-2025-22869,HIGH,https://avd.aquasec.com/nvd/cve-2025-22869,usr/bin/alertmanager,0.35.0,false,not_affected,vulnerable_code_not_present
rancher/appco-alertmanager:0.28.1-12.7,harvester/v1.8.2,golang.org/x/net,v0.33.0,gobinary,CVE-2025-22872,MEDIUM,https://avd.aquasec.com/nvd/cve-2025-22872,usr/bin/alertmanager,0.38.0,false,not_affected,vulnerable_code_not_present
rancher/appco-alertmanager:0.28.1-12.7,harvester/v1.8.2,golang.org/x/net,v0.33.0,gobinary,CVE-2025-47911,MEDIUM,https://avd.aquasec.com/nvd/cve-2025-47911,usr/bin/alertmanager,0.45.0,false,not_affected,vulnerable_code_not_present
rancher/appco-alertmanager:0.28.1-12.7,harvester/v1.8.2,golang.org/x/crypto,v0.31.0,gobinary,CVE-2025-47913,HIGH,https://avd.aquasec.com/nvd/cve-2025-47913,usr/bin/alertmanager,0.43.0,false,not_affected,vulnerable_code_not_present
rancher/appco-alertmanager:0.28.1-12.7,harvester/v1.8.2,golang.org/x/crypto,v0.31.0,gobinary,CVE-2025-47914,MEDIUM,https://avd.aquasec.com/nvd/cve-2025-47914,usr/bin/alertmanager,0.45.0,false,not_affected,vulnerable_code_not_present
rancher/appco-alertmanager:0.28.1-12.7,harvester/v1.8.2,golang.org/x/crypto,v0.31.0,gobinary,CVE-2025-58181,MEDIUM,https://avd.aquasec.com/nvd/cve-2025-58181,usr/bin/alertmanager,0.45.0,false,not_affected,vulnerable_code_not_present
rancher/appco-alertmanager:0.28.1-12.7,harvester/v1.8.2,golang.org/x/net,v0.33.0,gobinary,CVE-2025-58190,MEDIUM,https://avd.aquasec.com/nvd/cve-2025-58190,usr/bin/alertmanager,0.45.0,false,not_affected,vulnerable_code_not_present
rancher/appco-alertmanager:0.28.1-12.7,harvester/v1.8.2,stdlib,v1.25.3,gobinary,CVE-2025-61727,HIGH,https://avd.aquasec.com/nvd/cve-2025-61727,usr/bin/alertmanager,"1.24.11, 1.25.5",false,affected,severity_changed_due_to_suse_cvss_score
rancher/appco-alertmanager:0.28.1-12.7,harvester/v1.8.2,stdlib,v1.25.3,gobinary,CVE-2025-61729,HIGH,https://avd.aquasec.com/nvd/cve-2025-61729,usr/bin/alertmanager,"1.24.11, 1.25.5",false,affected,
rancher/appco-alertmanager:0.28.1-12.7,harvester/v1.8.2,stdlib,v1.25.3,gobinary,CVE-2025-68121,HIGH,https://avd.aquasec.com/nvd/cve-2025-68121,usr/bin/alertmanager,"1.24.13, 1.25.7, 1.26.0-rc.3",false,affected,severity_changed_due_to_suse_cvss_score
rancher/appco-alertmanager:0.28.1-12.7,harvester/v1.8.2,go.mongodb.org/mongo-driver,v1.14.0,gobinary,CVE-2026-2303,MEDIUM,https://avd.aquasec.com/nvd/cve-2026-2303,usr/bin/alertmanager,1.17.7,false,not_affected,vulnerable_code_not_present
rancher/appco-alertmanager:0.28.1-12.7,harvester/v1.8.2,golang.org/x/net,v0.33.0,gobinary,CVE-2026-25680,MEDIUM,https://avd.aquasec.com/nvd/cve-2026-25680,usr/bin/alertmanager,0.55.0,false,not_affected,vulnerable_code_not_present
rancher/appco-alertmanager:0.28.1-12.7,harvester/v1.8.2,golang.org/x/net,v0.33.0,gobinary,CVE-2026-25681,HIGH,https://avd.aquasec.com/nvd/cve-2026-25681,usr/bin/alertmanager,0.55.0,false,not_affected,vulnerable_code_not_present
rancher/appco-alertmanager:0.28.1-12.7,harvester/v1.8.2,golang.org/x/net,v0.33.0,gobinary,CVE-2026-27136,HIGH,https://avd.aquasec.com/nvd/cve-2026-27136,usr/bin/alertmanager,0.55.0,false,not_affected,vulnerable_code_not_present
rancher/appco-alertmanager:0.28.1-12.7,harvester/v1.8.2,stdlib,v1.25.3,gobinary,CVE-2026-32280,HIGH,https://avd.aquasec.com/nvd/cve-2026-32280,usr/bin/alertmanager,"1.25.9, 1.26.2",false,affected,
rancher/appco-alertmanager:0.28.1-12.7,harvester/v1.8.2,stdlib,v1.25.3,gobinary,CVE-2026-33811,HIGH,https://avd.aquasec.com/nvd/cve-2026-33811,usr/bin/alertmanager,"1.25.10, 1.26.3",false,affected,
rancher/appco-alertmanager:0.28.1-12.7,harvester/v1.8.2,golang.org/x/net,v0.33.0,gobinary,CVE-2026-33814,HIGH,https://avd.aquasec.com/nvd/cve-2026-33814,usr/bin/alertmanager,0.53.0,false,affected,
rancher/appco-alertmanager:0.28.1-12.7,harvester/v1.8.2,stdlib,v1.25.3,gobinary,CVE-2026-33814,HIGH,https://avd.aquasec.com/nvd/cve-2026-33814,usr/bin/alertmanager,"1.25.10, 1.26.3",false,affected,
rancher/appco-alertmanager:0.28.1-12.7,harvester/v1.8.2,stdlib,v1.25.3,gobinary,CVE-2026-39820,HIGH,https://avd.aquasec.com/nvd/cve-2026-39820,usr/bin/alertmanager,"1.25.10, 1.26.3",false,affected,
rancher/appco-alertmanager:0.28.1-12.7,harvester/v1.8.2,golang.org/x/net,v0.33.0,gobinary,CVE-2026-39821,HIGH,https://avd.aquasec.com/nvd/cve-2026-39821,usr/bin/alertmanager,0.55.0,false,affected,
rancher/appco-alertmanager:0.28.1-12.7,harvester/v1.8.2,stdlib,v1.25.3,gobinary,CVE-2026-39822,HIGH,https://avd.aquasec.com/nvd/cve-2026-39822,usr/bin/alertmanager,"1.25.12, 1.26.5, 1.27.0-rc.2",false,affected,
rancher/appco-alertmanager:0.28.1-12.7,harvester/v1.8.2,golang.org/x/crypto,v0.31.0,gobinary,CVE-2026-39827,MEDIUM,https://avd.aquasec.com/nvd/cve-2026-39827,usr/bin/alertmanager,0.52.0,false,not_affected,vulnerable_code_not_present
rancher/appco-alertmanager:0.28.1-12.7,harvester/v1.8.2,golang.org/x/crypto,v0.31.0,gobinary,CVE-2026-39828,HIGH,https://avd.aquasec.com/nvd/cve-2026-39828,usr/bin/alertmanager,0.52.0,false,not_affected,vulnerable_code_not_present
rancher/appco-alertmanager:0.28.1-12.7,harvester/v1.8.2,golang.org/x/crypto,v0.31.0,gobinary,CVE-2026-39829,HIGH,https://avd.aquasec.com/nvd/cve-2026-39829,usr/bin/alertmanager,0.52.0,false,not_affected,vulnerable_code_not_present
rancher/appco-alertmanager:0.28.1-12.7,harvester/v1.8.2,golang.org/x/crypto,v0.31.0,gobinary,CVE-2026-39830,HIGH,https://avd.aquasec.com/nvd/cve-2026-39830,usr/bin/alertmanager,0.52.0,false,not_affected,vulnerable_code_not_present
rancher/appco-alertmanager:0.28.1-12.7,harvester/v1.8.2,golang.org/x/crypto,v0.31.0,gobinary,CVE-2026-39831,HIGH,https://avd.aquasec.com/nvd/cve-2026-39831,usr/bin/alertmanager,0.52.0,false,not_affected,vulnerable_code_not_present
rancher/appco-alertmanager:0.28.1-12.7,harvester/v1.8.2,golang.org/x/crypto,v0.31.0,gobinary,CVE-2026-39832,HIGH,https://avd.aquasec.com/nvd/cve-2026-39832,usr/bin/alertmanager,0.52.0,false,not_affected,vulnerable_code_not_present
rancher/appco-alertmanager:0.28.1-12.7,harvester/v1.8.2,golang.org/x/crypto,v0.31.0,gobinary,CVE-2026-39833,MEDIUM,https://avd.aquasec.com/nvd/cve-2026-39833,usr/bin/alertmanager,0.52.0,false,not_affected,vulnerable_code_not_present
rancher/appco-alertmanager:0.28.1-12.7,harvester/v1.8.2,golang.org/x/crypto,v0.31.0,gobinary,CVE-2026-39834,MEDIUM,https://avd.aquasec.com/nvd/cve-2026-39834,usr/bin/alertmanager,0.52.0,false,not_affected,vulnerable_code_not_present
rancher/appco-alertmanager:0.28.1-12.7,harvester/v1.8.2,golang.org/x/crypto,v0.31.0,gobinary,CVE-2026-39835,HIGH,https://avd.aquasec.com/nvd/cve-2026-39835,usr/bin/alertmanager,0.52.0,false,not_affected,vulnerable_code_not_present
rancher/appco-alertmanager:0.28.1-12.7,harvester/v1.8.2,stdlib,v1.25.3,gobinary,CVE-2026-39836,HIGH,https://avd.aquasec.com/nvd/cve-2026-39836,usr/bin/alertmanager,"1.25.10, 1.26.3",false,affected,
rancher/appco-alertmanager:0.28.1-12.7,harvester/v1.8.2,stdlib,v1.25.3,gobinary,CVE-2026-42499,HIGH,https://avd.aquasec.com/nvd/cve-2026-42499,usr/bin/alertmanager,"1.25.10, 1.26.3",false,affected,
rancher/appco-alertmanager:0.28.1-12.7,harvester/v1.8.2,golang.org/x/net,v0.33.0,gobinary,CVE-2026-42502,MEDIUM,https://avd.aquasec.com/nvd/cve-2026-42502,usr/bin/alertmanager,0.55.0,false,not_affected,vulnerable_code_not_present
rancher/appco-alertmanager:0.28.1-12.7,harvester/v1.8.2,golang.org/x/net,v0.33.0,gobinary,CVE-2026-42506,MEDIUM,https://avd.aquasec.com/nvd/cve-2026-42506,usr/bin/alertmanager,0.55.0,false,not_affected,vulnerable_code_not_present
rancher/appco-alertmanager:0.28.1-12.7,harvester/v1.8.2,golang.org/x/crypto,v0.31.0,gobinary,CVE-2026-42508,HIGH,https://avd.aquasec.com/nvd/cve-2026-42508,usr/bin/alertmanager,0.52.0,false,not_affected,vulnerable_code_not_present
rancher/appco-alertmanager:0.28.1-12.7,harvester/v1.8.2,golang.org/x/crypto,v0.31.0,gobinary,CVE-2026-46595,HIGH,https://avd.aquasec.com/nvd/cve-2026-46595,usr/bin/alertmanager,0.52.0,false,not_affected,vulnerable_code_not_present
rancher/appco-alertmanager:0.28.1-12.7,harvester/v1.8.2,golang.org/x/crypto,v0.31.0,gobinary,CVE-2026-46597,HIGH,https://avd.aquasec.com/nvd/cve-2026-46597,usr/bin/alertmanager,0.52.0,false,not_affected,vulnerable_code_not_present
rancher/appco-alertmanager:0.28.1-12.7,harvester/v1.8.2,golang.org/x/crypto,v0.31.0,gobinary,CVE-2026-46598,MEDIUM,https://avd.aquasec.com/nvd/cve-2026-46598,usr/bin/alertmanager,0.52.0,false,not_affected,vulnerable_code_not_present
rancher/appco-alertmanager:0.28.1-12.7,harvester/v1.8.2,golang.org/x/net,v0.33.0,gobinary,CVE-2026-46600,HIGH,https://avd.aquasec.com/nvd/cve-2026-46600,usr/bin/alertmanager,0.56.0,false,not_affected,vulnerable_code_not_present
rancher/appco-alertmanager:0.28.1-12.7,harvester/v1.8.2,glibc,2.38-150600.14.37.1,sles,SUSE-SU-2026:0371-1,HIGH,,rancher/appco-alertmanager:0.28.1-12.7 (sles 15.7),2.38-150600.14.40.1,false,affected,
rancher/appco-alertmanager:0.28.1-12.7,harvester/v1.8.2,glibc,2.38-150600.14.37.1,sles,SUSE-SU-2026:1369-1,HIGH,,rancher/appco-alertmanager:0.28.1-12.7 (sles 15.7),2.38-150600.14.46.1,false,affected,
rancher/appco-alertmanager:0.28.1-12.7,harvester/v1.8.2,libcap2,2.63-150400.3.3.1,sles,SUSE-SU-2026:1432-1,HIGH,,rancher/appco-alertmanager:0.28.1-12.7 (sles 15.7),2.63-150400.3.6.1,false,not_affected,vulnerable_code_not_in_execute_path
rancher/appco-alertmanager:0.28.1-12.7,harvester/v1.8.2,libncurses6,6.1-150000.5.30.1,sles,SUSE-SU-2026:1510-1,MEDIUM,,rancher/appco-alertmanager:0.28.1-12.7 (sles 15.7),6.1-150000.5.33.1,false,not_affected,vulnerable_code_not_in_execute_path
rancher/appco-alertmanager:0.28.1-12.7,harvester/v1.8.2,terminfo-base,6.1-150000.5.30.1,sles,SUSE-SU-2026:1510-1,MEDIUM,,rancher/appco-alertmanager:0.28.1-12.7 (sles 15.7),6.1-150000.5.33.1,false,not_affected,vulnerable_code_not_in_execute_path
rancher/appco-alertmanager:0.28.1-12.7,harvester/v1.8.2,glibc,2.38-150600.14.37.1,sles,SUSE-SU-2026:2231-1,HIGH,,rancher/appco-alertmanager:0.28.1-12.7 (sles 15.7),2.38-150600.14.49.1,false,affected,
rancher/appco-grafana:12.1.1-2.2,harvester/v1.8.2,github.com/grafana/grafana,12.1.1,gobinary,CVE-2025-41115,CRITICAL,https://avd.aquasec.com/nvd/cve-2025-41115,usr/share/grafana/bin/grafana,"12.0.7, 12.1.4, 12.2.2, 1.9.2-0.20251106142618-ca5d89812015",false,affected,
rancher/appco-grafana:12.1.1-2.2,harvester/v1.8.2,github.com/grafana/grafana,12.1.1,gobinary,CVE-2025-41115,CRITICAL,https://avd.aquasec.com/nvd/cve-2025-41115,usr/share/grafana/bin/grafana-cli,"12.0.7, 12.1.4, 12.2.2, 1.9.2-0.20251106142618-ca5d89812015",false,affected,
rancher/appco-grafana:12.1.1-2.2,harvester/v1.8.2,github.com/grafana/grafana,12.1.1,gobinary,CVE-2025-41115,CRITICAL,https://avd.aquasec.com/nvd/cve-2025-41115,usr/share/grafana/bin/grafana-server,"12.0.7, 12.1.4, 12.2.2, 1.9.2-0.20251106142618-ca5d89812015",false,affected,
rancher/appco-grafana:12.1.1-2.2,harvester/v1.8.2,stdlib,v1.25.1,gobinary,CVE-2025-47912,HIGH,https://avd.aquasec.com/nvd/cve-2025-47912,usr/share/grafana/bin/grafana,"1.24.8, 1.25.2",false,affected,severity_changed_due_to_suse_cvss_score
rancher/appco-grafana:12.1.1-2.2,harvester/v1.8.2,stdlib,v1.25.1,gobinary,CVE-2025-47912,HIGH,https://avd.aquasec.com/nvd/cve-2025-47912,usr/share/grafana/bin/grafana-cli,"1.24.8, 1.25.2",false,affected,severity_changed_due_to_suse_cvss_score
rancher/appco-grafana:12.1.1-2.2,harvester/v1.8.2,stdlib,v1.25.1,gobinary,CVE-2025-47912,HIGH,https://avd.aquasec.com/nvd/cve-2025-47912,usr/share/grafana/bin/grafana-server,"1.24.8, 1.25.2",false,affected,severity_changed_due_to_suse_cvss_score
rancher/appco-grafana:12.1.1-2.2,harvester/v1.8.2,golang.org/x/crypto,v0.39.0,gobinary,CVE-2025-47913,HIGH,https://avd.aquasec.com/nvd/cve-2025-47913,usr/share/grafana/bin/grafana,0.43.0,false,affected,
rancher/appco-grafana:12.1.1-2.2,harvester/v1.8.2,golang.org/x/crypto,v0.39.0,gobinary,CVE-2025-47914,MEDIUM,https://avd.aquasec.com/nvd/cve-2025-47914,usr/share/grafana/bin/grafana,0.45.0,false,not_affected,vulnerable_code_not_in_execute_path
rancher/appco-grafana:12.1.1-2.2,harvester/v1.8.2,golang.org/x/crypto,v0.39.0,gobinary,CVE-2025-58181,MEDIUM,https://avd.aquasec.com/nvd/cve-2025-58181,usr/share/grafana/bin/grafana,0.45.0,false,not_affected,vulnerable_code_not_in_execute_path
rancher/appco-grafana:12.1.1-2.2,harvester/v1.8.2,stdlib,v1.25.1,gobinary,CVE-2025-58188,HIGH,https://avd.aquasec.com/nvd/cve-2025-58188,usr/share/grafana/bin/grafana,"1.24.8, 1.25.2",false,affected,severity_changed_due_to_suse_cvss_score
rancher/appco-grafana:12.1.1-2.2,harvester/v1.8.2,stdlib,v1.25.1,gobinary,CVE-2025-58188,HIGH,https://avd.aquasec.com/nvd/cve-2025-58188,usr/share/grafana/bin/grafana-cli,"1.24.8, 1.25.2",false,affected,severity_changed_due_to_suse_cvss_score
rancher/appco-grafana:12.1.1-2.2,harvester/v1.8.2,stdlib,v1.25.1,gobinary,CVE-2025-58188,HIGH,https://avd.aquasec.com/nvd/cve-2025-58188,usr/share/grafana/bin/grafana-server,"1.24.8, 1.25.2",false,affected,severity_changed_due_to_suse_cvss_score
rancher/appco-grafana:12.1.1-2.2,harvester/v1.8.2,stdlib,v1.25.1,gobinary,CVE-2025-61727,HIGH,https://avd.aquasec.com/nvd/cve-2025-61727,usr/share/grafana/bin/grafana,"1.24.11, 1.25.5",false,affected,severity_changed_due_to_suse_cvss_score
rancher/appco-grafana:12.1.1-2.2,harvester/v1.8.2,stdlib,v1.25.1,gobinary,CVE-2025-61727,HIGH,https://avd.aquasec.com/nvd/cve-2025-61727,usr/share/grafana/bin/grafana-cli,"1.24.11, 1.25.5",false,affected,severity_changed_due_to_suse_cvss_score
rancher/appco-grafana:12.1.1-2.2,harvester/v1.8.2,stdlib,v1.25.1,gobinary,CVE-2025-61727,HIGH,https://avd.aquasec.com/nvd/cve-2025-61727,usr/share/grafana/bin/grafana-server,"1.24.11, 1.25.5",false,affected,severity_changed_due_to_suse_cvss_score
rancher/appco-grafana:12.1.1-2.2,harvester/v1.8.2,stdlib,v1.25.1,gobinary,CVE-2025-61729,HIGH,https://avd.aquasec.com/nvd/cve-2025-61729,usr/share/grafana/bin/grafana,"1.24.11, 1.25.5",false,affected,
rancher/appco-grafana:12.1.1-2.2,harvester/v1.8.2,stdlib,v1.25.1,gobinary,CVE-2025-61729,HIGH,https://avd.aquasec.com/nvd/cve-2025-61729,usr/share/grafana/bin/grafana-cli,"1.24.11, 1.25.5",false,affected,
rancher/appco-grafana:12.1.1-2.2,harvester/v1.8.2,stdlib,v1.25.1,gobinary,CVE-2025-61729,HIGH,https://avd.aquasec.com/nvd/cve-2025-61729,usr/share/grafana/bin/grafana-server,"1.24.11, 1.25.5",false,affected,
rancher/appco-grafana:12.1.1-2.2,harvester/v1.8.2,github.com/openfga/openfga,v1.8.13,gobinary,CVE-2025-64751,HIGH,https://avd.aquasec.com/nvd/cve-2025-64751,usr/share/grafana/bin/grafana,1.11.1,false,affected,severity_changed_due_to_suse_cvss_score
rancher/appco-grafana:12.1.1-2.2,harvester/v1.8.2,stdlib,v1.25.1,gobinary,CVE-2025-68121,HIGH,https://avd.aquasec.com/nvd/cve-2025-68121,usr/share/grafana/bin/grafana,"1.24.13, 1.25.7, 1.26.0-rc.3",false,affected,severity_changed_due_to_suse_cvss_score
rancher/appco-grafana:12.1.1-2.2,harvester/v1.8.2,stdlib,v1.25.1,gobinary,CVE-2025-68121,HIGH,https://avd.aquasec.com/nvd/cve-2025-68121,usr/share/grafana/bin/grafana-cli,"1.24.13, 1.25.7, 1.26.0-rc.3",false,affected,severity_changed_due_to_suse_cvss_score
rancher/appco-grafana:12.1.1-2.2,harvester/v1.8.2,stdlib,v1.25.1,gobinary,CVE-2025-68121,HIGH,https://avd.aquasec.com/nvd/cve-2025-68121,usr/share/grafana/bin/grafana-server,"1.24.13, 1.25.7, 1.26.0-rc.3",false,affected,severity_changed_due_to_suse_cvss_score
rancher/appco-grafana:12.1.1-2.2,harvester/v1.8.2,github.com/grafana/tempo,v1.5.1-0.20250529124718-87c2dc380cec,gobinary,CVE-2026-21728,HIGH,https://avd.aquasec.com/nvd/cve-2026-21728,usr/share/grafana/bin/grafana,"2.8.4, 2.9.2, 2.10.2",false,affected,
rancher/appco-grafana:12.1.1-2.2,harvester/v1.8.2,go.mongodb.org/mongo-driver,v1.16.1,gobinary,CVE-2026-2303,MEDIUM,https://avd.aquasec.com/nvd/cve-2026-2303,usr/share/grafana/bin/grafana,1.17.7,false,not_affected,vulnerable_code_not_present
rancher/appco-grafana:12.1.1-2.2,harvester/v1.8.2,go.opentelemetry.io/otel/sdk,v1.36.0,gobinary,CVE-2026-24051,HIGH,https://avd.aquasec.com/nvd/cve-2026-24051,usr/share/grafana/bin/grafana,1.40.0,false,not_affected,vulnerable_code_not_present
rancher/appco-grafana:12.1.1-2.2,harvester/v1.8.2,golang.org/x/net,v0.41.0,gobinary,CVE-2026-25680,HIGH,https://avd.aquasec.com/nvd/cve-2026-25680,usr/share/grafana/bin/grafana,0.55.0,false,affected,severity_changed_due_to_suse_cvss_score
rancher/appco-grafana:12.1.1-2.2,harvester/v1.8.2,github.com/grafana/grafana,12.1.1,gobinary,CVE-2026-27877,HIGH,https://avd.aquasec.com/nvd/cve-2026-27877,usr/share/grafana/bin/grafana,1.9.2-0.20260325055210-3522153e07b4,false,affected,severity_changed_due_to_suse_cvss_score
rancher/appco-grafana:12.1.1-2.2,harvester/v1.8.2,github.com/grafana/grafana,12.1.1,gobinary,CVE-2026-27877,HIGH,https://avd.aquasec.com/nvd/cve-2026-27877,usr/share/grafana/bin/grafana-cli,1.9.2-0.20260325055210-3522153e07b4,false,affected,severity_changed_due_to_suse_cvss_score
rancher/appco-grafana:12.1.1-2.2,harvester/v1.8.2,github.com/grafana/grafana,12.1.1,gobinary,CVE-2026-27877,HIGH,https://avd.aquasec.com/nvd/cve-2026-27877,usr/share/grafana/bin/grafana-server,1.9.2-0.20260325055210-3522153e07b4,false,affected,severity_changed_due_to_suse_cvss_score
rancher/appco-grafana:12.1.1-2.2,harvester/v1.8.2,github.com/grafana/tempo,v1.5.1-0.20250529124718-87c2dc380cec,gobinary,CVE-2026-28377,HIGH,https://avd.aquasec.com/nvd/cve-2026-28377,usr/share/grafana/bin/grafana,2.10.3,false,affected,
rancher/appco-grafana:12.1.1-2.2,harvester/v1.8.2,go.opentelemetry.io/otel,v1.36.0,gobinary,CVE-2026-29181,HIGH,https://avd.aquasec.com/nvd/cve-2026-29181,usr/share/grafana/bin/grafana,1.41.0,false,affected,
rancher/appco-grafana:12.1.1-2.2,harvester/v1.8.2,stdlib,v1.25.1,gobinary,CVE-2026-32280,HIGH,https://avd.aquasec.com/nvd/cve-2026-32280,usr/share/grafana/bin/grafana,"1.25.9, 1.26.2",false,affected,
rancher/appco-grafana:12.1.1-2.2,harvester/v1.8.2,stdlib,v1.25.1,gobinary,CVE-2026-32280,HIGH,https://avd.aquasec.com/nvd/cve-2026-32280,usr/share/grafana/bin/grafana-cli,"1.25.9, 1.26.2",false,affected,
rancher/appco-grafana:12.1.1-2.2,harvester/v1.8.2,stdlib,v1.25.1,gobinary,CVE-2026-32280,HIGH,https://avd.aquasec.com/nvd/cve-2026-32280,usr/share/grafana/bin/grafana-server,"1.25.9, 1.26.2",false,affected,
rancher/appco-grafana:12.1.1-2.2,harvester/v1.8.2,github.com/buger/jsonparser,v1.1.1,gobinary,CVE-2026-32285,HIGH,https://avd.aquasec.com/nvd/cve-2026-32285,usr/share/grafana/bin/grafana,1.1.2,false,not_affected,vulnerable_code_not_in_execute_path
rancher/appco-grafana:12.1.1-2.2,harvester/v1.8.2,google.golang.org/grpc,v1.73.0,gobinary,CVE-2026-33186,HIGH,https://avd.aquasec.com/nvd/cve-2026-33186,usr/share/grafana/bin/grafana,1.79.3,false,affected,severity_changed_due_to_suse_cvss_score
rancher/appco-grafana:12.1.1-2.2,harvester/v1.8.2,stdlib,v1.25.1,gobinary,CVE-2026-33811,HIGH,https://avd.aquasec.com/nvd/cve-2026-33811,usr/share/grafana/bin/grafana,"1.25.10, 1.26.3",false,affected,
rancher/appco-grafana:12.1.1-2.2,harvester/v1.8.2,stdlib,v1.25.1,gobinary,CVE-2026-33811,HIGH,https://avd.aquasec.com/nvd/cve-2026-33811,usr/share/grafana/bin/grafana-cli,"1.25.10, 1.26.3",false,affected,
rancher/appco-grafana:12.1.1-2.2,harvester/v1.8.2,stdlib,v1.25.1,gobinary,CVE-2026-33811,HIGH,https://avd.aquasec.com/nvd/cve-2026-33811,usr/share/grafana/bin/grafana-server,"1.25.10, 1.26.3",false,affected,
rancher/appco-grafana:12.1.1-2.2,harvester/v1.8.2,golang.org/x/net,v0.41.0,gobinary,CVE-2026-33814,HIGH,https://avd.aquasec.com/nvd/cve-2026-33814,usr/share/grafana/bin/grafana,0.53.0,false,affected,
rancher/appco-grafana:12.1.1-2.2,harvester/v1.8.2,stdlib,v1.25.1,gobinary,CVE-2026-33814,HIGH,https://avd.aquasec.com/nvd/cve-2026-33814,usr/share/grafana/bin/grafana,"1.25.10, 1.26.3",false,affected,
rancher/appco-grafana:12.1.1-2.2,harvester/v1.8.2,stdlib,v1.25.1,gobinary,CVE-2026-33814,HIGH,https://avd.aquasec.com/nvd/cve-2026-33814,usr/share/grafana/bin/grafana-cli,"1.25.10, 1.26.3",false,affected,
rancher/appco-grafana:12.1.1-2.2,harvester/v1.8.2,stdlib,v1.25.1,gobinary,CVE-2026-33814,HIGH,https://avd.aquasec.com/nvd/cve-2026-33814,usr/share/grafana/bin/grafana-server,"1.25.10, 1.26.3",false,affected,
rancher/appco-grafana:12.1.1-2.2,harvester/v1.8.2,github.com/jackc/pgx/v5,v5.7.5,gobinary,CVE-2026-33815,HIGH,https://avd.aquasec.com/nvd/cve-2026-33815,usr/share/grafana/bin/grafana,5.9.0,false,affected,severity_changed_due_to_suse_cvss_score
rancher/appco-grafana:12.1.1-2.2,harvester/v1.8.2,github.com/jackc/pgx/v5,v5.7.5,gobinary,CVE-2026-33816,HIGH,https://avd.aquasec.com/nvd/cve-2026-33816,usr/share/grafana/bin/grafana,5.9.0,false,affected,severity_changed_due_to_suse_cvss_score
rancher/appco-grafana:12.1.1-2.2,harvester/v1.8.2,github.com/go-jose/go-jose/v3,v3.0.4,gobinary,CVE-2026-34986,HIGH,https://avd.aquasec.com/nvd/cve-2026-34986,usr/share/grafana/bin/grafana,3.0.5,false,affected,
rancher/appco-grafana:12.1.1-2.2,harvester/v1.8.2,github.com/go-jose/go-jose/v4,v4.1.0,gobinary,CVE-2026-34986,HIGH,https://avd.aquasec.com/nvd/cve-2026-34986,usr/share/grafana/bin/grafana,4.1.4,false,affected,
rancher/appco-grafana:12.1.1-2.2,harvester/v1.8.2,stdlib,v1.25.1,gobinary,CVE-2026-39820,HIGH,https://avd.aquasec.com/nvd/cve-2026-39820,usr/share/grafana/bin/grafana,"1.25.10, 1.26.3",false,affected,
rancher/appco-grafana:12.1.1-2.2,harvester/v1.8.2,stdlib,v1.25.1,gobinary,CVE-2026-39820,HIGH,https://avd.aquasec.com/nvd/cve-2026-39820,usr/share/grafana/bin/grafana-cli,"1.25.10, 1.26.3",false,affected,
rancher/appco-grafana:12.1.1-2.2,harvester/v1.8.2,stdlib,v1.25.1,gobinary,CVE-2026-39820,HIGH,https://avd.aquasec.com/nvd/cve-2026-39820,usr/share/grafana/bin/grafana-server,"1.25.10, 1.26.3",false,affected,
rancher/appco-grafana:12.1.1-2.2,harvester/v1.8.2,golang.org/x/net,v0.41.0,gobinary,CVE-2026-39821,HIGH,https://avd.aquasec.com/nvd/cve-2026-39821,usr/share/grafana/bin/grafana,0.55.0,false,affected,
rancher/appco-grafana:12.1.1-2.2,harvester/v1.8.2,stdlib,v1.25.1,gobinary,CVE-2026-39822,HIGH,https://avd.aquasec.com/nvd/cve-2026-39822,usr/share/grafana/bin/grafana,"1.25.12, 1.26.5, 1.27.0-rc.2",false,affected,
rancher/appco-grafana:12.1.1-2.2,harvester/v1.8.2,stdlib,v1.25.1,gobinary,CVE-2026-39822,HIGH,https://avd.aquasec.com/nvd/cve-2026-39822,usr/share/grafana/bin/grafana-cli,"1.25.12, 1.26.5, 1.27.0-rc.2",false,affected,
rancher/appco-grafana:12.1.1-2.2,harvester/v1.8.2,stdlib,v1.25.1,gobinary,CVE-2026-39822,HIGH,https://avd.aquasec.com/nvd/cve-2026-39822,usr/share/grafana/bin/grafana-server,"1.25.12, 1.26.5, 1.27.0-rc.2",false,affected,
rancher/appco-grafana:12.1.1-2.2,harvester/v1.8.2,golang.org/x/crypto,v0.39.0,gobinary,CVE-2026-39828,HIGH,https://avd.aquasec.com/nvd/cve-2026-39828,usr/share/grafana/bin/grafana,0.52.0,false,affected,
rancher/appco-grafana:12.1.1-2.2,harvester/v1.8.2,golang.org/x/crypto,v0.39.0,gobinary,CVE-2026-39829,HIGH,https://avd.aquasec.com/nvd/cve-2026-39829,usr/share/grafana/bin/grafana,0.52.0,false,affected,
rancher/appco-grafana:12.1.1-2.2,harvester/v1.8.2,golang.org/x/crypto,v0.39.0,gobinary,CVE-2026-39831,HIGH,https://avd.aquasec.com/nvd/cve-2026-39831,usr/share/grafana/bin/grafana,0.52.0,false,affected,
rancher/appco-grafana:12.1.1-2.2,harvester/v1.8.2,golang.org/x/crypto,v0.39.0,gobinary,CVE-2026-39832,HIGH,https://avd.aquasec.com/nvd/cve-2026-39832,usr/share/grafana/bin/grafana,0.52.0,false,affected,
rancher/appco-grafana:12.1.1-2.2,harvester/v1.8.2,golang.org/x/crypto,v0.39.0,gobinary,CVE-2026-39833,HIGH,https://avd.aquasec.com/nvd/cve-2026-39833,usr/share/grafana/bin/grafana,0.52.0,false,affected,severity_changed_due_to_suse_cvss_score
rancher/appco-grafana:12.1.1-2.2,harvester/v1.8.2,golang.org/x/crypto,v0.39.0,gobinary,CVE-2026-39834,HIGH,https://avd.aquasec.com/nvd/cve-2026-39834,usr/share/grafana/bin/grafana,0.52.0,false,affected,severity_changed_due_to_suse_cvss_score
rancher/appco-grafana:12.1.1-2.2,harvester/v1.8.2,golang.org/x/crypto,v0.39.0,gobinary,CVE-2026-39835,HIGH,https://avd.aquasec.com/nvd/cve-2026-39835,usr/share/grafana/bin/grafana,0.52.0,false,affected,
rancher/appco-grafana:12.1.1-2.2,harvester/v1.8.2,stdlib,v1.25.1,gobinary,CVE-2026-39836,HIGH,https://avd.aquasec.com/nvd/cve-2026-39836,usr/share/grafana/bin/grafana,"1.25.10, 1.26.3",false,affected,
rancher/appco-grafana:12.1.1-2.2,harvester/v1.8.2,stdlib,v1.25.1,gobinary,CVE-2026-39836,HIGH,https://avd.aquasec.com/nvd/cve-2026-39836,usr/share/grafana/bin/grafana-cli,"1.25.10, 1.26.3",false,affected,
rancher/appco-grafana:12.1.1-2.2,harvester/v1.8.2,stdlib,v1.25.1,gobinary,CVE-2026-39836,HIGH,https://avd.aquasec.com/nvd/cve-2026-39836,usr/share/grafana/bin/grafana-server,"1.25.10, 1.26.3",false,affected,
rancher/appco-grafana:12.1.1-2.2,harvester/v1.8.2,go.opentelemetry.io/otel/sdk,v1.36.0,gobinary,CVE-2026-39883,HIGH,https://avd.aquasec.com/nvd/cve-2026-39883,usr/share/grafana/bin/grafana,1.43.0,false,not_affected,vulnerable_code_not_present
rancher/appco-grafana:12.1.1-2.2,harvester/v1.8.2,github.com/apache/thrift,v0.21.0,gobinary,CVE-2026-41602,HIGH,https://avd.aquasec.com/nvd/cve-2026-41602,usr/share/grafana/bin/grafana,0.23.0,false,affected,
rancher/appco-grafana:12.1.1-2.2,harvester/v1.8.2,github.com/prometheus/prometheus,v0.303.1,gobinary,CVE-2026-42151,HIGH,https://avd.aquasec.com/nvd/cve-2026-42151,usr/share/grafana/bin/grafana,0.311.3,false,affected,
rancher/appco-grafana:12.1.1-2.2,harvester/v1.8.2,github.com/prometheus/prometheus,v0.303.1,gobinary,CVE-2026-42154,HIGH,https://avd.aquasec.com/nvd/cve-2026-42154,usr/share/grafana/bin/grafana,"0.311.3, 0.305.2",false,affected,
rancher/appco-grafana:12.1.1-2.2,harvester/v1.8.2,stdlib,v1.25.1,gobinary,CVE-2026-42499,HIGH,https://avd.aquasec.com/nvd/cve-2026-42499,usr/share/grafana/bin/grafana,"1.25.10, 1.26.3",false,affected,
rancher/appco-grafana:12.1.1-2.2,harvester/v1.8.2,stdlib,v1.25.1,gobinary,CVE-2026-42499,HIGH,https://avd.aquasec.com/nvd/cve-2026-42499,usr/share/grafana/bin/grafana-cli,"1.25.10, 1.26.3",false,affected,
rancher/appco-grafana:12.1.1-2.2,harvester/v1.8.2,stdlib,v1.25.1,gobinary,CVE-2026-42499,HIGH,https://avd.aquasec.com/nvd/cve-2026-42499,usr/share/grafana/bin/grafana-server,"1.25.10, 1.26.3",false,affected,
rancher/appco-grafana:12.1.1-2.2,harvester/v1.8.2,golang.org/x/crypto,v0.39.0,gobinary,CVE-2026-42508,HIGH,https://avd.aquasec.com/nvd/cve-2026-42508,usr/share/grafana/bin/grafana,0.52.0,false,affected,
rancher/appco-grafana:12.1.1-2.2,harvester/v1.8.2,github.com/go-git/go-billy/v5,v5.6.2,gobinary,CVE-2026-44740,HIGH,https://avd.aquasec.com/nvd/cve-2026-44740,usr/share/grafana/bin/grafana,5.9.0,false,affected,severity_changed_due_to_suse_cvss_score
rancher/appco-grafana:12.1.1-2.2,harvester/v1.8.2,github.com/go-git/go-billy/v5,v5.6.2,gobinary,CVE-2026-44973,HIGH,https://avd.aquasec.com/nvd/cve-2026-44973,usr/share/grafana/bin/grafana,5.9.0,false,affected,
rancher/appco-grafana:12.1.1-2.2,harvester/v1.8.2,github.com/go-git/go-git/v5,v5.14.0,gobinary,CVE-2026-45022,HIGH,https://avd.aquasec.com/nvd/cve-2026-45022,usr/share/grafana/bin/grafana,5.19.0,false,affected,
rancher/appco-grafana:12.1.1-2.2,harvester/v1.8.2,golang.org/x/crypto,v0.39.0,gobinary,CVE-2026-46595,HIGH,https://avd.aquasec.com/nvd/cve-2026-46595,usr/share/grafana/bin/grafana,0.52.0,false,affected,
rancher/appco-grafana:12.1.1-2.2,harvester/v1.8.2,golang.org/x/crypto,v0.39.0,gobinary,CVE-2026-46597,HIGH,https://avd.aquasec.com/nvd/cve-2026-46597,usr/share/grafana/bin/grafana,0.52.0,false,affected,
rancher/appco-grafana:12.1.1-2.2,harvester/v1.8.2,golang.org/x/crypto,v0.39.0,gobinary,CVE-2026-46598,HIGH,https://avd.aquasec.com/nvd/cve-2026-46598,usr/share/grafana/bin/grafana,0.52.0,false,affected,severity_changed_due_to_suse_cvss_score
rancher/appco-grafana:12.1.1-2.2,harvester/v1.8.2,github.com/go-git/go-git/v5,v5.14.0,gobinary,CVE-2026-71556,HIGH,https://avd.aquasec.com/nvd/cve-2026-71556,usr/share/grafana/bin/grafana,5.19.2,false,affected,
rancher/appco-grafana:12.1.1-2.2,harvester/v1.8.2,google.golang.org/grpc,v1.73.0,gobinary,GHSA-hrxh-6v49-42gf,HIGH,https://github.com/advisories/GHSA-hrxh-6v49-42gf,usr/share/grafana/bin/grafana,1.82.1,false,affected,
rancher/appco-grafana:12.1.1-2.2,harvester/v1.8.2,github.com/getkin/kin-openapi,v0.132.0,gobinary,GHSA-r277-6w6q-xmqw,CRITICAL,https://github.com/advisories/GHSA-r277-6w6q-xmqw,usr/share/grafana/bin/grafana,0.144.0,false,affected,
rancher/appco-grafana:12.1.1-2.2,harvester/v1.8.2,glibc,2.38-150600.14.37.1,sles,SUSE-SU-2026:0371-1,HIGH,,rancher/appco-grafana:12.1.1-2.2 (sles 15.7),2.38-150600.14.40.1,false,affected,
rancher/appco-grafana:12.1.1-2.2,harvester/v1.8.2,glibc,2.38-150600.14.37.1,sles,SUSE-SU-2026:1369-1,HIGH,,rancher/appco-grafana:12.1.1-2.2 (sles 15.7),2.38-150600.14.46.1,false,affected,
rancher/appco-grafana:12.1.1-2.2,harvester/v1.8.2,libcap2,2.63-150400.3.3.1,sles,SUSE-SU-2026:1432-1,HIGH,,rancher/appco-grafana:12.1.1-2.2 (sles 15.7),2.63-150400.3.6.1,false,affected,
rancher/appco-grafana:12.1.1-2.2,harvester/v1.8.2,libncurses6,6.1-150000.5.30.1,sles,SUSE-SU-2026:1510-1,MEDIUM,,rancher/appco-grafana:12.1.1-2.2 (sles 15.7),6.1-150000.5.33.1,false,not_affected,vulnerable_code_not_in_execute_path
rancher/appco-grafana:12.1.1-2.2,harvester/v1.8.2,terminfo-base,6.1-150000.5.30.1,sles,SUSE-SU-2026:1510-1,MEDIUM,,rancher/appco-grafana:12.1.1-2.2 (sles 15.7),6.1-150000.5.33.1,false,not_affected,vulnerable_code_not_in_execute_path
rancher/appco-grafana:12.1.1-2.2,harvester/v1.8.2,sed,4.9-150600.1.4,sles,SUSE-SU-2026:1941-1,MEDIUM,,rancher/appco-grafana:12.1.1-2.2 (sles 15.7),4.9-150600.3.3.1,false,not_affected,vulnerable_code_not_in_execute_path
rancher/appco-grafana:12.1.1-2.2,harvester/v1.8.2,liblzma5,5.4.1-150600.3.3.1,sles,SUSE-SU-2026:2051-1,HIGH,,rancher/appco-grafana:12.1.1-2.2 (sles 15.7),5.4.1-150600.3.6.1,false,affected,
rancher/appco-grafana:12.1.1-2.2,harvester/v1.8.2,glibc,2.38-150600.14.37.1,sles,SUSE-SU-2026:2231-1,HIGH,,rancher/appco-grafana:12.1.1-2.2 (sles 15.7),2.38-150600.14.49.1,false,affected,
rancher/appco-k8s-sidecar:1.30.7-11.3,harvester/v1.8.2,urllib3,2.5.0,python-pkg,CVE-2025-66418,HIGH,https://avd.aquasec.com/nvd/cve-2025-66418,Python,2.6.0,false,affected,
rancher/appco-k8s-sidecar:1.30.7-11.3,harvester/v1.8.2,urllib3,2.5.0,python-pkg,CVE-2025-66471,HIGH,https://avd.aquasec.com/nvd/cve-2025-66471,Python,2.6.0,false,affected,
rancher/appco-k8s-sidecar:1.30.7-11.3,harvester/v1.8.2,urllib3,2.5.0,python-pkg,CVE-2026-21441,HIGH,https://avd.aquasec.com/nvd/cve-2026-21441,Python,2.6.3,false,affected,
rancher/appco-k8s-sidecar:1.30.7-11.3,harvester/v1.8.2,pyasn1,0.6.1,python-pkg,CVE-2026-23490,HIGH,https://avd.aquasec.com/nvd/cve-2026-23490,Python,0.6.2,false,affected,
rancher/appco-k8s-sidecar:1.30.7-11.3,harvester/v1.8.2,pyasn1,0.6.1,python-pkg,CVE-2026-30922,HIGH,https://avd.aquasec.com/nvd/cve-2026-30922,Python,0.6.3,false,affected,
rancher/appco-k8s-sidecar:1.30.7-11.3,harvester/v1.8.2,urllib3,2.5.0,python-pkg,CVE-2026-44431,HIGH,https://avd.aquasec.com/nvd/cve-2026-44431,Python,2.7.0,false,affected,
rancher/appco-k8s-sidecar:1.30.7-11.3,harvester/v1.8.2,pyasn1,0.6.1,python-pkg,CVE-2026-59884,HIGH,https://avd.aquasec.com/nvd/cve-2026-59884,Python,0.6.4,false,affected,
rancher/appco-k8s-sidecar:1.30.7-11.3,harvester/v1.8.2,pyasn1,0.6.1,python-pkg,CVE-2026-59885,HIGH,https://avd.aquasec.com/nvd/cve-2026-59885,Python,0.6.4,false,affected,
rancher/appco-k8s-sidecar:1.30.7-11.3,harvester/v1.8.2,pyasn1,0.6.1,python-pkg,CVE-2026-59886,HIGH,https://avd.aquasec.com/nvd/cve-2026-59886,Python,0.6.4,false,affected,
rancher/appco-k8s-sidecar:1.30.7-11.3,harvester/v1.8.2,libpython3_11-1_0,3.11.13-150600.3.30.1,sles,SUSE-SU-2025:02717-1,HIGH,,rancher/appco-k8s-sidecar:1.30.7-11.3 (sles 15.6),3.11.13-150600.3.35.1,false,affected,
rancher/appco-k8s-sidecar:1.30.7-11.3,harvester/v1.8.2,python311,3.11.13-150600.3.30.1,sles,SUSE-SU-2025:02717-1,HIGH,,rancher/appco-k8s-sidecar:1.30.7-11.3 (sles 15.6),3.11.13-150600.3.35.2,false,affected,
rancher/appco-k8s-sidecar:1.30.7-11.3,harvester/v1.8.2,python311-base,3.11.13-150600.3.30.1,sles,SUSE-SU-2025:02717-1,HIGH,,rancher/appco-k8s-sidecar:1.30.7-11.3 (sles 15.6),3.11.13-150600.3.35.1,false,affected,
rancher/appco-k8s-sidecar:1.30.7-11.3,harvester/v1.8.2,libopenssl3,3.1.4-150600.5.33.1,sles,SUSE-SU-2025:03442-1,HIGH,,rancher/appco-k8s-sidecar:1.30.7-11.3 (sles 15.6),3.1.4-150600.5.39.1,false,affected,
rancher/appco-k8s-sidecar:1.30.7-11.3,harvester/v1.8.2,libexpat1,2.7.1-150400.3.28.1,sles,SUSE-SU-2025:03624-1,HIGH,,rancher/appco-k8s-sidecar:1.30.7-11.3 (sles 15.6),2.7.1-150400.3.31.1,false,not_affected,vulnerable_code_not_in_execute_path
rancher/appco-k8s-sidecar:1.30.7-11.3,harvester/v1.8.2,krb5,1.20.1-150600.11.11.2,sles,SUSE-SU-2025:3699-1,MEDIUM,,rancher/appco-k8s-sidecar:1.30.7-11.3 (sles 15.6),1.20.1-150600.11.14.1,false,not_affected,vulnerable_code_not_in_execute_path
rancher/appco-k8s-sidecar:1.30.7-11.3,harvester/v1.8.2,libopenssl3,3.1.4-150600.5.33.1,sles,SUSE-SU-2026:0312-1,CRITICAL,,rancher/appco-k8s-sidecar:1.30.7-11.3 (sles 15.6),3.1.4-150600.5.42.1,false,affected,
rancher/appco-k8s-sidecar:1.30.7-11.3,harvester/v1.8.2,glibc,2.38-150600.14.32.1,sles,SUSE-SU-2026:0371-1,HIGH,,rancher/appco-k8s-sidecar:1.30.7-11.3 (sles 15.6),2.38-150600.14.40.1,false,affected,
rancher/appco-k8s-sidecar:1.30.7-11.3,harvester/v1.8.2,libpython3_11-1_0,3.11.13-150600.3.30.1,sles,SUSE-SU-2026:0767-1,HIGH,,rancher/appco-k8s-sidecar:1.30.7-11.3 (sles 15.6),3.11.14-150600.3.44.1,false,affected,
rancher/appco-k8s-sidecar:1.30.7-11.3,harvester/v1.8.2,python311,3.11.13-150600.3.30.1,sles,SUSE-SU-2026:0767-1,HIGH,,rancher/appco-k8s-sidecar:1.30.7-11.3 (sles 15.6),3.11.14-150600.3.44.1,false,affected,
rancher/appco-k8s-sidecar:1.30.7-11.3,harvester/v1.8.2,python311-base,3.11.13-150600.3.30.1,sles,SUSE-SU-2026:0767-1,HIGH,,rancher/appco-k8s-sidecar:1.30.7-11.3 (sles 15.6),3.11.14-150600.3.44.1,false,affected,
rancher/appco-k8s-sidecar:1.30.7-11.3,harvester/v1.8.2,libexpat1,2.7.1-150400.3.28.1,sles,SUSE-SU-2026:1166-1,HIGH,,rancher/appco-k8s-sidecar:1.30.7-11.3 (sles 15.6),2.7.1-150400.3.37.1,false,not_affected,vulnerable_code_not_in_execute_path
rancher/appco-k8s-sidecar:1.30.7-11.3,harvester/v1.8.2,libopenssl3,3.1.4-150600.5.33.1,sles,SUSE-SU-2026:1215-1,HIGH,,rancher/appco-k8s-sidecar:1.30.7-11.3 (sles 15.6),3.1.4-150600.5.45.1,false,affected,
rancher/appco-k8s-sidecar:1.30.7-11.3,harvester/v1.8.2,libpython3_11-1_0,3.11.13-150600.3.30.1,sles,SUSE-SU-2026:1349-1,HIGH,,rancher/appco-k8s-sidecar:1.30.7-11.3 (sles 15.6),3.11.15-150600.3.53.1,false,affected,
rancher/appco-k8s-sidecar:1.30.7-11.3,harvester/v1.8.2,python311,3.11.13-150600.3.30.1,sles,SUSE-SU-2026:1349-1,HIGH,,rancher/appco-k8s-sidecar:1.30.7-11.3 (sles 15.6),3.11.15-150600.3.53.1,false,affected,
rancher/appco-k8s-sidecar:1.30.7-11.3,harvester/v1.8.2,python311-base,3.11.13-150600.3.30.1,sles,SUSE-SU-2026:1349-1,HIGH,,rancher/appco-k8s-sidecar:1.30.7-11.3 (sles 15.6),3.11.15-150600.3.53.1,false,affected,
rancher/appco-k8s-sidecar:1.30.7-11.3,harvester/v1.8.2,glibc,2.38-150600.14.32.1,sles,SUSE-SU-2026:1369-1,HIGH,,rancher/appco-k8s-sidecar:1.30.7-11.3 (sles 15.6),2.38-150600.14.46.1,false,affected,
rancher/appco-k8s-sidecar:1.30.7-11.3,harvester/v1.8.2,libcap2,2.63-150400.3.3.1,sles,SUSE-SU-2026:1432-1,HIGH,,rancher/appco-k8s-sidecar:1.30.7-11.3 (sles 15.6),2.63-150400.3.6.1,false,not_affected,vulnerable_code_not_in_execute_path
rancher/appco-k8s-sidecar:1.30.7-11.3,harvester/v1.8.2,liblzma5,5.4.1-150600.3.3.1,sles,SUSE-SU-2026:2051-1,HIGH,,rancher/appco-k8s-sidecar:1.30.7-11.3 (sles 15.6),5.4.1-150600.3.6.1,false,not_affected,vulnerable_code_not_in_execute_path
rancher/appco-k8s-sidecar:1.30.7-11.3,harvester/v1.8.2,glibc,2.38-150600.14.32.1,sles,SUSE-SU-2026:2231-1,HIGH,,rancher/appco-k8s-sidecar:1.30.7-11.3 (sles 15.6),2.38-150600.14.49.1,false,affected,
rancher/appco-k8s-sidecar:1.30.7-11.3,harvester/v1.8.2,libopenssl3,3.1.4-150600.5.33.1,sles,SUSE-SU-2026:2393-1,HIGH,,rancher/appco-k8s-sidecar:1.30.7-11.3 (sles 15.6),3.1.4-150600.5.53.1,false,affected,
rancher/appco-k8s-sidecar:1.30.7-11.3,harvester/v1.8.2,libsqlite3-0,3.50.2-150000.3.33.1,sles,SUSE-SU-2026:2528-1,HIGH,,rancher/appco-k8s-sidecar:1.30.7-11.3 (sles 15.6),3.53.2-150000.3.42.1,false,not_affected,vulnerable_code_not_in_execute_path
rancher/appco-k8s-sidecar:1.30.7-11.3,harvester/v1.8.2,krb5,1.20.1-150600.11.11.2,sles,SUSE-SU-2026:2848-1,HIGH,,rancher/appco-k8s-sidecar:1.30.7-11.3 (sles 15.6),1.20.1-150600.11.19.1,false,not_affected,vulnerable_code_not_in_execute_path
rancher/appco-k8s-sidecar:1.30.7-11.3,harvester/v1.8.2,libpython3_11-1_0,3.11.13-150600.3.30.1,sles,SUSE-SU-2026:3104-1,HIGH,,rancher/appco-k8s-sidecar:1.30.7-11.3 (sles 15.6),3.11.15-150600.3.59.3,false,affected,
rancher/appco-k8s-sidecar:1.30.7-11.3,harvester/v1.8.2,python311,3.11.13-150600.3.30.1,sles,SUSE-SU-2026:3104-1,HIGH,,rancher/appco-k8s-sidecar:1.30.7-11.3 (sles 15.6),3.11.15-150600.3.59.3,false,affected,
rancher/appco-k8s-sidecar:1.30.7-11.3,harvester/v1.8.2,python311-base,3.11.13-150600.3.30.1,sles,SUSE-SU-2026:3104-1,HIGH,,rancher/appco-k8s-sidecar:1.30.7-11.3 (sles 15.6),3.11.15-150600.3.59.3,false,affected,
rancher/appco-k8s-sidecar:1.30.7-11.3,harvester/v1.8.2,libpython3_11-1_0,3.11.13-150600.3.30.1,sles,SUSE-SU-2026:3560-1,HIGH,,rancher/appco-k8s-sidecar:1.30.7-11.3 (sles 15.6),3.11.15-150600.3.62.2,false,affected,
rancher/appco-k8s-sidecar:1.30.7-11.3,harvester/v1.8.2,python311,3.11.13-150600.3.30.1,sles,SUSE-SU-2026:3560-1,HIGH,,rancher/appco-k8s-sidecar:1.30.7-11.3 (sles 15.6),3.11.15-150600.3.62.2,false,affected,
rancher/appco-k8s-sidecar:1.30.7-11.3,harvester/v1.8.2,python311-base,3.11.13-150600.3.30.1,sles,SUSE-SU-2026:3560-1,HIGH,,rancher/appco-k8s-sidecar:1.30.7-11.3 (sles 15.6),3.11.15-150600.3.62.2,false,affected,
rancher/appco-kube-state-metrics:2.17.0-10.7,harvester/v1.8.2,golang.org/x/crypto,v0.40.0,gobinary,CVE-2025-47913,HIGH,https://avd.aquasec.com/nvd/cve-2025-47913,usr/bin/kube-state-metrics,0.43.0,false,affected,
rancher/appco-kube-state-metrics:2.17.0-10.7,harvester/v1.8.2,stdlib,v1.25.4,gobinary,CVE-2025-61727,HIGH,https://avd.aquasec.com/nvd/cve-2025-61727,usr/bin/kube-state-metrics,"1.24.11, 1.25.5",false,affected,severity_changed_due_to_suse_cvss_score
rancher/appco-kube-state-metrics:2.17.0-10.7,harvester/v1.8.2,stdlib,v1.25.4,gobinary,CVE-2025-61729,HIGH,https://avd.aquasec.com/nvd/cve-2025-61729,usr/bin/kube-state-metrics,"1.24.11, 1.25.5",false,affected,
rancher/appco-kube-state-metrics:2.17.0-10.7,harvester/v1.8.2,stdlib,v1.25.4,gobinary,CVE-2025-68121,HIGH,https://avd.aquasec.com/nvd/cve-2025-68121,usr/bin/kube-state-metrics,"1.24.13, 1.25.7, 1.26.0-rc.3",false,affected,severity_changed_due_to_suse_cvss_score
rancher/appco-kube-state-metrics:2.17.0-10.7,harvester/v1.8.2,go.opentelemetry.io/otel/sdk,v1.33.0,gobinary,CVE-2026-24051,HIGH,https://avd.aquasec.com/nvd/cve-2026-24051,usr/bin/kube-state-metrics,1.40.0,false,not_affected,vulnerable_code_not_present
rancher/appco-kube-state-metrics:2.17.0-10.7,harvester/v1.8.2,golang.org/x/net,v0.41.0,gobinary,CVE-2026-25680,HIGH,https://avd.aquasec.com/nvd/cve-2026-25680,usr/bin/kube-state-metrics,0.55.0,false,affected,severity_changed_due_to_suse_cvss_score
rancher/appco-kube-state-metrics:2.17.0-10.7,harvester/v1.8.2,stdlib,v1.25.4,gobinary,CVE-2026-32280,HIGH,https://avd.aquasec.com/nvd/cve-2026-32280,usr/bin/kube-state-metrics,"1.25.9, 1.26.2",false,affected,
rancher/appco-kube-state-metrics:2.17.0-10.7,harvester/v1.8.2,google.golang.org/grpc,v1.68.1,gobinary,CVE-2026-33186,HIGH,https://avd.aquasec.com/nvd/cve-2026-33186,usr/bin/kube-state-metrics,1.79.3,false,affected,severity_changed_due_to_suse_cvss_score
rancher/appco-kube-state-metrics:2.17.0-10.7,harvester/v1.8.2,stdlib,v1.25.4,gobinary,CVE-2026-33811,HIGH,https://avd.aquasec.com/nvd/cve-2026-33811,usr/bin/kube-state-metrics,"1.25.10, 1.26.3",false,affected,
rancher/appco-kube-state-metrics:2.17.0-10.7,harvester/v1.8.2,golang.org/x/net,v0.41.0,gobinary,CVE-2026-33814,HIGH,https://avd.aquasec.com/nvd/cve-2026-33814,usr/bin/kube-state-metrics,0.53.0,false,affected,
rancher/appco-kube-state-metrics:2.17.0-10.7,harvester/v1.8.2,stdlib,v1.25.4,gobinary,CVE-2026-33814,HIGH,https://avd.aquasec.com/nvd/cve-2026-33814,usr/bin/kube-state-metrics,"1.25.10, 1.26.3",false,affected,
rancher/appco-kube-state-metrics:2.17.0-10.7,harvester/v1.8.2,stdlib,v1.25.4,gobinary,CVE-2026-39820,HIGH,https://avd.aquasec.com/nvd/cve-2026-39820,usr/bin/kube-state-metrics,"1.25.10, 1.26.3",false,affected,
rancher/appco-kube-state-metrics:2.17.0-10.7,harvester/v1.8.2,golang.org/x/net,v0.41.0,gobinary,CVE-2026-39821,HIGH,https://avd.aquasec.com/nvd/cve-2026-39821,usr/bin/kube-state-metrics,0.55.0,false,affected,
rancher/appco-kube-state-metrics:2.17.0-10.7,harvester/v1.8.2,stdlib,v1.25.4,gobinary,CVE-2026-39822,HIGH,https://avd.aquasec.com/nvd/cve-2026-39822,usr/bin/kube-state-metrics,"1.25.12, 1.26.5, 1.27.0-rc.2",false,affected,
rancher/appco-kube-state-metrics:2.17.0-10.7,harvester/v1.8.2,golang.org/x/crypto,v0.40.0,gobinary,CVE-2026-39828,HIGH,https://avd.aquasec.com/nvd/cve-2026-39828,usr/bin/kube-state-metrics,0.52.0,false,affected,
rancher/appco-kube-state-metrics:2.17.0-10.7,harvester/v1.8.2,golang.org/x/crypto,v0.40.0,gobinary,CVE-2026-39829,HIGH,https://avd.aquasec.com/nvd/cve-2026-39829,usr/bin/kube-state-metrics,0.52.0,false,affected,
rancher/appco-kube-state-metrics:2.17.0-10.7,harvester/v1.8.2,golang.org/x/crypto,v0.40.0,gobinary,CVE-2026-39831,HIGH,https://avd.aquasec.com/nvd/cve-2026-39831,usr/bin/kube-state-metrics,0.52.0,false,affected,
rancher/appco-kube-state-metrics:2.17.0-10.7,harvester/v1.8.2,golang.org/x/crypto,v0.40.0,gobinary,CVE-2026-39832,HIGH,https://avd.aquasec.com/nvd/cve-2026-39832,usr/bin/kube-state-metrics,0.52.0,false,affected,
rancher/appco-kube-state-metrics:2.17.0-10.7,harvester/v1.8.2,golang.org/x/crypto,v0.40.0,gobinary,CVE-2026-39833,HIGH,https://avd.aquasec.com/nvd/cve-2026-39833,usr/bin/kube-state-metrics,0.52.0,false,affected,severity_changed_due_to_suse_cvss_score
rancher/appco-kube-state-metrics:2.17.0-10.7,harvester/v1.8.2,golang.org/x/crypto,v0.40.0,gobinary,CVE-2026-39834,HIGH,https://avd.aquasec.com/nvd/cve-2026-39834,usr/bin/kube-state-metrics,0.52.0,false,affected,severity_changed_due_to_suse_cvss_score
rancher/appco-kube-state-metrics:2.17.0-10.7,harvester/v1.8.2,golang.org/x/crypto,v0.40.0,gobinary,CVE-2026-39835,HIGH,https://avd.aquasec.com/nvd/cve-2026-39835,usr/bin/kube-state-metrics,0.52.0,false,affected,
rancher/appco-kube-state-metrics:2.17.0-10.7,harvester/v1.8.2,stdlib,v1.25.4,gobinary,CVE-2026-39836,HIGH,https://avd.aquasec.com/nvd/cve-2026-39836,usr/bin/kube-state-metrics,"1.25.10, 1.26.3",false,affected,
rancher/appco-kube-state-metrics:2.17.0-10.7,harvester/v1.8.2,go.opentelemetry.io/otel/sdk,v1.33.0,gobinary,CVE-2026-39883,HIGH,https://avd.aquasec.com/nvd/cve-2026-39883,usr/bin/kube-state-metrics,1.43.0,false,not_affected,vulnerable_code_not_present
rancher/appco-kube-state-metrics:2.17.0-10.7,harvester/v1.8.2,stdlib,v1.25.4,gobinary,CVE-2026-42499,HIGH,https://avd.aquasec.com/nvd/cve-2026-42499,usr/bin/kube-state-metrics,"1.25.10, 1.26.3",false,affected,
rancher/appco-kube-state-metrics:2.17.0-10.7,harvester/v1.8.2,golang.org/x/crypto,v0.40.0,gobinary,CVE-2026-42508,HIGH,https://avd.aquasec.com/nvd/cve-2026-42508,usr/bin/kube-state-metrics,0.52.0,false,affected,
rancher/appco-kube-state-metrics:2.17.0-10.7,harvester/v1.8.2,golang.org/x/crypto,v0.40.0,gobinary,CVE-2026-46595,HIGH,https://avd.aquasec.com/nvd/cve-2026-46595,usr/bin/kube-state-metrics,0.52.0,false,affected,
rancher/appco-kube-state-metrics:2.17.0-10.7,harvester/v1.8.2,golang.org/x/crypto,v0.40.0,gobinary,CVE-2026-46597,HIGH,https://avd.aquasec.com/nvd/cve-2026-46597,usr/bin/kube-state-metrics,0.52.0,false,affected,
rancher/appco-kube-state-metrics:2.17.0-10.7,harvester/v1.8.2,golang.org/x/crypto,v0.40.0,gobinary,CVE-2026-46598,HIGH,https://avd.aquasec.com/nvd/cve-2026-46598,usr/bin/kube-state-metrics,0.52.0,false,affected,severity_changed_due_to_suse_cvss_score
rancher/appco-kube-state-metrics:2.17.0-10.7,harvester/v1.8.2,google.golang.org/grpc,v1.68.1,gobinary,GHSA-hrxh-6v49-42gf,HIGH,https://github.com/advisories/GHSA-hrxh-6v49-42gf,usr/bin/kube-state-metrics,1.82.1,false,affected,
rancher/appco-kube-state-metrics:2.17.0-10.7,harvester/v1.8.2,glibc,2.38-150600.14.37.1,sles,SUSE-SU-2026:0371-1,HIGH,,rancher/appco-kube-state-metrics:2.17.0-10.7 (sles 15.7),2.38-150600.14.40.1,false,not_affected,vulnerable_code_not_in_execute_path
rancher/appco-kube-state-metrics:2.17.0-10.7,harvester/v1.8.2,glibc,2.38-150600.14.37.1,sles,SUSE-SU-2026:1369-1,HIGH,,rancher/appco-kube-state-metrics:2.17.0-10.7 (sles 15.7),2.38-150600.14.46.1,false,not_affected,vulnerable_code_not_in_execute_path
rancher/appco-kube-state-metrics:2.17.0-10.7,harvester/v1.8.2,libcap2,2.63-150400.3.3.1,sles,SUSE-SU-2026:1432-1,HIGH,,rancher/appco-kube-state-metrics:2.17.0-10.7 (sles 15.7),2.63-150400.3.6.1,false,affected,
rancher/appco-kube-state-metrics:2.17.0-10.7,harvester/v1.8.2,libncurses6,6.1-150000.5.30.1,sles,SUSE-SU-2026:1510-1,MEDIUM,,rancher/appco-kube-state-metrics:2.17.0-10.7 (sles 15.7),6.1-150000.5.33.1,false,not_affected,vulnerable_code_not_in_execute_path
rancher/appco-kube-state-metrics:2.17.0-10.7,harvester/v1.8.2,terminfo-base,6.1-150000.5.30.1,sles,SUSE-SU-2026:1510-1,MEDIUM,,rancher/appco-kube-state-metrics:2.17.0-10.7 (sles 15.7),6.1-150000.5.33.1,false,not_affected,vulnerable_code_not_in_execute_path
rancher/appco-kube-state-metrics:2.17.0-10.7,harvester/v1.8.2,glibc,2.38-150600.14.37.1,sles,SUSE-SU-2026:2231-1,HIGH,,rancher/appco-kube-state-metrics:2.17.0-10.7 (sles 15.7),2.38-150600.14.49.1,false,not_affected,vulnerable_code_not_in_execute_path
rancher/appco-node-exporter:1.9.1-11.3,harvester/v1.8.2,golang.org/x/net,v0.37.0,gobinary,CVE-2025-22872,MEDIUM,https://avd.aquasec.com/nvd/cve-2025-22872,usr/bin/node_exporter,0.38.0,false,not_affected,vulnerable_code_not_present
rancher/appco-node-exporter:1.9.1-11.3,harvester/v1.8.2,golang.org/x/crypto,v0.36.0,gobinary,CVE-2025-47913,HIGH,https://avd.aquasec.com/nvd/cve-2025-47913,usr/bin/node_exporter,0.43.0,false,not_affected,vulnerable_code_not_present
rancher/appco-node-exporter:1.9.1-11.3,harvester/v1.8.2,golang.org/x/crypto,v0.36.0,gobinary,CVE-2025-47914,MEDIUM,https://avd.aquasec.com/nvd/cve-2025-47914,usr/bin/node_exporter,0.45.0,false,not_affected,vulnerable_code_not_present
rancher/appco-node-exporter:1.9.1-11.3,harvester/v1.8.2,github.com/opencontainers/selinux,v1.11.1,gobinary,CVE-2025-52881,HIGH,https://avd.aquasec.com/nvd/cve-2025-52881,usr/bin/node_exporter,1.13.0,false,affected,
rancher/appco-node-exporter:1.9.1-11.3,harvester/v1.8.2,golang.org/x/crypto,v0.36.0,gobinary,CVE-2025-58181,MEDIUM,https://avd.aquasec.com/nvd/cve-2025-58181,usr/bin/node_exporter,0.45.0,false,not_affected,vulnerable_code_not_present
rancher/appco-node-exporter:1.9.1-11.3,harvester/v1.8.2,stdlib,v1.25.3,gobinary,CVE-2025-61727,HIGH,https://avd.aquasec.com/nvd/cve-2025-61727,usr/bin/node_exporter,"1.24.11, 1.25.5",false,affected,severity_changed_due_to_suse_cvss_score
rancher/appco-node-exporter:1.9.1-11.3,harvester/v1.8.2,stdlib,v1.25.3,gobinary,CVE-2025-61729,HIGH,https://avd.aquasec.com/nvd/cve-2025-61729,usr/bin/node_exporter,"1.24.11, 1.25.5",false,affected,
rancher/appco-node-exporter:1.9.1-11.3,harvester/v1.8.2,stdlib,v1.25.3,gobinary,CVE-2025-68121,HIGH,https://avd.aquasec.com/nvd/cve-2025-68121,usr/bin/node_exporter,"1.24.13, 1.25.7, 1.26.0-rc.3",false,affected,severity_changed_due_to_suse_cvss_score
rancher/appco-node-exporter:1.9.1-11.3,harvester/v1.8.2,golang.org/x/net,v0.37.0,gobinary,CVE-2026-25680,HIGH,https://avd.aquasec.com/nvd/cve-2026-25680,usr/bin/node_exporter,0.55.0,false,affected,severity_changed_due_to_suse_cvss_score
rancher/appco-node-exporter:1.9.1-11.3,harvester/v1.8.2,stdlib,v1.25.3,gobinary,CVE-2026-32280,HIGH,https://avd.aquasec.com/nvd/cve-2026-32280,usr/bin/node_exporter,"1.25.9, 1.26.2",false,affected,
rancher/appco-node-exporter:1.9.1-11.3,harvester/v1.8.2,stdlib,v1.25.3,gobinary,CVE-2026-33811,HIGH,https://avd.aquasec.com/nvd/cve-2026-33811,usr/bin/node_exporter,"1.25.10, 1.26.3",false,affected,
rancher/appco-node-exporter:1.9.1-11.3,harvester/v1.8.2,golang.org/x/net,v0.37.0,gobinary,CVE-2026-33814,HIGH,https://avd.aquasec.com/nvd/cve-2026-33814,usr/bin/node_exporter,0.53.0,false,affected,
rancher/appco-node-exporter:1.9.1-11.3,harvester/v1.8.2,stdlib,v1.25.3,gobinary,CVE-2026-33814,HIGH,https://avd.aquasec.com/nvd/cve-2026-33814,usr/bin/node_exporter,"1.25.10, 1.26.3",false,affected,
rancher/appco-node-exporter:1.9.1-11.3,harvester/v1.8.2,stdlib,v1.25.3,gobinary,CVE-2026-39820,HIGH,https://avd.aquasec.com/nvd/cve-2026-39820,usr/bin/node_exporter,"1.25.10, 1.26.3",false,affected,
rancher/appco-node-exporter:1.9.1-11.3,harvester/v1.8.2,golang.org/x/net,v0.37.0,gobinary,CVE-2026-39821,HIGH,https://avd.aquasec.com/nvd/cve-2026-39821,usr/bin/node_exporter,0.55.0,false,affected,
rancher/appco-node-exporter:1.9.1-11.3,harvester/v1.8.2,stdlib,v1.25.3,gobinary,CVE-2026-39822,HIGH,https://avd.aquasec.com/nvd/cve-2026-39822,usr/bin/node_exporter,"1.25.12, 1.26.5, 1.27.0-rc.2",false,affected,
rancher/appco-node-exporter:1.9.1-11.3,harvester/v1.8.2,golang.org/x/crypto,v0.36.0,gobinary,CVE-2026-39828,HIGH,https://avd.aquasec.com/nvd/cve-2026-39828,usr/bin/node_exporter,0.52.0,false,affected,
rancher/appco-node-exporter:1.9.1-11.3,harvester/v1.8.2,golang.org/x/crypto,v0.36.0,gobinary,CVE-2026-39829,HIGH,https://avd.aquasec.com/nvd/cve-2026-39829,usr/bin/node_exporter,0.52.0,false,affected,
rancher/appco-node-exporter:1.9.1-11.3,harvester/v1.8.2,golang.org/x/crypto,v0.36.0,gobinary,CVE-2026-39831,HIGH,https://avd.aquasec.com/nvd/cve-2026-39831,usr/bin/node_exporter,0.52.0,false,affected,
rancher/appco-node-exporter:1.9.1-11.3,harvester/v1.8.2,golang.org/x/crypto,v0.36.0,gobinary,CVE-2026-39832,HIGH,https://avd.aquasec.com/nvd/cve-2026-39832,usr/bin/node_exporter,0.52.0,false,affected,
rancher/appco-node-exporter:1.9.1-11.3,harvester/v1.8.2,golang.org/x/crypto,v0.36.0,gobinary,CVE-2026-39833,HIGH,https://avd.aquasec.com/nvd/cve-2026-39833,usr/bin/node_exporter,0.52.0,false,affected,severity_changed_due_to_suse_cvss_score
rancher/appco-node-exporter:1.9.1-11.3,harvester/v1.8.2,golang.org/x/crypto,v0.36.0,gobinary,CVE-2026-39834,HIGH,https://avd.aquasec.com/nvd/cve-2026-39834,usr/bin/node_exporter,0.52.0,false,affected,severity_changed_due_to_suse_cvss_score
rancher/appco-node-exporter:1.9.1-11.3,harvester/v1.8.2,golang.org/x/crypto,v0.36.0,gobinary,CVE-2026-39835,HIGH,https://avd.aquasec.com/nvd/cve-2026-39835,usr/bin/node_exporter,0.52.0,false,affected,
rancher/appco-node-exporter:1.9.1-11.3,harvester/v1.8.2,stdlib,v1.25.3,gobinary,CVE-2026-39836,HIGH,https://avd.aquasec.com/nvd/cve-2026-39836,usr/bin/node_exporter,"1.25.10, 1.26.3",false,affected,
rancher/appco-node-exporter:1.9.1-11.3,harvester/v1.8.2,stdlib,v1.25.3,gobinary,CVE-2026-42499,HIGH,https://avd.aquasec.com/nvd/cve-2026-42499,usr/bin/node_exporter,"1.25.10, 1.26.3",false,affected,
rancher/appco-node-exporter:1.9.1-11.3,harvester/v1.8.2,golang.org/x/crypto,v0.36.0,gobinary,CVE-2026-42508,HIGH,https://avd.aquasec.com/nvd/cve-2026-42508,usr/bin/node_exporter,0.52.0,false,affected,
rancher/appco-node-exporter:1.9.1-11.3,harvester/v1.8.2,golang.org/x/crypto,v0.36.0,gobinary,CVE-2026-46595,HIGH,https://avd.aquasec.com/nvd/cve-2026-46595,usr/bin/node_exporter,0.52.0,false,affected,
rancher/appco-node-exporter:1.9.1-11.3,harvester/v1.8.2,golang.org/x/crypto,v0.36.0,gobinary,CVE-2026-46597,HIGH,https://avd.aquasec.com/nvd/cve-2026-46597,usr/bin/node_exporter,0.52.0,false,affected,
rancher/appco-node-exporter:1.9.1-11.3,harvester/v1.8.2,golang.org/x/crypto,v0.36.0,gobinary,CVE-2026-46598,HIGH,https://avd.aquasec.com/nvd/cve-2026-46598,usr/bin/node_exporter,0.52.0,false,affected,severity_changed_due_to_suse_cvss_score
rancher/appco-node-exporter:1.9.1-11.3,harvester/v1.8.2,glibc,2.38-150600.14.37.1,sles,SUSE-SU-2026:0371-1,HIGH,,rancher/appco-node-exporter:1.9.1-11.3 (sles 15.7),2.38-150600.14.40.1,false,affected,
rancher/appco-node-exporter:1.9.1-11.3,harvester/v1.8.2,glibc,2.38-150600.14.37.1,sles,SUSE-SU-2026:1369-1,HIGH,,rancher/appco-node-exporter:1.9.1-11.3 (sles 15.7),2.38-150600.14.46.1,false,affected,
rancher/appco-node-exporter:1.9.1-11.3,harvester/v1.8.2,libcap2,2.63-150400.3.3.1,sles,SUSE-SU-2026:1432-1,HIGH,,rancher/appco-node-exporter:1.9.1-11.3 (sles 15.7),2.63-150400.3.6.1,false,affected,
rancher/appco-node-exporter:1.9.1-11.3,harvester/v1.8.2,libncurses6,6.1-150000.5.30.1,sles,SUSE-SU-2026:1510-1,MEDIUM,,rancher/appco-node-exporter:1.9.1-11.3 (sles 15.7),6.1-150000.5.33.1,false,not_affected,vulnerable_code_not_in_execute_path
rancher/appco-node-exporter:1.9.1-11.3,harvester/v1.8.2,terminfo-base,6.1-150000.5.30.1,sles,SUSE-SU-2026:1510-1,MEDIUM,,rancher/appco-node-exporter:1.9.1-11.3 (sles 15.7),6.1-150000.5.33.1,false,not_affected,vulnerable_code_not_in_execute_path
rancher/appco-node-exporter:1.9.1-11.3,harvester/v1.8.2,glibc,2.38-150600.14.37.1,sles,SUSE-SU-2026:2231-1,HIGH,,rancher/appco-node-exporter:1.9.1-11.3 (sles 15.7),2.38-150600.14.49.1,false,affected,
rancher/cluster-api-controller:v1.12.7,harvester/v1.8.2,golang.org/x/net,v0.49.0,gobinary,CVE-2026-25680,MEDIUM,https://avd.aquasec.com/nvd/cve-2026-25680,manager,0.55.0,false,not_affected,vulnerable_code_not_in_execute_path
rancher/cluster-api-controller:v1.12.7,harvester/v1.8.2,golang.org/x/net,v0.49.0,gobinary,CVE-2026-25681,HIGH,https://avd.aquasec.com/nvd/cve-2026-25681,manager,0.55.0,false,not_affected,vulnerable_code_not_in_execute_path
rancher/cluster-api-controller:v1.12.7,harvester/v1.8.2,golang.org/x/net,v0.49.0,gobinary,CVE-2026-27136,HIGH,https://avd.aquasec.com/nvd/cve-2026-27136,manager,0.55.0,false,not_affected,vulnerable_code_not_in_execute_path
rancher/cluster-api-controller:v1.12.7,harvester/v1.8.2,go.opentelemetry.io/otel,v1.40.0,gobinary,CVE-2026-29181,HIGH,https://avd.aquasec.com/nvd/cve-2026-29181,manager,1.41.0,false,affected,
rancher/cluster-api-controller:v1.12.7,harvester/v1.8.2,stdlib,v1.25.9,gobinary,CVE-2026-33811,HIGH,https://avd.aquasec.com/nvd/cve-2026-33811,manager,"1.25.10, 1.26.3",false,affected,
rancher/cluster-api-controller:v1.12.7,harvester/v1.8.2,golang.org/x/net,v0.49.0,gobinary,CVE-2026-33814,HIGH,https://avd.aquasec.com/nvd/cve-2026-33814,manager,0.53.0,false,affected,
rancher/cluster-api-controller:v1.12.7,harvester/v1.8.2,stdlib,v1.25.9,gobinary,CVE-2026-33814,HIGH,https://avd.aquasec.com/nvd/cve-2026-33814,manager,"1.25.10, 1.26.3",false,not_affected,vulnerable_code_not_in_execute_path
rancher/cluster-api-controller:v1.12.7,harvester/v1.8.2,stdlib,v1.25.9,gobinary,CVE-2026-39820,HIGH,https://avd.aquasec.com/nvd/cve-2026-39820,manager,"1.25.10, 1.26.3",false,not_affected,vulnerable_code_not_in_execute_path
rancher/cluster-api-controller:v1.12.7,harvester/v1.8.2,golang.org/x/net,v0.49.0,gobinary,CVE-2026-39821,HIGH,https://avd.aquasec.com/nvd/cve-2026-39821,manager,0.55.0,false,affected,
rancher/cluster-api-controller:v1.12.7,harvester/v1.8.2,stdlib,v1.25.9,gobinary,CVE-2026-39822,HIGH,https://avd.aquasec.com/nvd/cve-2026-39822,manager,"1.25.12, 1.26.5, 1.27.0-rc.2",false,not_affected,vulnerable_code_not_in_execute_path
rancher/cluster-api-controller:v1.12.7,harvester/v1.8.2,stdlib,v1.25.9,gobinary,CVE-2026-39825,MEDIUM,https://avd.aquasec.com/nvd/cve-2026-39825,manager,"1.25.10, 1.26.3",false,not_affected,vulnerable_code_not_in_execute_path
rancher/cluster-api-controller:v1.12.7,harvester/v1.8.2,golang.org/x/crypto,v0.47.0,gobinary,CVE-2026-39827,MEDIUM,https://avd.aquasec.com/nvd/cve-2026-39827,manager,0.52.0,false,not_affected,vulnerable_code_not_present
rancher/cluster-api-controller:v1.12.7,harvester/v1.8.2,golang.org/x/crypto,v0.47.0,gobinary,CVE-2026-39828,HIGH,https://avd.aquasec.com/nvd/cve-2026-39828,manager,0.52.0,false,not_affected,vulnerable_code_not_present
rancher/cluster-api-controller:v1.12.7,harvester/v1.8.2,golang.org/x/crypto,v0.47.0,gobinary,CVE-2026-39829,HIGH,https://avd.aquasec.com/nvd/cve-2026-39829,manager,0.52.0,false,not_affected,vulnerable_code_not_present
rancher/cluster-api-controller:v1.12.7,harvester/v1.8.2,golang.org/x/crypto,v0.47.0,gobinary,CVE-2026-39830,HIGH,https://avd.aquasec.com/nvd/cve-2026-39830,manager,0.52.0,false,not_affected,vulnerable_code_not_present
rancher/cluster-api-controller:v1.12.7,harvester/v1.8.2,golang.org/x/crypto,v0.47.0,gobinary,CVE-2026-39831,HIGH,https://avd.aquasec.com/nvd/cve-2026-39831,manager,0.52.0,false,not_affected,vulnerable_code_not_present
rancher/cluster-api-controller:v1.12.7,harvester/v1.8.2,golang.org/x/crypto,v0.47.0,gobinary,CVE-2026-39832,HIGH,https://avd.aquasec.com/nvd/cve-2026-39832,manager,0.52.0,false,not_affected,vulnerable_code_not_present
rancher/cluster-api-controller:v1.12.7,harvester/v1.8.2,golang.org/x/crypto,v0.47.0,gobinary,CVE-2026-39833,MEDIUM,https://avd.aquasec.com/nvd/cve-2026-39833,manager,0.52.0,false,not_affected,vulnerable_code_not_present
rancher/cluster-api-controller:v1.12.7,harvester/v1.8.2,golang.org/x/crypto,v0.47.0,gobinary,CVE-2026-39834,MEDIUM,https://avd.aquasec.com/nvd/cve-2026-39834,manager,0.52.0,false,not_affected,vulnerable_code_not_present
rancher/cluster-api-controller:v1.12.7,harvester/v1.8.2,golang.org/x/crypto,v0.47.0,gobinary,CVE-2026-39835,HIGH,https://avd.aquasec.com/nvd/cve-2026-39835,manager,0.52.0,false,not_affected,vulnerable_code_not_present
rancher/cluster-api-controller:v1.12.7,harvester/v1.8.2,stdlib,v1.25.9,gobinary,CVE-2026-39836,HIGH,https://avd.aquasec.com/nvd/cve-2026-39836,manager,"1.25.10, 1.26.3",false,affected,
rancher/cluster-api-controller:v1.12.7,harvester/v1.8.2,go.opentelemetry.io/otel/sdk,v1.40.0,gobinary,CVE-2026-39883,HIGH,https://avd.aquasec.com/nvd/cve-2026-39883,manager,1.43.0,false,not_affected,vulnerable_code_not_in_execute_path
rancher/cluster-api-controller:v1.12.7,harvester/v1.8.2,stdlib,v1.25.9,gobinary,CVE-2026-42499,HIGH,https://avd.aquasec.com/nvd/cve-2026-42499,manager,"1.25.10, 1.26.3",false,not_affected,vulnerable_code_not_in_execute_path
rancher/cluster-api-controller:v1.12.7,harvester/v1.8.2,golang.org/x/net,v0.49.0,gobinary,CVE-2026-42502,MEDIUM,https://avd.aquasec.com/nvd/cve-2026-42502,manager,0.55.0,false,not_affected,vulnerable_code_not_in_execute_path
rancher/cluster-api-controller:v1.12.7,harvester/v1.8.2,stdlib,v1.25.9,gobinary,CVE-2026-42504,HIGH,https://avd.aquasec.com/nvd/cve-2026-42504,manager,"1.25.11, 1.26.4",false,not_affected,vulnerable_code_not_in_execute_path
rancher/cluster-api-controller:v1.12.7,harvester/v1.8.2,golang.org/x/net,v0.49.0,gobinary,CVE-2026-42506,MEDIUM,https://avd.aquasec.com/nvd/cve-2026-42506,manager,0.55.0,false,not_affected,vulnerable_code_not_in_execute_path
rancher/cluster-api-controller:v1.12.7,harvester/v1.8.2,golang.org/x/crypto,v0.47.0,gobinary,CVE-2026-42508,HIGH,https://avd.aquasec.com/nvd/cve-2026-42508,manager,0.52.0,false,not_affected,vulnerable_code_not_present
rancher/cluster-api-controller:v1.12.7,harvester/v1.8.2,golang.org/x/crypto,v0.47.0,gobinary,CVE-2026-46595,HIGH,https://avd.aquasec.com/nvd/cve-2026-46595,manager,0.52.0,false,not_affected,vulnerable_code_not_present
rancher/cluster-api-controller:v1.12.7,harvester/v1.8.2,golang.org/x/crypto,v0.47.0,gobinary,CVE-2026-46597,HIGH,https://avd.aquasec.com/nvd/cve-2026-46597,manager,0.52.0,false,not_affected,vulnerable_code_not_present
rancher/cluster-api-controller:v1.12.7,harvester/v1.8.2,golang.org/x/crypto,v0.47.0,gobinary,CVE-2026-46598,MEDIUM,https://avd.aquasec.com/nvd/cve-2026-46598,manager,0.52.0,false,not_affected,vulnerable_code_not_present
rancher/cluster-api-controller:v1.12.7,harvester/v1.8.2,golang.org/x/net,v0.49.0,gobinary,CVE-2026-46600,HIGH,https://avd.aquasec.com/nvd/cve-2026-46600,manager,0.56.0,false,not_affected,vulnerable_code_not_present
rancher/cluster-api-controller:v1.12.7,harvester/v1.8.2,google.golang.org/grpc,v1.79.3,gobinary,GHSA-hrxh-6v49-42gf,HIGH,https://github.com/advisories/GHSA-hrxh-6v49-42gf,manager,1.82.1,false,affected,
rancher/fleet-agent:v0.15.4,harvester/v1.8.2,stdlib,v1.25.11,gobinary,CVE-2026-39822,HIGH,https://avd.aquasec.com/nvd/cve-2026-39822,usr/bin/fleetagent,"1.25.12, 1.26.5, 1.27.0-rc.2",false,not_affected,vulnerable_code_not_in_execute_path
rancher/fleet-agent:v0.15.4,harvester/v1.8.2,stdlib,v1.25.11,gobinary,CVE-2026-42505,MEDIUM,https://avd.aquasec.com/nvd/cve-2026-42505,usr/bin/fleetagent,"1.25.12, 1.26.5, 1.27.0-rc.2",false,not_affected,vulnerable_code_not_in_execute_path
rancher/fleet-agent:v0.15.4,harvester/v1.8.2,golang.org/x/net,v0.55.0,gobinary,CVE-2026-46600,HIGH,https://avd.aquasec.com/nvd/cve-2026-46600,usr/bin/fleetagent,0.56.0,false,not_affected,vulnerable_code_not_present
rancher/fleet-agent:v0.15.4,harvester/v1.8.2,oras.land/oras-go/v2,v2.6.0,gobinary,CVE-2026-50151,HIGH,https://avd.aquasec.com/nvd/cve-2026-50151,usr/bin/fleetagent,2.6.1,false,affected,
rancher/fleet-agent:v0.15.4,harvester/v1.8.2,oras.land/oras-go/v2,v2.6.0,gobinary,CVE-2026-50162,MEDIUM,https://avd.aquasec.com/nvd/cve-2026-50162,usr/bin/fleetagent,2.6.1,false,not_affected,vulnerable_code_not_present
rancher/fleet-agent:v0.15.4,harvester/v1.8.2,oras.land/oras-go/v2,v2.6.0,gobinary,CVE-2026-50163,HIGH,https://avd.aquasec.com/nvd/cve-2026-50163,usr/bin/fleetagent,2.6.2,false,not_affected,vulnerable_code_not_present
rancher/fleet:v0.15.4,harvester/v1.8.2,stdlib,v1.25.11,gobinary,CVE-2026-39822,HIGH,https://avd.aquasec.com/nvd/cve-2026-39822,usr/bin/fleet,"1.25.12, 1.26.5, 1.27.0-rc.2",false,not_affected,vulnerable_code_not_in_execute_path
rancher/fleet:v0.15.4,harvester/v1.8.2,stdlib,v1.25.11,gobinary,CVE-2026-39822,HIGH,https://avd.aquasec.com/nvd/cve-2026-39822,usr/bin/fleetcontroller,"1.25.12, 1.26.5, 1.27.0-rc.2",false,not_affected,vulnerable_code_not_in_execute_path
rancher/fleet:v0.15.4,harvester/v1.8.2,stdlib,v1.25.11,gobinary,CVE-2026-42505,MEDIUM,https://avd.aquasec.com/nvd/cve-2026-42505,usr/bin/fleet,"1.25.12, 1.26.5, 1.27.0-rc.2",false,not_affected,vulnerable_code_not_in_execute_path
rancher/fleet:v0.15.4,harvester/v1.8.2,stdlib,v1.25.11,gobinary,CVE-2026-42505,MEDIUM,https://avd.aquasec.com/nvd/cve-2026-42505,usr/bin/fleetcontroller,"1.25.12, 1.26.5, 1.27.0-rc.2",false,not_affected,vulnerable_code_not_in_execute_path
rancher/fleet:v0.15.4,harvester/v1.8.2,golang.org/x/net,v0.55.0,gobinary,CVE-2026-46600,HIGH,https://avd.aquasec.com/nvd/cve-2026-46600,usr/bin/fleet,0.56.0,false,not_affected,vulnerable_code_not_present
rancher/fleet:v0.15.4,harvester/v1.8.2,golang.org/x/net,v0.55.0,gobinary,CVE-2026-46600,HIGH,https://avd.aquasec.com/nvd/cve-2026-46600,usr/bin/fleetcontroller,0.56.0,false,not_affected,vulnerable_code_not_present
rancher/fleet:v0.15.4,harvester/v1.8.2,oras.land/oras-go/v2,v2.6.0,gobinary,CVE-2026-50151,HIGH,https://avd.aquasec.com/nvd/cve-2026-50151,usr/bin/fleet,2.6.1,false,affected,
rancher/fleet:v0.15.4,harvester/v1.8.2,oras.land/oras-go/v2,v2.6.0,gobinary,CVE-2026-50151,HIGH,https://avd.aquasec.com/nvd/cve-2026-50151,usr/bin/fleetcontroller,2.6.1,false,affected,
rancher/fleet:v0.15.4,harvester/v1.8.2,oras.land/oras-go/v2,v2.6.0,gobinary,CVE-2026-50162,MEDIUM,https://avd.aquasec.com/nvd/cve-2026-50162,usr/bin/fleet,2.6.1,false,not_affected,vulnerable_code_not_present
rancher/fleet:v0.15.4,harvester/v1.8.2,oras.land/oras-go/v2,v2.6.0,gobinary,CVE-2026-50162,MEDIUM,https://avd.aquasec.com/nvd/cve-2026-50162,usr/bin/fleetcontroller,2.6.1,false,not_affected,vulnerable_code_not_present
rancher/fleet:v0.15.4,harvester/v1.8.2,oras.land/oras-go/v2,v2.6.0,gobinary,CVE-2026-50163,HIGH,https://avd.aquasec.com/nvd/cve-2026-50163,usr/bin/fleet,2.6.2,false,not_affected,vulnerable_code_not_present
rancher/fleet:v0.15.4,harvester/v1.8.2,oras.land/oras-go/v2,v2.6.0,gobinary,CVE-2026-50163,HIGH,https://avd.aquasec.com/nvd/cve-2026-50163,usr/bin/fleetcontroller,2.6.2,false,not_affected,vulnerable_code_not_present
rancher/fleet:v0.15.4,harvester/v1.8.2,github.com/go-git/go-git/v5,v5.19.1,gobinary,CVE-2026-71556,HIGH,https://avd.aquasec.com/nvd/cve-2026-71556,usr/bin/fleet,5.19.2,false,affected,
rancher/fleet:v0.15.4,harvester/v1.8.2,github.com/go-git/go-git/v5,v5.19.1,gobinary,CVE-2026-71556,HIGH,https://avd.aquasec.com/nvd/cve-2026-71556,usr/bin/fleetcontroller,5.19.2,false,affected,
rancher/fleet:v0.15.4,harvester/v1.8.2,libopenssl-3-fips-provider,3.2.3-150700.5.31.1,sles,SUSE-SU-2026:2648-1,HIGH,,rancher/fleet:v0.15.4 (sles 15.7),3.2.3-150700.5.36.1,false,affected,
rancher/fleet:v0.15.4,harvester/v1.8.2,libopenssl3,3.2.3-150700.5.31.1,sles,SUSE-SU-2026:2648-1,HIGH,,rancher/fleet:v0.15.4 (sles 15.7),3.2.3-150700.5.36.1,false,affected,
rancher/fleet:v0.15.4,harvester/v1.8.2,openssl-3,3.2.3-150700.5.31.1,sles,SUSE-SU-2026:2648-1,HIGH,,rancher/fleet:v0.15.4 (sles 15.7),3.2.3-150700.5.36.1,false,affected,
rancher/fleet:v0.15.4,harvester/v1.8.2,tar,1.34-150000.3.37.1,sles,SUSE-SU-2026:2714-1,MEDIUM,,rancher/fleet:v0.15.4 (sles 15.7),1.34-150000.3.42.1,false,not_affected,vulnerable_code_not_in_execute_path
rancher/fleet:v0.15.4,harvester/v1.8.2,krb5,1.20.1-150600.11.14.1,sles,SUSE-SU-2026:2848-1,HIGH,,rancher/fleet:v0.15.4 (sles 15.7),1.20.1-150600.11.19.1,false,affected,
rancher/fleet:v0.15.4,harvester/v1.8.2,curl,8.14.1-150700.7.14.1,sles,SUSE-SU-2026:2925-1,HIGH,,rancher/fleet:v0.15.4 (sles 15.7),8.14.1-150700.7.20.1,false,not_affected,vulnerable_code_not_in_execute_path
rancher/fleet:v0.15.4,harvester/v1.8.2,libcurl4,8.14.1-150700.7.14.1,sles,SUSE-SU-2026:2925-1,HIGH,,rancher/fleet:v0.15.4 (sles 15.7),8.14.1-150700.7.20.1,false,affected,
rancher/fleet:v0.15.4,harvester/v1.8.2,libxml2-2,2.12.10-150700.4.11.1,sles,SUSE-SU-2026:3097-1,HIGH,,rancher/fleet:v0.15.4 (sles 15.7),2.12.10-150700.4.14.1,false,affected,
rancher/fleet:v0.15.4,harvester/v1.8.2,pam,1.3.0-150000.6.86.1,sles,SUSE-SU-2026:3163-1,MEDIUM,,rancher/fleet:v0.15.4 (sles 15.7),1.3.0-150000.6.89.1,false,not_affected,vulnerable_code_not_in_execute_path
rancher/fleet:v0.15.4,harvester/v1.8.2,libudev1,254.27-150600.4.62.1,sles,SUSE-SU-2026:3244-1,MEDIUM,,rancher/fleet:v0.15.4 (sles 15.7),254.27-150600.4.71.2,false,not_affected,vulnerable_code_not_in_execute_path
rancher/fleet:v0.15.4,harvester/v1.8.2,gzip,1.10-150200.10.1,sles,SUSE-SU-2026:3269-1,HIGH,,rancher/fleet:v0.15.4 (sles 15.7),1.10-150200.13.1,false,affected,
rancher/fleet:v0.15.4,harvester/v1.8.2,libssh-config,0.9.8-150600.11.12.1,sles,SUSE-SU-2026:3330-1,MEDIUM,,rancher/fleet:v0.15.4 (sles 15.7),0.9.8-150600.11.15.1,false,not_affected,vulnerable_code_not_in_execute_path
rancher/fleet:v0.15.4,harvester/v1.8.2,libssh4,0.9.8-150600.11.12.1,sles,SUSE-SU-2026:3330-1,MEDIUM,,rancher/fleet:v0.15.4 (sles 15.7),0.9.8-150600.11.15.1,false,not_affected,vulnerable_code_not_in_execute_path
rancher/fleet:v0.15.4,harvester/v1.8.2,libglib-2_0-0,2.78.6-150600.4.35.1,sles,SUSE-SU-2026:3341-1,HIGH,,rancher/fleet:v0.15.4 (sles 15.7),2.78.6-150600.4.38.1,false,not_affected,vulnerable_code_not_in_execute_path
rancher/fleet:v0.15.4,harvester/v1.8.2,perl-base,5.26.1-150300.17.20.1,sles,SUSE-SU-2026:3558-1,HIGH,,rancher/fleet:v0.15.4 (sles 15.7),5.26.1-150300.17.23.1,false,affected,
rancher/fleet:v0.15.4,harvester/v1.8.2,rpm-ndb,4.14.3-150400.59.16.1,sles,SUSE-SU-2026:3600-1,HIGH,,rancher/fleet:v0.15.4 (sles 15.7),4.14.3-150400.59.19.1,false,affected,
rancher/hardened-calico:v3.32.1-build20260722,harvester/v1.8.2,libudev1,254.27-150600.4.62.1,sles,SUSE-SU-2026:3244-1,MEDIUM,,rancher/hardened-calico:v3.32.1-build20260722 (sles 15.7),254.27-150600.4.71.2,false,not_affected,vulnerable_code_not_in_execute_path
rancher/hardened-calico:v3.32.1-build20260722,harvester/v1.8.2,systemd,254.27-150600.4.62.1,sles,SUSE-SU-2026:3244-1,MEDIUM,,rancher/hardened-calico:v3.32.1-build20260722 (sles 15.7),254.27-150600.4.71.2,false,not_affected,vulnerable_code_not_in_execute_path
rancher/hardened-calico:v3.32.1-build20260722,harvester/v1.8.2,udev,254.27-150600.4.62.1,sles,SUSE-SU-2026:3244-1,MEDIUM,,rancher/hardened-calico:v3.32.1-build20260722 (sles 15.7),254.27-150600.4.71.2,false,not_affected,vulnerable_code_not_in_execute_path
rancher/hardened-calico:v3.32.1-build20260722,harvester/v1.8.2,gzip,1.10-150200.10.1,sles,SUSE-SU-2026:3269-1,HIGH,,rancher/hardened-calico:v3.32.1-build20260722 (sles 15.7),1.10-150200.13.1,false,not_affected,vulnerable_code_not_in_execute_path
rancher/hardened-calico:v3.32.1-build20260722,harvester/v1.8.2,libssh-config,0.9.8-150600.11.12.1,sles,SUSE-SU-2026:3330-1,MEDIUM,,rancher/hardened-calico:v3.32.1-build20260722 (sles 15.7),0.9.8-150600.11.15.1,false,not_affected,vulnerable_code_not_in_execute_path
rancher/hardened-calico:v3.32.1-build20260722,harvester/v1.8.2,libglib-2_0-0,2.78.6-150600.4.35.1,sles,SUSE-SU-2026:3341-1,HIGH,,rancher/hardened-calico:v3.32.1-build20260722 (sles 15.7),2.78.6-150600.4.38.1,false,not_affected,vulnerable_code_not_in_execute_path
rancher/hardened-calico:v3.32.1-build20260722,harvester/v1.8.2,perl-base,5.26.1-150300.17.20.1,sles,SUSE-SU-2026:3558-1,HIGH,,rancher/hardened-calico:v3.32.1-build20260722 (sles 15.7),5.26.1-150300.17.23.1,false,affected,
rancher/hardened-calico:v3.32.1-build20260722,harvester/v1.8.2,rpm-ndb,4.14.3-150400.59.16.1,sles,SUSE-SU-2026:3600-1,HIGH,,rancher/hardened-calico:v3.32.1-build20260722 (sles 15.7),4.14.3-150400.59.19.1,false,affected,
rancher/hardened-etcd:v3.6.14-k3s1-build20260723,harvester/v1.8.2,golang.org/x/net,v0.55.0,gobinary,CVE-2026-46600,HIGH,https://avd.aquasec.com/nvd/cve-2026-46600,usr/local/bin/etcd,0.56.0,false,not_affected,vulnerable_code_not_present
rancher/hardened-etcd:v3.6.14-k3s1-build20260723,harvester/v1.8.2,golang.org/x/net,v0.55.0,gobinary,CVE-2026-46600,HIGH,https://avd.aquasec.com/nvd/cve-2026-46600,usr/local/bin/etcdctl,0.56.0,false,not_affected,vulnerable_code_not_present
rancher/hardened-etcd:v3.6.14-k3s1-build20260723,harvester/v1.8.2,golang.org/x/text,v0.37.0,gobinary,CVE-2026-56852,HIGH,https://avd.aquasec.com/nvd/cve-2026-56852,usr/local/bin/etcd,0.39.0,false,not_affected,vulnerable_code_not_in_execute_path
rancher/hardened-etcd:v3.6.14-k3s1-build20260723,harvester/v1.8.2,golang.org/x/text,v0.37.0,gobinary,CVE-2026-56852,HIGH,https://avd.aquasec.com/nvd/cve-2026-56852,usr/local/bin/etcdctl,0.39.0,false,not_affected,vulnerable_code_not_in_execute_path
rancher/hardened-kubernetes:v1.35.7-rke2r1-build20260723,harvester/v1.8.2,golang.org/x/text,v0.38.0,gobinary,CVE-2026-56852,HIGH,https://avd.aquasec.com/nvd/cve-2026-56852,usr/local/bin/kube-apiserver,0.39.0,false,not_affected,vulnerable_code_not_in_execute_path
rancher/hardened-kubernetes:v1.35.7-rke2r1-build20260723,harvester/v1.8.2,golang.org/x/text,v0.38.0,gobinary,CVE-2026-56852,HIGH,https://avd.aquasec.com/nvd/cve-2026-56852,usr/local/bin/kube-controller-manager,0.39.0,false,not_affected,vulnerable_code_not_in_execute_path
rancher/hardened-kubernetes:v1.35.7-rke2r1-build20260723,harvester/v1.8.2,golang.org/x/text,v0.38.0,gobinary,CVE-2026-56852,HIGH,https://avd.aquasec.com/nvd/cve-2026-56852,usr/local/bin/kube-proxy,0.39.0,false,not_affected,vulnerable_code_not_in_execute_path
rancher/hardened-kubernetes:v1.35.7-rke2r1-build20260723,harvester/v1.8.2,golang.org/x/text,v0.38.0,gobinary,CVE-2026-56852,HIGH,https://avd.aquasec.com/nvd/cve-2026-56852,usr/local/bin/kube-scheduler,0.39.0,false,not_affected,vulnerable_code_not_in_execute_path
rancher/hardened-kubernetes:v1.35.7-rke2r1-build20260723,harvester/v1.8.2,golang.org/x/text,v0.38.0,gobinary,CVE-2026-56852,HIGH,https://avd.aquasec.com/nvd/cve-2026-56852,usr/local/bin/kubectl,0.39.0,false,not_affected,vulnerable_code_not_in_execute_path
rancher/hardened-kubernetes:v1.35.7-rke2r1-build20260723,harvester/v1.8.2,golang.org/x/text,v0.38.0,gobinary,CVE-2026-56852,HIGH,https://avd.aquasec.com/nvd/cve-2026-56852,usr/local/bin/kubelet,0.39.0,false,not_affected,vulnerable_code_not_in_execute_path
rancher/hardened-snapshot-controller:v8.6.0-build20260722,harvester/v1.8.2,golang.org/x/net,v0.55.0,gobinary,CVE-2026-46600,HIGH,https://avd.aquasec.com/nvd/cve-2026-46600,snapshot-controller,0.56.0,false,not_affected,vulnerable_code_not_present
rancher/harvester-eventrouter:v1.8.2,harvester/v1.8.2,github.com/golang/glog,v0.0.0-20160126235308-23def4e6c14b,gobinary,CVE-2024-45339,HIGH,https://avd.aquasec.com/nvd/cve-2024-45339,usr/bin/eventrouter,1.2.4,false,affected,severity_changed_due_to_suse_cvss_score
rancher/harvester-eventrouter:v1.8.2,harvester/v1.8.2,github.com/golang-jwt/jwt/v4,v4.2.0,gobinary,CVE-2025-30204,HIGH,https://avd.aquasec.com/nvd/cve-2025-30204,usr/bin/eventrouter,4.5.2,false,not_affected,vulnerable_code_not_in_execute_path
rancher/harvester-eventrouter:v1.8.2,harvester/v1.8.2,golang.org/x/net,v0.38.0,gobinary,CVE-2025-47911,MEDIUM,https://avd.aquasec.com/nvd/cve-2025-47911,usr/bin/eventrouter,0.45.0,false,not_affected,vulnerable_code_not_present
rancher/harvester-eventrouter:v1.8.2,harvester/v1.8.2,golang.org/x/crypto,v0.36.0,gobinary,CVE-2025-47913,HIGH,https://avd.aquasec.com/nvd/cve-2025-47913,usr/bin/eventrouter,0.43.0,false,not_affected,vulnerable_code_not_present
rancher/harvester-eventrouter:v1.8.2,harvester/v1.8.2,golang.org/x/crypto,v0.36.0,gobinary,CVE-2025-47914,MEDIUM,https://avd.aquasec.com/nvd/cve-2025-47914,usr/bin/eventrouter,0.45.0,false,not_affected,vulnerable_code_not_present
rancher/harvester-eventrouter:v1.8.2,harvester/v1.8.2,golang.org/x/crypto,v0.36.0,gobinary,CVE-2025-58181,MEDIUM,https://avd.aquasec.com/nvd/cve-2025-58181,usr/bin/eventrouter,0.45.0,false,not_affected,vulnerable_code_not_present
rancher/harvester-eventrouter:v1.8.2,harvester/v1.8.2,golang.org/x/net,v0.38.0,gobinary,CVE-2025-58190,MEDIUM,https://avd.aquasec.com/nvd/cve-2025-58190,usr/bin/eventrouter,0.45.0,false,not_affected,vulnerable_code_not_present
rancher/harvester-eventrouter:v1.8.2,harvester/v1.8.2,golang.org/x/net,v0.38.0,gobinary,CVE-2026-25680,MEDIUM,https://avd.aquasec.com/nvd/cve-2026-25680,usr/bin/eventrouter,0.55.0,false,not_affected,vulnerable_code_not_present
rancher/harvester-eventrouter:v1.8.2,harvester/v1.8.2,golang.org/x/net,v0.38.0,gobinary,CVE-2026-25681,HIGH,https://avd.aquasec.com/nvd/cve-2026-25681,usr/bin/eventrouter,0.55.0,false,not_affected,vulnerable_code_not_present
rancher/harvester-eventrouter:v1.8.2,harvester/v1.8.2,golang.org/x/net,v0.38.0,gobinary,CVE-2026-27136,HIGH,https://avd.aquasec.com/nvd/cve-2026-27136,usr/bin/eventrouter,0.55.0,false,not_affected,vulnerable_code_not_present
rancher/harvester-eventrouter:v1.8.2,harvester/v1.8.2,golang.org/x/net,v0.38.0,gobinary,CVE-2026-33814,HIGH,https://avd.aquasec.com/nvd/cve-2026-33814,usr/bin/eventrouter,0.53.0,false,affected,
rancher/harvester-eventrouter:v1.8.2,harvester/v1.8.2,golang.org/x/net,v0.38.0,gobinary,CVE-2026-39821,HIGH,https://avd.aquasec.com/nvd/cve-2026-39821,usr/bin/eventrouter,0.55.0,false,affected,
rancher/harvester-eventrouter:v1.8.2,harvester/v1.8.2,golang.org/x/crypto,v0.36.0,gobinary,CVE-2026-39827,MEDIUM,https://avd.aquasec.com/nvd/cve-2026-39827,usr/bin/eventrouter,0.52.0,false,not_affected,vulnerable_code_not_present
rancher/harvester-eventrouter:v1.8.2,harvester/v1.8.2,golang.org/x/crypto,v0.36.0,gobinary,CVE-2026-39828,HIGH,https://avd.aquasec.com/nvd/cve-2026-39828,usr/bin/eventrouter,0.52.0,false,not_affected,vulnerable_code_not_present
rancher/harvester-eventrouter:v1.8.2,harvester/v1.8.2,golang.org/x/crypto,v0.36.0,gobinary,CVE-2026-39829,HIGH,https://avd.aquasec.com/nvd/cve-2026-39829,usr/bin/eventrouter,0.52.0,false,not_affected,vulnerable_code_not_present
rancher/harvester-eventrouter:v1.8.2,harvester/v1.8.2,golang.org/x/crypto,v0.36.0,gobinary,CVE-2026-39830,HIGH,https://avd.aquasec.com/nvd/cve-2026-39830,usr/bin/eventrouter,0.52.0,false,not_affected,vulnerable_code_not_present
rancher/harvester-eventrouter:v1.8.2,harvester/v1.8.2,golang.org/x/crypto,v0.36.0,gobinary,CVE-2026-39831,HIGH,https://avd.aquasec.com/nvd/cve-2026-39831,usr/bin/eventrouter,0.52.0,false,not_affected,vulnerable_code_not_present
rancher/harvester-eventrouter:v1.8.2,harvester/v1.8.2,golang.org/x/crypto,v0.36.0,gobinary,CVE-2026-39832,HIGH,https://avd.aquasec.com/nvd/cve-2026-39832,usr/bin/eventrouter,0.52.0,false,not_affected,vulnerable_code_not_present
rancher/harvester-eventrouter:v1.8.2,harvester/v1.8.2,golang.org/x/crypto,v0.36.0,gobinary,CVE-2026-39833,MEDIUM,https://avd.aquasec.com/nvd/cve-2026-39833,usr/bin/eventrouter,0.52.0,false,not_affected,vulnerable_code_not_present
rancher/harvester-eventrouter:v1.8.2,harvester/v1.8.2,golang.org/x/crypto,v0.36.0,gobinary,CVE-2026-39834,MEDIUM,https://avd.aquasec.com/nvd/cve-2026-39834,usr/bin/eventrouter,0.52.0,false,not_affected,vulnerable_code_not_present
rancher/harvester-eventrouter:v1.8.2,harvester/v1.8.2,golang.org/x/crypto,v0.36.0,gobinary,CVE-2026-39835,HIGH,https://avd.aquasec.com/nvd/cve-2026-39835,usr/bin/eventrouter,0.52.0,false,not_affected,vulnerable_code_not_present
rancher/harvester-eventrouter:v1.8.2,harvester/v1.8.2,golang.org/x/net,v0.38.0,gobinary,CVE-2026-42502,MEDIUM,https://avd.aquasec.com/nvd/cve-2026-42502,usr/bin/eventrouter,0.55.0,false,not_affected,vulnerable_code_not_present
rancher/harvester-eventrouter:v1.8.2,harvester/v1.8.2,golang.org/x/net,v0.38.0,gobinary,CVE-2026-42506,MEDIUM,https://avd.aquasec.com/nvd/cve-2026-42506,usr/bin/eventrouter,0.55.0,false,not_affected,vulnerable_code_not_present
rancher/harvester-eventrouter:v1.8.2,harvester/v1.8.2,golang.org/x/crypto,v0.36.0,gobinary,CVE-2026-42508,HIGH,https://avd.aquasec.com/nvd/cve-2026-42508,usr/bin/eventrouter,0.52.0,false,not_affected,vulnerable_code_not_present
rancher/harvester-eventrouter:v1.8.2,harvester/v1.8.2,golang.org/x/crypto,v0.36.0,gobinary,CVE-2026-46595,HIGH,https://avd.aquasec.com/nvd/cve-2026-46595,usr/bin/eventrouter,0.52.0,false,not_affected,vulnerable_code_not_present
rancher/harvester-eventrouter:v1.8.2,harvester/v1.8.2,golang.org/x/crypto,v0.36.0,gobinary,CVE-2026-46597,HIGH,https://avd.aquasec.com/nvd/cve-2026-46597,usr/bin/eventrouter,0.52.0,false,not_affected,vulnerable_code_not_present
rancher/harvester-eventrouter:v1.8.2,harvester/v1.8.2,golang.org/x/crypto,v0.36.0,gobinary,CVE-2026-46598,MEDIUM,https://avd.aquasec.com/nvd/cve-2026-46598,usr/bin/eventrouter,0.52.0,false,not_affected,vulnerable_code_not_present
rancher/harvester-eventrouter:v1.8.2,harvester/v1.8.2,golang.org/x/net,v0.38.0,gobinary,CVE-2026-46600,HIGH,https://avd.aquasec.com/nvd/cve-2026-46600,usr/bin/eventrouter,0.56.0,false,not_affected,vulnerable_code_not_present
rancher/harvester-eventrouter:v1.8.2,harvester/v1.8.2,golang.org/x/text,v0.23.0,gobinary,CVE-2026-56852,HIGH,https://avd.aquasec.com/nvd/cve-2026-56852,usr/bin/eventrouter,0.39.0,false,not_affected,vulnerable_code_not_in_execute_path
rancher/harvester-kubeovn-operator:v1.15.4-r2,harvester/v1.8.2,golang.org/x/crypto,v0.36.0,gobinary,CVE-2025-47913,HIGH,https://avd.aquasec.com/nvd/cve-2025-47913,manager,0.43.0,false,affected,
rancher/harvester-kubeovn-operator:v1.15.4-r2,harvester/v1.8.2,go.opentelemetry.io/otel/sdk,v1.34.0,gobinary,CVE-2026-24051,HIGH,https://avd.aquasec.com/nvd/cve-2026-24051,manager,1.40.0,false,affected,
rancher/harvester-kubeovn-operator:v1.15.4-r2,harvester/v1.8.2,golang.org/x/net,v0.38.0,gobinary,CVE-2026-25680,HIGH,https://avd.aquasec.com/nvd/cve-2026-25680,manager,0.55.0,false,affected,severity_changed_due_to_suse_cvss_score
rancher/harvester-kubeovn-operator:v1.15.4-r2,harvester/v1.8.2,google.golang.org/grpc,v1.72.1,gobinary,CVE-2026-33186,HIGH,https://avd.aquasec.com/nvd/cve-2026-33186,manager,1.79.3,false,affected,severity_changed_due_to_suse_cvss_score
rancher/harvester-kubeovn-operator:v1.15.4-r2,harvester/v1.8.2,golang.org/x/net,v0.38.0,gobinary,CVE-2026-33814,HIGH,https://avd.aquasec.com/nvd/cve-2026-33814,manager,0.53.0,false,affected,
rancher/harvester-kubeovn-operator:v1.15.4-r2,harvester/v1.8.2,golang.org/x/net,v0.38.0,gobinary,CVE-2026-39821,HIGH,https://avd.aquasec.com/nvd/cve-2026-39821,manager,0.55.0,false,affected,
rancher/harvester-kubeovn-operator:v1.15.4-r2,harvester/v1.8.2,stdlib,v1.26.3,gobinary,CVE-2026-39822,HIGH,https://avd.aquasec.com/nvd/cve-2026-39822,manager,"1.25.12, 1.26.5, 1.27.0-rc.2",false,affected,
rancher/harvester-kubeovn-operator:v1.15.4-r2,harvester/v1.8.2,golang.org/x/crypto,v0.36.0,gobinary,CVE-2026-39828,HIGH,https://avd.aquasec.com/nvd/cve-2026-39828,manager,0.52.0,false,affected,
rancher/harvester-kubeovn-operator:v1.15.4-r2,harvester/v1.8.2,golang.org/x/crypto,v0.36.0,gobinary,CVE-2026-39829,HIGH,https://avd.aquasec.com/nvd/cve-2026-39829,manager,0.52.0,false,affected,
rancher/harvester-kubeovn-operator:v1.15.4-r2,harvester/v1.8.2,golang.org/x/crypto,v0.36.0,gobinary,CVE-2026-39831,HIGH,https://avd.aquasec.com/nvd/cve-2026-39831,manager,0.52.0,false,affected,
rancher/harvester-kubeovn-operator:v1.15.4-r2,harvester/v1.8.2,golang.org/x/crypto,v0.36.0,gobinary,CVE-2026-39832,HIGH,https://avd.aquasec.com/nvd/cve-2026-39832,manager,0.52.0,false,affected,
rancher/harvester-kubeovn-operator:v1.15.4-r2,harvester/v1.8.2,golang.org/x/crypto,v0.36.0,gobinary,CVE-2026-39833,HIGH,https://avd.aquasec.com/nvd/cve-2026-39833,manager,0.52.0,false,affected,severity_changed_due_to_suse_cvss_score
rancher/harvester-kubeovn-operator:v1.15.4-r2,harvester/v1.8.2,golang.org/x/crypto,v0.36.0,gobinary,CVE-2026-39834,HIGH,https://avd.aquasec.com/nvd/cve-2026-39834,manager,0.52.0,false,affected,severity_changed_due_to_suse_cvss_score
rancher/harvester-kubeovn-operator:v1.15.4-r2,harvester/v1.8.2,golang.org/x/crypto,v0.36.0,gobinary,CVE-2026-39835,HIGH,https://avd.aquasec.com/nvd/cve-2026-39835,manager,0.52.0,false,affected,
rancher/harvester-kubeovn-operator:v1.15.4-r2,harvester/v1.8.2,go.opentelemetry.io/otel/sdk,v1.34.0,gobinary,CVE-2026-39883,HIGH,https://avd.aquasec.com/nvd/cve-2026-39883,manager,1.43.0,false,affected,
rancher/harvester-kubeovn-operator:v1.15.4-r2,harvester/v1.8.2,golang.org/x/crypto,v0.36.0,gobinary,CVE-2026-42508,HIGH,https://avd.aquasec.com/nvd/cve-2026-42508,manager,0.52.0,false,affected,
rancher/harvester-kubeovn-operator:v1.15.4-r2,harvester/v1.8.2,golang.org/x/crypto,v0.36.0,gobinary,CVE-2026-46595,HIGH,https://avd.aquasec.com/nvd/cve-2026-46595,manager,0.52.0,false,affected,
rancher/harvester-kubeovn-operator:v1.15.4-r2,harvester/v1.8.2,golang.org/x/crypto,v0.36.0,gobinary,CVE-2026-46597,HIGH,https://avd.aquasec.com/nvd/cve-2026-46597,manager,0.52.0,false,affected,
rancher/harvester-kubeovn-operator:v1.15.4-r2,harvester/v1.8.2,golang.org/x/crypto,v0.36.0,gobinary,CVE-2026-46598,HIGH,https://avd.aquasec.com/nvd/cve-2026-46598,manager,0.52.0,false,affected,severity_changed_due_to_suse_cvss_score
rancher/harvester-kubeovn-operator:v1.15.4-r2,harvester/v1.8.2,google.golang.org/grpc,v1.72.1,gobinary,GHSA-hrxh-6v49-42gf,HIGH,https://github.com/advisories/GHSA-hrxh-6v49-42gf,manager,1.82.1,false,affected,
rancher/harvester-kubeovn-operator:v1.15.4-r2,harvester/v1.8.2,libsqlite3-0,3.51.3-160000.1.1,sles,SUSE-SU-2026:22166-1,HIGH,,rancher/harvester-kubeovn-operator:v1.15.4-r2 (sles 16.0),3.53.2-160000.1.1,false,affected,
rancher/harvester-kubeovn-operator:v1.15.4-r2,harvester/v1.8.2,libsolv-tools-base,0.7.36-160000.1.1,sles,SUSE-SU-2026:22172-1,HIGH,,rancher/harvester-kubeovn-operator:v1.15.4-r2 (sles 16.0),0.7.39-160000.1.1,false,affected,
rancher/harvester-kubeovn-operator:v1.15.4-r2,harvester/v1.8.2,libzypp,17.38.5-160000.1.1,sles,SUSE-SU-2026:22172-1,HIGH,,rancher/harvester-kubeovn-operator:v1.15.4-r2 (sles 16.0),17.38.13-160000.1.1,false,affected,
rancher/harvester-kubeovn-operator:v1.15.4-r2,harvester/v1.8.2,zypper,1.14.95-160000.1.1,sles,SUSE-SU-2026:22172-1,HIGH,,rancher/harvester-kubeovn-operator:v1.15.4-r2 (sles 16.0),1.14.98-160000.1.1,false,not_affected,vulnerable_code_not_in_execute_path
rancher/harvester-kubeovn-operator:v1.15.4-r2,harvester/v1.8.2,libncurses6,6.5.20250531-160000.2.2,sles,SUSE-SU-2026:22294-1,MEDIUM,,rancher/harvester-kubeovn-operator:v1.15.4-r2 (sles 16.0),6.5.20250531-160000.3.1,false,not_affected,vulnerable_code_not_in_execute_path
rancher/harvester-kubeovn-operator:v1.15.4-r2,harvester/v1.8.2,ncurses-utils,6.5.20250531-160000.2.2,sles,SUSE-SU-2026:22294-1,MEDIUM,,rancher/harvester-kubeovn-operator:v1.15.4-r2 (sles 16.0),6.5.20250531-160000.3.1,false,not_affected,vulnerable_code_not_in_execute_path
rancher/harvester-kubeovn-operator:v1.15.4-r2,harvester/v1.8.2,terminfo-base,6.5.20250531-160000.2.2,sles,SUSE-SU-2026:22294-1,MEDIUM,,rancher/harvester-kubeovn-operator:v1.15.4-r2 (sles 16.0),6.5.20250531-160000.3.1,false,not_affected,vulnerable_code_not_in_execute_path
rancher/harvester-kubeovn-operator:v1.15.4-r2,harvester/v1.8.2,libopenssl-3-fips-provider,3.5.0-160000.7.1,sles,SUSE-SU-2026:22315-1,HIGH,,rancher/harvester-kubeovn-operator:v1.15.4-r2 (sles 16.0),3.5.0-160000.8.1,false,affected,
rancher/harvester-kubeovn-operator:v1.15.4-r2,harvester/v1.8.2,libopenssl3,3.5.0-160000.7.1,sles,SUSE-SU-2026:22315-1,HIGH,,rancher/harvester-kubeovn-operator:v1.15.4-r2 (sles 16.0),3.5.0-160000.8.1,false,affected,
rancher/harvester-kubeovn-operator:v1.15.4-r2,harvester/v1.8.2,openssl-3,3.5.0-160000.7.1,sles,SUSE-SU-2026:22315-1,HIGH,,rancher/harvester-kubeovn-operator:v1.15.4-r2 (sles 16.0),3.5.0-160000.8.1,false,affected,
rancher/harvester-kubeovn-operator:v1.15.4-r2,harvester/v1.8.2,libgcrypt20,1.12.1-160000.1.1,sles,SUSE-SU-2026:22355-1,MEDIUM,,rancher/harvester-kubeovn-operator:v1.15.4-r2 (sles 16.0),1.12.1-160000.2.1,false,not_affected,vulnerable_code_not_in_execute_path
rancher/harvester-kubeovn-operator:v1.15.4-r2,harvester/v1.8.2,tar,1.35-160000.3.1,sles,SUSE-SU-2026:22377-1,HIGH,,rancher/harvester-kubeovn-operator:v1.15.4-r2 (sles 16.0),1.35-160000.4.1,false,not_affected,vulnerable_code_not_in_execute_path
rancher/harvester-kubeovn-operator:v1.15.4-r2,harvester/v1.8.2,curl,8.14.1-160000.5.1,sles,SUSE-SU-2026:22582-1,HIGH,,rancher/harvester-kubeovn-operator:v1.15.4-r2 (sles 16.0),8.14.1-160000.8.1,false,affected,
rancher/harvester-kubeovn-operator:v1.15.4-r2,harvester/v1.8.2,libcurl-mini4,8.14.1-160000.5.1,sles,SUSE-SU-2026:22582-1,HIGH,,rancher/harvester-kubeovn-operator:v1.15.4-r2 (sles 16.0),8.14.1-160000.8.1,false,affected,
rancher/harvester-kubeovn-operator:v1.15.4-r2,harvester/v1.8.2,libnghttp2-14,1.64.0-160000.3.1,sles,SUSE-SU-2026:22630-1,MEDIUM,,rancher/harvester-kubeovn-operator:v1.15.4-r2 (sles 16.0),1.64.0-160000.4.1,false,not_affected,vulnerable_code_not_in_execute_path
rancher/harvester-kubeovn-operator:v1.15.4-r2,harvester/v1.8.2,libxml2-2,2.13.8-160000.4.1,sles,SUSE-SU-2026:22636-1,HIGH,,rancher/harvester-kubeovn-operator:v1.15.4-r2 (sles 16.0),2.13.8-160000.5.1,false,affected,
rancher/harvester-kubeovn-operator:v1.15.4-r2,harvester/v1.8.2,pam,1.7.1-160000.3.1,sles,SUSE-SU-2026:22639-1,MEDIUM,,rancher/harvester-kubeovn-operator:v1.15.4-r2 (sles 16.0),1.7.1-160000.5.1,false,not_affected,vulnerable_code_not_in_execute_path
rancher/harvester-kubeovn-operator:v1.15.4-r2,harvester/v1.8.2,gzip,1.13-160000.2.2,sles,SUSE-SU-2026:22818-1,HIGH,,rancher/harvester-kubeovn-operator:v1.15.4-r2 (sles 16.0),1.13-160000.3.1,false,affected,
rancher/harvester-kubeovn-operator:v1.15.4-r2,harvester/v1.8.2,libgcrypt20,1.12.1-160000.1.1,sles,SUSE-SU-2026:22826-1,MEDIUM,,rancher/harvester-kubeovn-operator:v1.15.4-r2 (sles 16.0),1.12.1-160000.3.1,false,not_affected,vulnerable_code_not_in_execute_path
rancher/harvester-kubeovn-operator:v1.15.4-r2,harvester/v1.8.2,libglib-2_0-0,2.84.4-160000.2.1,sles,SUSE-SU-2026:22846-1,HIGH,,rancher/harvester-kubeovn-operator:v1.15.4-r2 (sles 16.0),2.84.4-160000.4.1,false,not_affected,vulnerable_code_not_in_execute_path
rancher/harvester-load-balancer-webhook:v1.8.2,harvester/v1.8.2,github.com/rancher/rancher,v0.0.0-20250827213702-1daa918b630b,gobinary,CVE-2019-11881,MEDIUM,https://avd.aquasec.com/nvd/cve-2019-11881,usr/bin/harvester-load-balancer-webhook,,false,not_affected,vulnerable_code_not_in_execute_path
rancher/harvester-load-balancer-webhook:v1.8.2,harvester/v1.8.2,github.com/rancher/rancher,v0.0.0-20250827213702-1daa918b630b,gobinary,CVE-2019-12274,HIGH,https://avd.aquasec.com/nvd/cve-2019-12274,usr/bin/harvester-load-balancer-webhook,"2.2.4, 1.6.27",false,not_affected,vulnerable_code_not_in_execute_path
rancher/harvester-load-balancer-webhook:v1.8.2,harvester/v1.8.2,github.com/rancher/rancher,v0.0.0-20250827213702-1daa918b630b,gobinary,CVE-2021-25313,MEDIUM,https://avd.aquasec.com/nvd/cve-2021-25313,usr/bin/harvester-load-balancer-webhook,"2.5.6, 2.4.14, 2.3.11",false,not_affected,vulnerable_code_not_in_execute_path
rancher/harvester-load-balancer-webhook:v1.8.2,harvester/v1.8.2,github.com/rancher/rancher,v0.0.0-20250827213702-1daa918b630b,gobinary,CVE-2021-36775,HIGH,https://avd.aquasec.com/nvd/cve-2021-36775,usr/bin/harvester-load-balancer-webhook,"2.4.18, 2.5.12, 2.6.3",false,not_affected,vulnerable_code_not_in_execute_path
rancher/harvester-load-balancer-webhook:v1.8.2,harvester/v1.8.2,github.com/rancher/rancher,v0.0.0-20250827213702-1daa918b630b,gobinary,CVE-2023-32199,MEDIUM,https://avd.aquasec.com/nvd/cve-2023-32199,usr/bin/harvester-load-balancer-webhook,0.0.0-20251014212116-7faa74a968c2,false,not_affected,vulnerable_code_not_in_execute_path
rancher/harvester-load-balancer-webhook:v1.8.2,harvester/v1.8.2,github.com/rancher/rancher,v0.0.0-20250827213702-1daa918b630b,gobinary,CVE-2024-58269,MEDIUM,https://avd.aquasec.com/nvd/cve-2024-58269,usr/bin/harvester-load-balancer-webhook,0.0.0-20251013203444-50dc516a19ea,false,not_affected,vulnerable_code_not_in_execute_path
rancher/harvester-load-balancer-webhook:v1.8.2,harvester/v1.8.2,github.com/rancher/rancher,v0.0.0-20250827213702-1daa918b630b,gobinary,CVE-2025-67601,HIGH,https://avd.aquasec.com/nvd/cve-2025-67601,usr/bin/harvester-load-balancer-webhook,"0.0.0-20260129092249-bb0625fd1896, 2.13.2, 2.12.6, 2.11.10, 2.10.11",false,not_affected,vulnerable_code_not_in_execute_path
rancher/harvester-load-balancer-webhook:v1.8.2,harvester/v1.8.2,github.com/rancher/rancher,v0.0.0-20250827213702-1daa918b630b,gobinary,CVE-2026-41052,CRITICAL,https://avd.aquasec.com/nvd/cve-2026-41052,usr/bin/harvester-load-balancer-webhook,"2.14.2, 2.13.6, 2.12.10, 0.0.0-20260513182521-2800aaac25b5",false,not_affected,vulnerable_code_not_in_execute_path
rancher/harvester-load-balancer-webhook:v1.8.2,harvester/v1.8.2,github.com/rancher/rancher,v0.0.0-20250827213702-1daa918b630b,gobinary,CVE-2026-41053,HIGH,https://avd.aquasec.com/nvd/cve-2026-41053,usr/bin/harvester-load-balancer-webhook,"2.14.2, 2.13.6, 0.0.0-20260519172014-d0c047bbc6d2",false,not_affected,vulnerable_code_not_in_execute_path
rancher/harvester-load-balancer-webhook:v1.8.2,harvester/v1.8.2,github.com/rancher/rancher,v0.0.0-20250827213702-1daa918b630b,gobinary,CVE-2026-44939,CRITICAL,https://avd.aquasec.com/nvd/cve-2026-44939,usr/bin/harvester-load-balancer-webhook,"2.14.2, 2.13.6, 2.12.10, 2.11.14, 2.10.12, 0.0.0-20260617231817-2aa77eb283e7",false,not_affected,vulnerable_code_not_in_execute_path
rancher/harvester-network-controller:v1.8.2,harvester/v1.8.2,perl-base,5.26.1-150300.17.20.1,sles,SUSE-SU-2026:3558-1,HIGH,,rancher/harvester-network-controller:v1.8.2 (sles 15.7),5.26.1-150300.17.23.1,false,affected,
rancher/harvester-network-controller:v1.8.2,harvester/v1.8.2,rpm-ndb,4.14.3-150400.59.16.1,sles,SUSE-SU-2026:3600-1,HIGH,,rancher/harvester-network-controller:v1.8.2 (sles 15.7),4.14.3-150400.59.19.1,false,affected,
rancher/harvester-network-helper:v1.8.2,harvester/v1.8.2,perl-base,5.26.1-150300.17.20.1,sles,SUSE-SU-2026:3558-1,HIGH,,rancher/harvester-network-helper:v1.8.2 (sles 15.7),5.26.1-150300.17.23.1,false,affected,
rancher/harvester-network-helper:v1.8.2,harvester/v1.8.2,rpm-ndb,4.14.3-150400.59.16.1,sles,SUSE-SU-2026:3600-1,HIGH,,rancher/harvester-network-helper:v1.8.2 (sles 15.7),4.14.3-150400.59.19.1,false,affected,
rancher/harvester-network-webhook:v1.8.2,harvester/v1.8.2,perl-base,5.26.1-150300.17.20.1,sles,SUSE-SU-2026:3558-1,HIGH,,rancher/harvester-network-webhook:v1.8.2 (sles 15.7),5.26.1-150300.17.23.1,false,affected,
rancher/harvester-network-webhook:v1.8.2,harvester/v1.8.2,rpm-ndb,4.14.3-150400.59.16.1,sles,SUSE-SU-2026:3600-1,HIGH,,rancher/harvester-network-webhook:v1.8.2 (sles 15.7),4.14.3-150400.59.19.1,false,affected,
rancher/harvester-node-disk-manager-webhook:v1.8.2,harvester/v1.8.2,github.com/harvester/harvester,v1.5.1,gobinary,CVE-2025-71261,HIGH,https://avd.aquasec.com/nvd/cve-2025-71261,usr/bin/node-disk-manager-webhook,1.8.0,false,not_affected,vulnerable_code_not_in_execute_path
rancher/harvester-node-disk-manager-webhook:v1.8.2,harvester/v1.8.2,golang.org/x/net,v0.49.0,gobinary,CVE-2026-25680,MEDIUM,https://avd.aquasec.com/nvd/cve-2026-25680,usr/bin/node-disk-manager-webhook,0.55.0,false,not_affected,vulnerable_code_not_present
rancher/harvester-node-disk-manager-webhook:v1.8.2,harvester/v1.8.2,golang.org/x/net,v0.49.0,gobinary,CVE-2026-25681,HIGH,https://avd.aquasec.com/nvd/cve-2026-25681,usr/bin/node-disk-manager-webhook,0.55.0,false,not_affected,vulnerable_code_not_present
rancher/harvester-node-disk-manager-webhook:v1.8.2,harvester/v1.8.2,golang.org/x/net,v0.49.0,gobinary,CVE-2026-27136,HIGH,https://avd.aquasec.com/nvd/cve-2026-27136,usr/bin/node-disk-manager-webhook,0.55.0,false,not_affected,vulnerable_code_not_present
rancher/harvester-node-disk-manager-webhook:v1.8.2,harvester/v1.8.2,golang.org/x/net,v0.49.0,gobinary,CVE-2026-33814,HIGH,https://avd.aquasec.com/nvd/cve-2026-33814,usr/bin/node-disk-manager-webhook,0.53.0,false,affected,
rancher/harvester-node-disk-manager-webhook:v1.8.2,harvester/v1.8.2,golang.org/x/net,v0.49.0,gobinary,CVE-2026-39821,HIGH,https://avd.aquasec.com/nvd/cve-2026-39821,usr/bin/node-disk-manager-webhook,0.55.0,false,affected,
rancher/harvester-node-disk-manager-webhook:v1.8.2,harvester/v1.8.2,golang.org/x/crypto,v0.47.0,gobinary,CVE-2026-39827,MEDIUM,https://avd.aquasec.com/nvd/cve-2026-39827,usr/bin/node-disk-manager-webhook,0.52.0,false,not_affected,vulnerable_code_not_present
rancher/harvester-node-disk-manager-webhook:v1.8.2,harvester/v1.8.2,golang.org/x/crypto,v0.47.0,gobinary,CVE-2026-39828,HIGH,https://avd.aquasec.com/nvd/cve-2026-39828,usr/bin/node-disk-manager-webhook,0.52.0,false,not_affected,vulnerable_code_not_present
rancher/harvester-node-disk-manager-webhook:v1.8.2,harvester/v1.8.2,golang.org/x/crypto,v0.47.0,gobinary,CVE-2026-39829,HIGH,https://avd.aquasec.com/nvd/cve-2026-39829,usr/bin/node-disk-manager-webhook,0.52.0,false,not_affected,vulnerable_code_not_present
rancher/harvester-node-disk-manager-webhook:v1.8.2,harvester/v1.8.2,golang.org/x/crypto,v0.47.0,gobinary,CVE-2026-39830,HIGH,https://avd.aquasec.com/nvd/cve-2026-39830,usr/bin/node-disk-manager-webhook,0.52.0,false,not_affected,vulnerable_code_not_present
rancher/harvester-node-disk-manager-webhook:v1.8.2,harvester/v1.8.2,golang.org/x/crypto,v0.47.0,gobinary,CVE-2026-39831,HIGH,https://avd.aquasec.com/nvd/cve-2026-39831,usr/bin/node-disk-manager-webhook,0.52.0,false,not_affected,vulnerable_code_not_present
rancher/harvester-node-disk-manager-webhook:v1.8.2,harvester/v1.8.2,golang.org/x/crypto,v0.47.0,gobinary,CVE-2026-39832,HIGH,https://avd.aquasec.com/nvd/cve-2026-39832,usr/bin/node-disk-manager-webhook,0.52.0,false,not_affected,vulnerable_code_not_present
rancher/harvester-node-disk-manager-webhook:v1.8.2,harvester/v1.8.2,golang.org/x/crypto,v0.47.0,gobinary,CVE-2026-39833,MEDIUM,https://avd.aquasec.com/nvd/cve-2026-39833,usr/bin/node-disk-manager-webhook,0.52.0,false,not_affected,vulnerable_code_not_present
rancher/harvester-node-disk-manager-webhook:v1.8.2,harvester/v1.8.2,golang.org/x/crypto,v0.47.0,gobinary,CVE-2026-39834,MEDIUM,https://avd.aquasec.com/nvd/cve-2026-39834,usr/bin/node-disk-manager-webhook,0.52.0,false,not_affected,vulnerable_code_not_present
rancher/harvester-node-disk-manager-webhook:v1.8.2,harvester/v1.8.2,golang.org/x/crypto,v0.47.0,gobinary,CVE-2026-39835,HIGH,https://avd.aquasec.com/nvd/cve-2026-39835,usr/bin/node-disk-manager-webhook,0.52.0,false,not_affected,vulnerable_code_not_present
rancher/harvester-node-disk-manager-webhook:v1.8.2,harvester/v1.8.2,golang.org/x/net,v0.49.0,gobinary,CVE-2026-42502,MEDIUM,https://avd.aquasec.com/nvd/cve-2026-42502,usr/bin/node-disk-manager-webhook,0.55.0,false,not_affected,vulnerable_code_not_present
rancher/harvester-node-disk-manager-webhook:v1.8.2,harvester/v1.8.2,golang.org/x/net,v0.49.0,gobinary,CVE-2026-42506,MEDIUM,https://avd.aquasec.com/nvd/cve-2026-42506,usr/bin/node-disk-manager-webhook,0.55.0,false,not_affected,vulnerable_code_not_present
rancher/harvester-node-disk-manager-webhook:v1.8.2,harvester/v1.8.2,golang.org/x/crypto,v0.47.0,gobinary,CVE-2026-42508,HIGH,https://avd.aquasec.com/nvd/cve-2026-42508,usr/bin/node-disk-manager-webhook,0.52.0,false,not_affected,vulnerable_code_not_present
rancher/harvester-node-disk-manager-webhook:v1.8.2,harvester/v1.8.2,golang.org/x/crypto,v0.47.0,gobinary,CVE-2026-46595,HIGH,https://avd.aquasec.com/nvd/cve-2026-46595,usr/bin/node-disk-manager-webhook,0.52.0,false,not_affected,vulnerable_code_not_present
rancher/harvester-node-disk-manager-webhook:v1.8.2,harvester/v1.8.2,golang.org/x/crypto,v0.47.0,gobinary,CVE-2026-46597,HIGH,https://avd.aquasec.com/nvd/cve-2026-46597,usr/bin/node-disk-manager-webhook,0.52.0,false,not_affected,vulnerable_code_not_present
rancher/harvester-node-disk-manager-webhook:v1.8.2,harvester/v1.8.2,golang.org/x/crypto,v0.47.0,gobinary,CVE-2026-46598,MEDIUM,https://avd.aquasec.com/nvd/cve-2026-46598,usr/bin/node-disk-manager-webhook,0.52.0,false,not_affected,vulnerable_code_not_present
rancher/harvester-node-disk-manager-webhook:v1.8.2,harvester/v1.8.2,golang.org/x/net,v0.49.0,gobinary,CVE-2026-46600,HIGH,https://avd.aquasec.com/nvd/cve-2026-46600,usr/bin/node-disk-manager-webhook,0.56.0,false,not_affected,vulnerable_code_not_present
rancher/harvester-node-disk-manager:v1.8.2,harvester/v1.8.2,github.com/harvester/harvester,v1.5.1,gobinary,CVE-2025-71261,HIGH,https://avd.aquasec.com/nvd/cve-2025-71261,usr/bin/node-disk-manager,1.8.0,false,not_affected,vulnerable_code_not_in_execute_path
rancher/harvester-node-disk-manager:v1.8.2,harvester/v1.8.2,golang.org/x/net,v0.49.0,gobinary,CVE-2026-25680,MEDIUM,https://avd.aquasec.com/nvd/cve-2026-25680,usr/bin/node-disk-manager,0.55.0,false,not_affected,vulnerable_code_not_present
rancher/harvester-node-disk-manager:v1.8.2,harvester/v1.8.2,golang.org/x/net,v0.49.0,gobinary,CVE-2026-25681,HIGH,https://avd.aquasec.com/nvd/cve-2026-25681,usr/bin/node-disk-manager,0.55.0,false,not_affected,vulnerable_code_not_present
rancher/harvester-node-disk-manager:v1.8.2,harvester/v1.8.2,golang.org/x/net,v0.49.0,gobinary,CVE-2026-27136,HIGH,https://avd.aquasec.com/nvd/cve-2026-27136,usr/bin/node-disk-manager,0.55.0,false,not_affected,vulnerable_code_not_present
rancher/harvester-node-disk-manager:v1.8.2,harvester/v1.8.2,golang.org/x/net,v0.49.0,gobinary,CVE-2026-33814,HIGH,https://avd.aquasec.com/nvd/cve-2026-33814,usr/bin/node-disk-manager,0.53.0,false,affected,
rancher/harvester-node-disk-manager:v1.8.2,harvester/v1.8.2,golang.org/x/net,v0.49.0,gobinary,CVE-2026-39821,HIGH,https://avd.aquasec.com/nvd/cve-2026-39821,usr/bin/node-disk-manager,0.55.0,false,affected,
rancher/harvester-node-disk-manager:v1.8.2,harvester/v1.8.2,golang.org/x/net,v0.49.0,gobinary,CVE-2026-42502,MEDIUM,https://avd.aquasec.com/nvd/cve-2026-42502,usr/bin/node-disk-manager,0.55.0,false,not_affected,vulnerable_code_not_present
rancher/harvester-node-disk-manager:v1.8.2,harvester/v1.8.2,golang.org/x/net,v0.49.0,gobinary,CVE-2026-42506,MEDIUM,https://avd.aquasec.com/nvd/cve-2026-42506,usr/bin/node-disk-manager,0.55.0,false,not_affected,vulnerable_code_not_present
rancher/harvester-node-disk-manager:v1.8.2,harvester/v1.8.2,golang.org/x/net,v0.49.0,gobinary,CVE-2026-46600,HIGH,https://avd.aquasec.com/nvd/cve-2026-46600,usr/bin/node-disk-manager,0.56.0,false,not_affected,vulnerable_code_not_present
rancher/harvester-pcidevices:v1.8.2,harvester/v1.8.2,kubevirt.io/kubevirt,v1.5.0,gobinary,CVE-2025-14525,MEDIUM,https://avd.aquasec.com/nvd/cve-2025-14525,usr/bin/pcidevices,,false,not_affected,vulnerable_code_not_in_execute_path
rancher/harvester-pcidevices:v1.8.2,harvester/v1.8.2,kubevirt.io/kubevirt,v1.5.0,gobinary,CVE-2025-64324,HIGH,https://avd.aquasec.com/nvd/cve-2025-64324,usr/bin/pcidevices,"1.6.1, 1.7.0-rc.0",false,not_affected,vulnerable_code_not_in_execute_path
rancher/harvester-pcidevices:v1.8.2,harvester/v1.8.2,kubevirt.io/kubevirt,v1.5.0,gobinary,CVE-2025-64432,MEDIUM,https://avd.aquasec.com/nvd/cve-2025-64432,usr/bin/pcidevices,"1.5.3, 1.6.1, 1.7.0-rc.0",false,not_affected,vulnerable_code_not_in_execute_path
rancher/harvester-pcidevices:v1.8.2,harvester/v1.8.2,kubevirt.io/kubevirt,v1.5.0,gobinary,CVE-2025-64433,MEDIUM,https://avd.aquasec.com/nvd/cve-2025-64433,usr/bin/pcidevices,"1.5.3, 1.6.1",false,not_affected,vulnerable_code_not_in_execute_path
rancher/harvester-pcidevices:v1.8.2,harvester/v1.8.2,kubevirt.io/kubevirt,v1.5.0,gobinary,CVE-2025-64434,MEDIUM,https://avd.aquasec.com/nvd/cve-2025-64434,usr/bin/pcidevices,"1.5.3, 1.6.1",false,not_affected,vulnerable_code_not_in_execute_path
rancher/harvester-pcidevices:v1.8.2,harvester/v1.8.2,kubevirt.io/kubevirt,v1.5.0,gobinary,CVE-2025-64435,MEDIUM,https://avd.aquasec.com/nvd/cve-2025-64435,usr/bin/pcidevices,1.7.0-beta.0,false,not_affected,vulnerable_code_not_in_execute_path
rancher/harvester-pcidevices:v1.8.2,harvester/v1.8.2,kubevirt.io/kubevirt,v1.5.0,gobinary,CVE-2025-64436,MEDIUM,https://avd.aquasec.com/nvd/cve-2025-64436,usr/bin/pcidevices,1.7.0,false,not_affected,vulnerable_code_not_in_execute_path
rancher/harvester-pcidevices:v1.8.2,harvester/v1.8.2,kubevirt.io/kubevirt,v1.5.0,gobinary,CVE-2025-64437,MEDIUM,https://avd.aquasec.com/nvd/cve-2025-64437,usr/bin/pcidevices,"1.5.3, 1.6.1",false,not_affected,vulnerable_code_not_in_execute_path
rancher/harvester-pcidevices:v1.8.2,harvester/v1.8.2,github.com/harvester/harvester,v0.0.2-0.20250725061328-e679a719d15d,gobinary,CVE-2025-71261,HIGH,https://avd.aquasec.com/nvd/cve-2025-71261,usr/bin/pcidevices,1.8.0,false,not_affected,vulnerable_code_not_in_execute_path
rancher/harvester-pcidevices:v1.8.2,harvester/v1.8.2,kubevirt.io/kubevirt,v1.5.0,gobinary,CVE-2026-6383,MEDIUM,https://avd.aquasec.com/nvd/cve-2026-6383,usr/bin/pcidevices,,false,not_affected,vulnerable_code_not_in_execute_path
rancher/harvester-pcidevices:v1.8.2,harvester/v1.8.2,kubevirt.io/kubevirt,v1.5.0,gobinary,CVE-2026-7374,CRITICAL,https://avd.aquasec.com/nvd/cve-2026-7374,usr/bin/pcidevices,"1.8.3, 1.7.4, 1.6.6",false,not_affected,vulnerable_code_not_in_execute_path
rancher/harvester-pcidevices:v1.8.2,harvester/v1.8.2,kubevirt.io/kubevirt,v1.5.0,gobinary,CVE-2026-9804,HIGH,https://avd.aquasec.com/nvd/cve-2026-9804,usr/bin/pcidevices,,false,not_affected,vulnerable_code_not_in_execute_path
rancher/harvester-seeder:v1.8.2,harvester/v1.8.2,golang.org/x/crypto,v0.44.0,gobinary,CVE-2025-47914,MEDIUM,https://avd.aquasec.com/nvd/cve-2025-47914,usr/bin/manager,0.45.0,false,not_affected,vulnerable_code_not_present
rancher/harvester-seeder:v1.8.2,harvester/v1.8.2,golang.org/x/crypto,v0.44.0,gobinary,CVE-2025-58181,MEDIUM,https://avd.aquasec.com/nvd/cve-2025-58181,usr/bin/manager,0.45.0,false,not_affected,vulnerable_code_not_present
rancher/harvester-seeder:v1.8.2,harvester/v1.8.2,golang.org/x/net,v0.47.0,gobinary,CVE-2026-25680,MEDIUM,https://avd.aquasec.com/nvd/cve-2026-25680,usr/bin/manager,0.55.0,false,not_affected,vulnerable_code_not_present
rancher/harvester-seeder:v1.8.2,harvester/v1.8.2,golang.org/x/net,v0.47.0,gobinary,CVE-2026-25681,HIGH,https://avd.aquasec.com/nvd/cve-2026-25681,usr/bin/manager,0.55.0,false,not_affected,vulnerable_code_not_present
rancher/harvester-seeder:v1.8.2,harvester/v1.8.2,golang.org/x/net,v0.47.0,gobinary,CVE-2026-27136,HIGH,https://avd.aquasec.com/nvd/cve-2026-27136,usr/bin/manager,0.55.0,false,not_affected,vulnerable_code_not_present
rancher/harvester-seeder:v1.8.2,harvester/v1.8.2,golang.org/x/net,v0.47.0,gobinary,CVE-2026-33814,HIGH,https://avd.aquasec.com/nvd/cve-2026-33814,usr/bin/manager,0.53.0,false,affected,
rancher/harvester-seeder:v1.8.2,harvester/v1.8.2,golang.org/x/net,v0.47.0,gobinary,CVE-2026-39821,HIGH,https://avd.aquasec.com/nvd/cve-2026-39821,usr/bin/manager,0.55.0,false,affected,
rancher/harvester-seeder:v1.8.2,harvester/v1.8.2,golang.org/x/crypto,v0.44.0,gobinary,CVE-2026-39827,MEDIUM,https://avd.aquasec.com/nvd/cve-2026-39827,usr/bin/manager,0.52.0,false,not_affected,vulnerable_code_not_present
rancher/harvester-seeder:v1.8.2,harvester/v1.8.2,golang.org/x/crypto,v0.44.0,gobinary,CVE-2026-39828,HIGH,https://avd.aquasec.com/nvd/cve-2026-39828,usr/bin/manager,0.52.0,false,not_affected,vulnerable_code_not_present
rancher/harvester-seeder:v1.8.2,harvester/v1.8.2,golang.org/x/crypto,v0.44.0,gobinary,CVE-2026-39829,HIGH,https://avd.aquasec.com/nvd/cve-2026-39829,usr/bin/manager,0.52.0,false,not_affected,vulnerable_code_not_present
rancher/harvester-seeder:v1.8.2,harvester/v1.8.2,golang.org/x/crypto,v0.44.0,gobinary,CVE-2026-39830,HIGH,https://avd.aquasec.com/nvd/cve-2026-39830,usr/bin/manager,0.52.0,false,not_affected,vulnerable_code_not_present
rancher/harvester-seeder:v1.8.2,harvester/v1.8.2,golang.org/x/crypto,v0.44.0,gobinary,CVE-2026-39831,HIGH,https://avd.aquasec.com/nvd/cve-2026-39831,usr/bin/manager,0.52.0,false,not_affected,vulnerable_code_not_present
rancher/harvester-seeder:v1.8.2,harvester/v1.8.2,golang.org/x/crypto,v0.44.0,gobinary,CVE-2026-39832,HIGH,https://avd.aquasec.com/nvd/cve-2026-39832,usr/bin/manager,0.52.0,false,not_affected,vulnerable_code_not_present
rancher/harvester-seeder:v1.8.2,harvester/v1.8.2,golang.org/x/crypto,v0.44.0,gobinary,CVE-2026-39833,MEDIUM,https://avd.aquasec.com/nvd/cve-2026-39833,usr/bin/manager,0.52.0,false,not_affected,vulnerable_code_not_present
rancher/harvester-seeder:v1.8.2,harvester/v1.8.2,golang.org/x/crypto,v0.44.0,gobinary,CVE-2026-39834,MEDIUM,https://avd.aquasec.com/nvd/cve-2026-39834,usr/bin/manager,0.52.0,false,not_affected,vulnerable_code_not_present
rancher/harvester-seeder:v1.8.2,harvester/v1.8.2,golang.org/x/crypto,v0.44.0,gobinary,CVE-2026-39835,HIGH,https://avd.aquasec.com/nvd/cve-2026-39835,usr/bin/manager,0.52.0,false,not_affected,vulnerable_code_not_present
rancher/harvester-seeder:v1.8.2,harvester/v1.8.2,golang.org/x/net,v0.47.0,gobinary,CVE-2026-42502,MEDIUM,https://avd.aquasec.com/nvd/cve-2026-42502,usr/bin/manager,0.55.0,false,not_affected,vulnerable_code_not_present
rancher/harvester-seeder:v1.8.2,harvester/v1.8.2,golang.org/x/net,v0.47.0,gobinary,CVE-2026-42506,MEDIUM,https://avd.aquasec.com/nvd/cve-2026-42506,usr/bin/manager,0.55.0,false,not_affected,vulnerable_code_not_present
rancher/harvester-seeder:v1.8.2,harvester/v1.8.2,golang.org/x/crypto,v0.44.0,gobinary,CVE-2026-42508,HIGH,https://avd.aquasec.com/nvd/cve-2026-42508,usr/bin/manager,0.52.0,false,not_affected,vulnerable_code_not_present
rancher/harvester-seeder:v1.8.2,harvester/v1.8.2,golang.org/x/crypto,v0.44.0,gobinary,CVE-2026-46595,HIGH,https://avd.aquasec.com/nvd/cve-2026-46595,usr/bin/manager,0.52.0,false,not_affected,vulnerable_code_not_present
rancher/harvester-seeder:v1.8.2,harvester/v1.8.2,golang.org/x/crypto,v0.44.0,gobinary,CVE-2026-46597,HIGH,https://avd.aquasec.com/nvd/cve-2026-46597,usr/bin/manager,0.52.0,false,not_affected,vulnerable_code_not_present
rancher/harvester-seeder:v1.8.2,harvester/v1.8.2,golang.org/x/crypto,v0.44.0,gobinary,CVE-2026-46598,MEDIUM,https://avd.aquasec.com/nvd/cve-2026-46598,usr/bin/manager,0.52.0,false,not_affected,vulnerable_code_not_present
rancher/harvester-seeder:v1.8.2,harvester/v1.8.2,golang.org/x/net,v0.47.0,gobinary,CVE-2026-46600,HIGH,https://avd.aquasec.com/nvd/cve-2026-46600,usr/bin/manager,0.56.0,false,not_affected,vulnerable_code_not_present
rancher/harvester-upgrade:v1.8.2,harvester/v1.8.2,golang.org/x/net,v0.20.0,gobinary,CVE-2023-45288,HIGH,https://avd.aquasec.com/nvd/cve-2023-45288,usr/local/bin/elemental,0.23.0,false,not_affected,vulnerable_code_not_present
rancher/harvester-upgrade:v1.8.2,harvester/v1.8.2,github.com/docker/docker,v23.0.8+incompatible,gobinary,CVE-2024-24557,MEDIUM,https://avd.aquasec.com/nvd/cve-2024-24557,usr/local/bin/elemental,"24.0.9, 25.0.2",false,not_affected,vulnerable_code_not_present
rancher/harvester-upgrade:v1.8.2,harvester/v1.8.2,github.com/moby/moby,v25.0.1+incompatible,gobinary,CVE-2024-24557,MEDIUM,https://avd.aquasec.com/nvd/cve-2024-24557,usr/local/bin/elemental,"24.0.9, 25.0.2",false,not_affected,vulnerable_code_not_present
rancher/harvester-upgrade:v1.8.2,harvester/v1.8.2,github.com/containerd/containerd,v1.7.12,gobinary,CVE-2024-25621,HIGH,https://avd.aquasec.com/nvd/cve-2024-25621,usr/local/bin/elemental,1.7.29,false,not_affected,vulnerable_code_not_in_execute_path
rancher/harvester-upgrade:v1.8.2,harvester/v1.8.2,github.com/moby/moby,v25.0.1+incompatible,gobinary,CVE-2024-36623,HIGH,https://avd.aquasec.com/nvd/cve-2024-36623,usr/local/bin/elemental,25.0.4,false,not_affected,vulnerable_code_not_in_execute_path
rancher/harvester-upgrade:v1.8.2,harvester/v1.8.2,github.com/docker/docker,v23.0.8+incompatible,gobinary,CVE-2024-41110,CRITICAL,https://avd.aquasec.com/nvd/cve-2024-41110,usr/local/bin/elemental,"23.0.15, 26.1.5, 27.1.1, 25.0.6",false,not_affected,vulnerable_code_not_present
rancher/harvester-upgrade:v1.8.2,harvester/v1.8.2,golang.org/x/crypto,v0.18.0,gobinary,CVE-2024-45337,HIGH,https://avd.aquasec.com/nvd/cve-2024-45337,usr/local/bin/elemental,0.31.0,false,not_affected,vulnerable_code_not_in_execute_path
rancher/harvester-upgrade:v1.8.2,harvester/v1.8.2,golang.org/x/net,v0.20.0,gobinary,CVE-2024-45338,HIGH,https://avd.aquasec.com/nvd/cve-2024-45338,usr/local/bin/elemental,0.33.0,false,not_affected,vulnerable_code_not_present
rancher/harvester-upgrade:v1.8.2,harvester/v1.8.2,kubevirt.io/kubevirt,v1.7.0,gobinary,CVE-2025-14525,MEDIUM,https://avd.aquasec.com/nvd/cve-2025-14525,usr/local/bin/upgrade-helper,,false,not_affected,vulnerable_code_not_in_execute_path
rancher/harvester-upgrade:v1.8.2,harvester/v1.8.2,github.com/docker/cli,v23.0.4+incompatible,gobinary,CVE-2025-15558,HIGH,https://avd.aquasec.com/nvd/cve-2025-15558,usr/local/bin/elemental,29.2.0,false,not_affected,vulnerable_code_not_present
rancher/harvester-upgrade:v1.8.2,harvester/v1.8.2,github.com/docker/cli,v27.1.1+incompatible,gobinary,CVE-2025-15558,HIGH,https://avd.aquasec.com/nvd/cve-2025-15558,usr/bin/wharfie,29.2.0,false,not_affected,vulnerable_code_not_present
rancher/harvester-upgrade:v1.8.2,harvester/v1.8.2,github.com/docker/cli,v27.1.1+incompatible,gobinary,CVE-2025-15558,HIGH,https://avd.aquasec.com/nvd/cve-2025-15558,usr/local/bin/harvester-installer,29.2.0,false,not_affected,vulnerable_code_not_present
rancher/harvester-upgrade:v1.8.2,harvester/v1.8.2,github.com/go-git/go-git/v5,v5.11.0,gobinary,CVE-2025-21613,CRITICAL,https://avd.aquasec.com/nvd/cve-2025-21613,usr/local/bin/elemental,5.13.0,false,not_affected,vulnerable_code_not_in_execute_path
rancher/harvester-upgrade:v1.8.2,harvester/v1.8.2,github.com/go-git/go-git/v5,v5.11.0,gobinary,CVE-2025-21614,HIGH,https://avd.aquasec.com/nvd/cve-2025-21614,usr/local/bin/elemental,5.13.0,false,not_affected,vulnerable_code_not_in_execute_path
rancher/harvester-upgrade:v1.8.2,harvester/v1.8.2,golang.org/x/crypto,v0.18.0,gobinary,CVE-2025-22869,HIGH,https://avd.aquasec.com/nvd/cve-2025-22869,usr/local/bin/elemental,0.35.0,false,not_affected,vulnerable_code_not_in_execute_path
rancher/harvester-upgrade:v1.8.2,harvester/v1.8.2,golang.org/x/crypto,v0.31.0,gobinary,CVE-2025-22869,HIGH,https://avd.aquasec.com/nvd/cve-2025-22869,usr/local/bin/harvester-installer,0.35.0,false,not_affected,vulnerable_code_not_in_execute_path
rancher/harvester-upgrade:v1.8.2,harvester/v1.8.2,golang.org/x/net,v0.20.0,gobinary,CVE-2025-22872,MEDIUM,https://avd.aquasec.com/nvd/cve-2025-22872,usr/local/bin/elemental,0.38.0,false,not_affected,vulnerable_code_not_present
rancher/harvester-upgrade:v1.8.2,harvester/v1.8.2,golang.org/x/net,v0.33.0,gobinary,CVE-2025-22872,MEDIUM,https://avd.aquasec.com/nvd/cve-2025-22872,usr/local/bin/harvester-installer,0.38.0,false,not_affected,vulnerable_code_not_present
rancher/harvester-upgrade:v1.8.2,harvester/v1.8.2,stdlib,v1.24.2,gobinary,CVE-2025-22873,MEDIUM,https://avd.aquasec.com/nvd/cve-2025-22873,usr/bin/wharfie,"1.23.9, 1.24.3",false,not_affected,vulnerable_code_not_in_execute_path
rancher/harvester-upgrade:v1.8.2,harvester/v1.8.2,stdlib,v1.24.2,gobinary,CVE-2025-22874,HIGH,https://avd.aquasec.com/nvd/cve-2025-22874,usr/bin/wharfie,1.24.4,false,affected,
rancher/harvester-upgrade:v1.8.2,harvester/v1.8.2,stdlib,v1.24.2,gobinary,CVE-2025-47907,MEDIUM,https://avd.aquasec.com/nvd/cve-2025-47907,usr/bin/wharfie,"1.23.12, 1.24.6",false,not_affected,vulnerable_code_not_in_execute_path
rancher/harvester-upgrade:v1.8.2,harvester/v1.8.2,golang.org/x/net,v0.20.0,gobinary,CVE-2025-47911,MEDIUM,https://avd.aquasec.com/nvd/cve-2025-47911,usr/local/bin/elemental,0.45.0,false,not_affected,vulnerable_code_not_present
rancher/harvester-upgrade:v1.8.2,harvester/v1.8.2,golang.org/x/net,v0.33.0,gobinary,CVE-2025-47911,MEDIUM,https://avd.aquasec.com/nvd/cve-2025-47911,usr/local/bin/harvester-installer,0.45.0,false,not_affected,vulnerable_code_not_present
rancher/harvester-upgrade:v1.8.2,harvester/v1.8.2,golang.org/x/net,v0.38.0,gobinary,CVE-2025-47911,MEDIUM,https://avd.aquasec.com/nvd/cve-2025-47911,usr/bin/wharfie,0.45.0,false,not_affected,vulnerable_code_not_present
rancher/harvester-upgrade:v1.8.2,harvester/v1.8.2,stdlib,v1.24.2,gobinary,CVE-2025-47912,HIGH,https://avd.aquasec.com/nvd/cve-2025-47912,usr/bin/wharfie,"1.24.8, 1.25.2",false,affected,severity_changed_due_to_suse_cvss_score
rancher/harvester-upgrade:v1.8.2,harvester/v1.8.2,golang.org/x/crypto,v0.18.0,gobinary,CVE-2025-47913,HIGH,https://avd.aquasec.com/nvd/cve-2025-47913,usr/local/bin/elemental,0.43.0,false,affected,
rancher/harvester-upgrade:v1.8.2,harvester/v1.8.2,golang.org/x/crypto,v0.31.0,gobinary,CVE-2025-47913,HIGH,https://avd.aquasec.com/nvd/cve-2025-47913,usr/local/bin/harvester-installer,0.43.0,false,not_affected,vulnerable_code_not_present
rancher/harvester-upgrade:v1.8.2,harvester/v1.8.2,golang.org/x/crypto,v0.36.0,gobinary,CVE-2025-47913,HIGH,https://avd.aquasec.com/nvd/cve-2025-47913,usr/bin/wharfie,0.43.0,false,not_affected,vulnerable_code_not_present
rancher/harvester-upgrade:v1.8.2,harvester/v1.8.2,golang.org/x/crypto,v0.18.0,gobinary,CVE-2025-47914,MEDIUM,https://avd.aquasec.com/nvd/cve-2025-47914,usr/local/bin/elemental,0.45.0,false,not_affected,vulnerable_code_not_in_execute_path
rancher/harvester-upgrade:v1.8.2,harvester/v1.8.2,golang.org/x/crypto,v0.31.0,gobinary,CVE-2025-47914,MEDIUM,https://avd.aquasec.com/nvd/cve-2025-47914,usr/local/bin/harvester-installer,0.45.0,false,not_affected,vulnerable_code_not_present
rancher/harvester-upgrade:v1.8.2,harvester/v1.8.2,golang.org/x/crypto,v0.36.0,gobinary,CVE-2025-47914,MEDIUM,https://avd.aquasec.com/nvd/cve-2025-47914,usr/bin/wharfie,0.45.0,false,not_affected,vulnerable_code_not_present
rancher/harvester-upgrade:v1.8.2,harvester/v1.8.2,golang.org/x/crypto,v0.18.0,gobinary,CVE-2025-58181,MEDIUM,https://avd.aquasec.com/nvd/cve-2025-58181,usr/local/bin/elemental,0.45.0,false,not_affected,vulnerable_code_not_in_execute_path
rancher/harvester-upgrade:v1.8.2,harvester/v1.8.2,golang.org/x/crypto,v0.31.0,gobinary,CVE-2025-58181,MEDIUM,https://avd.aquasec.com/nvd/cve-2025-58181,usr/local/bin/harvester-installer,0.45.0,false,not_affected,vulnerable_code_not_in_execute_path
rancher/harvester-upgrade:v1.8.2,harvester/v1.8.2,golang.org/x/crypto,v0.36.0,gobinary,CVE-2025-58181,MEDIUM,https://avd.aquasec.com/nvd/cve-2025-58181,usr/bin/wharfie,0.45.0,false,not_affected,vulnerable_code_not_present
rancher/harvester-upgrade:v1.8.2,harvester/v1.8.2,stdlib,v1.24.2,gobinary,CVE-2025-58188,HIGH,https://avd.aquasec.com/nvd/cve-2025-58188,usr/bin/wharfie,"1.24.8, 1.25.2",false,affected,severity_changed_due_to_suse_cvss_score
rancher/harvester-upgrade:v1.8.2,harvester/v1.8.2,golang.org/x/net,v0.20.0,gobinary,CVE-2025-58190,MEDIUM,https://avd.aquasec.com/nvd/cve-2025-58190,usr/local/bin/elemental,0.45.0,false,not_affected,vulnerable_code_not_present
rancher/harvester-upgrade:v1.8.2,harvester/v1.8.2,golang.org/x/net,v0.33.0,gobinary,CVE-2025-58190,MEDIUM,https://avd.aquasec.com/nvd/cve-2025-58190,usr/local/bin/harvester-installer,0.45.0,false,not_affected,vulnerable_code_not_present
rancher/harvester-upgrade:v1.8.2,harvester/v1.8.2,golang.org/x/net,v0.38.0,gobinary,CVE-2025-58190,MEDIUM,https://avd.aquasec.com/nvd/cve-2025-58190,usr/bin/wharfie,0.45.0,false,not_affected,vulnerable_code_not_present
rancher/harvester-upgrade:v1.8.2,harvester/v1.8.2,stdlib,v1.24.2,gobinary,CVE-2025-61724,MEDIUM,https://avd.aquasec.com/nvd/cve-2025-61724,usr/bin/wharfie,"1.24.8, 1.25.2",false,not_affected,vulnerable_code_not_in_execute_path
rancher/harvester-upgrade:v1.8.2,harvester/v1.8.2,stdlib,v1.24.2,gobinary,CVE-2025-61725,MEDIUM,https://avd.aquasec.com/nvd/cve-2025-61725,usr/bin/wharfie,"1.24.8, 1.25.2",false,not_affected,vulnerable_code_not_in_execute_path
rancher/harvester-upgrade:v1.8.2,harvester/v1.8.2,stdlib,v1.24.2,gobinary,CVE-2025-61727,HIGH,https://avd.aquasec.com/nvd/cve-2025-61727,usr/bin/wharfie,"1.24.11, 1.25.5",false,affected,severity_changed_due_to_suse_cvss_score
rancher/harvester-upgrade:v1.8.2,harvester/v1.8.2,stdlib,v1.24.9,gobinary,CVE-2025-61727,HIGH,https://avd.aquasec.com/nvd/cve-2025-61727,usr/bin/virtctl,"1.24.11, 1.25.5",false,affected,severity_changed_due_to_suse_cvss_score
rancher/harvester-upgrade:v1.8.2,harvester/v1.8.2,stdlib,v1.24.2,gobinary,CVE-2025-61728,MEDIUM,https://avd.aquasec.com/nvd/cve-2025-61728,usr/bin/wharfie,"1.24.12, 1.25.6",false,not_affected,vulnerable_code_not_present
rancher/harvester-upgrade:v1.8.2,harvester/v1.8.2,stdlib,v1.24.2,gobinary,CVE-2025-61729,HIGH,https://avd.aquasec.com/nvd/cve-2025-61729,usr/bin/wharfie,"1.24.11, 1.25.5",false,affected,
rancher/harvester-upgrade:v1.8.2,harvester/v1.8.2,stdlib,v1.24.9,gobinary,CVE-2025-61729,HIGH,https://avd.aquasec.com/nvd/cve-2025-61729,usr/bin/virtctl,"1.24.11, 1.25.5",false,affected,
rancher/harvester-upgrade:v1.8.2,harvester/v1.8.2,stdlib,v1.24.2,gobinary,CVE-2025-68121,HIGH,https://avd.aquasec.com/nvd/cve-2025-68121,usr/bin/wharfie,"1.24.13, 1.25.7, 1.26.0-rc.3",false,affected,severity_changed_due_to_suse_cvss_score
rancher/harvester-upgrade:v1.8.2,harvester/v1.8.2,stdlib,v1.24.9,gobinary,CVE-2025-68121,HIGH,https://avd.aquasec.com/nvd/cve-2025-68121,usr/bin/virtctl,"1.24.13, 1.25.7, 1.26.0-rc.3",false,affected,severity_changed_due_to_suse_cvss_score
rancher/harvester-upgrade:v1.8.2,harvester/v1.8.2,go.opentelemetry.io/otel/sdk,v1.33.0,gobinary,CVE-2026-24051,HIGH,https://avd.aquasec.com/nvd/cve-2026-24051,usr/bin/wharfie,1.40.0,false,affected,
rancher/harvester-upgrade:v1.8.2,harvester/v1.8.2,stdlib,v1.26.0,gobinary,CVE-2026-25679,HIGH,https://avd.aquasec.com/nvd/cve-2026-25679,usr/bin/yq,"1.25.8, 1.26.1",false,not_affected,vulnerable_code_not_in_execute_path
rancher/harvester-upgrade:v1.8.2,harvester/v1.8.2,golang.org/x/net,v0.20.0,gobinary,CVE-2026-25680,MEDIUM,https://avd.aquasec.com/nvd/cve-2026-25680,usr/local/bin/elemental,0.55.0,false,not_affected,vulnerable_code_not_present
rancher/harvester-upgrade:v1.8.2,harvester/v1.8.2,golang.org/x/net,v0.33.0,gobinary,CVE-2026-25680,MEDIUM,https://avd.aquasec.com/nvd/cve-2026-25680,usr/local/bin/harvester-installer,0.55.0,false,not_affected,vulnerable_code_not_present
rancher/harvester-upgrade:v1.8.2,harvester/v1.8.2,golang.org/x/net,v0.38.0,gobinary,CVE-2026-25680,MEDIUM,https://avd.aquasec.com/nvd/cve-2026-25680,usr/bin/wharfie,0.55.0,false,not_affected,vulnerable_code_not_present
rancher/harvester-upgrade:v1.8.2,harvester/v1.8.2,golang.org/x/net,v0.47.0,gobinary,CVE-2026-25680,MEDIUM,https://avd.aquasec.com/nvd/cve-2026-25680,usr/bin/kubectl,0.55.0,false,not_affected,vulnerable_code_not_present
rancher/harvester-upgrade:v1.8.2,harvester/v1.8.2,golang.org/x/net,v0.49.0,gobinary,CVE-2026-25680,MEDIUM,https://avd.aquasec.com/nvd/cve-2026-25680,usr/local/bin/upgrade-helper,0.55.0,false,not_affected,vulnerable_code_not_in_execute_path
rancher/harvester-upgrade:v1.8.2,harvester/v1.8.2,golang.org/x/net,v0.50.0,gobinary,CVE-2026-25680,MEDIUM,https://avd.aquasec.com/nvd/cve-2026-25680,usr/bin/yq,0.55.0,false,not_affected,vulnerable_code_not_in_execute_path
rancher/harvester-upgrade:v1.8.2,harvester/v1.8.2,golang.org/x/net,v0.20.0,gobinary,CVE-2026-25681,HIGH,https://avd.aquasec.com/nvd/cve-2026-25681,usr/local/bin/elemental,0.55.0,false,not_affected,vulnerable_code_not_present
rancher/harvester-upgrade:v1.8.2,harvester/v1.8.2,golang.org/x/net,v0.33.0,gobinary,CVE-2026-25681,HIGH,https://avd.aquasec.com/nvd/cve-2026-25681,usr/local/bin/harvester-installer,0.55.0,false,not_affected,vulnerable_code_not_present
rancher/harvester-upgrade:v1.8.2,harvester/v1.8.2,golang.org/x/net,v0.38.0,gobinary,CVE-2026-25681,HIGH,https://avd.aquasec.com/nvd/cve-2026-25681,usr/bin/wharfie,0.55.0,false,not_affected,vulnerable_code_not_present
rancher/harvester-upgrade:v1.8.2,harvester/v1.8.2,golang.org/x/net,v0.47.0,gobinary,CVE-2026-25681,HIGH,https://avd.aquasec.com/nvd/cve-2026-25681,usr/bin/kubectl,0.55.0,false,not_affected,vulnerable_code_not_present
rancher/harvester-upgrade:v1.8.2,harvester/v1.8.2,golang.org/x/net,v0.49.0,gobinary,CVE-2026-25681,HIGH,https://avd.aquasec.com/nvd/cve-2026-25681,usr/local/bin/upgrade-helper,0.55.0,false,not_affected,vulnerable_code_not_in_execute_path
rancher/harvester-upgrade:v1.8.2,harvester/v1.8.2,golang.org/x/net,v0.50.0,gobinary,CVE-2026-25681,HIGH,https://avd.aquasec.com/nvd/cve-2026-25681,usr/bin/yq,0.55.0,false,not_affected,vulnerable_code_not_in_execute_path
rancher/harvester-upgrade:v1.8.2,harvester/v1.8.2,golang.org/x/net,v0.20.0,gobinary,CVE-2026-27136,HIGH,https://avd.aquasec.com/nvd/cve-2026-27136,usr/local/bin/elemental,0.55.0,false,not_affected,vulnerable_code_not_present
rancher/harvester-upgrade:v1.8.2,harvester/v1.8.2,golang.org/x/net,v0.33.0,gobinary,CVE-2026-27136,HIGH,https://avd.aquasec.com/nvd/cve-2026-27136,usr/local/bin/harvester-installer,0.55.0,false,not_affected,vulnerable_code_not_present
rancher/harvester-upgrade:v1.8.2,harvester/v1.8.2,golang.org/x/net,v0.38.0,gobinary,CVE-2026-27136,HIGH,https://avd.aquasec.com/nvd/cve-2026-27136,usr/bin/wharfie,0.55.0,false,not_affected,vulnerable_code_not_present
rancher/harvester-upgrade:v1.8.2,harvester/v1.8.2,golang.org/x/net,v0.47.0,gobinary,CVE-2026-27136,HIGH,https://avd.aquasec.com/nvd/cve-2026-27136,usr/bin/kubectl,0.55.0,false,not_affected,vulnerable_code_not_present
rancher/harvester-upgrade:v1.8.2,harvester/v1.8.2,golang.org/x/net,v0.49.0,gobinary,CVE-2026-27136,HIGH,https://avd.aquasec.com/nvd/cve-2026-27136,usr/local/bin/upgrade-helper,0.55.0,false,not_affected,vulnerable_code_not_in_execute_path
rancher/harvester-upgrade:v1.8.2,harvester/v1.8.2,golang.org/x/net,v0.50.0,gobinary,CVE-2026-27136,HIGH,https://avd.aquasec.com/nvd/cve-2026-27136,usr/bin/yq,0.55.0,false,not_affected,vulnerable_code_not_in_execute_path
rancher/harvester-upgrade:v1.8.2,harvester/v1.8.2,stdlib,v1.26.0,gobinary,CVE-2026-27137,HIGH,https://avd.aquasec.com/nvd/cve-2026-27137,usr/bin/yq,1.26.1,false,not_affected,vulnerable_code_not_in_execute_path
rancher/harvester-upgrade:v1.8.2,harvester/v1.8.2,golang.org/x/net,v0.50.0,gobinary,CVE-2026-27141,MEDIUM,https://avd.aquasec.com/nvd/cve-2026-27141,usr/bin/yq,0.51.0,false,not_affected,vulnerable_code_not_present
rancher/harvester-upgrade:v1.8.2,harvester/v1.8.2,stdlib,v1.24.2,gobinary,CVE-2026-27142,MEDIUM,https://avd.aquasec.com/nvd/cve-2026-27142,usr/bin/wharfie,"1.25.8, 1.26.1",false,not_affected,vulnerable_code_not_in_execute_path
rancher/harvester-upgrade:v1.8.2,harvester/v1.8.2,stdlib,v1.26.0,gobinary,CVE-2026-27142,MEDIUM,https://avd.aquasec.com/nvd/cve-2026-27142,usr/bin/yq,"1.25.8, 1.26.1",false,not_affected,vulnerable_code_not_present
rancher/harvester-upgrade:v1.8.2,harvester/v1.8.2,stdlib,v1.26.0,gobinary,CVE-2026-27145,HIGH,https://avd.aquasec.com/nvd/cve-2026-27145,usr/bin/yq,"1.25.11, 1.26.4",false,not_affected,vulnerable_code_not_in_execute_path
rancher/harvester-upgrade:v1.8.2,harvester/v1.8.2,go.opentelemetry.io/otel,v1.37.0,gobinary,CVE-2026-29181,HIGH,https://avd.aquasec.com/nvd/cve-2026-29181,usr/local/bin/upgrade-helper,1.41.0,false,not_affected,vulnerable_code_not_present
rancher/harvester-upgrade:v1.8.2,harvester/v1.8.2,stdlib,v1.24.2,gobinary,CVE-2026-32280,HIGH,https://avd.aquasec.com/nvd/cve-2026-32280,usr/bin/wharfie,"1.25.9, 1.26.2",false,affected,
rancher/harvester-upgrade:v1.8.2,harvester/v1.8.2,stdlib,v1.24.9,gobinary,CVE-2026-32280,HIGH,https://avd.aquasec.com/nvd/cve-2026-32280,usr/bin/virtctl,"1.25.9, 1.26.2",false,affected,
rancher/harvester-upgrade:v1.8.2,harvester/v1.8.2,stdlib,v1.26.0,gobinary,CVE-2026-32280,HIGH,https://avd.aquasec.com/nvd/cve-2026-32280,usr/bin/yq,"1.25.9, 1.26.2",false,not_affected,vulnerable_code_not_in_execute_path
rancher/harvester-upgrade:v1.8.2,harvester/v1.8.2,stdlib,v1.26.0,gobinary,CVE-2026-32281,HIGH,https://avd.aquasec.com/nvd/cve-2026-32281,usr/bin/yq,"1.25.9, 1.26.2",false,not_affected,vulnerable_code_not_in_execute_path
rancher/harvester-upgrade:v1.8.2,harvester/v1.8.2,stdlib,v1.24.2,gobinary,CVE-2026-32282,MEDIUM,https://avd.aquasec.com/nvd/cve-2026-32282,usr/bin/wharfie,"1.25.9, 1.26.2",false,not_affected,vulnerable_code_not_in_execute_path
rancher/harvester-upgrade:v1.8.2,harvester/v1.8.2,stdlib,v1.26.0,gobinary,CVE-2026-32282,MEDIUM,https://avd.aquasec.com/nvd/cve-2026-32282,usr/bin/yq,"1.25.9, 1.26.2",false,not_affected,vulnerable_code_not_in_execute_path
rancher/harvester-upgrade:v1.8.2,harvester/v1.8.2,stdlib,v1.26.0,gobinary,CVE-2026-32283,HIGH,https://avd.aquasec.com/nvd/cve-2026-32283,usr/bin/yq,"1.25.9, 1.26.2",false,not_affected,vulnerable_code_not_in_execute_path
rancher/harvester-upgrade:v1.8.2,harvester/v1.8.2,stdlib,v1.26.0,gobinary,CVE-2026-32288,MEDIUM,https://avd.aquasec.com/nvd/cve-2026-32288,usr/bin/yq,"1.25.9, 1.26.2",false,not_affected,vulnerable_code_not_present
rancher/harvester-upgrade:v1.8.2,harvester/v1.8.2,stdlib,v1.26.0,gobinary,CVE-2026-32289,MEDIUM,https://avd.aquasec.com/nvd/cve-2026-32289,usr/bin/yq,"1.25.9, 1.26.2",false,not_affected,vulnerable_code_not_present
rancher/harvester-upgrade:v1.8.2,harvester/v1.8.2,google.golang.org/grpc,v1.68.1,gobinary,CVE-2026-33186,CRITICAL,https://avd.aquasec.com/nvd/cve-2026-33186,usr/bin/wharfie,1.79.3,false,not_affected,vulnerable_code_not_in_execute_path
rancher/harvester-upgrade:v1.8.2,harvester/v1.8.2,stdlib,v1.26.0,gobinary,CVE-2026-33810,HIGH,https://avd.aquasec.com/nvd/cve-2026-33810,usr/bin/yq,1.26.2,false,not_affected,vulnerable_code_not_in_execute_path
rancher/harvester-upgrade:v1.8.2,harvester/v1.8.2,stdlib,v1.24.2,gobinary,CVE-2026-33811,HIGH,https://avd.aquasec.com/nvd/cve-2026-33811,usr/bin/wharfie,"1.25.10, 1.26.3",false,not_affected,vulnerable_code_not_in_execute_path
rancher/harvester-upgrade:v1.8.2,harvester/v1.8.2,stdlib,v1.24.9,gobinary,CVE-2026-33811,HIGH,https://avd.aquasec.com/nvd/cve-2026-33811,usr/bin/virtctl,"1.25.10, 1.26.3",false,affected,
rancher/harvester-upgrade:v1.8.2,harvester/v1.8.2,stdlib,v1.25.9,gobinary,CVE-2026-33811,HIGH,https://avd.aquasec.com/nvd/cve-2026-33811,usr/bin/kubectl,"1.25.10, 1.26.3",false,not_affected,vulnerable_code_not_in_execute_path
rancher/harvester-upgrade:v1.8.2,harvester/v1.8.2,stdlib,v1.26.0,gobinary,CVE-2026-33811,HIGH,https://avd.aquasec.com/nvd/cve-2026-33811,usr/bin/yq,"1.25.10, 1.26.3",false,not_affected,vulnerable_code_not_in_execute_path
rancher/harvester-upgrade:v1.8.2,harvester/v1.8.2,golang.org/x/net,v0.20.0,gobinary,CVE-2026-33814,HIGH,https://avd.aquasec.com/nvd/cve-2026-33814,usr/local/bin/elemental,0.53.0,false,not_affected,vulnerable_code_not_present
rancher/harvester-upgrade:v1.8.2,harvester/v1.8.2,golang.org/x/net,v0.33.0,gobinary,CVE-2026-33814,HIGH,https://avd.aquasec.com/nvd/cve-2026-33814,usr/local/bin/harvester-installer,0.53.0,false,not_affected,vulnerable_code_not_present
rancher/harvester-upgrade:v1.8.2,harvester/v1.8.2,golang.org/x/net,v0.38.0,gobinary,CVE-2026-33814,HIGH,https://avd.aquasec.com/nvd/cve-2026-33814,usr/bin/wharfie,0.53.0,false,affected,
rancher/harvester-upgrade:v1.8.2,harvester/v1.8.2,golang.org/x/net,v0.47.0,gobinary,CVE-2026-33814,HIGH,https://avd.aquasec.com/nvd/cve-2026-33814,usr/bin/kubectl,0.53.0,false,affected,
rancher/harvester-upgrade:v1.8.2,harvester/v1.8.2,golang.org/x/net,v0.49.0,gobinary,CVE-2026-33814,HIGH,https://avd.aquasec.com/nvd/cve-2026-33814,usr/local/bin/upgrade-helper,0.53.0,false,affected,
rancher/harvester-upgrade:v1.8.2,harvester/v1.8.2,golang.org/x/net,v0.50.0,gobinary,CVE-2026-33814,HIGH,https://avd.aquasec.com/nvd/cve-2026-33814,usr/bin/yq,0.53.0,false,affected,
rancher/harvester-upgrade:v1.8.2,harvester/v1.8.2,stdlib,v1.24.2,gobinary,CVE-2026-33814,HIGH,https://avd.aquasec.com/nvd/cve-2026-33814,usr/bin/wharfie,"1.25.10, 1.26.3",false,affected,
rancher/harvester-upgrade:v1.8.2,harvester/v1.8.2,stdlib,v1.24.9,gobinary,CVE-2026-33814,HIGH,https://avd.aquasec.com/nvd/cve-2026-33814,usr/bin/virtctl,"1.25.10, 1.26.3",false,affected,
rancher/harvester-upgrade:v1.8.2,harvester/v1.8.2,stdlib,v1.25.9,gobinary,CVE-2026-33814,HIGH,https://avd.aquasec.com/nvd/cve-2026-33814,usr/bin/kubectl,"1.25.10, 1.26.3",false,not_affected,vulnerable_code_not_in_execute_path
rancher/harvester-upgrade:v1.8.2,harvester/v1.8.2,stdlib,v1.26.0,gobinary,CVE-2026-33814,HIGH,https://avd.aquasec.com/nvd/cve-2026-33814,usr/bin/yq,"1.25.10, 1.26.3",false,not_affected,vulnerable_code_not_in_execute_path
rancher/harvester-upgrade:v1.8.2,harvester/v1.8.2,github.com/docker/docker,v23.0.8+incompatible,gobinary,CVE-2026-33997,MEDIUM,https://avd.aquasec.com/nvd/cve-2026-33997,usr/local/bin/elemental,29.3.1,false,not_affected,vulnerable_code_not_in_execute_path
rancher/harvester-upgrade:v1.8.2,harvester/v1.8.2,github.com/moby/moby,v25.0.1+incompatible,gobinary,CVE-2026-33997,MEDIUM,https://avd.aquasec.com/nvd/cve-2026-33997,usr/local/bin/elemental,29.3.1,false,not_affected,vulnerable_code_not_in_execute_path
rancher/harvester-upgrade:v1.8.2,harvester/v1.8.2,github.com/docker/docker,v23.0.8+incompatible,gobinary,CVE-2026-34040,HIGH,https://avd.aquasec.com/nvd/cve-2026-34040,usr/local/bin/elemental,29.3.1,false,not_affected,vulnerable_code_not_in_execute_path
rancher/harvester-upgrade:v1.8.2,harvester/v1.8.2,github.com/moby/moby,v25.0.1+incompatible,gobinary,CVE-2026-34040,HIGH,https://avd.aquasec.com/nvd/cve-2026-34040,usr/local/bin/elemental,29.3.1,false,not_affected,vulnerable_code_not_in_execute_path
rancher/harvester-upgrade:v1.8.2,harvester/v1.8.2,github.com/distribution/distribution,v2.8.1+incompatible,gobinary,CVE-2026-35172,HIGH,https://avd.aquasec.com/nvd/cve-2026-35172,usr/local/bin/elemental,,false,not_affected,vulnerable_code_not_in_execute_path
rancher/harvester-upgrade:v1.8.2,harvester/v1.8.2,stdlib,v1.24.2,gobinary,CVE-2026-39820,HIGH,https://avd.aquasec.com/nvd/cve-2026-39820,usr/bin/wharfie,"1.25.10, 1.26.3",false,not_affected,vulnerable_code_not_in_execute_path
rancher/harvester-upgrade:v1.8.2,harvester/v1.8.2,stdlib,v1.24.9,gobinary,CVE-2026-39820,HIGH,https://avd.aquasec.com/nvd/cve-2026-39820,usr/bin/virtctl,"1.25.10, 1.26.3",false,affected,
rancher/harvester-upgrade:v1.8.2,harvester/v1.8.2,stdlib,v1.25.9,gobinary,CVE-2026-39820,HIGH,https://avd.aquasec.com/nvd/cve-2026-39820,usr/bin/kubectl,"1.25.10, 1.26.3",false,not_affected,vulnerable_code_not_present
rancher/harvester-upgrade:v1.8.2,harvester/v1.8.2,stdlib,v1.26.0,gobinary,CVE-2026-39820,HIGH,https://avd.aquasec.com/nvd/cve-2026-39820,usr/bin/yq,"1.25.10, 1.26.3",false,not_affected,vulnerable_code_not_present
rancher/harvester-upgrade:v1.8.2,harvester/v1.8.2,golang.org/x/net,v0.20.0,gobinary,CVE-2026-39821,HIGH,https://avd.aquasec.com/nvd/cve-2026-39821,usr/local/bin/elemental,0.55.0,false,not_affected,vulnerable_code_not_present
rancher/harvester-upgrade:v1.8.2,harvester/v1.8.2,golang.org/x/net,v0.33.0,gobinary,CVE-2026-39821,HIGH,https://avd.aquasec.com/nvd/cve-2026-39821,usr/local/bin/harvester-installer,0.55.0,false,affected,
rancher/harvester-upgrade:v1.8.2,harvester/v1.8.2,golang.org/x/net,v0.38.0,gobinary,CVE-2026-39821,HIGH,https://avd.aquasec.com/nvd/cve-2026-39821,usr/bin/wharfie,0.55.0,false,not_affected,vulnerable_code_not_in_execute_path
rancher/harvester-upgrade:v1.8.2,harvester/v1.8.2,golang.org/x/net,v0.47.0,gobinary,CVE-2026-39821,HIGH,https://avd.aquasec.com/nvd/cve-2026-39821,usr/bin/kubectl,0.55.0,false,affected,
rancher/harvester-upgrade:v1.8.2,harvester/v1.8.2,golang.org/x/net,v0.49.0,gobinary,CVE-2026-39821,HIGH,https://avd.aquasec.com/nvd/cve-2026-39821,usr/local/bin/upgrade-helper,0.55.0,false,affected,
rancher/harvester-upgrade:v1.8.2,harvester/v1.8.2,golang.org/x/net,v0.50.0,gobinary,CVE-2026-39821,HIGH,https://avd.aquasec.com/nvd/cve-2026-39821,usr/bin/yq,0.55.0,false,not_affected,vulnerable_code_not_present
rancher/harvester-upgrade:v1.8.2,harvester/v1.8.2,stdlib,v1.24.2,gobinary,CVE-2026-39822,HIGH,https://avd.aquasec.com/nvd/cve-2026-39822,usr/bin/wharfie,"1.25.12, 1.26.5, 1.27.0-rc.2",false,not_affected,vulnerable_code_not_in_execute_path
rancher/harvester-upgrade:v1.8.2,harvester/v1.8.2,stdlib,v1.24.9,gobinary,CVE-2026-39822,HIGH,https://avd.aquasec.com/nvd/cve-2026-39822,usr/bin/virtctl,"1.25.12, 1.26.5, 1.27.0-rc.2",false,affected,
rancher/harvester-upgrade:v1.8.2,harvester/v1.8.2,stdlib,v1.25.9,gobinary,CVE-2026-39822,HIGH,https://avd.aquasec.com/nvd/cve-2026-39822,usr/bin/kubectl,"1.25.12, 1.26.5, 1.27.0-rc.2",false,not_affected,vulnerable_code_not_in_execute_path
rancher/harvester-upgrade:v1.8.2,harvester/v1.8.2,stdlib,v1.26.0,gobinary,CVE-2026-39822,HIGH,https://avd.aquasec.com/nvd/cve-2026-39822,usr/bin/yq,"1.25.12, 1.26.5, 1.27.0-rc.2",false,not_affected,vulnerable_code_not_in_execute_path
rancher/harvester-upgrade:v1.8.2,harvester/v1.8.2,stdlib,v1.24.2,gobinary,CVE-2026-39823,MEDIUM,https://avd.aquasec.com/nvd/cve-2026-39823,usr/bin/wharfie,"1.25.10, 1.26.3",false,not_affected,vulnerable_code_not_in_execute_path
rancher/harvester-upgrade:v1.8.2,harvester/v1.8.2,stdlib,v1.25.9,gobinary,CVE-2026-39823,MEDIUM,https://avd.aquasec.com/nvd/cve-2026-39823,usr/bin/kubectl,"1.25.10, 1.26.3",false,not_affected,vulnerable_code_not_present
rancher/harvester-upgrade:v1.8.2,harvester/v1.8.2,stdlib,v1.26.0,gobinary,CVE-2026-39823,MEDIUM,https://avd.aquasec.com/nvd/cve-2026-39823,usr/bin/yq,"1.25.10, 1.26.3",false,not_affected,vulnerable_code_not_present
rancher/harvester-upgrade:v1.8.2,harvester/v1.8.2,stdlib,v1.24.2,gobinary,CVE-2026-39825,MEDIUM,https://avd.aquasec.com/nvd/cve-2026-39825,usr/bin/wharfie,"1.25.10, 1.26.3",false,not_affected,vulnerable_code_not_in_execute_path
rancher/harvester-upgrade:v1.8.2,harvester/v1.8.2,stdlib,v1.25.9,gobinary,CVE-2026-39825,MEDIUM,https://avd.aquasec.com/nvd/cve-2026-39825,usr/bin/kubectl,"1.25.10, 1.26.3",false,not_affected,vulnerable_code_not_in_execute_path
rancher/harvester-upgrade:v1.8.2,harvester/v1.8.2,stdlib,v1.26.0,gobinary,CVE-2026-39825,MEDIUM,https://avd.aquasec.com/nvd/cve-2026-39825,usr/bin/yq,"1.25.10, 1.26.3",false,not_affected,vulnerable_code_not_present
rancher/harvester-upgrade:v1.8.2,harvester/v1.8.2,stdlib,v1.24.2,gobinary,CVE-2026-39826,MEDIUM,https://avd.aquasec.com/nvd/cve-2026-39826,usr/bin/wharfie,"1.25.10, 1.26.3",false,not_affected,vulnerable_code_not_in_execute_path
rancher/harvester-upgrade:v1.8.2,harvester/v1.8.2,stdlib,v1.25.9,gobinary,CVE-2026-39826,MEDIUM,https://avd.aquasec.com/nvd/cve-2026-39826,usr/bin/kubectl,"1.25.10, 1.26.3",false,not_affected,vulnerable_code_not_present
rancher/harvester-upgrade:v1.8.2,harvester/v1.8.2,stdlib,v1.26.0,gobinary,CVE-2026-39826,MEDIUM,https://avd.aquasec.com/nvd/cve-2026-39826,usr/bin/yq,"1.25.10, 1.26.3",false,not_affected,vulnerable_code_not_present
rancher/harvester-upgrade:v1.8.2,harvester/v1.8.2,golang.org/x/crypto,v0.31.0,gobinary,CVE-2026-39827,MEDIUM,https://avd.aquasec.com/nvd/cve-2026-39827,usr/local/bin/harvester-installer,0.52.0,false,not_affected,vulnerable_code_not_in_execute_path
rancher/harvester-upgrade:v1.8.2,harvester/v1.8.2,golang.org/x/crypto,v0.36.0,gobinary,CVE-2026-39827,MEDIUM,https://avd.aquasec.com/nvd/cve-2026-39827,usr/bin/wharfie,0.52.0,false,not_affected,vulnerable_code_not_present
rancher/harvester-upgrade:v1.8.2,harvester/v1.8.2,golang.org/x/crypto,v0.47.0,gobinary,CVE-2026-39827,MEDIUM,https://avd.aquasec.com/nvd/cve-2026-39827,usr/local/bin/upgrade-helper,0.52.0,false,not_affected,vulnerable_code_not_in_execute_path
rancher/harvester-upgrade:v1.8.2,harvester/v1.8.2,golang.org/x/crypto,v0.18.0,gobinary,CVE-2026-39828,HIGH,https://avd.aquasec.com/nvd/cve-2026-39828,usr/local/bin/elemental,0.52.0,false,not_affected,vulnerable_code_not_in_execute_path
rancher/harvester-upgrade:v1.8.2,harvester/v1.8.2,golang.org/x/crypto,v0.31.0,gobinary,CVE-2026-39828,HIGH,https://avd.aquasec.com/nvd/cve-2026-39828,usr/local/bin/harvester-installer,0.52.0,false,not_affected,vulnerable_code_not_in_execute_path
rancher/harvester-upgrade:v1.8.2,harvester/v1.8.2,golang.org/x/crypto,v0.36.0,gobinary,CVE-2026-39828,HIGH,https://avd.aquasec.com/nvd/cve-2026-39828,usr/bin/wharfie,0.52.0,false,not_affected,vulnerable_code_not_present
rancher/harvester-upgrade:v1.8.2,harvester/v1.8.2,golang.org/x/crypto,v0.47.0,gobinary,CVE-2026-39828,HIGH,https://avd.aquasec.com/nvd/cve-2026-39828,usr/local/bin/upgrade-helper,0.52.0,false,not_affected,vulnerable_code_not_in_execute_path
rancher/harvester-upgrade:v1.8.2,harvester/v1.8.2,golang.org/x/crypto,v0.18.0,gobinary,CVE-2026-39829,HIGH,https://avd.aquasec.com/nvd/cve-2026-39829,usr/local/bin/elemental,0.52.0,false,affected,
rancher/harvester-upgrade:v1.8.2,harvester/v1.8.2,golang.org/x/crypto,v0.31.0,gobinary,CVE-2026-39829,HIGH,https://avd.aquasec.com/nvd/cve-2026-39829,usr/local/bin/harvester-installer,0.52.0,false,affected,
rancher/harvester-upgrade:v1.8.2,harvester/v1.8.2,golang.org/x/crypto,v0.36.0,gobinary,CVE-2026-39829,HIGH,https://avd.aquasec.com/nvd/cve-2026-39829,usr/bin/wharfie,0.52.0,false,not_affected,vulnerable_code_not_present
rancher/harvester-upgrade:v1.8.2,harvester/v1.8.2,golang.org/x/crypto,v0.47.0,gobinary,CVE-2026-39829,HIGH,https://avd.aquasec.com/nvd/cve-2026-39829,usr/local/bin/upgrade-helper,0.52.0,false,not_affected,vulnerable_code_not_in_execute_path
rancher/harvester-upgrade:v1.8.2,harvester/v1.8.2,golang.org/x/crypto,v0.31.0,gobinary,CVE-2026-39830,HIGH,https://avd.aquasec.com/nvd/cve-2026-39830,usr/local/bin/harvester-installer,0.52.0,false,not_affected,vulnerable_code_not_in_execute_path
rancher/harvester-upgrade:v1.8.2,harvester/v1.8.2,golang.org/x/crypto,v0.36.0,gobinary,CVE-2026-39830,HIGH,https://avd.aquasec.com/nvd/cve-2026-39830,usr/bin/wharfie,0.52.0,false,not_affected,vulnerable_code_not_present
rancher/harvester-upgrade:v1.8.2,harvester/v1.8.2,golang.org/x/crypto,v0.47.0,gobinary,CVE-2026-39830,HIGH,https://avd.aquasec.com/nvd/cve-2026-39830,usr/local/bin/upgrade-helper,0.52.0,false,not_affected,vulnerable_code_not_in_execute_path
rancher/harvester-upgrade:v1.8.2,harvester/v1.8.2,golang.org/x/crypto,v0.18.0,gobinary,CVE-2026-39831,HIGH,https://avd.aquasec.com/nvd/cve-2026-39831,usr/local/bin/elemental,0.52.0,false,affected,
rancher/harvester-upgrade:v1.8.2,harvester/v1.8.2,golang.org/x/crypto,v0.31.0,gobinary,CVE-2026-39831,HIGH,https://avd.aquasec.com/nvd/cve-2026-39831,usr/local/bin/harvester-installer,0.52.0,false,not_affected,vulnerable_code_not_in_execute_path
rancher/harvester-upgrade:v1.8.2,harvester/v1.8.2,golang.org/x/crypto,v0.36.0,gobinary,CVE-2026-39831,HIGH,https://avd.aquasec.com/nvd/cve-2026-39831,usr/bin/wharfie,0.52.0,false,not_affected,vulnerable_code_not_present
rancher/harvester-upgrade:v1.8.2,harvester/v1.8.2,golang.org/x/crypto,v0.47.0,gobinary,CVE-2026-39831,HIGH,https://avd.aquasec.com/nvd/cve-2026-39831,usr/local/bin/upgrade-helper,0.52.0,false,not_affected,vulnerable_code_not_in_execute_path
rancher/harvester-upgrade:v1.8.2,harvester/v1.8.2,golang.org/x/crypto,v0.18.0,gobinary,CVE-2026-39832,HIGH,https://avd.aquasec.com/nvd/cve-2026-39832,usr/local/bin/elemental,0.52.0,false,affected,
rancher/harvester-upgrade:v1.8.2,harvester/v1.8.2,golang.org/x/crypto,v0.31.0,gobinary,CVE-2026-39832,HIGH,https://avd.aquasec.com/nvd/cve-2026-39832,usr/local/bin/harvester-installer,0.52.0,false,not_affected,vulnerable_code_not_present
rancher/harvester-upgrade:v1.8.2,harvester/v1.8.2,golang.org/x/crypto,v0.36.0,gobinary,CVE-2026-39832,HIGH,https://avd.aquasec.com/nvd/cve-2026-39832,usr/bin/wharfie,0.52.0,false,not_affected,vulnerable_code_not_present
rancher/harvester-upgrade:v1.8.2,harvester/v1.8.2,golang.org/x/crypto,v0.47.0,gobinary,CVE-2026-39832,HIGH,https://avd.aquasec.com/nvd/cve-2026-39832,usr/local/bin/upgrade-helper,0.52.0,false,not_affected,vulnerable_code_not_present
rancher/harvester-upgrade:v1.8.2,harvester/v1.8.2,golang.org/x/crypto,v0.18.0,gobinary,CVE-2026-39833,MEDIUM,https://avd.aquasec.com/nvd/cve-2026-39833,usr/local/bin/elemental,0.52.0,false,not_affected,vulnerable_code_not_in_execute_path
rancher/harvester-upgrade:v1.8.2,harvester/v1.8.2,golang.org/x/crypto,v0.31.0,gobinary,CVE-2026-39833,MEDIUM,https://avd.aquasec.com/nvd/cve-2026-39833,usr/local/bin/harvester-installer,0.52.0,false,not_affected,vulnerable_code_not_present
rancher/harvester-upgrade:v1.8.2,harvester/v1.8.2,golang.org/x/crypto,v0.36.0,gobinary,CVE-2026-39833,MEDIUM,https://avd.aquasec.com/nvd/cve-2026-39833,usr/bin/wharfie,0.52.0,false,not_affected,vulnerable_code_not_present
rancher/harvester-upgrade:v1.8.2,harvester/v1.8.2,golang.org/x/crypto,v0.47.0,gobinary,CVE-2026-39833,MEDIUM,https://avd.aquasec.com/nvd/cve-2026-39833,usr/local/bin/upgrade-helper,0.52.0,false,not_affected,vulnerable_code_not_present
rancher/harvester-upgrade:v1.8.2,harvester/v1.8.2,golang.org/x/crypto,v0.18.0,gobinary,CVE-2026-39834,HIGH,https://avd.aquasec.com/nvd/cve-2026-39834,usr/local/bin/elemental,0.52.0,false,affected,severity_changed_due_to_suse_cvss_score
rancher/harvester-upgrade:v1.8.2,harvester/v1.8.2,golang.org/x/crypto,v0.31.0,gobinary,CVE-2026-39834,MEDIUM,https://avd.aquasec.com/nvd/cve-2026-39834,usr/local/bin/harvester-installer,0.52.0,false,not_affected,vulnerable_code_not_in_execute_path
rancher/harvester-upgrade:v1.8.2,harvester/v1.8.2,golang.org/x/crypto,v0.36.0,gobinary,CVE-2026-39834,MEDIUM,https://avd.aquasec.com/nvd/cve-2026-39834,usr/bin/wharfie,0.52.0,false,not_affected,vulnerable_code_not_present
rancher/harvester-upgrade:v1.8.2,harvester/v1.8.2,golang.org/x/crypto,v0.47.0,gobinary,CVE-2026-39834,MEDIUM,https://avd.aquasec.com/nvd/cve-2026-39834,usr/local/bin/upgrade-helper,0.52.0,false,not_affected,vulnerable_code_not_in_execute_path
rancher/harvester-upgrade:v1.8.2,harvester/v1.8.2,golang.org/x/crypto,v0.18.0,gobinary,CVE-2026-39835,HIGH,https://avd.aquasec.com/nvd/cve-2026-39835,usr/local/bin/elemental,0.52.0,false,affected,
rancher/harvester-upgrade:v1.8.2,harvester/v1.8.2,golang.org/x/crypto,v0.31.0,gobinary,CVE-2026-39835,HIGH,https://avd.aquasec.com/nvd/cve-2026-39835,usr/local/bin/harvester-installer,0.52.0,false,not_affected,vulnerable_code_not_in_execute_path
rancher/harvester-upgrade:v1.8.2,harvester/v1.8.2,golang.org/x/crypto,v0.36.0,gobinary,CVE-2026-39835,HIGH,https://avd.aquasec.com/nvd/cve-2026-39835,usr/bin/wharfie,0.52.0,false,not_affected,vulnerable_code_not_present
rancher/harvester-upgrade:v1.8.2,harvester/v1.8.2,golang.org/x/crypto,v0.47.0,gobinary,CVE-2026-39835,HIGH,https://avd.aquasec.com/nvd/cve-2026-39835,usr/local/bin/upgrade-helper,0.52.0,false,not_affected,vulnerable_code_not_in_execute_path
rancher/harvester-upgrade:v1.8.2,harvester/v1.8.2,stdlib,v1.24.2,gobinary,CVE-2026-39836,HIGH,https://avd.aquasec.com/nvd/cve-2026-39836,usr/bin/wharfie,"1.25.10, 1.26.3",false,affected,
rancher/harvester-upgrade:v1.8.2,harvester/v1.8.2,stdlib,v1.24.9,gobinary,CVE-2026-39836,HIGH,https://avd.aquasec.com/nvd/cve-2026-39836,usr/bin/virtctl,"1.25.10, 1.26.3",false,affected,
rancher/harvester-upgrade:v1.8.2,harvester/v1.8.2,stdlib,v1.25.9,gobinary,CVE-2026-39836,HIGH,https://avd.aquasec.com/nvd/cve-2026-39836,usr/bin/kubectl,"1.25.10, 1.26.3",false,not_affected,vulnerable_code_not_in_execute_path
rancher/harvester-upgrade:v1.8.2,harvester/v1.8.2,stdlib,v1.26.0,gobinary,CVE-2026-39836,HIGH,https://avd.aquasec.com/nvd/cve-2026-39836,usr/bin/yq,"1.25.10, 1.26.3",false,not_affected,vulnerable_code_not_in_execute_path
rancher/harvester-upgrade:v1.8.2,harvester/v1.8.2,go.opentelemetry.io/otel/sdk,v1.33.0,gobinary,CVE-2026-39883,HIGH,https://avd.aquasec.com/nvd/cve-2026-39883,usr/bin/wharfie,1.43.0,false,not_affected,vulnerable_code_not_in_execute_path
rancher/harvester-upgrade:v1.8.2,harvester/v1.8.2,github.com/docker/docker,v23.0.8+incompatible,gobinary,CVE-2026-41567,HIGH,https://avd.aquasec.com/nvd/cve-2026-41567,usr/local/bin/elemental,,false,not_affected,vulnerable_code_not_present
rancher/harvester-upgrade:v1.8.2,harvester/v1.8.2,github.com/moby/moby,v25.0.1+incompatible,gobinary,CVE-2026-41567,HIGH,https://avd.aquasec.com/nvd/cve-2026-41567,usr/local/bin/elemental,,false,not_affected,vulnerable_code_not_present
rancher/harvester-upgrade:v1.8.2,harvester/v1.8.2,github.com/docker/docker,v23.0.8+incompatible,gobinary,CVE-2026-41568,MEDIUM,https://avd.aquasec.com/nvd/cve-2026-41568,usr/local/bin/elemental,,false,not_affected,vulnerable_code_not_present
rancher/harvester-upgrade:v1.8.2,harvester/v1.8.2,github.com/moby/moby,v25.0.1+incompatible,gobinary,CVE-2026-41568,MEDIUM,https://avd.aquasec.com/nvd/cve-2026-41568,usr/local/bin/elemental,,false,not_affected,vulnerable_code_not_present
rancher/harvester-upgrade:v1.8.2,harvester/v1.8.2,github.com/docker/docker,v23.0.8+incompatible,gobinary,CVE-2026-42306,HIGH,https://avd.aquasec.com/nvd/cve-2026-42306,usr/local/bin/elemental,,false,not_affected,vulnerable_code_not_present
rancher/harvester-upgrade:v1.8.2,harvester/v1.8.2,github.com/moby/moby,v25.0.1+incompatible,gobinary,CVE-2026-42306,HIGH,https://avd.aquasec.com/nvd/cve-2026-42306,usr/local/bin/elemental,,false,not_affected,vulnerable_code_not_present
rancher/harvester-upgrade:v1.8.2,harvester/v1.8.2,stdlib,v1.24.2,gobinary,CVE-2026-42499,HIGH,https://avd.aquasec.com/nvd/cve-2026-42499,usr/bin/wharfie,"1.25.10, 1.26.3",false,not_affected,vulnerable_code_not_in_execute_path
rancher/harvester-upgrade:v1.8.2,harvester/v1.8.2,stdlib,v1.24.9,gobinary,CVE-2026-42499,HIGH,https://avd.aquasec.com/nvd/cve-2026-42499,usr/bin/virtctl,"1.25.10, 1.26.3",false,affected,
rancher/harvester-upgrade:v1.8.2,harvester/v1.8.2,stdlib,v1.25.9,gobinary,CVE-2026-42499,HIGH,https://avd.aquasec.com/nvd/cve-2026-42499,usr/bin/kubectl,"1.25.10, 1.26.3",false,not_affected,vulnerable_code_not_present
rancher/harvester-upgrade:v1.8.2,harvester/v1.8.2,stdlib,v1.26.0,gobinary,CVE-2026-42499,HIGH,https://avd.aquasec.com/nvd/cve-2026-42499,usr/bin/yq,"1.25.10, 1.26.3",false,not_affected,vulnerable_code_not_present
rancher/harvester-upgrade:v1.8.2,harvester/v1.8.2,golang.org/x/net,v0.20.0,gobinary,CVE-2026-42502,MEDIUM,https://avd.aquasec.com/nvd/cve-2026-42502,usr/local/bin/elemental,0.55.0,false,not_affected,vulnerable_code_not_present
rancher/harvester-upgrade:v1.8.2,harvester/v1.8.2,golang.org/x/net,v0.33.0,gobinary,CVE-2026-42502,MEDIUM,https://avd.aquasec.com/nvd/cve-2026-42502,usr/local/bin/harvester-installer,0.55.0,false,not_affected,vulnerable_code_not_present
rancher/harvester-upgrade:v1.8.2,harvester/v1.8.2,golang.org/x/net,v0.38.0,gobinary,CVE-2026-42502,MEDIUM,https://avd.aquasec.com/nvd/cve-2026-42502,usr/bin/wharfie,0.55.0,false,not_affected,vulnerable_code_not_present
rancher/harvester-upgrade:v1.8.2,harvester/v1.8.2,golang.org/x/net,v0.47.0,gobinary,CVE-2026-42502,MEDIUM,https://avd.aquasec.com/nvd/cve-2026-42502,usr/bin/kubectl,0.55.0,false,not_affected,vulnerable_code_not_present
rancher/harvester-upgrade:v1.8.2,harvester/v1.8.2,golang.org/x/net,v0.49.0,gobinary,CVE-2026-42502,MEDIUM,https://avd.aquasec.com/nvd/cve-2026-42502,usr/local/bin/upgrade-helper,0.55.0,false,not_affected,vulnerable_code_not_in_execute_path
rancher/harvester-upgrade:v1.8.2,harvester/v1.8.2,golang.org/x/net,v0.50.0,gobinary,CVE-2026-42502,MEDIUM,https://avd.aquasec.com/nvd/cve-2026-42502,usr/bin/yq,0.55.0,false,not_affected,vulnerable_code_not_in_execute_path
rancher/harvester-upgrade:v1.8.2,harvester/v1.8.2,stdlib,v1.24.2,gobinary,CVE-2026-42504,HIGH,https://avd.aquasec.com/nvd/cve-2026-42504,usr/bin/wharfie,"1.25.11, 1.26.4",false,not_affected,vulnerable_code_not_in_execute_path
rancher/harvester-upgrade:v1.8.2,harvester/v1.8.2,stdlib,v1.25.9,gobinary,CVE-2026-42504,HIGH,https://avd.aquasec.com/nvd/cve-2026-42504,usr/bin/kubectl,"1.25.11, 1.26.4",false,not_affected,vulnerable_code_not_in_execute_path
rancher/harvester-upgrade:v1.8.2,harvester/v1.8.2,stdlib,v1.26.0,gobinary,CVE-2026-42504,HIGH,https://avd.aquasec.com/nvd/cve-2026-42504,usr/bin/yq,"1.25.11, 1.26.4",false,not_affected,vulnerable_code_not_in_execute_path
rancher/harvester-upgrade:v1.8.2,harvester/v1.8.2,stdlib,v1.26.0,gobinary,CVE-2026-42505,MEDIUM,https://avd.aquasec.com/nvd/cve-2026-42505,usr/bin/yq,"1.25.12, 1.26.5, 1.27.0-rc.2",false,not_affected,vulnerable_code_not_in_execute_path
rancher/harvester-upgrade:v1.8.2,harvester/v1.8.2,golang.org/x/net,v0.20.0,gobinary,CVE-2026-42506,MEDIUM,https://avd.aquasec.com/nvd/cve-2026-42506,usr/local/bin/elemental,0.55.0,false,not_affected,vulnerable_code_not_present
rancher/harvester-upgrade:v1.8.2,harvester/v1.8.2,golang.org/x/net,v0.33.0,gobinary,CVE-2026-42506,MEDIUM,https://avd.aquasec.com/nvd/cve-2026-42506,usr/local/bin/harvester-installer,0.55.0,false,not_affected,vulnerable_code_not_present
rancher/harvester-upgrade:v1.8.2,harvester/v1.8.2,golang.org/x/net,v0.38.0,gobinary,CVE-2026-42506,MEDIUM,https://avd.aquasec.com/nvd/cve-2026-42506,usr/bin/wharfie,0.55.0,false,not_affected,vulnerable_code_not_present
rancher/harvester-upgrade:v1.8.2,harvester/v1.8.2,golang.org/x/net,v0.47.0,gobinary,CVE-2026-42506,MEDIUM,https://avd.aquasec.com/nvd/cve-2026-42506,usr/bin/kubectl,0.55.0,false,not_affected,vulnerable_code_not_present
rancher/harvester-upgrade:v1.8.2,harvester/v1.8.2,golang.org/x/net,v0.49.0,gobinary,CVE-2026-42506,MEDIUM,https://avd.aquasec.com/nvd/cve-2026-42506,usr/local/bin/upgrade-helper,0.55.0,false,not_affected,vulnerable_code_not_in_execute_path
rancher/harvester-upgrade:v1.8.2,harvester/v1.8.2,golang.org/x/net,v0.50.0,gobinary,CVE-2026-42506,MEDIUM,https://avd.aquasec.com/nvd/cve-2026-42506,usr/bin/yq,0.55.0,false,not_affected,vulnerable_code_not_in_execute_path
rancher/harvester-upgrade:v1.8.2,harvester/v1.8.2,stdlib,v1.26.0,gobinary,CVE-2026-42507,MEDIUM,https://avd.aquasec.com/nvd/cve-2026-42507,usr/bin/yq,"1.25.11, 1.26.4",false,not_affected,vulnerable_code_not_present
rancher/harvester-upgrade:v1.8.2,harvester/v1.8.2,golang.org/x/crypto,v0.18.0,gobinary,CVE-2026-42508,HIGH,https://avd.aquasec.com/nvd/cve-2026-42508,usr/local/bin/elemental,0.52.0,false,affected,
rancher/harvester-upgrade:v1.8.2,harvester/v1.8.2,golang.org/x/crypto,v0.31.0,gobinary,CVE-2026-42508,HIGH,https://avd.aquasec.com/nvd/cve-2026-42508,usr/local/bin/harvester-installer,0.52.0,false,not_affected,vulnerable_code_not_present
rancher/harvester-upgrade:v1.8.2,harvester/v1.8.2,golang.org/x/crypto,v0.36.0,gobinary,CVE-2026-42508,HIGH,https://avd.aquasec.com/nvd/cve-2026-42508,usr/bin/wharfie,0.52.0,false,not_affected,vulnerable_code_not_present
rancher/harvester-upgrade:v1.8.2,harvester/v1.8.2,golang.org/x/crypto,v0.47.0,gobinary,CVE-2026-42508,HIGH,https://avd.aquasec.com/nvd/cve-2026-42508,usr/local/bin/upgrade-helper,0.52.0,false,not_affected,vulnerable_code_not_present
rancher/harvester-upgrade:v1.8.2,harvester/v1.8.2,github.com/go-git/go-billy/v5,v5.5.0,gobinary,CVE-2026-44740,MEDIUM,https://avd.aquasec.com/nvd/cve-2026-44740,usr/local/bin/elemental,5.9.0,false,not_affected,vulnerable_code_not_in_execute_path
rancher/harvester-upgrade:v1.8.2,harvester/v1.8.2,github.com/go-git/go-billy/v5,v5.5.0,gobinary,CVE-2026-44973,HIGH,https://avd.aquasec.com/nvd/cve-2026-44973,usr/local/bin/elemental,5.9.0,false,not_affected,vulnerable_code_not_in_execute_path
rancher/harvester-upgrade:v1.8.2,harvester/v1.8.2,github.com/go-git/go-git/v5,v5.11.0,gobinary,CVE-2026-45022,HIGH,https://avd.aquasec.com/nvd/cve-2026-45022,usr/local/bin/elemental,5.19.0,false,not_affected,vulnerable_code_not_in_execute_path
rancher/harvester-upgrade:v1.8.2,harvester/v1.8.2,golang.org/x/crypto,v0.18.0,gobinary,CVE-2026-46595,HIGH,https://avd.aquasec.com/nvd/cve-2026-46595,usr/local/bin/elemental,0.52.0,false,not_affected,vulnerable_code_not_in_execute_path
rancher/harvester-upgrade:v1.8.2,harvester/v1.8.2,golang.org/x/crypto,v0.31.0,gobinary,CVE-2026-46595,HIGH,https://avd.aquasec.com/nvd/cve-2026-46595,usr/local/bin/harvester-installer,0.52.0,false,not_affected,vulnerable_code_not_in_execute_path
rancher/harvester-upgrade:v1.8.2,harvester/v1.8.2,golang.org/x/crypto,v0.36.0,gobinary,CVE-2026-46595,HIGH,https://avd.aquasec.com/nvd/cve-2026-46595,usr/bin/wharfie,0.52.0,false,not_affected,vulnerable_code_not_present
rancher/harvester-upgrade:v1.8.2,harvester/v1.8.2,golang.org/x/crypto,v0.47.0,gobinary,CVE-2026-46595,HIGH,https://avd.aquasec.com/nvd/cve-2026-46595,usr/local/bin/upgrade-helper,0.52.0,false,not_affected,vulnerable_code_not_in_execute_path
rancher/harvester-upgrade:v1.8.2,harvester/v1.8.2,golang.org/x/crypto,v0.18.0,gobinary,CVE-2026-46597,HIGH,https://avd.aquasec.com/nvd/cve-2026-46597,usr/local/bin/elemental,0.52.0,false,affected,
rancher/harvester-upgrade:v1.8.2,harvester/v1.8.2,golang.org/x/crypto,v0.31.0,gobinary,CVE-2026-46597,HIGH,https://avd.aquasec.com/nvd/cve-2026-46597,usr/local/bin/harvester-installer,0.52.0,false,not_affected,vulnerable_code_not_in_execute_path
rancher/harvester-upgrade:v1.8.2,harvester/v1.8.2,golang.org/x/crypto,v0.36.0,gobinary,CVE-2026-46597,HIGH,https://avd.aquasec.com/nvd/cve-2026-46597,usr/bin/wharfie,0.52.0,false,not_affected,vulnerable_code_not_present
rancher/harvester-upgrade:v1.8.2,harvester/v1.8.2,golang.org/x/crypto,v0.47.0,gobinary,CVE-2026-46597,HIGH,https://avd.aquasec.com/nvd/cve-2026-46597,usr/local/bin/upgrade-helper,0.52.0,false,not_affected,vulnerable_code_not_in_execute_path
rancher/harvester-upgrade:v1.8.2,harvester/v1.8.2,golang.org/x/crypto,v0.18.0,gobinary,CVE-2026-46598,MEDIUM,https://avd.aquasec.com/nvd/cve-2026-46598,usr/local/bin/elemental,0.52.0,false,not_affected,vulnerable_code_not_in_execute_path
rancher/harvester-upgrade:v1.8.2,harvester/v1.8.2,golang.org/x/crypto,v0.31.0,gobinary,CVE-2026-46598,MEDIUM,https://avd.aquasec.com/nvd/cve-2026-46598,usr/local/bin/harvester-installer,0.52.0,false,not_affected,vulnerable_code_not_present
rancher/harvester-upgrade:v1.8.2,harvester/v1.8.2,golang.org/x/crypto,v0.36.0,gobinary,CVE-2026-46598,MEDIUM,https://avd.aquasec.com/nvd/cve-2026-46598,usr/bin/wharfie,0.52.0,false,not_affected,vulnerable_code_not_present
rancher/harvester-upgrade:v1.8.2,harvester/v1.8.2,golang.org/x/crypto,v0.47.0,gobinary,CVE-2026-46598,MEDIUM,https://avd.aquasec.com/nvd/cve-2026-46598,usr/local/bin/upgrade-helper,0.52.0,false,not_affected,vulnerable_code_not_present
rancher/harvester-upgrade:v1.8.2,harvester/v1.8.2,golang.org/x/net,v0.20.0,gobinary,CVE-2026-46600,HIGH,https://avd.aquasec.com/nvd/cve-2026-46600,usr/local/bin/elemental,0.56.0,false,not_affected,vulnerable_code_not_present
rancher/harvester-upgrade:v1.8.2,harvester/v1.8.2,golang.org/x/net,v0.33.0,gobinary,CVE-2026-46600,HIGH,https://avd.aquasec.com/nvd/cve-2026-46600,usr/local/bin/harvester-installer,0.56.0,false,not_affected,vulnerable_code_not_present
rancher/harvester-upgrade:v1.8.2,harvester/v1.8.2,golang.org/x/net,v0.38.0,gobinary,CVE-2026-46600,HIGH,https://avd.aquasec.com/nvd/cve-2026-46600,usr/bin/wharfie,0.56.0,false,not_affected,vulnerable_code_not_present
rancher/harvester-upgrade:v1.8.2,harvester/v1.8.2,golang.org/x/net,v0.47.0,gobinary,CVE-2026-46600,HIGH,https://avd.aquasec.com/nvd/cve-2026-46600,usr/bin/kubectl,0.56.0,false,not_affected,vulnerable_code_not_present
rancher/harvester-upgrade:v1.8.2,harvester/v1.8.2,golang.org/x/net,v0.49.0,gobinary,CVE-2026-46600,HIGH,https://avd.aquasec.com/nvd/cve-2026-46600,usr/local/bin/upgrade-helper,0.56.0,false,not_affected,vulnerable_code_not_present
rancher/harvester-upgrade:v1.8.2,harvester/v1.8.2,golang.org/x/net,v0.50.0,gobinary,CVE-2026-46600,HIGH,https://avd.aquasec.com/nvd/cve-2026-46600,usr/bin/yq,0.56.0,false,not_affected,vulnerable_code_not_present
rancher/harvester-upgrade:v1.8.2,harvester/v1.8.2,github.com/containerd/containerd,v1.7.12,gobinary,CVE-2026-47262,MEDIUM,https://avd.aquasec.com/nvd/cve-2026-47262,usr/local/bin/elemental,1.7.33,false,not_affected,vulnerable_code_not_in_execute_path
rancher/harvester-upgrade:v1.8.2,harvester/v1.8.2,github.com/containerd/containerd,v1.7.12,gobinary,CVE-2026-53488,HIGH,https://avd.aquasec.com/nvd/cve-2026-53488,usr/local/bin/elemental,1.7.33,false,not_affected,vulnerable_code_not_in_execute_path
rancher/harvester-upgrade:v1.8.2,harvester/v1.8.2,github.com/kube-logging/logging-operator,v0.0.0-20250424202944-7e1f9aad6e21,gobinary,CVE-2026-54680,CRITICAL,https://avd.aquasec.com/nvd/cve-2026-54680,usr/local/bin/upgrade-helper,0.0.0-20260608145523-cf437d7f1e05,false,not_affected,vulnerable_code_not_in_execute_path
rancher/harvester-upgrade:v1.8.2,harvester/v1.8.2,golang.org/x/text,v0.14.0,gobinary,CVE-2026-56852,HIGH,https://avd.aquasec.com/nvd/cve-2026-56852,usr/local/bin/elemental,0.39.0,false,not_affected,vulnerable_code_not_in_execute_path
rancher/harvester-upgrade:v1.8.2,harvester/v1.8.2,golang.org/x/text,v0.23.0,gobinary,CVE-2026-56852,HIGH,https://avd.aquasec.com/nvd/cve-2026-56852,usr/bin/wharfie,0.39.0,false,not_affected,vulnerable_code_not_in_execute_path
rancher/harvester-upgrade:v1.8.2,harvester/v1.8.2,kubevirt.io/kubevirt,v1.7.0,gobinary,CVE-2026-6383,MEDIUM,https://avd.aquasec.com/nvd/cve-2026-6383,usr/local/bin/upgrade-helper,,false,not_affected,vulnerable_code_not_in_execute_path
rancher/harvester-upgrade:v1.8.2,harvester/v1.8.2,github.com/go-git/go-git/v5,v5.11.0,gobinary,CVE-2026-71556,HIGH,https://avd.aquasec.com/nvd/cve-2026-71556,usr/local/bin/elemental,5.19.2,false,affected,
rancher/harvester-upgrade:v1.8.2,harvester/v1.8.2,kubevirt.io/kubevirt,v1.7.0,gobinary,CVE-2026-7374,CRITICAL,https://avd.aquasec.com/nvd/cve-2026-7374,usr/local/bin/upgrade-helper,"1.8.3, 1.7.4, 1.6.6",false,not_affected,vulnerable_code_not_in_execute_path
rancher/harvester-upgrade:v1.8.2,harvester/v1.8.2,kubevirt.io/kubevirt,v1.7.0,gobinary,CVE-2026-9804,HIGH,https://avd.aquasec.com/nvd/cve-2026-9804,usr/local/bin/upgrade-helper,,false,not_affected,vulnerable_code_not_in_execute_path
rancher/harvester-upgrade:v1.8.2,harvester/v1.8.2,google.golang.org/grpc,v1.68.1,gobinary,GHSA-hrxh-6v49-42gf,HIGH,https://github.com/advisories/GHSA-hrxh-6v49-42gf,usr/bin/wharfie,1.82.1,false,affected,
rancher/harvester-vm-import-controller:v1.8.2,harvester/v1.8.2,kubevirt.io/kubevirt,v1.7.0,gobinary,CVE-2025-14525,MEDIUM,https://avd.aquasec.com/nvd/cve-2025-14525,usr/bin/vm-import-controller,,false,not_affected,vulnerable_code_not_in_execute_path
rancher/harvester-vm-import-controller:v1.8.2,harvester/v1.8.2,golang.org/x/net,v0.49.0,gobinary,CVE-2026-25680,MEDIUM,https://avd.aquasec.com/nvd/cve-2026-25680,usr/bin/vm-import-controller,0.55.0,false,not_affected,vulnerable_code_not_in_execute_path
rancher/harvester-vm-import-controller:v1.8.2,harvester/v1.8.2,golang.org/x/net,v0.49.0,gobinary,CVE-2026-25681,HIGH,https://avd.aquasec.com/nvd/cve-2026-25681,usr/bin/vm-import-controller,0.55.0,false,not_affected,vulnerable_code_not_in_execute_path
rancher/harvester-vm-import-controller:v1.8.2,harvester/v1.8.2,golang.org/x/net,v0.49.0,gobinary,CVE-2026-27136,HIGH,https://avd.aquasec.com/nvd/cve-2026-27136,usr/bin/vm-import-controller,0.55.0,false,not_affected,vulnerable_code_not_in_execute_path
rancher/harvester-vm-import-controller:v1.8.2,harvester/v1.8.2,golang.org/x/net,v0.49.0,gobinary,CVE-2026-33814,HIGH,https://avd.aquasec.com/nvd/cve-2026-33814,usr/bin/vm-import-controller,0.53.0,false,affected,
rancher/harvester-vm-import-controller:v1.8.2,harvester/v1.8.2,golang.org/x/net,v0.49.0,gobinary,CVE-2026-39821,HIGH,https://avd.aquasec.com/nvd/cve-2026-39821,usr/bin/vm-import-controller,0.55.0,false,affected,
rancher/harvester-vm-import-controller:v1.8.2,harvester/v1.8.2,golang.org/x/crypto,v0.48.0,gobinary,CVE-2026-39827,MEDIUM,https://avd.aquasec.com/nvd/cve-2026-39827,usr/bin/vm-import-controller,0.52.0,false,not_affected,vulnerable_code_not_in_execute_path
rancher/harvester-vm-import-controller:v1.8.2,harvester/v1.8.2,golang.org/x/crypto,v0.48.0,gobinary,CVE-2026-39828,HIGH,https://avd.aquasec.com/nvd/cve-2026-39828,usr/bin/vm-import-controller,0.52.0,false,not_affected,vulnerable_code_not_in_execute_path
rancher/harvester-vm-import-controller:v1.8.2,harvester/v1.8.2,golang.org/x/crypto,v0.48.0,gobinary,CVE-2026-39829,HIGH,https://avd.aquasec.com/nvd/cve-2026-39829,usr/bin/vm-import-controller,0.52.0,false,not_affected,vulnerable_code_not_in_execute_path
rancher/harvester-vm-import-controller:v1.8.2,harvester/v1.8.2,golang.org/x/crypto,v0.48.0,gobinary,CVE-2026-39830,HIGH,https://avd.aquasec.com/nvd/cve-2026-39830,usr/bin/vm-import-controller,0.52.0,false,not_affected,vulnerable_code_not_in_execute_path
rancher/harvester-vm-import-controller:v1.8.2,harvester/v1.8.2,golang.org/x/crypto,v0.48.0,gobinary,CVE-2026-39831,HIGH,https://avd.aquasec.com/nvd/cve-2026-39831,usr/bin/vm-import-controller,0.52.0,false,not_affected,vulnerable_code_not_in_execute_path
rancher/harvester-vm-import-controller:v1.8.2,harvester/v1.8.2,golang.org/x/crypto,v0.48.0,gobinary,CVE-2026-39832,HIGH,https://avd.aquasec.com/nvd/cve-2026-39832,usr/bin/vm-import-controller,0.52.0,false,not_affected,vulnerable_code_not_present
rancher/harvester-vm-import-controller:v1.8.2,harvester/v1.8.2,golang.org/x/crypto,v0.48.0,gobinary,CVE-2026-39833,MEDIUM,https://avd.aquasec.com/nvd/cve-2026-39833,usr/bin/vm-import-controller,0.52.0,false,not_affected,vulnerable_code_not_present
rancher/harvester-vm-import-controller:v1.8.2,harvester/v1.8.2,golang.org/x/crypto,v0.48.0,gobinary,CVE-2026-39834,MEDIUM,https://avd.aquasec.com/nvd/cve-2026-39834,usr/bin/vm-import-controller,0.52.0,false,not_affected,vulnerable_code_not_in_execute_path
rancher/harvester-vm-import-controller:v1.8.2,harvester/v1.8.2,golang.org/x/crypto,v0.48.0,gobinary,CVE-2026-39835,HIGH,https://avd.aquasec.com/nvd/cve-2026-39835,usr/bin/vm-import-controller,0.52.0,false,not_affected,vulnerable_code_not_in_execute_path
rancher/harvester-vm-import-controller:v1.8.2,harvester/v1.8.2,golang.org/x/net,v0.49.0,gobinary,CVE-2026-42502,MEDIUM,https://avd.aquasec.com/nvd/cve-2026-42502,usr/bin/vm-import-controller,0.55.0,false,not_affected,vulnerable_code_not_in_execute_path
rancher/harvester-vm-import-controller:v1.8.2,harvester/v1.8.2,golang.org/x/net,v0.49.0,gobinary,CVE-2026-42506,MEDIUM,https://avd.aquasec.com/nvd/cve-2026-42506,usr/bin/vm-import-controller,0.55.0,false,not_affected,vulnerable_code_not_in_execute_path
rancher/harvester-vm-import-controller:v1.8.2,harvester/v1.8.2,golang.org/x/crypto,v0.48.0,gobinary,CVE-2026-42508,HIGH,https://avd.aquasec.com/nvd/cve-2026-42508,usr/bin/vm-import-controller,0.52.0,false,not_affected,vulnerable_code_not_present
rancher/harvester-vm-import-controller:v1.8.2,harvester/v1.8.2,golang.org/x/crypto,v0.48.0,gobinary,CVE-2026-46595,HIGH,https://avd.aquasec.com/nvd/cve-2026-46595,usr/bin/vm-import-controller,0.52.0,false,not_affected,vulnerable_code_not_in_execute_path
rancher/harvester-vm-import-controller:v1.8.2,harvester/v1.8.2,golang.org/x/crypto,v0.48.0,gobinary,CVE-2026-46597,HIGH,https://avd.aquasec.com/nvd/cve-2026-46597,usr/bin/vm-import-controller,0.52.0,false,not_affected,vulnerable_code_not_in_execute_path
rancher/harvester-vm-import-controller:v1.8.2,harvester/v1.8.2,golang.org/x/crypto,v0.48.0,gobinary,CVE-2026-46598,MEDIUM,https://avd.aquasec.com/nvd/cve-2026-46598,usr/bin/vm-import-controller,0.52.0,false,not_affected,vulnerable_code_not_present
rancher/harvester-vm-import-controller:v1.8.2,harvester/v1.8.2,golang.org/x/net,v0.49.0,gobinary,CVE-2026-46600,HIGH,https://avd.aquasec.com/nvd/cve-2026-46600,usr/bin/vm-import-controller,0.56.0,false,not_affected,vulnerable_code_not_present
rancher/harvester-vm-import-controller:v1.8.2,harvester/v1.8.2,kubevirt.io/kubevirt,v1.7.0,gobinary,CVE-2026-6383,MEDIUM,https://avd.aquasec.com/nvd/cve-2026-6383,usr/bin/vm-import-controller,,false,not_affected,vulnerable_code_not_in_execute_path
rancher/harvester-vm-import-controller:v1.8.2,harvester/v1.8.2,kubevirt.io/kubevirt,v1.7.0,gobinary,CVE-2026-7374,CRITICAL,https://avd.aquasec.com/nvd/cve-2026-7374,usr/bin/vm-import-controller,"1.8.3, 1.7.4, 1.6.6",false,not_affected,vulnerable_code_not_in_execute_path
rancher/harvester-vm-import-controller:v1.8.2,harvester/v1.8.2,kubevirt.io/kubevirt,v1.7.0,gobinary,CVE-2026-9804,HIGH,https://avd.aquasec.com/nvd/cve-2026-9804,usr/bin/vm-import-controller,,false,not_affected,vulnerable_code_not_in_execute_path
rancher/harvester-webhook:v1.8.2,harvester/v1.8.2,github.com/rancher/rancher,v0.0.0-20250828140533-07a90f09a491,gobinary,CVE-2019-11881,MEDIUM,https://avd.aquasec.com/nvd/cve-2019-11881,usr/bin/harvester-webhook,,false,not_affected,vulnerable_code_not_in_execute_path
rancher/harvester-webhook:v1.8.2,harvester/v1.8.2,github.com/rancher/rancher,v0.0.0-20250828140533-07a90f09a491,gobinary,CVE-2019-12274,HIGH,https://avd.aquasec.com/nvd/cve-2019-12274,usr/bin/harvester-webhook,"2.2.4, 1.6.27",false,not_affected,vulnerable_code_not_in_execute_path
rancher/harvester-webhook:v1.8.2,harvester/v1.8.2,github.com/rancher/rancher,v0.0.0-20250828140533-07a90f09a491,gobinary,CVE-2021-25313,MEDIUM,https://avd.aquasec.com/nvd/cve-2021-25313,usr/bin/harvester-webhook,"2.5.6, 2.4.14, 2.3.11",false,not_affected,vulnerable_code_not_in_execute_path
rancher/harvester-webhook:v1.8.2,harvester/v1.8.2,github.com/rancher/rancher,v0.0.0-20250828140533-07a90f09a491,gobinary,CVE-2021-36775,HIGH,https://avd.aquasec.com/nvd/cve-2021-36775,usr/bin/harvester-webhook,"2.4.18, 2.5.12, 2.6.3",false,not_affected,vulnerable_code_not_in_execute_path
rancher/harvester-webhook:v1.8.2,harvester/v1.8.2,github.com/rancher/rancher,v0.0.0-20250828140533-07a90f09a491,gobinary,CVE-2023-32199,MEDIUM,https://avd.aquasec.com/nvd/cve-2023-32199,usr/bin/harvester-webhook,0.0.0-20251014212116-7faa74a968c2,false,not_affected,vulnerable_code_not_in_execute_path
rancher/harvester-webhook:v1.8.2,harvester/v1.8.2,github.com/rancher/rancher,v0.0.0-20250828140533-07a90f09a491,gobinary,CVE-2024-58269,MEDIUM,https://avd.aquasec.com/nvd/cve-2024-58269,usr/bin/harvester-webhook,0.0.0-20251013203444-50dc516a19ea,false,not_affected,vulnerable_code_not_in_execute_path
rancher/harvester-webhook:v1.8.2,harvester/v1.8.2,kubevirt.io/kubevirt,v1.7.0,gobinary,CVE-2025-14525,MEDIUM,https://avd.aquasec.com/nvd/cve-2025-14525,usr/bin/harvester-webhook,,false,not_affected,vulnerable_code_not_in_execute_path
rancher/harvester-webhook:v1.8.2,harvester/v1.8.2,github.com/docker/cli,v25.0.3+incompatible,gobinary,CVE-2025-15558,HIGH,https://avd.aquasec.com/nvd/cve-2025-15558,usr/bin/harvester-webhook,29.2.0,false,not_affected,vulnerable_code_not_present
rancher/harvester-webhook:v1.8.2,harvester/v1.8.2,github.com/rancher/rancher,v0.0.0-20250828140533-07a90f09a491,gobinary,CVE-2025-67601,HIGH,https://avd.aquasec.com/nvd/cve-2025-67601,usr/bin/harvester-webhook,"0.0.0-20260129092249-bb0625fd1896, 2.13.2, 2.12.6, 2.11.10, 2.10.11",false,not_affected,vulnerable_code_not_in_execute_path
rancher/harvester-webhook:v1.8.2,harvester/v1.8.2,go.opentelemetry.io/otel/sdk,v1.37.0,gobinary,CVE-2026-24051,HIGH,https://avd.aquasec.com/nvd/cve-2026-24051,usr/bin/harvester-webhook,1.40.0,false,not_affected,vulnerable_code_not_present
rancher/harvester-webhook:v1.8.2,harvester/v1.8.2,golang.org/x/net,v0.49.0,gobinary,CVE-2026-25680,MEDIUM,https://avd.aquasec.com/nvd/cve-2026-25680,usr/bin/harvester-webhook,0.55.0,false,not_affected,vulnerable_code_not_in_execute_path
rancher/harvester-webhook:v1.8.2,harvester/v1.8.2,golang.org/x/net,v0.49.0,gobinary,CVE-2026-25681,HIGH,https://avd.aquasec.com/nvd/cve-2026-25681,usr/bin/harvester-webhook,0.55.0,false,not_affected,vulnerable_code_not_in_execute_path
rancher/harvester-webhook:v1.8.2,harvester/v1.8.2,golang.org/x/net,v0.49.0,gobinary,CVE-2026-27136,HIGH,https://avd.aquasec.com/nvd/cve-2026-27136,usr/bin/harvester-webhook,0.55.0,false,not_affected,vulnerable_code_not_in_execute_path
rancher/harvester-webhook:v1.8.2,harvester/v1.8.2,go.opentelemetry.io/otel,v1.37.0,gobinary,CVE-2026-29181,HIGH,https://avd.aquasec.com/nvd/cve-2026-29181,usr/bin/harvester-webhook,1.41.0,false,not_affected,vulnerable_code_not_present
rancher/harvester-webhook:v1.8.2,harvester/v1.8.2,google.golang.org/grpc,v1.75.1,gobinary,CVE-2026-33186,CRITICAL,https://avd.aquasec.com/nvd/cve-2026-33186,usr/bin/harvester-webhook,1.79.3,false,not_affected,vulnerable_code_not_in_execute_path
rancher/harvester-webhook:v1.8.2,harvester/v1.8.2,golang.org/x/net,v0.49.0,gobinary,CVE-2026-33814,HIGH,https://avd.aquasec.com/nvd/cve-2026-33814,usr/bin/harvester-webhook,0.53.0,false,affected,
rancher/harvester-webhook:v1.8.2,harvester/v1.8.2,github.com/docker/docker,v25.0.6+incompatible,gobinary,CVE-2026-33997,MEDIUM,https://avd.aquasec.com/nvd/cve-2026-33997,usr/bin/harvester-webhook,29.3.1,false,not_affected,vulnerable_code_not_in_execute_path
rancher/harvester-webhook:v1.8.2,harvester/v1.8.2,github.com/docker/docker,v25.0.6+incompatible,gobinary,CVE-2026-34040,HIGH,https://avd.aquasec.com/nvd/cve-2026-34040,usr/bin/harvester-webhook,29.3.1,false,not_affected,vulnerable_code_not_in_execute_path
rancher/harvester-webhook:v1.8.2,harvester/v1.8.2,golang.org/x/net,v0.49.0,gobinary,CVE-2026-39821,HIGH,https://avd.aquasec.com/nvd/cve-2026-39821,usr/bin/harvester-webhook,0.55.0,false,affected,
rancher/harvester-webhook:v1.8.2,harvester/v1.8.2,golang.org/x/crypto,v0.47.0,gobinary,CVE-2026-39827,MEDIUM,https://avd.aquasec.com/nvd/cve-2026-39827,usr/bin/harvester-webhook,0.52.0,false,not_affected,vulnerable_code_not_in_execute_path
rancher/harvester-webhook:v1.8.2,harvester/v1.8.2,golang.org/x/crypto,v0.47.0,gobinary,CVE-2026-39828,HIGH,https://avd.aquasec.com/nvd/cve-2026-39828,usr/bin/harvester-webhook,0.52.0,false,not_affected,vulnerable_code_not_in_execute_path
rancher/harvester-webhook:v1.8.2,harvester/v1.8.2,golang.org/x/crypto,v0.47.0,gobinary,CVE-2026-39829,HIGH,https://avd.aquasec.com/nvd/cve-2026-39829,usr/bin/harvester-webhook,0.52.0,false,not_affected,vulnerable_code_not_in_execute_path
rancher/harvester-webhook:v1.8.2,harvester/v1.8.2,golang.org/x/crypto,v0.47.0,gobinary,CVE-2026-39830,HIGH,https://avd.aquasec.com/nvd/cve-2026-39830,usr/bin/harvester-webhook,0.52.0,false,not_affected,vulnerable_code_not_in_execute_path
rancher/harvester-webhook:v1.8.2,harvester/v1.8.2,golang.org/x/crypto,v0.47.0,gobinary,CVE-2026-39831,HIGH,https://avd.aquasec.com/nvd/cve-2026-39831,usr/bin/harvester-webhook,0.52.0,false,not_affected,vulnerable_code_not_in_execute_path
rancher/harvester-webhook:v1.8.2,harvester/v1.8.2,golang.org/x/crypto,v0.47.0,gobinary,CVE-2026-39832,HIGH,https://avd.aquasec.com/nvd/cve-2026-39832,usr/bin/harvester-webhook,0.52.0,false,not_affected,vulnerable_code_not_present
rancher/harvester-webhook:v1.8.2,harvester/v1.8.2,golang.org/x/crypto,v0.47.0,gobinary,CVE-2026-39833,MEDIUM,https://avd.aquasec.com/nvd/cve-2026-39833,usr/bin/harvester-webhook,0.52.0,false,not_affected,vulnerable_code_not_present
rancher/harvester-webhook:v1.8.2,harvester/v1.8.2,golang.org/x/crypto,v0.47.0,gobinary,CVE-2026-39834,MEDIUM,https://avd.aquasec.com/nvd/cve-2026-39834,usr/bin/harvester-webhook,0.52.0,false,not_affected,vulnerable_code_not_in_execute_path
rancher/harvester-webhook:v1.8.2,harvester/v1.8.2,golang.org/x/crypto,v0.47.0,gobinary,CVE-2026-39835,HIGH,https://avd.aquasec.com/nvd/cve-2026-39835,usr/bin/harvester-webhook,0.52.0,false,not_affected,vulnerable_code_not_in_execute_path
rancher/harvester-webhook:v1.8.2,harvester/v1.8.2,go.opentelemetry.io/otel/sdk,v1.37.0,gobinary,CVE-2026-39883,HIGH,https://avd.aquasec.com/nvd/cve-2026-39883,usr/bin/harvester-webhook,1.43.0,false,not_affected,vulnerable_code_not_in_execute_path
rancher/harvester-webhook:v1.8.2,harvester/v1.8.2,github.com/rancher/rancher,v0.0.0-20250828140533-07a90f09a491,gobinary,CVE-2026-41052,CRITICAL,https://avd.aquasec.com/nvd/cve-2026-41052,usr/bin/harvester-webhook,"2.14.2, 2.13.6, 2.12.10, 0.0.0-20260513182521-2800aaac25b5",false,not_affected,vulnerable_code_not_in_execute_path
rancher/harvester-webhook:v1.8.2,harvester/v1.8.2,github.com/rancher/rancher,v0.0.0-20250828140533-07a90f09a491,gobinary,CVE-2026-41053,HIGH,https://avd.aquasec.com/nvd/cve-2026-41053,usr/bin/harvester-webhook,"2.14.2, 2.13.6, 0.0.0-20260519172014-d0c047bbc6d2",false,not_affected,vulnerable_code_not_in_execute_path
rancher/harvester-webhook:v1.8.2,harvester/v1.8.2,github.com/docker/docker,v25.0.6+incompatible,gobinary,CVE-2026-41567,HIGH,https://avd.aquasec.com/nvd/cve-2026-41567,usr/bin/harvester-webhook,,false,not_affected,vulnerable_code_not_present
rancher/harvester-webhook:v1.8.2,harvester/v1.8.2,github.com/docker/docker,v25.0.6+incompatible,gobinary,CVE-2026-41568,MEDIUM,https://avd.aquasec.com/nvd/cve-2026-41568,usr/bin/harvester-webhook,,false,not_affected,vulnerable_code_not_present
rancher/harvester-webhook:v1.8.2,harvester/v1.8.2,github.com/docker/docker,v25.0.6+incompatible,gobinary,CVE-2026-42306,HIGH,https://avd.aquasec.com/nvd/cve-2026-42306,usr/bin/harvester-webhook,,false,not_affected,vulnerable_code_not_present
rancher/harvester-webhook:v1.8.2,harvester/v1.8.2,golang.org/x/net,v0.49.0,gobinary,CVE-2026-42502,MEDIUM,https://avd.aquasec.com/nvd/cve-2026-42502,usr/bin/harvester-webhook,0.55.0,false,not_affected,vulnerable_code_not_in_execute_path
rancher/harvester-webhook:v1.8.2,harvester/v1.8.2,golang.org/x/net,v0.49.0,gobinary,CVE-2026-42506,MEDIUM,https://avd.aquasec.com/nvd/cve-2026-42506,usr/bin/harvester-webhook,0.55.0,false,not_affected,vulnerable_code_not_in_execute_path
rancher/harvester-webhook:v1.8.2,harvester/v1.8.2,golang.org/x/crypto,v0.47.0,gobinary,CVE-2026-42508,HIGH,https://avd.aquasec.com/nvd/cve-2026-42508,usr/bin/harvester-webhook,0.52.0,false,not_affected,vulnerable_code_not_present
rancher/harvester-webhook:v1.8.2,harvester/v1.8.2,github.com/rancher/rancher,v0.0.0-20250828140533-07a90f09a491,gobinary,CVE-2026-44939,CRITICAL,https://avd.aquasec.com/nvd/cve-2026-44939,usr/bin/harvester-webhook,"2.14.2, 2.13.6, 2.12.10, 2.11.14, 2.10.12, 0.0.0-20260617231817-2aa77eb283e7",false,not_affected,vulnerable_code_not_in_execute_path
rancher/harvester-webhook:v1.8.2,harvester/v1.8.2,golang.org/x/crypto,v0.47.0,gobinary,CVE-2026-46595,HIGH,https://avd.aquasec.com/nvd/cve-2026-46595,usr/bin/harvester-webhook,0.52.0,false,not_affected,vulnerable_code_not_in_execute_path
rancher/harvester-webhook:v1.8.2,harvester/v1.8.2,golang.org/x/crypto,v0.47.0,gobinary,CVE-2026-46597,HIGH,https://avd.aquasec.com/nvd/cve-2026-46597,usr/bin/harvester-webhook,0.52.0,false,not_affected,vulnerable_code_not_in_execute_path
rancher/harvester-webhook:v1.8.2,harvester/v1.8.2,golang.org/x/crypto,v0.47.0,gobinary,CVE-2026-46598,MEDIUM,https://avd.aquasec.com/nvd/cve-2026-46598,usr/bin/harvester-webhook,0.52.0,false,not_affected,vulnerable_code_not_present
rancher/harvester-webhook:v1.8.2,harvester/v1.8.2,golang.org/x/net,v0.49.0,gobinary,CVE-2026-46600,HIGH,https://avd.aquasec.com/nvd/cve-2026-46600,usr/bin/harvester-webhook,0.56.0,false,not_affected,vulnerable_code_not_present
rancher/harvester-webhook:v1.8.2,harvester/v1.8.2,github.com/kube-logging/logging-operator,v0.0.0-20250424202944-7e1f9aad6e21,gobinary,CVE-2026-54680,CRITICAL,https://avd.aquasec.com/nvd/cve-2026-54680,usr/bin/harvester-webhook,0.0.0-20260608145523-cf437d7f1e05,false,not_affected,vulnerable_code_not_in_execute_path
rancher/harvester-webhook:v1.8.2,harvester/v1.8.2,kubevirt.io/kubevirt,v1.7.0,gobinary,CVE-2026-6383,MEDIUM,https://avd.aquasec.com/nvd/cve-2026-6383,usr/bin/harvester-webhook,,false,not_affected,vulnerable_code_not_in_execute_path
rancher/harvester-webhook:v1.8.2,harvester/v1.8.2,kubevirt.io/kubevirt,v1.7.0,gobinary,CVE-2026-7374,CRITICAL,https://avd.aquasec.com/nvd/cve-2026-7374,usr/bin/harvester-webhook,"1.8.3, 1.7.4, 1.6.6",false,not_affected,vulnerable_code_not_in_execute_path
rancher/harvester-webhook:v1.8.2,harvester/v1.8.2,kubevirt.io/kubevirt,v1.7.0,gobinary,CVE-2026-9804,HIGH,https://avd.aquasec.com/nvd/cve-2026-9804,usr/bin/harvester-webhook,,false,not_affected,vulnerable_code_not_in_execute_path
rancher/harvester-webhook:v1.8.2,harvester/v1.8.2,google.golang.org/grpc,v1.75.1,gobinary,GHSA-hrxh-6v49-42gf,HIGH,https://github.com/advisories/GHSA-hrxh-6v49-42gf,usr/bin/harvester-webhook,1.82.1,false,affected,
rancher/harvester:v1.8.2,harvester/v1.8.2,github.com/rancher/rancher,v0.0.0-20250828140533-07a90f09a491,gobinary,CVE-2019-11881,MEDIUM,https://avd.aquasec.com/nvd/cve-2019-11881,usr/bin/harvester,,false,not_affected,vulnerable_code_not_in_execute_path
rancher/harvester:v1.8.2,harvester/v1.8.2,github.com/rancher/rancher,v0.0.0-20250828140533-07a90f09a491,gobinary,CVE-2019-12274,HIGH,https://avd.aquasec.com/nvd/cve-2019-12274,usr/bin/harvester,"2.2.4, 1.6.27",false,not_affected,vulnerable_code_not_in_execute_path
rancher/harvester:v1.8.2,harvester/v1.8.2,github.com/rancher/rancher,v0.0.0-20250828140533-07a90f09a491,gobinary,CVE-2021-25313,MEDIUM,https://avd.aquasec.com/nvd/cve-2021-25313,usr/bin/harvester,"2.5.6, 2.4.14, 2.3.11",false,not_affected,vulnerable_code_not_in_execute_path
rancher/harvester:v1.8.2,harvester/v1.8.2,github.com/rancher/rancher,v0.0.0-20250828140533-07a90f09a491,gobinary,CVE-2021-36775,HIGH,https://avd.aquasec.com/nvd/cve-2021-36775,usr/bin/harvester,"2.4.18, 2.5.12, 2.6.3",false,not_affected,vulnerable_code_not_in_execute_path
rancher/harvester:v1.8.2,harvester/v1.8.2,github.com/rancher/rancher,v0.0.0-20250828140533-07a90f09a491,gobinary,CVE-2023-32199,MEDIUM,https://avd.aquasec.com/nvd/cve-2023-32199,usr/bin/harvester,0.0.0-20251014212116-7faa74a968c2,false,not_affected,vulnerable_code_not_in_execute_path
rancher/harvester:v1.8.2,harvester/v1.8.2,github.com/rancher/rancher,v0.0.0-20250828140533-07a90f09a491,gobinary,CVE-2024-58269,MEDIUM,https://avd.aquasec.com/nvd/cve-2024-58269,usr/bin/harvester,0.0.0-20251013203444-50dc516a19ea,false,not_affected,vulnerable_code_not_in_execute_path
rancher/harvester:v1.8.2,harvester/v1.8.2,kubevirt.io/kubevirt,v1.7.0,gobinary,CVE-2025-14525,MEDIUM,https://avd.aquasec.com/nvd/cve-2025-14525,usr/bin/harvester,,false,not_affected,vulnerable_code_not_in_execute_path
rancher/harvester:v1.8.2,harvester/v1.8.2,github.com/docker/cli,v25.0.3+incompatible,gobinary,CVE-2025-15558,HIGH,https://avd.aquasec.com/nvd/cve-2025-15558,usr/bin/harvester,29.2.0,false,not_affected,vulnerable_code_not_present
rancher/harvester:v1.8.2,harvester/v1.8.2,github.com/rancher/rancher,v0.0.0-20250828140533-07a90f09a491,gobinary,CVE-2025-67601,HIGH,https://avd.aquasec.com/nvd/cve-2025-67601,usr/bin/harvester,"0.0.0-20260129092249-bb0625fd1896, 2.13.2, 2.12.6, 2.11.10, 2.10.11",false,not_affected,vulnerable_code_not_in_execute_path
rancher/harvester:v1.8.2,harvester/v1.8.2,go.opentelemetry.io/otel/sdk,v1.37.0,gobinary,CVE-2026-24051,HIGH,https://avd.aquasec.com/nvd/cve-2026-24051,usr/bin/harvester,1.40.0,false,not_affected,vulnerable_code_not_present
rancher/harvester:v1.8.2,harvester/v1.8.2,golang.org/x/net,v0.49.0,gobinary,CVE-2026-25680,MEDIUM,https://avd.aquasec.com/nvd/cve-2026-25680,usr/bin/harvester,0.55.0,false,not_affected,vulnerable_code_not_in_execute_path
rancher/harvester:v1.8.2,harvester/v1.8.2,golang.org/x/net,v0.49.0,gobinary,CVE-2026-25681,HIGH,https://avd.aquasec.com/nvd/cve-2026-25681,usr/bin/harvester,0.55.0,false,not_affected,vulnerable_code_not_in_execute_path
rancher/harvester:v1.8.2,harvester/v1.8.2,golang.org/x/net,v0.49.0,gobinary,CVE-2026-27136,HIGH,https://avd.aquasec.com/nvd/cve-2026-27136,usr/bin/harvester,0.55.0,false,not_affected,vulnerable_code_not_in_execute_path
rancher/harvester:v1.8.2,harvester/v1.8.2,go.opentelemetry.io/otel,v1.37.0,gobinary,CVE-2026-29181,HIGH,https://avd.aquasec.com/nvd/cve-2026-29181,usr/bin/harvester,1.41.0,false,not_affected,vulnerable_code_not_present
rancher/harvester:v1.8.2,harvester/v1.8.2,google.golang.org/grpc,v1.75.1,gobinary,CVE-2026-33186,CRITICAL,https://avd.aquasec.com/nvd/cve-2026-33186,usr/bin/harvester,1.79.3,false,not_affected,vulnerable_code_not_in_execute_path
rancher/harvester:v1.8.2,harvester/v1.8.2,golang.org/x/net,v0.49.0,gobinary,CVE-2026-33814,HIGH,https://avd.aquasec.com/nvd/cve-2026-33814,usr/bin/harvester,0.53.0,false,affected,
rancher/harvester:v1.8.2,harvester/v1.8.2,github.com/docker/docker,v25.0.6+incompatible,gobinary,CVE-2026-33997,MEDIUM,https://avd.aquasec.com/nvd/cve-2026-33997,usr/bin/harvester,29.3.1,false,not_affected,vulnerable_code_not_in_execute_path
rancher/harvester:v1.8.2,harvester/v1.8.2,github.com/docker/docker,v25.0.6+incompatible,gobinary,CVE-2026-34040,HIGH,https://avd.aquasec.com/nvd/cve-2026-34040,usr/bin/harvester,29.3.1,false,not_affected,vulnerable_code_not_in_execute_path
rancher/harvester:v1.8.2,harvester/v1.8.2,golang.org/x/net,v0.49.0,gobinary,CVE-2026-39821,HIGH,https://avd.aquasec.com/nvd/cve-2026-39821,usr/bin/harvester,0.55.0,false,affected,
rancher/harvester:v1.8.2,harvester/v1.8.2,golang.org/x/crypto,v0.47.0,gobinary,CVE-2026-39827,MEDIUM,https://avd.aquasec.com/nvd/cve-2026-39827,usr/bin/harvester,0.52.0,false,not_affected,vulnerable_code_not_in_execute_path
rancher/harvester:v1.8.2,harvester/v1.8.2,golang.org/x/crypto,v0.47.0,gobinary,CVE-2026-39828,HIGH,https://avd.aquasec.com/nvd/cve-2026-39828,usr/bin/harvester,0.52.0,false,not_affected,vulnerable_code_not_in_execute_path
rancher/harvester:v1.8.2,harvester/v1.8.2,golang.org/x/crypto,v0.47.0,gobinary,CVE-2026-39829,HIGH,https://avd.aquasec.com/nvd/cve-2026-39829,usr/bin/harvester,0.52.0,false,not_affected,vulnerable_code_not_in_execute_path
rancher/harvester:v1.8.2,harvester/v1.8.2,golang.org/x/crypto,v0.47.0,gobinary,CVE-2026-39830,HIGH,https://avd.aquasec.com/nvd/cve-2026-39830,usr/bin/harvester,0.52.0,false,not_affected,vulnerable_code_not_in_execute_path
rancher/harvester:v1.8.2,harvester/v1.8.2,golang.org/x/crypto,v0.47.0,gobinary,CVE-2026-39831,HIGH,https://avd.aquasec.com/nvd/cve-2026-39831,usr/bin/harvester,0.52.0,false,not_affected,vulnerable_code_not_in_execute_path
rancher/harvester:v1.8.2,harvester/v1.8.2,golang.org/x/crypto,v0.47.0,gobinary,CVE-2026-39832,HIGH,https://avd.aquasec.com/nvd/cve-2026-39832,usr/bin/harvester,0.52.0,false,not_affected,vulnerable_code_not_present
rancher/harvester:v1.8.2,harvester/v1.8.2,golang.org/x/crypto,v0.47.0,gobinary,CVE-2026-39833,MEDIUM,https://avd.aquasec.com/nvd/cve-2026-39833,usr/bin/harvester,0.52.0,false,not_affected,vulnerable_code_not_present
rancher/harvester:v1.8.2,harvester/v1.8.2,golang.org/x/crypto,v0.47.0,gobinary,CVE-2026-39834,MEDIUM,https://avd.aquasec.com/nvd/cve-2026-39834,usr/bin/harvester,0.52.0,false,not_affected,vulnerable_code_not_in_execute_path
rancher/harvester:v1.8.2,harvester/v1.8.2,golang.org/x/crypto,v0.47.0,gobinary,CVE-2026-39835,HIGH,https://avd.aquasec.com/nvd/cve-2026-39835,usr/bin/harvester,0.52.0,false,not_affected,vulnerable_code_not_in_execute_path
rancher/harvester:v1.8.2,harvester/v1.8.2,go.opentelemetry.io/otel/sdk,v1.37.0,gobinary,CVE-2026-39883,HIGH,https://avd.aquasec.com/nvd/cve-2026-39883,usr/bin/harvester,1.43.0,false,not_affected,vulnerable_code_not_in_execute_path
rancher/harvester:v1.8.2,harvester/v1.8.2,github.com/rancher/rancher,v0.0.0-20250828140533-07a90f09a491,gobinary,CVE-2026-41052,CRITICAL,https://avd.aquasec.com/nvd/cve-2026-41052,usr/bin/harvester,"2.14.2, 2.13.6, 2.12.10, 0.0.0-20260513182521-2800aaac25b5",false,not_affected,vulnerable_code_not_in_execute_path
rancher/harvester:v1.8.2,harvester/v1.8.2,github.com/rancher/rancher,v0.0.0-20250828140533-07a90f09a491,gobinary,CVE-2026-41053,HIGH,https://avd.aquasec.com/nvd/cve-2026-41053,usr/bin/harvester,"2.14.2, 2.13.6, 0.0.0-20260519172014-d0c047bbc6d2",false,not_affected,vulnerable_code_not_in_execute_path
rancher/harvester:v1.8.2,harvester/v1.8.2,github.com/docker/docker,v25.0.6+incompatible,gobinary,CVE-2026-41567,HIGH,https://avd.aquasec.com/nvd/cve-2026-41567,usr/bin/harvester,,false,not_affected,vulnerable_code_not_present
rancher/harvester:v1.8.2,harvester/v1.8.2,github.com/docker/docker,v25.0.6+incompatible,gobinary,CVE-2026-41568,MEDIUM,https://avd.aquasec.com/nvd/cve-2026-41568,usr/bin/harvester,,false,not_affected,vulnerable_code_not_present
rancher/harvester:v1.8.2,harvester/v1.8.2,github.com/docker/docker,v25.0.6+incompatible,gobinary,CVE-2026-42306,HIGH,https://avd.aquasec.com/nvd/cve-2026-42306,usr/bin/harvester,,false,not_affected,vulnerable_code_not_present
rancher/harvester:v1.8.2,harvester/v1.8.2,golang.org/x/net,v0.49.0,gobinary,CVE-2026-42502,MEDIUM,https://avd.aquasec.com/nvd/cve-2026-42502,usr/bin/harvester,0.55.0,false,not_affected,vulnerable_code_not_in_execute_path
rancher/harvester:v1.8.2,harvester/v1.8.2,golang.org/x/net,v0.49.0,gobinary,CVE-2026-42506,MEDIUM,https://avd.aquasec.com/nvd/cve-2026-42506,usr/bin/harvester,0.55.0,false,not_affected,vulnerable_code_not_in_execute_path
rancher/harvester:v1.8.2,harvester/v1.8.2,golang.org/x/crypto,v0.47.0,gobinary,CVE-2026-42508,HIGH,https://avd.aquasec.com/nvd/cve-2026-42508,usr/bin/harvester,0.52.0,false,not_affected,vulnerable_code_not_present
rancher/harvester:v1.8.2,harvester/v1.8.2,github.com/rancher/rancher,v0.0.0-20250828140533-07a90f09a491,gobinary,CVE-2026-44939,CRITICAL,https://avd.aquasec.com/nvd/cve-2026-44939,usr/bin/harvester,"2.14.2, 2.13.6, 2.12.10, 2.11.14, 2.10.12, 0.0.0-20260617231817-2aa77eb283e7",false,not_affected,vulnerable_code_not_in_execute_path
rancher/harvester:v1.8.2,harvester/v1.8.2,golang.org/x/crypto,v0.47.0,gobinary,CVE-2026-46595,HIGH,https://avd.aquasec.com/nvd/cve-2026-46595,usr/bin/harvester,0.52.0,false,not_affected,vulnerable_code_not_in_execute_path
rancher/harvester:v1.8.2,harvester/v1.8.2,golang.org/x/crypto,v0.47.0,gobinary,CVE-2026-46597,HIGH,https://avd.aquasec.com/nvd/cve-2026-46597,usr/bin/harvester,0.52.0,false,not_affected,vulnerable_code_not_in_execute_path
rancher/harvester:v1.8.2,harvester/v1.8.2,golang.org/x/crypto,v0.47.0,gobinary,CVE-2026-46598,MEDIUM,https://avd.aquasec.com/nvd/cve-2026-46598,usr/bin/harvester,0.52.0,false,not_affected,vulnerable_code_not_present
rancher/harvester:v1.8.2,harvester/v1.8.2,golang.org/x/net,v0.49.0,gobinary,CVE-2026-46600,HIGH,https://avd.aquasec.com/nvd/cve-2026-46600,usr/bin/harvester,0.56.0,false,not_affected,vulnerable_code_not_present
rancher/harvester:v1.8.2,harvester/v1.8.2,github.com/kube-logging/logging-operator,v0.0.0-20250424202944-7e1f9aad6e21,gobinary,CVE-2026-54680,CRITICAL,https://avd.aquasec.com/nvd/cve-2026-54680,usr/bin/harvester,0.0.0-20260608145523-cf437d7f1e05,false,not_affected,vulnerable_code_not_in_execute_path
rancher/harvester:v1.8.2,harvester/v1.8.2,kubevirt.io/kubevirt,v1.7.0,gobinary,CVE-2026-6383,MEDIUM,https://avd.aquasec.com/nvd/cve-2026-6383,usr/bin/harvester,,false,not_affected,vulnerable_code_not_in_execute_path
rancher/harvester:v1.8.2,harvester/v1.8.2,kubevirt.io/kubevirt,v1.7.0,gobinary,CVE-2026-7374,CRITICAL,https://avd.aquasec.com/nvd/cve-2026-7374,usr/bin/harvester,"1.8.3, 1.7.4, 1.6.6",false,not_affected,vulnerable_code_not_in_execute_path
rancher/harvester:v1.8.2,harvester/v1.8.2,kubevirt.io/kubevirt,v1.7.0,gobinary,CVE-2026-9804,HIGH,https://avd.aquasec.com/nvd/cve-2026-9804,usr/bin/harvester,,false,not_affected,vulnerable_code_not_in_execute_path
rancher/harvester:v1.8.2,harvester/v1.8.2,google.golang.org/grpc,v1.75.1,gobinary,GHSA-hrxh-6v49-42gf,HIGH,https://github.com/advisories/GHSA-hrxh-6v49-42gf,usr/bin/harvester,1.82.1,false,affected,
rancher/klipper-helm:v0.13.3-build20260727,harvester/v1.8.2,golang.org/x/crypto,v0.51.0,gobinary,CVE-2026-39827,MEDIUM,https://avd.aquasec.com/nvd/cve-2026-39827,home/klipper-helm/.local/share/helm/plugins/helm-mapkubeapis/bin/mapkubeapis,0.52.0,false,not_affected,vulnerable_code_not_present
rancher/klipper-helm:v0.13.3-build20260727,harvester/v1.8.2,golang.org/x/crypto,v0.51.0,gobinary,CVE-2026-39828,HIGH,https://avd.aquasec.com/nvd/cve-2026-39828,home/klipper-helm/.local/share/helm/plugins/helm-mapkubeapis/bin/mapkubeapis,0.52.0,false,not_affected,vulnerable_code_not_present
rancher/klipper-helm:v0.13.3-build20260727,harvester/v1.8.2,golang.org/x/crypto,v0.51.0,gobinary,CVE-2026-39828,HIGH,https://avd.aquasec.com/nvd/cve-2026-39828,home/klipper-helm/.local/share/helm/plugins/helm-set-status/helm-set-status,0.52.0,false,not_affected,vulnerable_code_not_present
rancher/klipper-helm:v0.13.3-build20260727,harvester/v1.8.2,golang.org/x/crypto,v0.51.0,gobinary,CVE-2026-39828,HIGH,https://avd.aquasec.com/nvd/cve-2026-39828,usr/bin/helm,0.52.0,false,not_affected,vulnerable_code_not_present
rancher/klipper-helm:v0.13.3-build20260727,harvester/v1.8.2,golang.org/x/crypto,v0.51.0,gobinary,CVE-2026-39829,HIGH,https://avd.aquasec.com/nvd/cve-2026-39829,home/klipper-helm/.local/share/helm/plugins/helm-mapkubeapis/bin/mapkubeapis,0.52.0,false,not_affected,vulnerable_code_not_present
rancher/klipper-helm:v0.13.3-build20260727,harvester/v1.8.2,golang.org/x/crypto,v0.51.0,gobinary,CVE-2026-39829,HIGH,https://avd.aquasec.com/nvd/cve-2026-39829,home/klipper-helm/.local/share/helm/plugins/helm-set-status/helm-set-status,0.52.0,false,not_affected,vulnerable_code_not_present
rancher/klipper-helm:v0.13.3-build20260727,harvester/v1.8.2,golang.org/x/crypto,v0.51.0,gobinary,CVE-2026-39829,HIGH,https://avd.aquasec.com/nvd/cve-2026-39829,usr/bin/helm,0.52.0,false,not_affected,vulnerable_code_not_present
rancher/klipper-helm:v0.13.3-build20260727,harvester/v1.8.2,golang.org/x/crypto,v0.51.0,gobinary,CVE-2026-39830,HIGH,https://avd.aquasec.com/nvd/cve-2026-39830,home/klipper-helm/.local/share/helm/plugins/helm-mapkubeapis/bin/mapkubeapis,0.52.0,false,not_affected,vulnerable_code_not_present
rancher/klipper-helm:v0.13.3-build20260727,harvester/v1.8.2,golang.org/x/crypto,v0.51.0,gobinary,CVE-2026-39830,HIGH,https://avd.aquasec.com/nvd/cve-2026-39830,home/klipper-helm/.local/share/helm/plugins/helm-set-status/helm-set-status,0.52.0,false,not_affected,vulnerable_code_not_present
rancher/klipper-helm:v0.13.3-build20260727,harvester/v1.8.2,golang.org/x/crypto,v0.51.0,gobinary,CVE-2026-39830,HIGH,https://avd.aquasec.com/nvd/cve-2026-39830,usr/bin/helm,0.52.0,false,not_affected,vulnerable_code_not_present
rancher/klipper-helm:v0.13.3-build20260727,harvester/v1.8.2,golang.org/x/crypto,v0.51.0,gobinary,CVE-2026-39831,HIGH,https://avd.aquasec.com/nvd/cve-2026-39831,home/klipper-helm/.local/share/helm/plugins/helm-mapkubeapis/bin/mapkubeapis,0.52.0,false,not_affected,vulnerable_code_not_present
rancher/klipper-helm:v0.13.3-build20260727,harvester/v1.8.2,golang.org/x/crypto,v0.51.0,gobinary,CVE-2026-39831,HIGH,https://avd.aquasec.com/nvd/cve-2026-39831,home/klipper-helm/.local/share/helm/plugins/helm-set-status/helm-set-status,0.52.0,false,not_affected,vulnerable_code_not_present
rancher/klipper-helm:v0.13.3-build20260727,harvester/v1.8.2,golang.org/x/crypto,v0.51.0,gobinary,CVE-2026-39831,HIGH,https://avd.aquasec.com/nvd/cve-2026-39831,usr/bin/helm,0.52.0,false,not_affected,vulnerable_code_not_present
rancher/klipper-helm:v0.13.3-build20260727,harvester/v1.8.2,golang.org/x/crypto,v0.51.0,gobinary,CVE-2026-39832,HIGH,https://avd.aquasec.com/nvd/cve-2026-39832,home/klipper-helm/.local/share/helm/plugins/helm-mapkubeapis/bin/mapkubeapis,0.52.0,false,not_affected,vulnerable_code_not_present
rancher/klipper-helm:v0.13.3-build20260727,harvester/v1.8.2,golang.org/x/crypto,v0.51.0,gobinary,CVE-2026-39832,HIGH,https://avd.aquasec.com/nvd/cve-2026-39832,home/klipper-helm/.local/share/helm/plugins/helm-set-status/helm-set-status,0.52.0,false,not_affected,vulnerable_code_not_present
rancher/klipper-helm:v0.13.3-build20260727,harvester/v1.8.2,golang.org/x/crypto,v0.51.0,gobinary,CVE-2026-39832,HIGH,https://avd.aquasec.com/nvd/cve-2026-39832,usr/bin/helm,0.52.0,false,not_affected,vulnerable_code_not_present
rancher/klipper-helm:v0.13.3-build20260727,harvester/v1.8.2,golang.org/x/crypto,v0.51.0,gobinary,CVE-2026-39833,MEDIUM,https://avd.aquasec.com/nvd/cve-2026-39833,home/klipper-helm/.local/share/helm/plugins/helm-mapkubeapis/bin/mapkubeapis,0.52.0,false,not_affected,vulnerable_code_not_present
rancher/klipper-helm:v0.13.3-build20260727,harvester/v1.8.2,golang.org/x/crypto,v0.51.0,gobinary,CVE-2026-39833,MEDIUM,https://avd.aquasec.com/nvd/cve-2026-39833,home/klipper-helm/.local/share/helm/plugins/helm-set-status/helm-set-status,0.52.0,false,not_affected,vulnerable_code_not_present
rancher/klipper-helm:v0.13.3-build20260727,harvester/v1.8.2,golang.org/x/crypto,v0.51.0,gobinary,CVE-2026-39833,MEDIUM,https://avd.aquasec.com/nvd/cve-2026-39833,usr/bin/helm,0.52.0,false,not_affected,vulnerable_code_not_present
rancher/klipper-helm:v0.13.3-build20260727,harvester/v1.8.2,golang.org/x/crypto,v0.51.0,gobinary,CVE-2026-39834,MEDIUM,https://avd.aquasec.com/nvd/cve-2026-39834,home/klipper-helm/.local/share/helm/plugins/helm-mapkubeapis/bin/mapkubeapis,0.52.0,false,not_affected,vulnerable_code_not_present
rancher/klipper-helm:v0.13.3-build20260727,harvester/v1.8.2,golang.org/x/crypto,v0.51.0,gobinary,CVE-2026-39834,MEDIUM,https://avd.aquasec.com/nvd/cve-2026-39834,home/klipper-helm/.local/share/helm/plugins/helm-set-status/helm-set-status,0.52.0,false,not_affected,vulnerable_code_not_present
rancher/klipper-helm:v0.13.3-build20260727,harvester/v1.8.2,golang.org/x/crypto,v0.51.0,gobinary,CVE-2026-39834,MEDIUM,https://avd.aquasec.com/nvd/cve-2026-39834,usr/bin/helm,0.52.0,false,not_affected,vulnerable_code_not_present
rancher/klipper-helm:v0.13.3-build20260727,harvester/v1.8.2,golang.org/x/crypto,v0.51.0,gobinary,CVE-2026-39835,HIGH,https://avd.aquasec.com/nvd/cve-2026-39835,home/klipper-helm/.local/share/helm/plugins/helm-mapkubeapis/bin/mapkubeapis,0.52.0,false,not_affected,vulnerable_code_not_present
rancher/klipper-helm:v0.13.3-build20260727,harvester/v1.8.2,golang.org/x/crypto,v0.51.0,gobinary,CVE-2026-39835,HIGH,https://avd.aquasec.com/nvd/cve-2026-39835,home/klipper-helm/.local/share/helm/plugins/helm-set-status/helm-set-status,0.52.0,false,not_affected,vulnerable_code_not_present
rancher/klipper-helm:v0.13.3-build20260727,harvester/v1.8.2,golang.org/x/crypto,v0.51.0,gobinary,CVE-2026-39835,HIGH,https://avd.aquasec.com/nvd/cve-2026-39835,usr/bin/helm,0.52.0,false,not_affected,vulnerable_code_not_present
rancher/klipper-helm:v0.13.3-build20260727,harvester/v1.8.2,golang.org/x/crypto,v0.51.0,gobinary,CVE-2026-42508,HIGH,https://avd.aquasec.com/nvd/cve-2026-42508,home/klipper-helm/.local/share/helm/plugins/helm-mapkubeapis/bin/mapkubeapis,0.52.0,false,not_affected,vulnerable_code_not_present
rancher/klipper-helm:v0.13.3-build20260727,harvester/v1.8.2,golang.org/x/crypto,v0.51.0,gobinary,CVE-2026-42508,HIGH,https://avd.aquasec.com/nvd/cve-2026-42508,home/klipper-helm/.local/share/helm/plugins/helm-set-status/helm-set-status,0.52.0,false,not_affected,vulnerable_code_not_present
rancher/klipper-helm:v0.13.3-build20260727,harvester/v1.8.2,golang.org/x/crypto,v0.51.0,gobinary,CVE-2026-42508,HIGH,https://avd.aquasec.com/nvd/cve-2026-42508,usr/bin/helm,0.52.0,false,not_affected,vulnerable_code_not_present
rancher/klipper-helm:v0.13.3-build20260727,harvester/v1.8.2,golang.org/x/crypto,v0.51.0,gobinary,CVE-2026-46595,HIGH,https://avd.aquasec.com/nvd/cve-2026-46595,home/klipper-helm/.local/share/helm/plugins/helm-mapkubeapis/bin/mapkubeapis,0.52.0,false,not_affected,vulnerable_code_not_present
rancher/klipper-helm:v0.13.3-build20260727,harvester/v1.8.2,golang.org/x/crypto,v0.51.0,gobinary,CVE-2026-46595,HIGH,https://avd.aquasec.com/nvd/cve-2026-46595,home/klipper-helm/.local/share/helm/plugins/helm-set-status/helm-set-status,0.52.0,false,not_affected,vulnerable_code_not_present
rancher/klipper-helm:v0.13.3-build20260727,harvester/v1.8.2,golang.org/x/crypto,v0.51.0,gobinary,CVE-2026-46595,HIGH,https://avd.aquasec.com/nvd/cve-2026-46595,usr/bin/helm,0.52.0,false,not_affected,vulnerable_code_not_present
rancher/klipper-helm:v0.13.3-build20260727,harvester/v1.8.2,golang.org/x/crypto,v0.51.0,gobinary,CVE-2026-46597,HIGH,https://avd.aquasec.com/nvd/cve-2026-46597,home/klipper-helm/.local/share/helm/plugins/helm-mapkubeapis/bin/mapkubeapis,0.52.0,false,not_affected,vulnerable_code_not_present
rancher/klipper-helm:v0.13.3-build20260727,harvester/v1.8.2,golang.org/x/crypto,v0.51.0,gobinary,CVE-2026-46597,HIGH,https://avd.aquasec.com/nvd/cve-2026-46597,home/klipper-helm/.local/share/helm/plugins/helm-set-status/helm-set-status,0.52.0,false,not_affected,vulnerable_code_not_present
rancher/klipper-helm:v0.13.3-build20260727,harvester/v1.8.2,golang.org/x/crypto,v0.51.0,gobinary,CVE-2026-46597,HIGH,https://avd.aquasec.com/nvd/cve-2026-46597,usr/bin/helm,0.52.0,false,not_affected,vulnerable_code_not_present
rancher/klipper-helm:v0.13.3-build20260727,harvester/v1.8.2,golang.org/x/crypto,v0.51.0,gobinary,CVE-2026-46598,MEDIUM,https://avd.aquasec.com/nvd/cve-2026-46598,home/klipper-helm/.local/share/helm/plugins/helm-mapkubeapis/bin/mapkubeapis,0.52.0,false,not_affected,vulnerable_code_not_present
rancher/klipper-helm:v0.13.3-build20260727,harvester/v1.8.2,golang.org/x/crypto,v0.51.0,gobinary,CVE-2026-46598,MEDIUM,https://avd.aquasec.com/nvd/cve-2026-46598,home/klipper-helm/.local/share/helm/plugins/helm-set-status/helm-set-status,0.52.0,false,not_affected,vulnerable_code_not_present
rancher/klipper-helm:v0.13.3-build20260727,harvester/v1.8.2,golang.org/x/crypto,v0.51.0,gobinary,CVE-2026-46598,MEDIUM,https://avd.aquasec.com/nvd/cve-2026-46598,usr/bin/helm,0.52.0,false,not_affected,vulnerable_code_not_present
rancher/klipper-helm:v0.13.3-build20260727,harvester/v1.8.2,golang.org/x/net,v0.55.0,gobinary,CVE-2026-46600,HIGH,https://avd.aquasec.com/nvd/cve-2026-46600,home/klipper-helm/.local/share/helm/plugins/helm-mapkubeapis/bin/mapkubeapis,0.56.0,false,not_affected,vulnerable_code_not_present
rancher/klipper-helm:v0.13.3-build20260727,harvester/v1.8.2,oras.land/oras-go/v2,v2.6.0,gobinary,CVE-2026-50151,HIGH,https://avd.aquasec.com/nvd/cve-2026-50151,home/klipper-helm/.local/share/helm/plugins/helm-mapkubeapis/bin/mapkubeapis,2.6.1,false,not_affected,vulnerable_code_not_in_execute_path
rancher/klipper-helm:v0.13.3-build20260727,harvester/v1.8.2,oras.land/oras-go/v2,v2.6.0,gobinary,CVE-2026-50151,HIGH,https://avd.aquasec.com/nvd/cve-2026-50151,home/klipper-helm/.local/share/helm/plugins/helm-set-status/helm-set-status,2.6.1,false,not_affected,vulnerable_code_not_in_execute_path
rancher/klipper-helm:v0.13.3-build20260727,harvester/v1.8.2,oras.land/oras-go/v2,v2.6.0,gobinary,CVE-2026-50151,HIGH,https://avd.aquasec.com/nvd/cve-2026-50151,usr/bin/helm,2.6.1,false,not_affected,vulnerable_code_not_in_execute_path
rancher/klipper-helm:v0.13.3-build20260727,harvester/v1.8.2,oras.land/oras-go/v2,v2.6.0,gobinary,CVE-2026-50162,MEDIUM,https://avd.aquasec.com/nvd/cve-2026-50162,home/klipper-helm/.local/share/helm/plugins/helm-mapkubeapis/bin/mapkubeapis,2.6.1,false,not_affected,vulnerable_code_not_present
rancher/klipper-helm:v0.13.3-build20260727,harvester/v1.8.2,oras.land/oras-go/v2,v2.6.0,gobinary,CVE-2026-50162,MEDIUM,https://avd.aquasec.com/nvd/cve-2026-50162,home/klipper-helm/.local/share/helm/plugins/helm-set-status/helm-set-status,2.6.1,false,not_affected,vulnerable_code_not_present
rancher/klipper-helm:v0.13.3-build20260727,harvester/v1.8.2,oras.land/oras-go/v2,v2.6.0,gobinary,CVE-2026-50162,MEDIUM,https://avd.aquasec.com/nvd/cve-2026-50162,usr/bin/helm,2.6.1,false,not_affected,vulnerable_code_not_present
rancher/klipper-helm:v0.13.3-build20260727,harvester/v1.8.2,oras.land/oras-go/v2,v2.6.0,gobinary,CVE-2026-50163,HIGH,https://avd.aquasec.com/nvd/cve-2026-50163,home/klipper-helm/.local/share/helm/plugins/helm-mapkubeapis/bin/mapkubeapis,2.6.2,false,not_affected,vulnerable_code_not_present
rancher/klipper-helm:v0.13.3-build20260727,harvester/v1.8.2,oras.land/oras-go/v2,v2.6.0,gobinary,CVE-2026-50163,HIGH,https://avd.aquasec.com/nvd/cve-2026-50163,home/klipper-helm/.local/share/helm/plugins/helm-set-status/helm-set-status,2.6.2,false,not_affected,vulnerable_code_not_present
rancher/klipper-helm:v0.13.3-build20260727,harvester/v1.8.2,oras.land/oras-go/v2,v2.6.0,gobinary,CVE-2026-50163,HIGH,https://avd.aquasec.com/nvd/cve-2026-50163,usr/bin/helm,2.6.2,false,not_affected,vulnerable_code_not_present
rancher/klipper-helm:v0.13.3-build20260727,harvester/v1.8.2,golang.org/x/text,v0.37.0,gobinary,CVE-2026-56852,HIGH,https://avd.aquasec.com/nvd/cve-2026-56852,home/klipper-helm/.local/share/helm/plugins/helm-mapkubeapis/bin/mapkubeapis,0.39.0,false,not_affected,vulnerable_code_not_in_execute_path
rancher/klipper-helm:v0.13.3-build20260727,harvester/v1.8.2,oras.land/oras-go/v2,v2.6.0,gobinary,GHSA-vh4v-2xq2-g5cg,MEDIUM,https://github.com/advisories/GHSA-vh4v-2xq2-g5cg,home/klipper-helm/.local/share/helm/plugins/helm-mapkubeapis/bin/mapkubeapis,2.6.1,false,not_affected,vulnerable_code_not_in_execute_path
rancher/klipper-helm:v0.13.3-build20260727,harvester/v1.8.2,oras.land/oras-go/v2,v2.6.0,gobinary,GHSA-vh4v-2xq2-g5cg,MEDIUM,https://github.com/advisories/GHSA-vh4v-2xq2-g5cg,home/klipper-helm/.local/share/helm/plugins/helm-set-status/helm-set-status,2.6.1,false,not_affected,vulnerable_code_not_in_execute_path
rancher/klipper-helm:v0.13.3-build20260727,harvester/v1.8.2,oras.land/oras-go/v2,v2.6.0,gobinary,GHSA-vh4v-2xq2-g5cg,MEDIUM,https://github.com/advisories/GHSA-vh4v-2xq2-g5cg,usr/bin/helm,2.6.1,false,not_affected,vulnerable_code_not_in_execute_path
rancher/kube-webhook-certgen:v1.14.5-hardened2,harvester/v1.8.2,golang.org/x/net,v0.52.0,gobinary,CVE-2026-25680,HIGH,https://avd.aquasec.com/nvd/cve-2026-25680,kube-webhook-certgen,0.55.0,false,affected,severity_changed_due_to_suse_cvss_score
rancher/kube-webhook-certgen:v1.14.5-hardened2,harvester/v1.8.2,stdlib,v1.26.2,gobinary,CVE-2026-33811,HIGH,https://avd.aquasec.com/nvd/cve-2026-33811,kube-webhook-certgen,"1.25.10, 1.26.3",false,affected,
rancher/kube-webhook-certgen:v1.14.5-hardened2,harvester/v1.8.2,golang.org/x/net,v0.52.0,gobinary,CVE-2026-33814,HIGH,https://avd.aquasec.com/nvd/cve-2026-33814,kube-webhook-certgen,0.53.0,false,affected,
rancher/kube-webhook-certgen:v1.14.5-hardened2,harvester/v1.8.2,stdlib,v1.26.2,gobinary,CVE-2026-33814,HIGH,https://avd.aquasec.com/nvd/cve-2026-33814,kube-webhook-certgen,"1.25.10, 1.26.3",false,affected,
rancher/kube-webhook-certgen:v1.14.5-hardened2,harvester/v1.8.2,stdlib,v1.26.2,gobinary,CVE-2026-39820,HIGH,https://avd.aquasec.com/nvd/cve-2026-39820,kube-webhook-certgen,"1.25.10, 1.26.3",false,affected,
rancher/kube-webhook-certgen:v1.14.5-hardened2,harvester/v1.8.2,golang.org/x/net,v0.52.0,gobinary,CVE-2026-39821,HIGH,https://avd.aquasec.com/nvd/cve-2026-39821,kube-webhook-certgen,0.55.0,false,affected,
rancher/kube-webhook-certgen:v1.14.5-hardened2,harvester/v1.8.2,stdlib,v1.26.2,gobinary,CVE-2026-39822,HIGH,https://avd.aquasec.com/nvd/cve-2026-39822,kube-webhook-certgen,"1.25.12, 1.26.5, 1.27.0-rc.2",false,affected,
rancher/kube-webhook-certgen:v1.14.5-hardened2,harvester/v1.8.2,stdlib,v1.26.2,gobinary,CVE-2026-39836,HIGH,https://avd.aquasec.com/nvd/cve-2026-39836,kube-webhook-certgen,"1.25.10, 1.26.3",false,affected,
rancher/kube-webhook-certgen:v1.14.5-hardened2,harvester/v1.8.2,stdlib,v1.26.2,gobinary,CVE-2026-42499,HIGH,https://avd.aquasec.com/nvd/cve-2026-42499,kube-webhook-certgen,"1.25.10, 1.26.3",false,affected,
rancher/kubectl:v1.35.1,harvester/v1.8.2,stdlib,v1.25.6,gobinary,CVE-2025-68121,HIGH,https://avd.aquasec.com/nvd/cve-2025-68121,bin/kubectl,"1.24.13, 1.25.7, 1.26.0-rc.3",false,affected,severity_changed_due_to_suse_cvss_score
rancher/kubectl:v1.35.1,harvester/v1.8.2,golang.org/x/net,v0.47.0,gobinary,CVE-2026-25680,MEDIUM,https://avd.aquasec.com/nvd/cve-2026-25680,bin/kubectl,0.55.0,false,not_affected,vulnerable_code_not_present
rancher/kubectl:v1.35.1,harvester/v1.8.2,golang.org/x/net,v0.47.0,gobinary,CVE-2026-25681,HIGH,https://avd.aquasec.com/nvd/cve-2026-25681,bin/kubectl,0.55.0,false,not_affected,vulnerable_code_not_present
rancher/kubectl:v1.35.1,harvester/v1.8.2,golang.org/x/net,v0.47.0,gobinary,CVE-2026-27136,HIGH,https://avd.aquasec.com/nvd/cve-2026-27136,bin/kubectl,0.55.0,false,not_affected,vulnerable_code_not_present
rancher/kubectl:v1.35.1,harvester/v1.8.2,stdlib,v1.25.6,gobinary,CVE-2026-27142,MEDIUM,https://avd.aquasec.com/nvd/cve-2026-27142,bin/kubectl,"1.25.8, 1.26.1",false,not_affected,vulnerable_code_not_present
rancher/kubectl:v1.35.1,harvester/v1.8.2,go.opentelemetry.io/otel,v1.36.0,gobinary,CVE-2026-29181,HIGH,https://avd.aquasec.com/nvd/cve-2026-29181,bin/kubectl,1.41.0,false,not_affected,vulnerable_code_not_present
rancher/kubectl:v1.35.1,harvester/v1.8.2,stdlib,v1.25.6,gobinary,CVE-2026-32280,HIGH,https://avd.aquasec.com/nvd/cve-2026-32280,bin/kubectl,"1.25.9, 1.26.2",false,not_affected,vulnerable_code_not_in_execute_path
rancher/kubectl:v1.35.1,harvester/v1.8.2,stdlib,v1.25.6,gobinary,CVE-2026-32282,MEDIUM,https://avd.aquasec.com/nvd/cve-2026-32282,bin/kubectl,"1.25.9, 1.26.2",false,not_affected,vulnerable_code_not_in_execute_path
rancher/kubectl:v1.35.1,harvester/v1.8.2,stdlib,v1.25.6,gobinary,CVE-2026-32289,MEDIUM,https://avd.aquasec.com/nvd/cve-2026-32289,bin/kubectl,"1.25.9, 1.26.2",false,not_affected,vulnerable_code_not_present
rancher/kubectl:v1.35.1,harvester/v1.8.2,stdlib,v1.25.6,gobinary,CVE-2026-33811,HIGH,https://avd.aquasec.com/nvd/cve-2026-33811,bin/kubectl,"1.25.10, 1.26.3",false,not_affected,vulnerable_code_not_in_execute_path
rancher/kubectl:v1.35.1,harvester/v1.8.2,golang.org/x/net,v0.47.0,gobinary,CVE-2026-33814,HIGH,https://avd.aquasec.com/nvd/cve-2026-33814,bin/kubectl,0.53.0,false,affected,
rancher/kubectl:v1.35.1,harvester/v1.8.2,stdlib,v1.25.6,gobinary,CVE-2026-33814,HIGH,https://avd.aquasec.com/nvd/cve-2026-33814,bin/kubectl,"1.25.10, 1.26.3",false,affected,
rancher/kubectl:v1.35.1,harvester/v1.8.2,stdlib,v1.25.6,gobinary,CVE-2026-39820,HIGH,https://avd.aquasec.com/nvd/cve-2026-39820,bin/kubectl,"1.25.10, 1.26.3",false,not_affected,vulnerable_code_not_present
rancher/kubectl:v1.35.1,harvester/v1.8.2,golang.org/x/net,v0.47.0,gobinary,CVE-2026-39821,HIGH,https://avd.aquasec.com/nvd/cve-2026-39821,bin/kubectl,0.55.0,false,affected,
rancher/kubectl:v1.35.1,harvester/v1.8.2,stdlib,v1.25.6,gobinary,CVE-2026-39822,HIGH,https://avd.aquasec.com/nvd/cve-2026-39822,bin/kubectl,"1.25.12, 1.26.5, 1.27.0-rc.2",false,not_affected,vulnerable_code_not_in_execute_path
rancher/kubectl:v1.35.1,harvester/v1.8.2,stdlib,v1.25.6,gobinary,CVE-2026-39823,MEDIUM,https://avd.aquasec.com/nvd/cve-2026-39823,bin/kubectl,"1.25.10, 1.26.3",false,not_affected,vulnerable_code_not_present
rancher/kubectl:v1.35.1,harvester/v1.8.2,stdlib,v1.25.6,gobinary,CVE-2026-39826,MEDIUM,https://avd.aquasec.com/nvd/cve-2026-39826,bin/kubectl,"1.25.10, 1.26.3",false,not_affected,vulnerable_code_not_present
rancher/kubectl:v1.35.1,harvester/v1.8.2,stdlib,v1.25.6,gobinary,CVE-2026-39836,HIGH,https://avd.aquasec.com/nvd/cve-2026-39836,bin/kubectl,"1.25.10, 1.26.3",false,affected,
rancher/kubectl:v1.35.1,harvester/v1.8.2,stdlib,v1.25.6,gobinary,CVE-2026-42499,HIGH,https://avd.aquasec.com/nvd/cve-2026-42499,bin/kubectl,"1.25.10, 1.26.3",false,not_affected,vulnerable_code_not_present
rancher/kubectl:v1.35.1,harvester/v1.8.2,golang.org/x/net,v0.47.0,gobinary,CVE-2026-42502,MEDIUM,https://avd.aquasec.com/nvd/cve-2026-42502,bin/kubectl,0.55.0,false,not_affected,vulnerable_code_not_present
rancher/kubectl:v1.35.1,harvester/v1.8.2,golang.org/x/net,v0.47.0,gobinary,CVE-2026-42506,MEDIUM,https://avd.aquasec.com/nvd/cve-2026-42506,bin/kubectl,0.55.0,false,not_affected,vulnerable_code_not_present
rancher/kubectl:v1.35.1,harvester/v1.8.2,golang.org/x/net,v0.47.0,gobinary,CVE-2026-46600,HIGH,https://avd.aquasec.com/nvd/cve-2026-46600,bin/kubectl,0.56.0,false,not_affected,vulnerable_code_not_present
rancher/kuberlr-kubectl:v7.1.0,harvester/v1.8.2,golang.org/x/net,v0.38.0,gobinary,CVE-2025-47911,MEDIUM,https://avd.aquasec.com/nvd/cve-2025-47911,usr/bin/kubectl1.33.12,0.45.0,false,not_affected,vulnerable_code_not_present
rancher/kuberlr-kubectl:v7.1.0,harvester/v1.8.2,golang.org/x/net,v0.38.0,gobinary,CVE-2025-47911,MEDIUM,https://avd.aquasec.com/nvd/cve-2025-47911,usr/bin/kubectl1.34.8,0.45.0,false,not_affected,vulnerable_code_not_present
rancher/kuberlr-kubectl:v7.1.0,harvester/v1.8.2,golang.org/x/net,v0.38.0,gobinary,CVE-2025-58190,MEDIUM,https://avd.aquasec.com/nvd/cve-2025-58190,usr/bin/kubectl1.33.12,0.45.0,false,not_affected,vulnerable_code_not_present
rancher/kuberlr-kubectl:v7.1.0,harvester/v1.8.2,golang.org/x/net,v0.38.0,gobinary,CVE-2025-58190,MEDIUM,https://avd.aquasec.com/nvd/cve-2025-58190,usr/bin/kubectl1.34.8,0.45.0,false,not_affected,vulnerable_code_not_present
rancher/kuberlr-kubectl:v7.1.0,harvester/v1.8.2,golang.org/x/net,v0.38.0,gobinary,CVE-2026-25680,MEDIUM,https://avd.aquasec.com/nvd/cve-2026-25680,usr/bin/kubectl1.33.12,0.55.0,false,not_affected,vulnerable_code_not_present
rancher/kuberlr-kubectl:v7.1.0,harvester/v1.8.2,golang.org/x/net,v0.38.0,gobinary,CVE-2026-25680,MEDIUM,https://avd.aquasec.com/nvd/cve-2026-25680,usr/bin/kubectl1.34.8,0.55.0,false,not_affected,vulnerable_code_not_present
rancher/kuberlr-kubectl:v7.1.0,harvester/v1.8.2,golang.org/x/net,v0.47.0,gobinary,CVE-2026-25680,MEDIUM,https://avd.aquasec.com/nvd/cve-2026-25680,usr/bin/kubectl1.35.5,0.55.0,false,not_affected,vulnerable_code_not_present
rancher/kuberlr-kubectl:v7.1.0,harvester/v1.8.2,golang.org/x/net,v0.49.0,gobinary,CVE-2026-25680,MEDIUM,https://avd.aquasec.com/nvd/cve-2026-25680,usr/bin/kuberlr,0.55.0,false,not_affected,vulnerable_code_not_present
rancher/kuberlr-kubectl:v7.1.0,harvester/v1.8.2,golang.org/x/net,v0.38.0,gobinary,CVE-2026-25681,HIGH,https://avd.aquasec.com/nvd/cve-2026-25681,usr/bin/kubectl1.33.12,0.55.0,false,not_affected,vulnerable_code_not_present
rancher/kuberlr-kubectl:v7.1.0,harvester/v1.8.2,golang.org/x/net,v0.38.0,gobinary,CVE-2026-25681,HIGH,https://avd.aquasec.com/nvd/cve-2026-25681,usr/bin/kubectl1.34.8,0.55.0,false,not_affected,vulnerable_code_not_present
rancher/kuberlr-kubectl:v7.1.0,harvester/v1.8.2,golang.org/x/net,v0.47.0,gobinary,CVE-2026-25681,HIGH,https://avd.aquasec.com/nvd/cve-2026-25681,usr/bin/kubectl1.35.5,0.55.0,false,not_affected,vulnerable_code_not_present
rancher/kuberlr-kubectl:v7.1.0,harvester/v1.8.2,golang.org/x/net,v0.49.0,gobinary,CVE-2026-25681,HIGH,https://avd.aquasec.com/nvd/cve-2026-25681,usr/bin/kuberlr,0.55.0,false,not_affected,vulnerable_code_not_present
rancher/kuberlr-kubectl:v7.1.0,harvester/v1.8.2,golang.org/x/net,v0.38.0,gobinary,CVE-2026-27136,HIGH,https://avd.aquasec.com/nvd/cve-2026-27136,usr/bin/kubectl1.33.12,0.55.0,false,not_affected,vulnerable_code_not_present
rancher/kuberlr-kubectl:v7.1.0,harvester/v1.8.2,golang.org/x/net,v0.38.0,gobinary,CVE-2026-27136,HIGH,https://avd.aquasec.com/nvd/cve-2026-27136,usr/bin/kubectl1.34.8,0.55.0,false,not_affected,vulnerable_code_not_present
rancher/kuberlr-kubectl:v7.1.0,harvester/v1.8.2,golang.org/x/net,v0.47.0,gobinary,CVE-2026-27136,HIGH,https://avd.aquasec.com/nvd/cve-2026-27136,usr/bin/kubectl1.35.5,0.55.0,false,not_affected,vulnerable_code_not_present
rancher/kuberlr-kubectl:v7.1.0,harvester/v1.8.2,golang.org/x/net,v0.49.0,gobinary,CVE-2026-27136,HIGH,https://avd.aquasec.com/nvd/cve-2026-27136,usr/bin/kuberlr,0.55.0,false,not_affected,vulnerable_code_not_present
rancher/kuberlr-kubectl:v7.1.0,harvester/v1.8.2,stdlib,v1.25.9,gobinary,CVE-2026-33811,HIGH,https://avd.aquasec.com/nvd/cve-2026-33811,usr/bin/kubectl1.33.12,"1.25.10, 1.26.3",false,not_affected,vulnerable_code_not_in_execute_path
rancher/kuberlr-kubectl:v7.1.0,harvester/v1.8.2,stdlib,v1.25.9,gobinary,CVE-2026-33811,HIGH,https://avd.aquasec.com/nvd/cve-2026-33811,usr/bin/kubectl1.34.8,"1.25.10, 1.26.3",false,not_affected,vulnerable_code_not_in_execute_path
rancher/kuberlr-kubectl:v7.1.0,harvester/v1.8.2,stdlib,v1.25.9,gobinary,CVE-2026-33811,HIGH,https://avd.aquasec.com/nvd/cve-2026-33811,usr/bin/kubectl1.35.5,"1.25.10, 1.26.3",false,not_affected,vulnerable_code_not_in_execute_path
rancher/kuberlr-kubectl:v7.1.0,harvester/v1.8.2,golang.org/x/net,v0.38.0,gobinary,CVE-2026-33814,HIGH,https://avd.aquasec.com/nvd/cve-2026-33814,usr/bin/kubectl1.33.12,0.53.0,false,affected,
rancher/kuberlr-kubectl:v7.1.0,harvester/v1.8.2,golang.org/x/net,v0.38.0,gobinary,CVE-2026-33814,HIGH,https://avd.aquasec.com/nvd/cve-2026-33814,usr/bin/kubectl1.34.8,0.53.0,false,affected,
rancher/kuberlr-kubectl:v7.1.0,harvester/v1.8.2,golang.org/x/net,v0.47.0,gobinary,CVE-2026-33814,HIGH,https://avd.aquasec.com/nvd/cve-2026-33814,usr/bin/kubectl1.35.5,0.53.0,false,affected,
rancher/kuberlr-kubectl:v7.1.0,harvester/v1.8.2,golang.org/x/net,v0.49.0,gobinary,CVE-2026-33814,HIGH,https://avd.aquasec.com/nvd/cve-2026-33814,usr/bin/kuberlr,0.53.0,false,affected,
rancher/kuberlr-kubectl:v7.1.0,harvester/v1.8.2,stdlib,v1.25.9,gobinary,CVE-2026-33814,HIGH,https://avd.aquasec.com/nvd/cve-2026-33814,usr/bin/kubectl1.33.12,"1.25.10, 1.26.3",false,not_affected,vulnerable_code_not_in_execute_path
rancher/kuberlr-kubectl:v7.1.0,harvester/v1.8.2,stdlib,v1.25.9,gobinary,CVE-2026-33814,HIGH,https://avd.aquasec.com/nvd/cve-2026-33814,usr/bin/kubectl1.34.8,"1.25.10, 1.26.3",false,not_affected,vulnerable_code_not_in_execute_path
rancher/kuberlr-kubectl:v7.1.0,harvester/v1.8.2,stdlib,v1.25.9,gobinary,CVE-2026-33814,HIGH,https://avd.aquasec.com/nvd/cve-2026-33814,usr/bin/kubectl1.35.5,"1.25.10, 1.26.3",false,not_affected,vulnerable_code_not_in_execute_path
rancher/kuberlr-kubectl:v7.1.0,harvester/v1.8.2,stdlib,v1.25.9,gobinary,CVE-2026-39820,HIGH,https://avd.aquasec.com/nvd/cve-2026-39820,usr/bin/kubectl1.33.12,"1.25.10, 1.26.3",false,not_affected,vulnerable_code_not_present
rancher/kuberlr-kubectl:v7.1.0,harvester/v1.8.2,stdlib,v1.25.9,gobinary,CVE-2026-39820,HIGH,https://avd.aquasec.com/nvd/cve-2026-39820,usr/bin/kubectl1.34.8,"1.25.10, 1.26.3",false,not_affected,vulnerable_code_not_present
rancher/kuberlr-kubectl:v7.1.0,harvester/v1.8.2,stdlib,v1.25.9,gobinary,CVE-2026-39820,HIGH,https://avd.aquasec.com/nvd/cve-2026-39820,usr/bin/kubectl1.35.5,"1.25.10, 1.26.3",false,not_affected,vulnerable_code_not_present
rancher/kuberlr-kubectl:v7.1.0,harvester/v1.8.2,golang.org/x/net,v0.38.0,gobinary,CVE-2026-39821,HIGH,https://avd.aquasec.com/nvd/cve-2026-39821,usr/bin/kubectl1.33.12,0.55.0,false,affected,
rancher/kuberlr-kubectl:v7.1.0,harvester/v1.8.2,golang.org/x/net,v0.38.0,gobinary,CVE-2026-39821,HIGH,https://avd.aquasec.com/nvd/cve-2026-39821,usr/bin/kubectl1.34.8,0.55.0,false,affected,
rancher/kuberlr-kubectl:v7.1.0,harvester/v1.8.2,golang.org/x/net,v0.47.0,gobinary,CVE-2026-39821,HIGH,https://avd.aquasec.com/nvd/cve-2026-39821,usr/bin/kubectl1.35.5,0.55.0,false,affected,
rancher/kuberlr-kubectl:v7.1.0,harvester/v1.8.2,golang.org/x/net,v0.49.0,gobinary,CVE-2026-39821,HIGH,https://avd.aquasec.com/nvd/cve-2026-39821,usr/bin/kuberlr,0.55.0,false,affected,
rancher/kuberlr-kubectl:v7.1.0,harvester/v1.8.2,stdlib,v1.25.9,gobinary,CVE-2026-39822,HIGH,https://avd.aquasec.com/nvd/cve-2026-39822,usr/bin/kubectl1.33.12,"1.25.12, 1.26.5, 1.27.0-rc.2",false,not_affected,vulnerable_code_not_in_execute_path
rancher/kuberlr-kubectl:v7.1.0,harvester/v1.8.2,stdlib,v1.25.9,gobinary,CVE-2026-39822,HIGH,https://avd.aquasec.com/nvd/cve-2026-39822,usr/bin/kubectl1.34.8,"1.25.12, 1.26.5, 1.27.0-rc.2",false,not_affected,vulnerable_code_not_in_execute_path
rancher/kuberlr-kubectl:v7.1.0,harvester/v1.8.2,stdlib,v1.25.9,gobinary,CVE-2026-39822,HIGH,https://avd.aquasec.com/nvd/cve-2026-39822,usr/bin/kubectl1.35.5,"1.25.12, 1.26.5, 1.27.0-rc.2",false,not_affected,vulnerable_code_not_in_execute_path
rancher/kuberlr-kubectl:v7.1.0,harvester/v1.8.2,stdlib,v1.26.4,gobinary,CVE-2026-39822,HIGH,https://avd.aquasec.com/nvd/cve-2026-39822,usr/bin/kuberlr,"1.25.12, 1.26.5, 1.27.0-rc.2",false,not_affected,vulnerable_code_not_in_execute_path
rancher/kuberlr-kubectl:v7.1.0,harvester/v1.8.2,stdlib,v1.25.9,gobinary,CVE-2026-39823,MEDIUM,https://avd.aquasec.com/nvd/cve-2026-39823,usr/bin/kubectl1.33.12,"1.25.10, 1.26.3",false,not_affected,vulnerable_code_not_present
rancher/kuberlr-kubectl:v7.1.0,harvester/v1.8.2,stdlib,v1.25.9,gobinary,CVE-2026-39823,MEDIUM,https://avd.aquasec.com/nvd/cve-2026-39823,usr/bin/kubectl1.34.8,"1.25.10, 1.26.3",false,not_affected,vulnerable_code_not_present
rancher/kuberlr-kubectl:v7.1.0,harvester/v1.8.2,stdlib,v1.25.9,gobinary,CVE-2026-39823,MEDIUM,https://avd.aquasec.com/nvd/cve-2026-39823,usr/bin/kubectl1.35.5,"1.25.10, 1.26.3",false,not_affected,vulnerable_code_not_present
rancher/kuberlr-kubectl:v7.1.0,harvester/v1.8.2,stdlib,v1.25.9,gobinary,CVE-2026-39825,MEDIUM,https://avd.aquasec.com/nvd/cve-2026-39825,usr/bin/kubectl1.33.12,"1.25.10, 1.26.3",false,not_affected,vulnerable_code_not_in_execute_path
rancher/kuberlr-kubectl:v7.1.0,harvester/v1.8.2,stdlib,v1.25.9,gobinary,CVE-2026-39825,MEDIUM,https://avd.aquasec.com/nvd/cve-2026-39825,usr/bin/kubectl1.34.8,"1.25.10, 1.26.3",false,not_affected,vulnerable_code_not_in_execute_path
rancher/kuberlr-kubectl:v7.1.0,harvester/v1.8.2,stdlib,v1.25.9,gobinary,CVE-2026-39825,MEDIUM,https://avd.aquasec.com/nvd/cve-2026-39825,usr/bin/kubectl1.35.5,"1.25.10, 1.26.3",false,not_affected,vulnerable_code_not_in_execute_path
rancher/kuberlr-kubectl:v7.1.0,harvester/v1.8.2,stdlib,v1.25.9,gobinary,CVE-2026-39826,MEDIUM,https://avd.aquasec.com/nvd/cve-2026-39826,usr/bin/kubectl1.33.12,"1.25.10, 1.26.3",false,not_affected,vulnerable_code_not_present
rancher/kuberlr-kubectl:v7.1.0,harvester/v1.8.2,stdlib,v1.25.9,gobinary,CVE-2026-39826,MEDIUM,https://avd.aquasec.com/nvd/cve-2026-39826,usr/bin/kubectl1.34.8,"1.25.10, 1.26.3",false,not_affected,vulnerable_code_not_present
rancher/kuberlr-kubectl:v7.1.0,harvester/v1.8.2,stdlib,v1.25.9,gobinary,CVE-2026-39826,MEDIUM,https://avd.aquasec.com/nvd/cve-2026-39826,usr/bin/kubectl1.35.5,"1.25.10, 1.26.3",false,not_affected,vulnerable_code_not_present
rancher/kuberlr-kubectl:v7.1.0,harvester/v1.8.2,stdlib,v1.25.9,gobinary,CVE-2026-39836,HIGH,https://avd.aquasec.com/nvd/cve-2026-39836,usr/bin/kubectl1.33.12,"1.25.10, 1.26.3",false,not_affected,vulnerable_code_not_in_execute_path
rancher/kuberlr-kubectl:v7.1.0,harvester/v1.8.2,stdlib,v1.25.9,gobinary,CVE-2026-39836,HIGH,https://avd.aquasec.com/nvd/cve-2026-39836,usr/bin/kubectl1.34.8,"1.25.10, 1.26.3",false,not_affected,vulnerable_code_not_in_execute_path
rancher/kuberlr-kubectl:v7.1.0,harvester/v1.8.2,stdlib,v1.25.9,gobinary,CVE-2026-39836,HIGH,https://avd.aquasec.com/nvd/cve-2026-39836,usr/bin/kubectl1.35.5,"1.25.10, 1.26.3",false,not_affected,vulnerable_code_not_in_execute_path
rancher/kuberlr-kubectl:v7.1.0,harvester/v1.8.2,stdlib,v1.25.9,gobinary,CVE-2026-42499,HIGH,https://avd.aquasec.com/nvd/cve-2026-42499,usr/bin/kubectl1.33.12,"1.25.10, 1.26.3",false,not_affected,vulnerable_code_not_present
rancher/kuberlr-kubectl:v7.1.0,harvester/v1.8.2,stdlib,v1.25.9,gobinary,CVE-2026-42499,HIGH,https://avd.aquasec.com/nvd/cve-2026-42499,usr/bin/kubectl1.34.8,"1.25.10, 1.26.3",false,not_affected,vulnerable_code_not_present
rancher/kuberlr-kubectl:v7.1.0,harvester/v1.8.2,stdlib,v1.25.9,gobinary,CVE-2026-42499,HIGH,https://avd.aquasec.com/nvd/cve-2026-42499,usr/bin/kubectl1.35.5,"1.25.10, 1.26.3",false,not_affected,vulnerable_code_not_present
rancher/kuberlr-kubectl:v7.1.0,harvester/v1.8.2,golang.org/x/net,v0.38.0,gobinary,CVE-2026-42502,MEDIUM,https://avd.aquasec.com/nvd/cve-2026-42502,usr/bin/kubectl1.33.12,0.55.0,false,not_affected,vulnerable_code_not_present
rancher/kuberlr-kubectl:v7.1.0,harvester/v1.8.2,golang.org/x/net,v0.38.0,gobinary,CVE-2026-42502,MEDIUM,https://avd.aquasec.com/nvd/cve-2026-42502,usr/bin/kubectl1.34.8,0.55.0,false,not_affected,vulnerable_code_not_present
rancher/kuberlr-kubectl:v7.1.0,harvester/v1.8.2,golang.org/x/net,v0.47.0,gobinary,CVE-2026-42502,MEDIUM,https://avd.aquasec.com/nvd/cve-2026-42502,usr/bin/kubectl1.35.5,0.55.0,false,not_affected,vulnerable_code_not_present
rancher/kuberlr-kubectl:v7.1.0,harvester/v1.8.2,golang.org/x/net,v0.49.0,gobinary,CVE-2026-42502,MEDIUM,https://avd.aquasec.com/nvd/cve-2026-42502,usr/bin/kuberlr,0.55.0,false,not_affected,vulnerable_code_not_present
rancher/kuberlr-kubectl:v7.1.0,harvester/v1.8.2,stdlib,v1.25.9,gobinary,CVE-2026-42504,HIGH,https://avd.aquasec.com/nvd/cve-2026-42504,usr/bin/kubectl1.33.12,"1.25.11, 1.26.4",false,not_affected,vulnerable_code_not_in_execute_path
rancher/kuberlr-kubectl:v7.1.0,harvester/v1.8.2,stdlib,v1.25.9,gobinary,CVE-2026-42504,HIGH,https://avd.aquasec.com/nvd/cve-2026-42504,usr/bin/kubectl1.34.8,"1.25.11, 1.26.4",false,not_affected,vulnerable_code_not_in_execute_path
rancher/kuberlr-kubectl:v7.1.0,harvester/v1.8.2,stdlib,v1.25.9,gobinary,CVE-2026-42504,HIGH,https://avd.aquasec.com/nvd/cve-2026-42504,usr/bin/kubectl1.35.5,"1.25.11, 1.26.4",false,not_affected,vulnerable_code_not_in_execute_path
rancher/kuberlr-kubectl:v7.1.0,harvester/v1.8.2,stdlib,v1.26.4,gobinary,CVE-2026-42505,MEDIUM,https://avd.aquasec.com/nvd/cve-2026-42505,usr/bin/kuberlr,"1.25.12, 1.26.5, 1.27.0-rc.2",false,not_affected,vulnerable_code_cannot_be_controlled_by_adversary
rancher/kuberlr-kubectl:v7.1.0,harvester/v1.8.2,golang.org/x/net,v0.38.0,gobinary,CVE-2026-42506,MEDIUM,https://avd.aquasec.com/nvd/cve-2026-42506,usr/bin/kubectl1.33.12,0.55.0,false,not_affected,vulnerable_code_not_present
rancher/kuberlr-kubectl:v7.1.0,harvester/v1.8.2,golang.org/x/net,v0.38.0,gobinary,CVE-2026-42506,MEDIUM,https://avd.aquasec.com/nvd/cve-2026-42506,usr/bin/kubectl1.34.8,0.55.0,false,not_affected,vulnerable_code_not_present
rancher/kuberlr-kubectl:v7.1.0,harvester/v1.8.2,golang.org/x/net,v0.47.0,gobinary,CVE-2026-42506,MEDIUM,https://avd.aquasec.com/nvd/cve-2026-42506,usr/bin/kubectl1.35.5,0.55.0,false,not_affected,vulnerable_code_not_present
rancher/kuberlr-kubectl:v7.1.0,harvester/v1.8.2,golang.org/x/net,v0.49.0,gobinary,CVE-2026-42506,MEDIUM,https://avd.aquasec.com/nvd/cve-2026-42506,usr/bin/kuberlr,0.55.0,false,not_affected,vulnerable_code_not_present
rancher/kuberlr-kubectl:v7.1.0,harvester/v1.8.2,golang.org/x/net,v0.38.0,gobinary,CVE-2026-46600,HIGH,https://avd.aquasec.com/nvd/cve-2026-46600,usr/bin/kubectl1.33.12,0.56.0,false,not_affected,vulnerable_code_not_present
rancher/kuberlr-kubectl:v7.1.0,harvester/v1.8.2,golang.org/x/net,v0.38.0,gobinary,CVE-2026-46600,HIGH,https://avd.aquasec.com/nvd/cve-2026-46600,usr/bin/kubectl1.34.8,0.56.0,false,not_affected,vulnerable_code_not_present
rancher/kuberlr-kubectl:v7.1.0,harvester/v1.8.2,golang.org/x/net,v0.47.0,gobinary,CVE-2026-46600,HIGH,https://avd.aquasec.com/nvd/cve-2026-46600,usr/bin/kubectl1.35.5,0.56.0,false,not_affected,vulnerable_code_not_present
rancher/kuberlr-kubectl:v7.1.0,harvester/v1.8.2,golang.org/x/net,v0.49.0,gobinary,CVE-2026-46600,HIGH,https://avd.aquasec.com/nvd/cve-2026-46600,usr/bin/kuberlr,0.56.0,false,not_affected,vulnerable_code_not_present
rancher/kuberlr-kubectl:v7.1.0,harvester/v1.8.2,golang.org/x/text,v0.23.0,gobinary,CVE-2026-56852,HIGH,https://avd.aquasec.com/nvd/cve-2026-56852,usr/bin/kubectl1.33.12,0.39.0,false,not_affected,vulnerable_code_not_in_execute_path
rancher/kuberlr-kubectl:v7.1.0,harvester/v1.8.2,golang.org/x/text,v0.23.0,gobinary,CVE-2026-56852,HIGH,https://avd.aquasec.com/nvd/cve-2026-56852,usr/bin/kubectl1.34.8,0.39.0,false,not_affected,vulnerable_code_not_in_execute_path
rancher/kuberlr-kubectl:v7.1.0,harvester/v1.8.2,golang.org/x/text,v0.33.0,gobinary,CVE-2026-56852,HIGH,https://avd.aquasec.com/nvd/cve-2026-56852,usr/bin/kuberlr,0.39.0,false,not_affected,vulnerable_code_not_in_execute_path
rancher/kuberlr-kubectl:v7.1.0,harvester/v1.8.2,busybox,1.37.0-160000.5.1,sles,SUSE-SU-2026:22020-1,HIGH,,rancher/kuberlr-kubectl:v7.1.0 (sles 16.0),1.37.0-160000.6.1,false,not_affected,vulnerable_code_not_in_execute_path
rancher/kuberlr-kubectl:v7.1.0,harvester/v1.8.2,libncurses6,6.5.20250531-160000.2.2,sles,SUSE-SU-2026:22294-1,MEDIUM,,rancher/kuberlr-kubectl:v7.1.0 (sles 16.0),6.5.20250531-160000.3.1,false,not_affected,vulnerable_code_not_in_execute_path
rancher/kuberlr-kubectl:v7.1.0,harvester/v1.8.2,terminfo-base,6.5.20250531-160000.2.2,sles,SUSE-SU-2026:22294-1,MEDIUM,,rancher/kuberlr-kubectl:v7.1.0 (sles 16.0),6.5.20250531-160000.3.1,false,not_affected,vulnerable_code_not_in_execute_path
rancher/mirrored-fluent-fluent-bit:3.1.8,harvester/v1.8.2,libldap-2.5-0,2.5.13+dfsg-5,debian,CVE-2023-2953,HIGH,https://avd.aquasec.com/nvd/cve-2023-2953,rancher/mirrored-fluent-fluent-bit:3.1.8 (debian 12.7),,true,affected,
rancher/mirrored-fluent-fluent-bit:3.1.8,harvester/v1.8.2,zlib1g,1:1.2.13.dfsg-1,debian,CVE-2023-45853,CRITICAL,https://avd.aquasec.com/nvd/cve-2023-45853,rancher/mirrored-fluent-fluent-bit:3.1.8 (debian 12.7),,true,affected,
rancher/mirrored-fluent-fluent-bit:3.1.8,harvester/v1.8.2,libpq5,15.8-0+deb12u1,debian,CVE-2024-10979,HIGH,https://avd.aquasec.com/nvd/cve-2024-10979,rancher/mirrored-fluent-fluent-bit:3.1.8 (debian 12.7),15.9-0+deb12u1,true,affected,
rancher/mirrored-fluent-fluent-bit:3.1.8,harvester/v1.8.2,libpq5,15.8-0+deb12u1,debian,CVE-2025-1094,HIGH,https://avd.aquasec.com/nvd/cve-2025-1094,rancher/mirrored-fluent-fluent-bit:3.1.8 (debian 12.7),15.11-0+deb12u1,true,affected,
rancher/mirrored-fluent-fluent-bit:3.1.8,harvester/v1.8.2,libssl3,3.0.14-1~deb12u2,debian,CVE-2025-15467,HIGH,https://avd.aquasec.com/nvd/cve-2025-15467,rancher/mirrored-fluent-fluent-bit:3.1.8 (debian 12.7),3.0.18-1~deb12u2,true,affected,
rancher/mirrored-fluent-fluent-bit:3.1.8,harvester/v1.8.2,liblzma5,5.4.1-0.2,debian,CVE-2025-31115,HIGH,https://avd.aquasec.com/nvd/cve-2025-31115,rancher/mirrored-fluent-fluent-bit:3.1.8 (debian 12.7),5.4.1-1,true,affected,
rancher/mirrored-fluent-fluent-bit:3.1.8,harvester/v1.8.2,libgnutls30,3.7.9-2+deb12u3,debian,CVE-2025-32988,HIGH,https://avd.aquasec.com/nvd/cve-2025-32988,rancher/mirrored-fluent-fluent-bit:3.1.8 (debian 12.7),3.7.9-2+deb12u5,true,affected,
rancher/mirrored-fluent-fluent-bit:3.1.8,harvester/v1.8.2,libgnutls30,3.7.9-2+deb12u3,debian,CVE-2025-32990,HIGH,https://avd.aquasec.com/nvd/cve-2025-32990,rancher/mirrored-fluent-fluent-bit:3.1.8 (debian 12.7),3.7.9-2+deb12u5,true,affected,
rancher/mirrored-fluent-fluent-bit:3.1.8,harvester/v1.8.2,libssl3,3.0.14-1~deb12u2,debian,CVE-2025-69421,HIGH,https://avd.aquasec.com/nvd/cve-2025-69421,rancher/mirrored-fluent-fluent-bit:3.1.8 (debian 12.7),3.0.18-1~deb12u2,true,affected,
rancher/mirrored-fluent-fluent-bit:3.1.8,harvester/v1.8.2,libpq5,15.8-0+deb12u1,debian,CVE-2025-8714,HIGH,https://avd.aquasec.com/nvd/cve-2025-8714,rancher/mirrored-fluent-fluent-bit:3.1.8 (debian 12.7),15.14-0+deb12u1,true,affected,
rancher/mirrored-fluent-fluent-bit:3.1.8,harvester/v1.8.2,libpq5,15.8-0+deb12u1,debian,CVE-2025-8715,HIGH,https://avd.aquasec.com/nvd/cve-2025-8715,rancher/mirrored-fluent-fluent-bit:3.1.8 (debian 12.7),15.14-0+deb12u1,true,affected,
rancher/mirrored-fluent-fluent-bit:3.1.8,harvester/v1.8.2,libpq5,15.8-0+deb12u1,debian,CVE-2026-2004,HIGH,https://avd.aquasec.com/nvd/cve-2026-2004,rancher/mirrored-fluent-fluent-bit:3.1.8 (debian 12.7),15.16-0+deb12u1,true,affected,
rancher/mirrored-fluent-fluent-bit:3.1.8,harvester/v1.8.2,libpq5,15.8-0+deb12u1,debian,CVE-2026-2005,HIGH,https://avd.aquasec.com/nvd/cve-2026-2005,rancher/mirrored-fluent-fluent-bit:3.1.8 (debian 12.7),15.16-0+deb12u1,true,affected,
rancher/mirrored-fluent-fluent-bit:3.1.8,harvester/v1.8.2,libpq5,15.8-0+deb12u1,debian,CVE-2026-2006,HIGH,https://avd.aquasec.com/nvd/cve-2026-2006,rancher/mirrored-fluent-fluent-bit:3.1.8 (debian 12.7),15.16-0+deb12u1,true,affected,
rancher/mirrored-fluent-fluent-bit:3.1.8,harvester/v1.8.2,libssl3,3.0.14-1~deb12u2,debian,CVE-2026-28387,HIGH,https://avd.aquasec.com/nvd/cve-2026-28387,rancher/mirrored-fluent-fluent-bit:3.1.8 (debian 12.7),3.0.19-1~deb12u2,true,affected,
rancher/mirrored-fluent-fluent-bit:3.1.8,harvester/v1.8.2,libssl3,3.0.14-1~deb12u2,debian,CVE-2026-28388,HIGH,https://avd.aquasec.com/nvd/cve-2026-28388,rancher/mirrored-fluent-fluent-bit:3.1.8 (debian 12.7),3.0.19-1~deb12u2,true,affected,
rancher/mirrored-fluent-fluent-bit:3.1.8,harvester/v1.8.2,libssl3,3.0.14-1~deb12u2,debian,CVE-2026-28389,HIGH,https://avd.aquasec.com/nvd/cve-2026-28389,rancher/mirrored-fluent-fluent-bit:3.1.8 (debian 12.7),3.0.19-1~deb12u2,true,affected,
rancher/mirrored-fluent-fluent-bit:3.1.8,harvester/v1.8.2,libssl3,3.0.14-1~deb12u2,debian,CVE-2026-28390,HIGH,https://avd.aquasec.com/nvd/cve-2026-28390,rancher/mirrored-fluent-fluent-bit:3.1.8 (debian 12.7),3.0.19-1~deb12u2,true,affected,
rancher/mirrored-fluent-fluent-bit:3.1.8,harvester/v1.8.2,libssl3,3.0.14-1~deb12u2,debian,CVE-2026-31789,CRITICAL,https://avd.aquasec.com/nvd/cve-2026-31789,rancher/mirrored-fluent-fluent-bit:3.1.8 (debian 12.7),3.0.19-1~deb12u2,true,affected,
rancher/mirrored-fluent-fluent-bit:3.1.8,harvester/v1.8.2,libgnutls30,3.7.9-2+deb12u3,debian,CVE-2026-33845,CRITICAL,https://avd.aquasec.com/nvd/cve-2026-33845,rancher/mirrored-fluent-fluent-bit:3.1.8 (debian 12.7),3.7.9-2+deb12u7,true,affected,
rancher/mirrored-fluent-fluent-bit:3.1.8,harvester/v1.8.2,libgnutls30,3.7.9-2+deb12u3,debian,CVE-2026-33846,HIGH,https://avd.aquasec.com/nvd/cve-2026-33846,rancher/mirrored-fluent-fluent-bit:3.1.8 (debian 12.7),3.7.9-2+deb12u7,true,affected,
rancher/mirrored-fluent-fluent-bit:3.1.8,harvester/v1.8.2,libgnutls30,3.7.9-2+deb12u3,debian,CVE-2026-3833,HIGH,https://avd.aquasec.com/nvd/cve-2026-3833,rancher/mirrored-fluent-fluent-bit:3.1.8 (debian 12.7),3.7.9-2+deb12u7,true,affected,
rancher/mirrored-fluent-fluent-bit:3.1.8,harvester/v1.8.2,libgssapi-krb5-2,1.20.1-2+deb12u2,debian,CVE-2026-40355,HIGH,https://avd.aquasec.com/nvd/cve-2026-40355,rancher/mirrored-fluent-fluent-bit:3.1.8 (debian 12.7),1.20.1-2+deb12u5,true,affected,
rancher/mirrored-fluent-fluent-bit:3.1.8,harvester/v1.8.2,libk5crypto3,1.20.1-2+deb12u2,debian,CVE-2026-40355,HIGH,https://avd.aquasec.com/nvd/cve-2026-40355,rancher/mirrored-fluent-fluent-bit:3.1.8 (debian 12.7),1.20.1-2+deb12u5,true,affected,
rancher/mirrored-fluent-fluent-bit:3.1.8,harvester/v1.8.2,libkrb5-3,1.20.1-2+deb12u2,debian,CVE-2026-40355,HIGH,https://avd.aquasec.com/nvd/cve-2026-40355,rancher/mirrored-fluent-fluent-bit:3.1.8 (debian 12.7),1.20.1-2+deb12u5,true,affected,
rancher/mirrored-fluent-fluent-bit:3.1.8,harvester/v1.8.2,libkrb5support0,1.20.1-2+deb12u2,debian,CVE-2026-40355,HIGH,https://avd.aquasec.com/nvd/cve-2026-40355,rancher/mirrored-fluent-fluent-bit:3.1.8 (debian 12.7),1.20.1-2+deb12u5,true,affected,
rancher/mirrored-fluent-fluent-bit:3.1.8,harvester/v1.8.2,libgssapi-krb5-2,1.20.1-2+deb12u2,debian,CVE-2026-40356,HIGH,https://avd.aquasec.com/nvd/cve-2026-40356,rancher/mirrored-fluent-fluent-bit:3.1.8 (debian 12.7),1.20.1-2+deb12u5,true,affected,
rancher/mirrored-fluent-fluent-bit:3.1.8,harvester/v1.8.2,libk5crypto3,1.20.1-2+deb12u2,debian,CVE-2026-40356,HIGH,https://avd.aquasec.com/nvd/cve-2026-40356,rancher/mirrored-fluent-fluent-bit:3.1.8 (debian 12.7),1.20.1-2+deb12u5,true,affected,
rancher/mirrored-fluent-fluent-bit:3.1.8,harvester/v1.8.2,libkrb5-3,1.20.1-2+deb12u2,debian,CVE-2026-40356,HIGH,https://avd.aquasec.com/nvd/cve-2026-40356,rancher/mirrored-fluent-fluent-bit:3.1.8 (debian 12.7),1.20.1-2+deb12u5,true,affected,
rancher/mirrored-fluent-fluent-bit:3.1.8,harvester/v1.8.2,libkrb5support0,1.20.1-2+deb12u2,debian,CVE-2026-40356,HIGH,https://avd.aquasec.com/nvd/cve-2026-40356,rancher/mirrored-fluent-fluent-bit:3.1.8 (debian 12.7),1.20.1-2+deb12u5,true,affected,
rancher/mirrored-fluent-fluent-bit:3.1.8,harvester/v1.8.2,libgnutls30,3.7.9-2+deb12u3,debian,CVE-2026-42009,HIGH,https://avd.aquasec.com/nvd/cve-2026-42009,rancher/mirrored-fluent-fluent-bit:3.1.8 (debian 12.7),3.7.9-2+deb12u7,true,affected,
rancher/mirrored-fluent-fluent-bit:3.1.8,harvester/v1.8.2,libgnutls30,3.7.9-2+deb12u3,debian,CVE-2026-42010,CRITICAL,https://avd.aquasec.com/nvd/cve-2026-42010,rancher/mirrored-fluent-fluent-bit:3.1.8 (debian 12.7),3.7.9-2+deb12u7,true,affected,
rancher/mirrored-fluent-fluent-bit:3.1.8,harvester/v1.8.2,libssl3,3.0.14-1~deb12u2,debian,CVE-2026-45447,HIGH,https://avd.aquasec.com/nvd/cve-2026-45447,rancher/mirrored-fluent-fluent-bit:3.1.8 (debian 12.7),3.0.20-1~deb12u2,true,affected,
rancher/mirrored-fluent-fluent-bit:3.1.8,harvester/v1.8.2,libcap2,1:2.66-4,debian,CVE-2026-4878,HIGH,https://avd.aquasec.com/nvd/cve-2026-4878,rancher/mirrored-fluent-fluent-bit:3.1.8 (debian 12.7),1:2.66-4+deb12u3,true,affected,
rancher/mirrored-fluent-fluent-bit:3.1.8,harvester/v1.8.2,libpq5,15.8-0+deb12u1,debian,CVE-2026-6473,HIGH,https://avd.aquasec.com/nvd/cve-2026-6473,rancher/mirrored-fluent-fluent-bit:3.1.8 (debian 12.7),15.18-0+deb12u1,true,affected,
rancher/mirrored-fluent-fluent-bit:3.1.8,harvester/v1.8.2,libpq5,15.8-0+deb12u1,debian,CVE-2026-6477,HIGH,https://avd.aquasec.com/nvd/cve-2026-6477,rancher/mirrored-fluent-fluent-bit:3.1.8 (debian 12.7),15.18-0+deb12u1,true,affected,
rancher/mirrored-fluent-fluent-bit:3.1.8,harvester/v1.8.2,libpq5,15.8-0+deb12u1,debian,CVE-2026-6478,HIGH,https://avd.aquasec.com/nvd/cve-2026-6478,rancher/mirrored-fluent-fluent-bit:3.1.8 (debian 12.7),15.18-0+deb12u1,true,affected,
rancher/mirrored-fluent-fluent-bit:3.1.8,harvester/v1.8.2,libpq5,15.8-0+deb12u1,debian,CVE-2026-6479,HIGH,https://avd.aquasec.com/nvd/cve-2026-6479,rancher/mirrored-fluent-fluent-bit:3.1.8 (debian 12.7),15.18-0+deb12u1,true,affected,
rancher/mirrored-fluent-fluent-bit:3.1.8,harvester/v1.8.2,libpq5,15.8-0+deb12u1,debian,CVE-2026-6637,HIGH,https://avd.aquasec.com/nvd/cve-2026-6637,rancher/mirrored-fluent-fluent-bit:3.1.8 (debian 12.7),15.18-0+deb12u1,true,affected,
rancher/mirrored-ingress-nginx-kube-webhook-certgen:v1.6.7,harvester/v1.8.2,stdlib,v1.25.6,gobinary,CVE-2025-68121,HIGH,https://avd.aquasec.com/nvd/cve-2025-68121,kube-webhook-certgen,"1.24.13, 1.25.7, 1.26.0-rc.3",true,affected,severity_changed_due_to_suse_cvss_score
rancher/mirrored-ingress-nginx-kube-webhook-certgen:v1.6.7,harvester/v1.8.2,golang.org/x/net,v0.49.0,gobinary,CVE-2026-25680,HIGH,https://avd.aquasec.com/nvd/cve-2026-25680,kube-webhook-certgen,0.55.0,true,affected,severity_changed_due_to_suse_cvss_score
rancher/mirrored-ingress-nginx-kube-webhook-certgen:v1.6.7,harvester/v1.8.2,stdlib,v1.25.6,gobinary,CVE-2026-32280,HIGH,https://avd.aquasec.com/nvd/cve-2026-32280,kube-webhook-certgen,"1.25.9, 1.26.2",true,affected,
rancher/mirrored-ingress-nginx-kube-webhook-certgen:v1.6.7,harvester/v1.8.2,stdlib,v1.25.6,gobinary,CVE-2026-33811,HIGH,https://avd.aquasec.com/nvd/cve-2026-33811,kube-webhook-certgen,"1.25.10, 1.26.3",true,affected,
rancher/mirrored-ingress-nginx-kube-webhook-certgen:v1.6.7,harvester/v1.8.2,golang.org/x/net,v0.49.0,gobinary,CVE-2026-33814,HIGH,https://avd.aquasec.com/nvd/cve-2026-33814,kube-webhook-certgen,0.53.0,true,affected,
rancher/mirrored-ingress-nginx-kube-webhook-certgen:v1.6.7,harvester/v1.8.2,stdlib,v1.25.6,gobinary,CVE-2026-33814,HIGH,https://avd.aquasec.com/nvd/cve-2026-33814,kube-webhook-certgen,"1.25.10, 1.26.3",true,affected,
rancher/mirrored-ingress-nginx-kube-webhook-certgen:v1.6.7,harvester/v1.8.2,stdlib,v1.25.6,gobinary,CVE-2026-39820,HIGH,https://avd.aquasec.com/nvd/cve-2026-39820,kube-webhook-certgen,"1.25.10, 1.26.3",true,affected,
rancher/mirrored-ingress-nginx-kube-webhook-certgen:v1.6.7,harvester/v1.8.2,golang.org/x/net,v0.49.0,gobinary,CVE-2026-39821,HIGH,https://avd.aquasec.com/nvd/cve-2026-39821,kube-webhook-certgen,0.55.0,true,affected,
rancher/mirrored-ingress-nginx-kube-webhook-certgen:v1.6.7,harvester/v1.8.2,stdlib,v1.25.6,gobinary,CVE-2026-39822,HIGH,https://avd.aquasec.com/nvd/cve-2026-39822,kube-webhook-certgen,"1.25.12, 1.26.5, 1.27.0-rc.2",true,affected,
rancher/mirrored-ingress-nginx-kube-webhook-certgen:v1.6.7,harvester/v1.8.2,stdlib,v1.25.6,gobinary,CVE-2026-39836,HIGH,https://avd.aquasec.com/nvd/cve-2026-39836,kube-webhook-certgen,"1.25.10, 1.26.3",true,affected,
rancher/mirrored-ingress-nginx-kube-webhook-certgen:v1.6.7,harvester/v1.8.2,stdlib,v1.25.6,gobinary,CVE-2026-42499,HIGH,https://avd.aquasec.com/nvd/cve-2026-42499,kube-webhook-certgen,"1.25.10, 1.26.3",true,affected,
rancher/mirrored-kube-logging-config-reloader:v0.0.6,harvester/v1.8.2,google.golang.org/protobuf,v1.28.1,gobinary,CVE-2024-24786,HIGH,https://avd.aquasec.com/nvd/cve-2024-24786,config-reloader,1.33.0,true,affected,severity_changed_due_to_suse_cvss_score
rancher/mirrored-kube-logging-config-reloader:v0.0.6,harvester/v1.8.2,stdlib,v1.23.1,gobinary,CVE-2025-47912,HIGH,https://avd.aquasec.com/nvd/cve-2025-47912,config-reloader,"1.24.8, 1.25.2",true,affected,severity_changed_due_to_suse_cvss_score
rancher/mirrored-kube-logging-config-reloader:v0.0.6,harvester/v1.8.2,stdlib,v1.23.1,gobinary,CVE-2025-58188,HIGH,https://avd.aquasec.com/nvd/cve-2025-58188,config-reloader,"1.24.8, 1.25.2",true,affected,severity_changed_due_to_suse_cvss_score
rancher/mirrored-kube-logging-config-reloader:v0.0.6,harvester/v1.8.2,stdlib,v1.23.1,gobinary,CVE-2025-61727,HIGH,https://avd.aquasec.com/nvd/cve-2025-61727,config-reloader,"1.24.11, 1.25.5",true,affected,severity_changed_due_to_suse_cvss_score
rancher/mirrored-kube-logging-config-reloader:v0.0.6,harvester/v1.8.2,stdlib,v1.23.1,gobinary,CVE-2025-61729,HIGH,https://avd.aquasec.com/nvd/cve-2025-61729,config-reloader,"1.24.11, 1.25.5",true,affected,
rancher/mirrored-kube-logging-config-reloader:v0.0.6,harvester/v1.8.2,stdlib,v1.23.1,gobinary,CVE-2025-68121,HIGH,https://avd.aquasec.com/nvd/cve-2025-68121,config-reloader,"1.24.13, 1.25.7, 1.26.0-rc.3",true,affected,severity_changed_due_to_suse_cvss_score
rancher/mirrored-kube-logging-config-reloader:v0.0.6,harvester/v1.8.2,stdlib,v1.23.1,gobinary,CVE-2026-32280,HIGH,https://avd.aquasec.com/nvd/cve-2026-32280,config-reloader,"1.25.9, 1.26.2",true,affected,
rancher/mirrored-kube-logging-config-reloader:v0.0.6,harvester/v1.8.2,stdlib,v1.23.1,gobinary,CVE-2026-33811,HIGH,https://avd.aquasec.com/nvd/cve-2026-33811,config-reloader,"1.25.10, 1.26.3",true,affected,
rancher/mirrored-kube-logging-config-reloader:v0.0.6,harvester/v1.8.2,stdlib,v1.23.1,gobinary,CVE-2026-33814,HIGH,https://avd.aquasec.com/nvd/cve-2026-33814,config-reloader,"1.25.10, 1.26.3",true,affected,
rancher/mirrored-kube-logging-config-reloader:v0.0.6,harvester/v1.8.2,stdlib,v1.23.1,gobinary,CVE-2026-39820,HIGH,https://avd.aquasec.com/nvd/cve-2026-39820,config-reloader,"1.25.10, 1.26.3",true,affected,
rancher/mirrored-kube-logging-config-reloader:v0.0.6,harvester/v1.8.2,stdlib,v1.23.1,gobinary,CVE-2026-39822,HIGH,https://avd.aquasec.com/nvd/cve-2026-39822,config-reloader,"1.25.12, 1.26.5, 1.27.0-rc.2",true,affected,
rancher/mirrored-kube-logging-config-reloader:v0.0.6,harvester/v1.8.2,stdlib,v1.23.1,gobinary,CVE-2026-39836,HIGH,https://avd.aquasec.com/nvd/cve-2026-39836,config-reloader,"1.25.10, 1.26.3",true,affected,
rancher/mirrored-kube-logging-config-reloader:v0.0.6,harvester/v1.8.2,stdlib,v1.23.1,gobinary,CVE-2026-42499,HIGH,https://avd.aquasec.com/nvd/cve-2026-42499,config-reloader,"1.25.10, 1.26.3",true,affected,
rancher/mirrored-kube-logging-fluentd:v1.16-4.10-full,harvester/v1.8.2,rexml,3.2.6,gemspec,CVE-2024-49761,HIGH,https://avd.aquasec.com/nvd/cve-2024-49761,Ruby,>= 3.3.9,true,affected,
rancher/mirrored-kube-logging-fluentd:v1.16-4.10-full,harvester/v1.8.2,rexml,3.3.2,gemspec,CVE-2024-49761,HIGH,https://avd.aquasec.com/nvd/cve-2024-49761,Ruby,>= 3.3.9,true,affected,
rancher/mirrored-kube-logging-fluentd:v1.16-4.10-full,harvester/v1.8.2,google-protobuf,3.21.12,gemspec,CVE-2024-7254,HIGH,https://avd.aquasec.com/nvd/cve-2024-7254,Ruby,"~> 3.25.5, ~> 4.27.5, >= 4.28.2",true,affected,
rancher/mirrored-kube-logging-fluentd:v1.16-4.10-full,harvester/v1.8.2,libcrypto3,3.3.3-r0,alpine,CVE-2025-15467,HIGH,https://avd.aquasec.com/nvd/cve-2025-15467,rancher/mirrored-kube-logging-fluentd:v1.16-4.10-full (alpine 3.20.3),3.3.6-r0,true,affected,
rancher/mirrored-kube-logging-fluentd:v1.16-4.10-full,harvester/v1.8.2,libssl3,3.3.3-r0,alpine,CVE-2025-15467,HIGH,https://avd.aquasec.com/nvd/cve-2025-15467,rancher/mirrored-kube-logging-fluentd:v1.16-4.10-full (alpine 3.20.3),3.3.6-r0,true,affected,
rancher/mirrored-kube-logging-fluentd:v1.16-4.10-full,harvester/v1.8.2,musl-utils,1.2.5-r0,alpine,CVE-2025-26519,HIGH,https://avd.aquasec.com/nvd/cve-2025-26519,rancher/mirrored-kube-logging-fluentd:v1.16-4.10-full (alpine 3.20.3),1.2.5-r1,true,affected,
rancher/mirrored-kube-logging-fluentd:v1.16-4.10-full,harvester/v1.8.2,ruby,3.3.6-r0,alpine,CVE-2025-27219,HIGH,https://avd.aquasec.com/nvd/cve-2025-27219,rancher/mirrored-kube-logging-fluentd:v1.16-4.10-full (alpine 3.20.3),3.3.8-r0,true,affected,
rancher/mirrored-kube-logging-fluentd:v1.16-4.10-full,harvester/v1.8.2,ruby-libs,3.3.6-r0,alpine,CVE-2025-27219,HIGH,https://avd.aquasec.com/nvd/cve-2025-27219,rancher/mirrored-kube-logging-fluentd:v1.16-4.10-full (alpine 3.20.3),3.3.8-r0,true,affected,
rancher/mirrored-kube-logging-fluentd:v1.16-4.10-full,harvester/v1.8.2,rack,3.0.14,gemspec,CVE-2025-46727,HIGH,https://avd.aquasec.com/nvd/cve-2025-46727,Ruby,"~> 2.2.14, ~> 3.0.16, >= 3.1.14",true,affected,
rancher/mirrored-kube-logging-fluentd:v1.16-4.10-full,harvester/v1.8.2,ruby,3.3.6-r0,alpine,CVE-2025-61594,HIGH,https://avd.aquasec.com/nvd/cve-2025-61594,rancher/mirrored-kube-logging-fluentd:v1.16-4.10-full (alpine 3.20.3),3.3.10-r0,true,affected,
rancher/mirrored-kube-logging-fluentd:v1.16-4.10-full,harvester/v1.8.2,ruby-libs,3.3.6-r0,alpine,CVE-2025-61594,HIGH,https://avd.aquasec.com/nvd/cve-2025-61594,rancher/mirrored-kube-logging-fluentd:v1.16-4.10-full (alpine 3.20.3),3.3.10-r0,true,affected,
rancher/mirrored-kube-logging-fluentd:v1.16-4.10-full,harvester/v1.8.2,uri,0.12.2,gemspec,CVE-2025-61594,HIGH,https://avd.aquasec.com/nvd/cve-2025-61594,Ruby,"~> 0.12.5, ~> 0.13.3, >= 1.0.4",true,affected,
rancher/mirrored-kube-logging-fluentd:v1.16-4.10-full,harvester/v1.8.2,rack,3.0.14,gemspec,CVE-2025-61770,HIGH,https://avd.aquasec.com/nvd/cve-2025-61770,Ruby,"~> 2.2.19, ~> 3.1.17, >= 3.2.2",true,affected,
rancher/mirrored-kube-logging-fluentd:v1.16-4.10-full,harvester/v1.8.2,rack,3.0.14,gemspec,CVE-2025-61771,HIGH,https://avd.aquasec.com/nvd/cve-2025-61771,Ruby,"~> 2.2.19, ~> 3.1.17, >= 3.2.2",true,affected,
rancher/mirrored-kube-logging-fluentd:v1.16-4.10-full,harvester/v1.8.2,rack,3.0.14,gemspec,CVE-2025-61772,HIGH,https://avd.aquasec.com/nvd/cve-2025-61772,Ruby,"~> 2.2.19, ~> 3.1.17, >= 3.2.2",true,affected,
rancher/mirrored-kube-logging-fluentd:v1.16-4.10-full,harvester/v1.8.2,rack,3.0.14,gemspec,CVE-2025-61919,HIGH,https://avd.aquasec.com/nvd/cve-2025-61919,Ruby,"~> 2.2.20, ~> 3.1.18, >= 3.2.3",true,affected,
rancher/mirrored-kube-logging-fluentd:v1.16-4.10-full,harvester/v1.8.2,libcrypto3,3.3.3-r0,alpine,CVE-2025-69421,HIGH,https://avd.aquasec.com/nvd/cve-2025-69421,rancher/mirrored-kube-logging-fluentd:v1.16-4.10-full (alpine 3.20.3),3.3.6-r0,true,affected,
rancher/mirrored-kube-logging-fluentd:v1.16-4.10-full,harvester/v1.8.2,libssl3,3.3.3-r0,alpine,CVE-2025-69421,HIGH,https://avd.aquasec.com/nvd/cve-2025-69421,rancher/mirrored-kube-logging-fluentd:v1.16-4.10-full (alpine 3.20.3),3.3.6-r0,true,affected,
rancher/mirrored-kube-logging-fluentd:v1.16-4.10-full,harvester/v1.8.2,zlib,1.3.1-r1,alpine,CVE-2026-22184,HIGH,https://avd.aquasec.com/nvd/cve-2026-22184,rancher/mirrored-kube-logging-fluentd:v1.16-4.10-full (alpine 3.20.3),1.3.2-r0,true,affected,
rancher/mirrored-kube-logging-fluentd:v1.16-4.10-full,harvester/v1.8.2,rack,3.0.14,gemspec,CVE-2026-22860,HIGH,https://avd.aquasec.com/nvd/cve-2026-22860,Ruby,"~> 2.2.22, ~> 3.1.20, >= 3.2.5",true,affected,
rancher/mirrored-kube-logging-fluentd:v1.16-4.10-full,harvester/v1.8.2,zlib,3.0.0,gemspec,CVE-2026-27820,CRITICAL,https://avd.aquasec.com/nvd/cve-2026-27820,Ruby,"~> 3.0.1, ~> 3.1.2, >= 3.2.3",true,affected,
rancher/mirrored-kube-logging-fluentd:v1.16-4.10-full,harvester/v1.8.2,libcrypto3,3.3.3-r0,alpine,CVE-2026-28387,HIGH,https://avd.aquasec.com/nvd/cve-2026-28387,rancher/mirrored-kube-logging-fluentd:v1.16-4.10-full (alpine 3.20.3),3.3.7-r0,true,affected,
rancher/mirrored-kube-logging-fluentd:v1.16-4.10-full,harvester/v1.8.2,libssl3,3.3.3-r0,alpine,CVE-2026-28387,HIGH,https://avd.aquasec.com/nvd/cve-2026-28387,rancher/mirrored-kube-logging-fluentd:v1.16-4.10-full (alpine 3.20.3),3.3.7-r0,true,affected,
rancher/mirrored-kube-logging-fluentd:v1.16-4.10-full,harvester/v1.8.2,libcrypto3,3.3.3-r0,alpine,CVE-2026-28388,HIGH,https://avd.aquasec.com/nvd/cve-2026-28388,rancher/mirrored-kube-logging-fluentd:v1.16-4.10-full (alpine 3.20.3),3.3.7-r0,true,affected,
rancher/mirrored-kube-logging-fluentd:v1.16-4.10-full,harvester/v1.8.2,libssl3,3.3.3-r0,alpine,CVE-2026-28388,HIGH,https://avd.aquasec.com/nvd/cve-2026-28388,rancher/mirrored-kube-logging-fluentd:v1.16-4.10-full (alpine 3.20.3),3.3.7-r0,true,affected,
rancher/mirrored-kube-logging-fluentd:v1.16-4.10-full,harvester/v1.8.2,libcrypto3,3.3.3-r0,alpine,CVE-2026-28389,HIGH,https://avd.aquasec.com/nvd/cve-2026-28389,rancher/mirrored-kube-logging-fluentd:v1.16-4.10-full (alpine 3.20.3),3.3.7-r0,true,affected,
rancher/mirrored-kube-logging-fluentd:v1.16-4.10-full,harvester/v1.8.2,libssl3,3.3.3-r0,alpine,CVE-2026-28389,HIGH,https://avd.aquasec.com/nvd/cve-2026-28389,rancher/mirrored-kube-logging-fluentd:v1.16-4.10-full (alpine 3.20.3),3.3.7-r0,true,affected,
rancher/mirrored-kube-logging-fluentd:v1.16-4.10-full,harvester/v1.8.2,libcrypto3,3.3.3-r0,alpine,CVE-2026-28390,HIGH,https://avd.aquasec.com/nvd/cve-2026-28390,rancher/mirrored-kube-logging-fluentd:v1.16-4.10-full (alpine 3.20.3),3.3.7-r0,true,affected,
rancher/mirrored-kube-logging-fluentd:v1.16-4.10-full,harvester/v1.8.2,libssl3,3.3.3-r0,alpine,CVE-2026-28390,HIGH,https://avd.aquasec.com/nvd/cve-2026-28390,rancher/mirrored-kube-logging-fluentd:v1.16-4.10-full (alpine 3.20.3),3.3.7-r0,true,affected,
rancher/mirrored-kube-logging-fluentd:v1.16-4.10-full,harvester/v1.8.2,libcrypto3,3.3.3-r0,alpine,CVE-2026-31789,CRITICAL,https://avd.aquasec.com/nvd/cve-2026-31789,rancher/mirrored-kube-logging-fluentd:v1.16-4.10-full (alpine 3.20.3),3.3.7-r0,true,affected,
rancher/mirrored-kube-logging-fluentd:v1.16-4.10-full,harvester/v1.8.2,libssl3,3.3.3-r0,alpine,CVE-2026-31789,CRITICAL,https://avd.aquasec.com/nvd/cve-2026-31789,rancher/mirrored-kube-logging-fluentd:v1.16-4.10-full (alpine 3.20.3),3.3.7-r0,true,affected,
rancher/mirrored-kube-logging-fluentd:v1.16-4.10-full,harvester/v1.8.2,activesupport,7.1.1,gemspec,CVE-2026-33176,HIGH,https://avd.aquasec.com/nvd/cve-2026-33176,Ruby,"~> 7.2.3, >= 7.2.3.1, ~> 8.0.4, >= 8.0.4.1, >= 8.1.2.1",true,affected,
rancher/mirrored-kube-logging-fluentd:v1.16-4.10-full,harvester/v1.8.2,rack,3.0.14,gemspec,CVE-2026-34785,HIGH,https://avd.aquasec.com/nvd/cve-2026-34785,Ruby,"~> 2.2.23, ~> 3.1.21, >= 3.2.6",true,affected,
rancher/mirrored-kube-logging-fluentd:v1.16-4.10-full,harvester/v1.8.2,rack,3.0.14,gemspec,CVE-2026-34827,HIGH,https://avd.aquasec.com/nvd/cve-2026-34827,Ruby,"~> 3.1.21, >= 3.2.6",true,affected,
rancher/mirrored-kube-logging-fluentd:v1.16-4.10-full,harvester/v1.8.2,rack,3.0.14,gemspec,CVE-2026-34829,HIGH,https://avd.aquasec.com/nvd/cve-2026-34829,Ruby,"~> 2.2.23, ~> 3.1.21, >= 3.2.6",true,affected,
rancher/mirrored-kube-logging-fluentd:v1.16-4.10-full,harvester/v1.8.2,addressable,2.8.5,gemspec,CVE-2026-35611,HIGH,https://avd.aquasec.com/nvd/cve-2026-35611,Ruby,>= 2.9.0,true,affected,
rancher/mirrored-kube-logging-fluentd:v1.16-4.10-full,harvester/v1.8.2,addressable,2.8.6,gemspec,CVE-2026-35611,HIGH,https://avd.aquasec.com/nvd/cve-2026-35611,Ruby,>= 2.9.0,true,affected,
rancher/mirrored-kube-logging-fluentd:v1.16-4.10-full,harvester/v1.8.2,musl,1.2.5-r1,alpine,CVE-2026-40200,HIGH,https://avd.aquasec.com/nvd/cve-2026-40200,rancher/mirrored-kube-logging-fluentd:v1.16-4.10-full (alpine 3.20.3),1.2.5-r3,true,affected,
rancher/mirrored-kube-logging-fluentd:v1.16-4.10-full,harvester/v1.8.2,musl-utils,1.2.5-r0,alpine,CVE-2026-40200,HIGH,https://avd.aquasec.com/nvd/cve-2026-40200,rancher/mirrored-kube-logging-fluentd:v1.16-4.10-full (alpine 3.20.3),1.2.5-r3,true,affected,
rancher/mirrored-kube-logging-fluentd:v1.16-4.10-full,harvester/v1.8.2,erb,4.0.2,gemspec,CVE-2026-41316,HIGH,https://avd.aquasec.com/nvd/cve-2026-41316,Ruby,"~> 4.0.3.1, ~> 4.0.4.1, ~> 6.0.1.1, >= 6.0.4",true,affected,
rancher/mirrored-kube-logging-fluentd:v1.16-4.10-full,harvester/v1.8.2,net-imap,0.3.4.1,gemspec,CVE-2026-42245,HIGH,https://avd.aquasec.com/nvd/cve-2026-42245,Ruby,"~> 0.4.24, ~> 0.5.14, >= 0.6.4",true,affected,
rancher/mirrored-kube-logging-fluentd:v1.16-4.10-full,harvester/v1.8.2,net-imap,0.4.19,gemspec,CVE-2026-42245,HIGH,https://avd.aquasec.com/nvd/cve-2026-42245,Ruby,"~> 0.4.24, ~> 0.5.14, >= 0.6.4",true,affected,
rancher/mirrored-kube-logging-fluentd:v1.16-4.10-full,harvester/v1.8.2,net-imap,0.3.4.1,gemspec,CVE-2026-42246,HIGH,https://avd.aquasec.com/nvd/cve-2026-42246,Ruby,"~> 0.3.10, ~> 0.4.24, ~> 0.5.14, >= 0.6.4",true,affected,
rancher/mirrored-kube-logging-fluentd:v1.16-4.10-full,harvester/v1.8.2,net-imap,0.4.19,gemspec,CVE-2026-42246,HIGH,https://avd.aquasec.com/nvd/cve-2026-42246,Ruby,"~> 0.3.10, ~> 0.4.24, ~> 0.5.14, >= 0.6.4",true,affected,
rancher/mirrored-kube-logging-fluentd:v1.16-4.10-full,harvester/v1.8.2,net-imap,0.3.4.1,gemspec,CVE-2026-42257,CRITICAL,https://avd.aquasec.com/nvd/cve-2026-42257,Ruby,"~> 0.4.24, ~> 0.5.14, >= 0.6.4",true,affected,
rancher/mirrored-kube-logging-fluentd:v1.16-4.10-full,harvester/v1.8.2,net-imap,0.4.19,gemspec,CVE-2026-42257,CRITICAL,https://avd.aquasec.com/nvd/cve-2026-42257,Ruby,"~> 0.4.24, ~> 0.5.14, >= 0.6.4",true,affected,
rancher/mirrored-kube-logging-fluentd:v1.16-4.10-full,harvester/v1.8.2,net-imap,0.3.4.1,gemspec,CVE-2026-42258,HIGH,https://avd.aquasec.com/nvd/cve-2026-42258,Ruby,"~> 0.4.24, ~> 0.5.14, >= 0.6.4",true,affected,
rancher/mirrored-kube-logging-fluentd:v1.16-4.10-full,harvester/v1.8.2,net-imap,0.4.19,gemspec,CVE-2026-42258,HIGH,https://avd.aquasec.com/nvd/cve-2026-42258,Ruby,"~> 0.4.24, ~> 0.5.14, >= 0.6.4",true,affected,
rancher/mirrored-kube-logging-fluentd:v1.16-4.10-full,harvester/v1.8.2,fluentd,1.16.5,gemspec,CVE-2026-44024,CRITICAL,https://avd.aquasec.com/nvd/cve-2026-44024,Ruby,>= 1.19.3,true,affected,
rancher/mirrored-kube-logging-fluentd:v1.16-4.10-full,harvester/v1.8.2,fluentd,1.16.7,gemspec,CVE-2026-44024,CRITICAL,https://avd.aquasec.com/nvd/cve-2026-44024,Ruby,>= 1.19.3,true,affected,
rancher/mirrored-kube-logging-fluentd:v1.16-4.10-full,harvester/v1.8.2,fluentd,1.18.0,gemspec,CVE-2026-44024,CRITICAL,https://avd.aquasec.com/nvd/cve-2026-44024,Ruby,>= 1.19.3,true,affected,
rancher/mirrored-kube-logging-fluentd:v1.16-4.10-full,harvester/v1.8.2,fluentd,1.16.5,gemspec,CVE-2026-44025,HIGH,https://avd.aquasec.com/nvd/cve-2026-44025,Ruby,>= 1.19.3,true,affected,
rancher/mirrored-kube-logging-fluentd:v1.16-4.10-full,harvester/v1.8.2,fluentd,1.16.7,gemspec,CVE-2026-44025,HIGH,https://avd.aquasec.com/nvd/cve-2026-44025,Ruby,>= 1.19.3,true,affected,
rancher/mirrored-kube-logging-fluentd:v1.16-4.10-full,harvester/v1.8.2,fluentd,1.18.0,gemspec,CVE-2026-44025,HIGH,https://avd.aquasec.com/nvd/cve-2026-44025,Ruby,>= 1.19.3,true,affected,
rancher/mirrored-kube-logging-fluentd:v1.16-4.10-full,harvester/v1.8.2,fluentd,1.16.5,gemspec,CVE-2026-44160,HIGH,https://avd.aquasec.com/nvd/cve-2026-44160,Ruby,>= 1.19.3,true,affected,
rancher/mirrored-kube-logging-fluentd:v1.16-4.10-full,harvester/v1.8.2,fluentd,1.16.7,gemspec,CVE-2026-44160,HIGH,https://avd.aquasec.com/nvd/cve-2026-44160,Ruby,>= 1.19.3,true,affected,
rancher/mirrored-kube-logging-fluentd:v1.16-4.10-full,harvester/v1.8.2,fluentd,1.18.0,gemspec,CVE-2026-44160,HIGH,https://avd.aquasec.com/nvd/cve-2026-44160,Ruby,>= 1.19.3,true,affected,
rancher/mirrored-kube-logging-fluentd:v1.16-4.10-full,harvester/v1.8.2,fluentd,1.16.5,gemspec,CVE-2026-44161,HIGH,https://avd.aquasec.com/nvd/cve-2026-44161,Ruby,>= 1.19.3,true,affected,
rancher/mirrored-kube-logging-fluentd:v1.16-4.10-full,harvester/v1.8.2,fluentd,1.16.7,gemspec,CVE-2026-44161,HIGH,https://avd.aquasec.com/nvd/cve-2026-44161,Ruby,>= 1.19.3,true,affected,
rancher/mirrored-kube-logging-fluentd:v1.16-4.10-full,harvester/v1.8.2,fluentd,1.18.0,gemspec,CVE-2026-44161,HIGH,https://avd.aquasec.com/nvd/cve-2026-44161,Ruby,>= 1.19.3,true,affected,
rancher/mirrored-kube-logging-fluentd:v1.16-4.10-full,harvester/v1.8.2,jwt,2.10.1,gemspec,CVE-2026-45363,HIGH,https://avd.aquasec.com/nvd/cve-2026-45363,Ruby,"~> 2.10.3, >= 3.2.0",true,affected,
rancher/mirrored-kube-logging-fluentd:v1.16-4.10-full,harvester/v1.8.2,faraday,1.10.3,gemspec,CVE-2026-54297,HIGH,https://avd.aquasec.com/nvd/cve-2026-54297,Ruby,"~> 1.10.6, >= 2.14.3",true,affected,
rancher/mirrored-kube-logging-fluentd:v1.16-4.10-full,harvester/v1.8.2,faraday,2.7.12,gemspec,CVE-2026-54297,HIGH,https://avd.aquasec.com/nvd/cve-2026-54297,Ruby,"~> 1.10.6, >= 2.14.3",true,affected,
rancher/mirrored-kube-logging-fluentd:v1.16-4.10-full,harvester/v1.8.2,oj,3.16.1,gemspec,CVE-2026-54592,HIGH,https://avd.aquasec.com/nvd/cve-2026-54592,Ruby,>= 3.17.3,true,affected,
rancher/mirrored-kube-logging-fluentd:v1.16-4.10-full,harvester/v1.8.2,oj,3.16.10,gemspec,CVE-2026-54592,HIGH,https://avd.aquasec.com/nvd/cve-2026-54592,Ruby,>= 3.17.3,true,affected,
rancher/mirrored-kube-logging-fluentd:v1.16-4.10-full,harvester/v1.8.2,oj,3.16.1,gemspec,CVE-2026-54896,HIGH,https://avd.aquasec.com/nvd/cve-2026-54896,Ruby,>= 3.17.3,true,affected,
rancher/mirrored-kube-logging-fluentd:v1.16-4.10-full,harvester/v1.8.2,oj,3.16.10,gemspec,CVE-2026-54896,HIGH,https://avd.aquasec.com/nvd/cve-2026-54896,Ruby,>= 3.17.3,true,affected,
rancher/mirrored-kube-logging-fluentd:v1.16-4.10-full,harvester/v1.8.2,oj,3.16.1,gemspec,CVE-2026-54897,HIGH,https://avd.aquasec.com/nvd/cve-2026-54897,Ruby,>= 3.17.3,true,affected,
rancher/mirrored-kube-logging-fluentd:v1.16-4.10-full,harvester/v1.8.2,oj,3.16.10,gemspec,CVE-2026-54897,HIGH,https://avd.aquasec.com/nvd/cve-2026-54897,Ruby,>= 3.17.3,true,affected,
rancher/mirrored-kube-logging-fluentd:v1.16-4.10-full,harvester/v1.8.2,oj,3.16.1,gemspec,CVE-2026-54900,HIGH,https://avd.aquasec.com/nvd/cve-2026-54900,Ruby,>= 3.17.3,true,affected,
rancher/mirrored-kube-logging-fluentd:v1.16-4.10-full,harvester/v1.8.2,oj,3.16.10,gemspec,CVE-2026-54900,HIGH,https://avd.aquasec.com/nvd/cve-2026-54900,Ruby,>= 3.17.3,true,affected,
rancher/mirrored-kube-logging-fluentd:v1.16-4.10-full,harvester/v1.8.2,oj,3.16.1,gemspec,CVE-2026-54903,HIGH,https://avd.aquasec.com/nvd/cve-2026-54903,Ruby,>= 3.17.3,true,affected,
rancher/mirrored-kube-logging-fluentd:v1.16-4.10-full,harvester/v1.8.2,oj,3.16.10,gemspec,CVE-2026-54903,HIGH,https://avd.aquasec.com/nvd/cve-2026-54903,Ruby,>= 3.17.3,true,affected,
rancher/mirrored-kube-logging-fluentd:v1.16-4.10-full,harvester/v1.8.2,concurrent-ruby,1.1.10,gemspec,CVE-2026-54904,HIGH,https://avd.aquasec.com/nvd/cve-2026-54904,Ruby,>= 1.3.7,true,affected,
rancher/mirrored-kube-logging-fluentd:v1.16-4.10-full,harvester/v1.8.2,concurrent-ruby,1.2.3,gemspec,CVE-2026-54904,HIGH,https://avd.aquasec.com/nvd/cve-2026-54904,Ruby,>= 1.3.7,true,affected,
rancher/mirrored-kube-logging-fluentd:v1.16-4.10-full,harvester/v1.8.2,concurrent-ruby,1.3.5,gemspec,CVE-2026-54904,HIGH,https://avd.aquasec.com/nvd/cve-2026-54904,Ruby,>= 1.3.7,true,affected,
rancher/mirrored-kube-logging-fluentd:v1.16-4.10-full,harvester/v1.8.2,concurrent-ruby,1.1.10,gemspec,CVE-2026-54906,CRITICAL,https://avd.aquasec.com/nvd/cve-2026-54906,Ruby,>= 1.3.7,true,affected,
rancher/mirrored-kube-logging-fluentd:v1.16-4.10-full,harvester/v1.8.2,concurrent-ruby,1.2.3,gemspec,CVE-2026-54906,CRITICAL,https://avd.aquasec.com/nvd/cve-2026-54906,Ruby,>= 1.3.7,true,affected,
rancher/mirrored-kube-logging-fluentd:v1.16-4.10-full,harvester/v1.8.2,concurrent-ruby,1.3.5,gemspec,CVE-2026-54906,CRITICAL,https://avd.aquasec.com/nvd/cve-2026-54906,Ruby,>= 1.3.7,true,affected,
rancher/mirrored-kube-logging-fluentd:v1.16-4.10-full,harvester/v1.8.2,nokogiri,1.18.4,gemspec,GHSA-353f-x4gh-cqq8,CRITICAL,https://github.com/advisories/GHSA-353f-x4gh-cqq8,Ruby,>= 1.18.9,true,affected,
rancher/mirrored-kube-logging-fluentd:v1.16-4.10-full,harvester/v1.8.2,nokogiri,1.18.4,gemspec,GHSA-c4rq-3m3g-8wgx,HIGH,https://github.com/advisories/GHSA-c4rq-3m3g-8wgx,Ruby,>= 1.19.3,true,affected,
rancher/mirrored-kube-logging-logging-operator:4.10.0,harvester/v1.8.2,golang.org/x/net,v0.29.0,gobinary,CVE-2024-45338,HIGH,https://avd.aquasec.com/nvd/cve-2024-45338,manager,0.33.0,true,not_affected,vulnerable_code_not_present
rancher/mirrored-kube-logging-logging-operator:4.10.0,harvester/v1.8.2,golang.org/x/oauth2,v0.21.0,gobinary,CVE-2025-22868,HIGH,https://avd.aquasec.com/nvd/cve-2025-22868,manager,0.27.0,true,not_affected,vulnerable_code_not_present
rancher/mirrored-kube-logging-logging-operator:4.10.0,harvester/v1.8.2,golang.org/x/net,v0.29.0,gobinary,CVE-2025-22870,MEDIUM,https://avd.aquasec.com/nvd/cve-2025-22870,manager,0.36.0,true,not_affected,vulnerable_code_not_present
rancher/mirrored-kube-logging-logging-operator:4.10.0,harvester/v1.8.2,golang.org/x/net,v0.29.0,gobinary,CVE-2025-22872,MEDIUM,https://avd.aquasec.com/nvd/cve-2025-22872,manager,0.38.0,true,not_affected,vulnerable_code_not_present
rancher/mirrored-kube-logging-logging-operator:4.10.0,harvester/v1.8.2,stdlib,v1.23.1,gobinary,CVE-2025-22873,MEDIUM,https://avd.aquasec.com/nvd/cve-2025-22873,manager,"1.23.9, 1.24.3",true,not_affected,vulnerable_code_not_in_execute_path
rancher/mirrored-kube-logging-logging-operator:4.10.0,harvester/v1.8.2,stdlib,v1.23.1,gobinary,CVE-2025-47907,MEDIUM,https://avd.aquasec.com/nvd/cve-2025-47907,manager,"1.23.12, 1.24.6",true,not_affected,vulnerable_code_not_in_execute_path
rancher/mirrored-kube-logging-logging-operator:4.10.0,harvester/v1.8.2,golang.org/x/net,v0.29.0,gobinary,CVE-2025-47911,MEDIUM,https://avd.aquasec.com/nvd/cve-2025-47911,manager,0.45.0,true,not_affected,vulnerable_code_not_present
rancher/mirrored-kube-logging-logging-operator:4.10.0,harvester/v1.8.2,stdlib,v1.23.1,gobinary,CVE-2025-47912,HIGH,https://avd.aquasec.com/nvd/cve-2025-47912,manager,"1.24.8, 1.25.2",true,affected,severity_changed_due_to_suse_cvss_score
rancher/mirrored-kube-logging-logging-operator:4.10.0,harvester/v1.8.2,stdlib,v1.23.1,gobinary,CVE-2025-58183,MEDIUM,https://avd.aquasec.com/nvd/cve-2025-58183,manager,"1.24.8, 1.25.2",true,not_affected,vulnerable_code_not_present
rancher/mirrored-kube-logging-logging-operator:4.10.0,harvester/v1.8.2,stdlib,v1.23.1,gobinary,CVE-2025-58188,HIGH,https://avd.aquasec.com/nvd/cve-2025-58188,manager,"1.24.8, 1.25.2",true,affected,severity_changed_due_to_suse_cvss_score
rancher/mirrored-kube-logging-logging-operator:4.10.0,harvester/v1.8.2,golang.org/x/net,v0.29.0,gobinary,CVE-2025-58190,MEDIUM,https://avd.aquasec.com/nvd/cve-2025-58190,manager,0.45.0,true,not_affected,vulnerable_code_not_present
rancher/mirrored-kube-logging-logging-operator:4.10.0,harvester/v1.8.2,stdlib,v1.23.1,gobinary,CVE-2025-61725,MEDIUM,https://avd.aquasec.com/nvd/cve-2025-61725,manager,"1.24.8, 1.25.2",true,not_affected,vulnerable_code_not_present
rancher/mirrored-kube-logging-logging-operator:4.10.0,harvester/v1.8.2,stdlib,v1.23.1,gobinary,CVE-2025-61727,HIGH,https://avd.aquasec.com/nvd/cve-2025-61727,manager,"1.24.11, 1.25.5",true,affected,severity_changed_due_to_suse_cvss_score
rancher/mirrored-kube-logging-logging-operator:4.10.0,harvester/v1.8.2,stdlib,v1.23.1,gobinary,CVE-2025-61729,HIGH,https://avd.aquasec.com/nvd/cve-2025-61729,manager,"1.24.11, 1.25.5",true,affected,
rancher/mirrored-kube-logging-logging-operator:4.10.0,harvester/v1.8.2,stdlib,v1.23.1,gobinary,CVE-2025-68121,HIGH,https://avd.aquasec.com/nvd/cve-2025-68121,manager,"1.24.13, 1.25.7, 1.26.0-rc.3",true,affected,severity_changed_due_to_suse_cvss_score
rancher/mirrored-kube-logging-logging-operator:4.10.0,harvester/v1.8.2,golang.org/x/net,v0.29.0,gobinary,CVE-2026-25680,MEDIUM,https://avd.aquasec.com/nvd/cve-2026-25680,manager,0.55.0,true,not_affected,vulnerable_code_not_present
rancher/mirrored-kube-logging-logging-operator:4.10.0,harvester/v1.8.2,golang.org/x/net,v0.29.0,gobinary,CVE-2026-25681,HIGH,https://avd.aquasec.com/nvd/cve-2026-25681,manager,0.55.0,true,not_affected,vulnerable_code_not_present
rancher/mirrored-kube-logging-logging-operator:4.10.0,harvester/v1.8.2,golang.org/x/net,v0.29.0,gobinary,CVE-2026-27136,HIGH,https://avd.aquasec.com/nvd/cve-2026-27136,manager,0.55.0,true,not_affected,vulnerable_code_not_present
rancher/mirrored-kube-logging-logging-operator:4.10.0,harvester/v1.8.2,stdlib,v1.23.1,gobinary,CVE-2026-32280,HIGH,https://avd.aquasec.com/nvd/cve-2026-32280,manager,"1.25.9, 1.26.2",true,affected,
rancher/mirrored-kube-logging-logging-operator:4.10.0,harvester/v1.8.2,stdlib,v1.23.1,gobinary,CVE-2026-32282,MEDIUM,https://avd.aquasec.com/nvd/cve-2026-32282,manager,"1.25.9, 1.26.2",true,not_affected,vulnerable_code_not_in_execute_path
rancher/mirrored-kube-logging-logging-operator:4.10.0,harvester/v1.8.2,stdlib,v1.23.1,gobinary,CVE-2026-32288,MEDIUM,https://avd.aquasec.com/nvd/cve-2026-32288,manager,"1.25.9, 1.26.2",true,not_affected,vulnerable_code_not_present
rancher/mirrored-kube-logging-logging-operator:4.10.0,harvester/v1.8.2,stdlib,v1.23.1,gobinary,CVE-2026-33811,HIGH,https://avd.aquasec.com/nvd/cve-2026-33811,manager,"1.25.10, 1.26.3",true,not_affected,vulnerable_code_not_in_execute_path
rancher/mirrored-kube-logging-logging-operator:4.10.0,harvester/v1.8.2,golang.org/x/net,v0.29.0,gobinary,CVE-2026-33814,HIGH,https://avd.aquasec.com/nvd/cve-2026-33814,manager,0.53.0,true,affected,
rancher/mirrored-kube-logging-logging-operator:4.10.0,harvester/v1.8.2,stdlib,v1.23.1,gobinary,CVE-2026-33814,HIGH,https://avd.aquasec.com/nvd/cve-2026-33814,manager,"1.25.10, 1.26.3",true,affected,
rancher/mirrored-kube-logging-logging-operator:4.10.0,harvester/v1.8.2,stdlib,v1.23.1,gobinary,CVE-2026-39820,HIGH,https://avd.aquasec.com/nvd/cve-2026-39820,manager,"1.25.10, 1.26.3",true,not_affected,vulnerable_code_not_present
rancher/mirrored-kube-logging-logging-operator:4.10.0,harvester/v1.8.2,golang.org/x/net,v0.29.0,gobinary,CVE-2026-39821,HIGH,https://avd.aquasec.com/nvd/cve-2026-39821,manager,0.55.0,true,affected,
rancher/mirrored-kube-logging-logging-operator:4.10.0,harvester/v1.8.2,stdlib,v1.23.1,gobinary,CVE-2026-39822,HIGH,https://avd.aquasec.com/nvd/cve-2026-39822,manager,"1.25.12, 1.26.5, 1.27.0-rc.2",true,not_affected,vulnerable_code_not_in_execute_path
rancher/mirrored-kube-logging-logging-operator:4.10.0,harvester/v1.8.2,stdlib,v1.23.1,gobinary,CVE-2026-39825,MEDIUM,https://avd.aquasec.com/nvd/cve-2026-39825,manager,"1.25.10, 1.26.3",true,not_affected,vulnerable_code_not_present
rancher/mirrored-kube-logging-logging-operator:4.10.0,harvester/v1.8.2,stdlib,v1.23.1,gobinary,CVE-2026-39836,HIGH,https://avd.aquasec.com/nvd/cve-2026-39836,manager,"1.25.10, 1.26.3",true,affected,
rancher/mirrored-kube-logging-logging-operator:4.10.0,harvester/v1.8.2,stdlib,v1.23.1,gobinary,CVE-2026-42499,HIGH,https://avd.aquasec.com/nvd/cve-2026-42499,manager,"1.25.10, 1.26.3",true,not_affected,vulnerable_code_not_present
rancher/mirrored-kube-logging-logging-operator:4.10.0,harvester/v1.8.2,golang.org/x/net,v0.29.0,gobinary,CVE-2026-42502,MEDIUM,https://avd.aquasec.com/nvd/cve-2026-42502,manager,0.55.0,true,not_affected,vulnerable_code_not_present
rancher/mirrored-kube-logging-logging-operator:4.10.0,harvester/v1.8.2,golang.org/x/net,v0.29.0,gobinary,CVE-2026-42506,MEDIUM,https://avd.aquasec.com/nvd/cve-2026-42506,manager,0.55.0,true,not_affected,vulnerable_code_not_present
rancher/mirrored-kube-logging-logging-operator:4.10.0,harvester/v1.8.2,golang.org/x/net,v0.29.0,gobinary,CVE-2026-46600,HIGH,https://avd.aquasec.com/nvd/cve-2026-46600,manager,0.56.0,true,not_affected,vulnerable_code_not_present
rancher/mirrored-kube-logging-logging-operator:4.10.0,harvester/v1.8.2,golang.org/x/text,v0.18.0,gobinary,CVE-2026-56852,HIGH,https://avd.aquasec.com/nvd/cve-2026-56852,manager,0.39.0,true,not_affected,vulnerable_code_not_in_execute_path
rancher/mirrored-kube-vip-kube-vip-iptables:v1.0.4,harvester/v1.8.2,stdlib,v1.25.6,gobinary,CVE-2025-68121,HIGH,https://avd.aquasec.com/nvd/cve-2025-68121,kube-vip,"1.24.13, 1.25.7, 1.26.0-rc.3",true,affected,severity_changed_due_to_suse_cvss_score
rancher/mirrored-kube-vip-kube-vip-iptables:v1.0.4,harvester/v1.8.2,zlib,1.3.1-r2,alpine,CVE-2026-22184,HIGH,https://avd.aquasec.com/nvd/cve-2026-22184,rancher/mirrored-kube-vip-kube-vip-iptables:v1.0.4 (alpine 3.23.2),1.3.2-r0,true,affected,
rancher/mirrored-kube-vip-kube-vip-iptables:v1.0.4,harvester/v1.8.2,golang.org/x/net,v0.47.0,gobinary,CVE-2026-25680,MEDIUM,https://avd.aquasec.com/nvd/cve-2026-25680,kube-vip,0.55.0,true,not_affected,vulnerable_code_not_present
rancher/mirrored-kube-vip-kube-vip-iptables:v1.0.4,harvester/v1.8.2,golang.org/x/net,v0.47.0,gobinary,CVE-2026-25681,HIGH,https://avd.aquasec.com/nvd/cve-2026-25681,kube-vip,0.55.0,true,not_affected,vulnerable_code_not_present
rancher/mirrored-kube-vip-kube-vip-iptables:v1.0.4,harvester/v1.8.2,golang.org/x/net,v0.47.0,gobinary,CVE-2026-27136,HIGH,https://avd.aquasec.com/nvd/cve-2026-27136,kube-vip,0.55.0,true,not_affected,vulnerable_code_not_present
rancher/mirrored-kube-vip-kube-vip-iptables:v1.0.4,harvester/v1.8.2,libcrypto3,3.5.5-r0,alpine,CVE-2026-28387,HIGH,https://avd.aquasec.com/nvd/cve-2026-28387,rancher/mirrored-kube-vip-kube-vip-iptables:v1.0.4 (alpine 3.23.2),3.5.6-r0,true,affected,
rancher/mirrored-kube-vip-kube-vip-iptables:v1.0.4,harvester/v1.8.2,libssl3,3.5.5-r0,alpine,CVE-2026-28387,HIGH,https://avd.aquasec.com/nvd/cve-2026-28387,rancher/mirrored-kube-vip-kube-vip-iptables:v1.0.4 (alpine 3.23.2),3.5.6-r0,true,affected,
rancher/mirrored-kube-vip-kube-vip-iptables:v1.0.4,harvester/v1.8.2,libcrypto3,3.5.5-r0,alpine,CVE-2026-28388,HIGH,https://avd.aquasec.com/nvd/cve-2026-28388,rancher/mirrored-kube-vip-kube-vip-iptables:v1.0.4 (alpine 3.23.2),3.5.6-r0,true,affected,
rancher/mirrored-kube-vip-kube-vip-iptables:v1.0.4,harvester/v1.8.2,libssl3,3.5.5-r0,alpine,CVE-2026-28388,HIGH,https://avd.aquasec.com/nvd/cve-2026-28388,rancher/mirrored-kube-vip-kube-vip-iptables:v1.0.4 (alpine 3.23.2),3.5.6-r0,true,affected,
rancher/mirrored-kube-vip-kube-vip-iptables:v1.0.4,harvester/v1.8.2,libcrypto3,3.5.5-r0,alpine,CVE-2026-28389,HIGH,https://avd.aquasec.com/nvd/cve-2026-28389,rancher/mirrored-kube-vip-kube-vip-iptables:v1.0.4 (alpine 3.23.2),3.5.6-r0,true,affected,
rancher/mirrored-kube-vip-kube-vip-iptables:v1.0.4,harvester/v1.8.2,libssl3,3.5.5-r0,alpine,CVE-2026-28389,HIGH,https://avd.aquasec.com/nvd/cve-2026-28389,rancher/mirrored-kube-vip-kube-vip-iptables:v1.0.4 (alpine 3.23.2),3.5.6-r0,true,affected,
rancher/mirrored-kube-vip-kube-vip-iptables:v1.0.4,harvester/v1.8.2,libcrypto3,3.5.5-r0,alpine,CVE-2026-28390,HIGH,https://avd.aquasec.com/nvd/cve-2026-28390,rancher/mirrored-kube-vip-kube-vip-iptables:v1.0.4 (alpine 3.23.2),3.5.6-r0,true,affected,
rancher/mirrored-kube-vip-kube-vip-iptables:v1.0.4,harvester/v1.8.2,libssl3,3.5.5-r0,alpine,CVE-2026-28390,HIGH,https://avd.aquasec.com/nvd/cve-2026-28390,rancher/mirrored-kube-vip-kube-vip-iptables:v1.0.4 (alpine 3.23.2),3.5.6-r0,true,affected,
rancher/mirrored-kube-vip-kube-vip-iptables:v1.0.4,harvester/v1.8.2,libcrypto3,3.5.5-r0,alpine,CVE-2026-31789,CRITICAL,https://avd.aquasec.com/nvd/cve-2026-31789,rancher/mirrored-kube-vip-kube-vip-iptables:v1.0.4 (alpine 3.23.2),3.5.6-r0,true,affected,
rancher/mirrored-kube-vip-kube-vip-iptables:v1.0.4,harvester/v1.8.2,libssl3,3.5.5-r0,alpine,CVE-2026-31789,CRITICAL,https://avd.aquasec.com/nvd/cve-2026-31789,rancher/mirrored-kube-vip-kube-vip-iptables:v1.0.4 (alpine 3.23.2),3.5.6-r0,true,affected,
rancher/mirrored-kube-vip-kube-vip-iptables:v1.0.4,harvester/v1.8.2,stdlib,v1.25.6,gobinary,CVE-2026-32280,HIGH,https://avd.aquasec.com/nvd/cve-2026-32280,kube-vip,"1.25.9, 1.26.2",true,affected,
rancher/mirrored-kube-vip-kube-vip-iptables:v1.0.4,harvester/v1.8.2,stdlib,v1.25.6,gobinary,CVE-2026-32282,MEDIUM,https://avd.aquasec.com/nvd/cve-2026-32282,kube-vip,"1.25.9, 1.26.2",true,not_affected,vulnerable_code_not_in_execute_path
rancher/mirrored-kube-vip-kube-vip-iptables:v1.0.4,harvester/v1.8.2,stdlib,v1.25.6,gobinary,CVE-2026-32288,MEDIUM,https://avd.aquasec.com/nvd/cve-2026-32288,kube-vip,"1.25.9, 1.26.2",true,not_affected,vulnerable_code_not_present
rancher/mirrored-kube-vip-kube-vip-iptables:v1.0.4,harvester/v1.8.2,google.golang.org/grpc,v1.77.0,gobinary,CVE-2026-33186,HIGH,https://avd.aquasec.com/nvd/cve-2026-33186,kube-vip,1.79.3,true,affected,severity_changed_due_to_suse_cvss_score
rancher/mirrored-kube-vip-kube-vip-iptables:v1.0.4,harvester/v1.8.2,stdlib,v1.25.6,gobinary,CVE-2026-33811,HIGH,https://avd.aquasec.com/nvd/cve-2026-33811,kube-vip,"1.25.10, 1.26.3",true,not_affected,vulnerable_code_not_in_execute_path
rancher/mirrored-kube-vip-kube-vip-iptables:v1.0.4,harvester/v1.8.2,golang.org/x/net,v0.47.0,gobinary,CVE-2026-33814,HIGH,https://avd.aquasec.com/nvd/cve-2026-33814,kube-vip,0.53.0,true,affected,
rancher/mirrored-kube-vip-kube-vip-iptables:v1.0.4,harvester/v1.8.2,stdlib,v1.25.6,gobinary,CVE-2026-33814,HIGH,https://avd.aquasec.com/nvd/cve-2026-33814,kube-vip,"1.25.10, 1.26.3",true,affected,
rancher/mirrored-kube-vip-kube-vip-iptables:v1.0.4,harvester/v1.8.2,stdlib,v1.25.6,gobinary,CVE-2026-39820,HIGH,https://avd.aquasec.com/nvd/cve-2026-39820,kube-vip,"1.25.10, 1.26.3",true,not_affected,vulnerable_code_not_present
rancher/mirrored-kube-vip-kube-vip-iptables:v1.0.4,harvester/v1.8.2,golang.org/x/net,v0.47.0,gobinary,CVE-2026-39821,HIGH,https://avd.aquasec.com/nvd/cve-2026-39821,kube-vip,0.55.0,true,affected,
rancher/mirrored-kube-vip-kube-vip-iptables:v1.0.4,harvester/v1.8.2,stdlib,v1.25.6,gobinary,CVE-2026-39822,HIGH,https://avd.aquasec.com/nvd/cve-2026-39822,kube-vip,"1.25.12, 1.26.5, 1.27.0-rc.2",true,not_affected,vulnerable_code_not_in_execute_path
rancher/mirrored-kube-vip-kube-vip-iptables:v1.0.4,harvester/v1.8.2,stdlib,v1.25.6,gobinary,CVE-2026-39825,MEDIUM,https://avd.aquasec.com/nvd/cve-2026-39825,kube-vip,"1.25.10, 1.26.3",true,not_affected,vulnerable_code_not_in_execute_path
rancher/mirrored-kube-vip-kube-vip-iptables:v1.0.4,harvester/v1.8.2,golang.org/x/crypto,v0.45.0,gobinary,CVE-2026-39827,MEDIUM,https://avd.aquasec.com/nvd/cve-2026-39827,kube-vip,0.52.0,true,not_affected,vulnerable_code_not_present
rancher/mirrored-kube-vip-kube-vip-iptables:v1.0.4,harvester/v1.8.2,golang.org/x/crypto,v0.45.0,gobinary,CVE-2026-39828,HIGH,https://avd.aquasec.com/nvd/cve-2026-39828,kube-vip,0.52.0,true,not_affected,vulnerable_code_not_present
rancher/mirrored-kube-vip-kube-vip-iptables:v1.0.4,harvester/v1.8.2,golang.org/x/crypto,v0.45.0,gobinary,CVE-2026-39829,HIGH,https://avd.aquasec.com/nvd/cve-2026-39829,kube-vip,0.52.0,true,not_affected,vulnerable_code_not_present
rancher/mirrored-kube-vip-kube-vip-iptables:v1.0.4,harvester/v1.8.2,golang.org/x/crypto,v0.45.0,gobinary,CVE-2026-39830,HIGH,https://avd.aquasec.com/nvd/cve-2026-39830,kube-vip,0.52.0,true,not_affected,vulnerable_code_not_present
rancher/mirrored-kube-vip-kube-vip-iptables:v1.0.4,harvester/v1.8.2,golang.org/x/crypto,v0.45.0,gobinary,CVE-2026-39831,HIGH,https://avd.aquasec.com/nvd/cve-2026-39831,kube-vip,0.52.0,true,not_affected,vulnerable_code_not_present
rancher/mirrored-kube-vip-kube-vip-iptables:v1.0.4,harvester/v1.8.2,golang.org/x/crypto,v0.45.0,gobinary,CVE-2026-39832,HIGH,https://avd.aquasec.com/nvd/cve-2026-39832,kube-vip,0.52.0,true,not_affected,vulnerable_code_not_present
rancher/mirrored-kube-vip-kube-vip-iptables:v1.0.4,harvester/v1.8.2,golang.org/x/crypto,v0.45.0,gobinary,CVE-2026-39833,MEDIUM,https://avd.aquasec.com/nvd/cve-2026-39833,kube-vip,0.52.0,true,not_affected,vulnerable_code_not_present
rancher/mirrored-kube-vip-kube-vip-iptables:v1.0.4,harvester/v1.8.2,golang.org/x/crypto,v0.45.0,gobinary,CVE-2026-39834,MEDIUM,https://avd.aquasec.com/nvd/cve-2026-39834,kube-vip,0.52.0,true,not_affected,vulnerable_code_not_present
rancher/mirrored-kube-vip-kube-vip-iptables:v1.0.4,harvester/v1.8.2,golang.org/x/crypto,v0.45.0,gobinary,CVE-2026-39835,HIGH,https://avd.aquasec.com/nvd/cve-2026-39835,kube-vip,0.52.0,true,not_affected,vulnerable_code_not_present
rancher/mirrored-kube-vip-kube-vip-iptables:v1.0.4,harvester/v1.8.2,stdlib,v1.25.6,gobinary,CVE-2026-39836,HIGH,https://avd.aquasec.com/nvd/cve-2026-39836,kube-vip,"1.25.10, 1.26.3",true,affected,
rancher/mirrored-kube-vip-kube-vip-iptables:v1.0.4,harvester/v1.8.2,musl,1.2.5-r21,alpine,CVE-2026-40200,HIGH,https://avd.aquasec.com/nvd/cve-2026-40200,rancher/mirrored-kube-vip-kube-vip-iptables:v1.0.4 (alpine 3.23.2),1.2.5-r23,true,affected,
rancher/mirrored-kube-vip-kube-vip-iptables:v1.0.4,harvester/v1.8.2,musl-utils,1.2.5-r21,alpine,CVE-2026-40200,HIGH,https://avd.aquasec.com/nvd/cve-2026-40200,rancher/mirrored-kube-vip-kube-vip-iptables:v1.0.4 (alpine 3.23.2),1.2.5-r23,true,affected,
rancher/mirrored-kube-vip-kube-vip-iptables:v1.0.4,harvester/v1.8.2,stdlib,v1.25.6,gobinary,CVE-2026-42499,HIGH,https://avd.aquasec.com/nvd/cve-2026-42499,kube-vip,"1.25.10, 1.26.3",true,not_affected,vulnerable_code_not_present
rancher/mirrored-kube-vip-kube-vip-iptables:v1.0.4,harvester/v1.8.2,golang.org/x/net,v0.47.0,gobinary,CVE-2026-42502,MEDIUM,https://avd.aquasec.com/nvd/cve-2026-42502,kube-vip,0.55.0,true,not_affected,vulnerable_code_not_present
rancher/mirrored-kube-vip-kube-vip-iptables:v1.0.4,harvester/v1.8.2,golang.org/x/net,v0.47.0,gobinary,CVE-2026-42506,MEDIUM,https://avd.aquasec.com/nvd/cve-2026-42506,kube-vip,0.55.0,true,not_affected,vulnerable_code_not_present
rancher/mirrored-kube-vip-kube-vip-iptables:v1.0.4,harvester/v1.8.2,golang.org/x/crypto,v0.45.0,gobinary,CVE-2026-42508,HIGH,https://avd.aquasec.com/nvd/cve-2026-42508,kube-vip,0.52.0,true,not_affected,vulnerable_code_not_present
rancher/mirrored-kube-vip-kube-vip-iptables:v1.0.4,harvester/v1.8.2,libcrypto3,3.5.5-r0,alpine,CVE-2026-45447,HIGH,https://avd.aquasec.com/nvd/cve-2026-45447,rancher/mirrored-kube-vip-kube-vip-iptables:v1.0.4 (alpine 3.23.2),3.5.7-r0,true,affected,
rancher/mirrored-kube-vip-kube-vip-iptables:v1.0.4,harvester/v1.8.2,libssl3,3.5.5-r0,alpine,CVE-2026-45447,HIGH,https://avd.aquasec.com/nvd/cve-2026-45447,rancher/mirrored-kube-vip-kube-vip-iptables:v1.0.4 (alpine 3.23.2),3.5.7-r0,true,affected,
rancher/mirrored-kube-vip-kube-vip-iptables:v1.0.4,harvester/v1.8.2,golang.org/x/crypto,v0.45.0,gobinary,CVE-2026-46595,HIGH,https://avd.aquasec.com/nvd/cve-2026-46595,kube-vip,0.52.0,true,not_affected,vulnerable_code_not_present
rancher/mirrored-kube-vip-kube-vip-iptables:v1.0.4,harvester/v1.8.2,golang.org/x/crypto,v0.45.0,gobinary,CVE-2026-46597,HIGH,https://avd.aquasec.com/nvd/cve-2026-46597,kube-vip,0.52.0,true,not_affected,vulnerable_code_not_present
rancher/mirrored-kube-vip-kube-vip-iptables:v1.0.4,harvester/v1.8.2,golang.org/x/crypto,v0.45.0,gobinary,CVE-2026-46598,MEDIUM,https://avd.aquasec.com/nvd/cve-2026-46598,kube-vip,0.52.0,true,not_affected,vulnerable_code_not_present
rancher/mirrored-kube-vip-kube-vip-iptables:v1.0.4,harvester/v1.8.2,golang.org/x/net,v0.47.0,gobinary,CVE-2026-46600,HIGH,https://avd.aquasec.com/nvd/cve-2026-46600,kube-vip,0.56.0,true,not_affected,vulnerable_code_not_present
rancher/mirrored-kube-vip-kube-vip-iptables:v1.0.4,harvester/v1.8.2,golang.org/x/text,v0.31.0,gobinary,CVE-2026-56852,HIGH,https://avd.aquasec.com/nvd/cve-2026-56852,kube-vip,0.39.0,true,not_affected,vulnerable_code_not_in_execute_path
rancher/mirrored-kube-vip-kube-vip-iptables:v1.0.4,harvester/v1.8.2,google.golang.org/grpc,v1.77.0,gobinary,GHSA-hrxh-6v49-42gf,HIGH,https://github.com/advisories/GHSA-hrxh-6v49-42gf,kube-vip,1.82.1,true,affected,
rancher/mirrored-library-nginx:1.29.1-alpine,harvester/v1.8.2,libcrypto3,3.5.1-r0,alpine,CVE-2025-15467,HIGH,https://avd.aquasec.com/nvd/cve-2025-15467,rancher/mirrored-library-nginx:1.29.1-alpine (alpine 3.22.1),3.5.5-r0,true,affected,
rancher/mirrored-library-nginx:1.29.1-alpine,harvester/v1.8.2,libssl3,3.5.1-r0,alpine,CVE-2025-15467,HIGH,https://avd.aquasec.com/nvd/cve-2025-15467,rancher/mirrored-library-nginx:1.29.1-alpine (alpine 3.22.1),3.5.5-r0,true,affected,
rancher/mirrored-library-nginx:1.29.1-alpine,harvester/v1.8.2,libxml2,2.13.8-r0,alpine,CVE-2025-49794,HIGH,https://avd.aquasec.com/nvd/cve-2025-49794,rancher/mirrored-library-nginx:1.29.1-alpine (alpine 3.22.1),2.13.9-r0,true,affected,
rancher/mirrored-library-nginx:1.29.1-alpine,harvester/v1.8.2,libxml2,2.13.8-r0,alpine,CVE-2025-49795,HIGH,https://avd.aquasec.com/nvd/cve-2025-49795,rancher/mirrored-library-nginx:1.29.1-alpine (alpine 3.22.1),2.13.9-r0,true,affected,
rancher/mirrored-library-nginx:1.29.1-alpine,harvester/v1.8.2,libxml2,2.13.8-r0,alpine,CVE-2025-49796,HIGH,https://avd.aquasec.com/nvd/cve-2025-49796,rancher/mirrored-library-nginx:1.29.1-alpine (alpine 3.22.1),2.13.9-r0,true,affected,
rancher/mirrored-library-nginx:1.29.1-alpine,harvester/v1.8.2,pcre2,10.43-r1,alpine,CVE-2025-58050,CRITICAL,https://avd.aquasec.com/nvd/cve-2025-58050,rancher/mirrored-library-nginx:1.29.1-alpine (alpine 3.22.1),10.46-r0,true,affected,
rancher/mirrored-library-nginx:1.29.1-alpine,harvester/v1.8.2,libexpat,2.7.1-r0,alpine,CVE-2025-59375,HIGH,https://avd.aquasec.com/nvd/cve-2025-59375,rancher/mirrored-library-nginx:1.29.1-alpine (alpine 3.22.1),2.7.2-r0,true,affected,
rancher/mirrored-library-nginx:1.29.1-alpine,harvester/v1.8.2,libpng,1.6.47-r0,alpine,CVE-2025-64720,HIGH,https://avd.aquasec.com/nvd/cve-2025-64720,rancher/mirrored-library-nginx:1.29.1-alpine (alpine 3.22.1),1.6.51-r0,true,affected,
rancher/mirrored-library-nginx:1.29.1-alpine,harvester/v1.8.2,libpng,1.6.47-r0,alpine,CVE-2025-65018,HIGH,https://avd.aquasec.com/nvd/cve-2025-65018,rancher/mirrored-library-nginx:1.29.1-alpine (alpine 3.22.1),1.6.51-r0,true,affected,
rancher/mirrored-library-nginx:1.29.1-alpine,harvester/v1.8.2,libpng,1.6.47-r0,alpine,CVE-2025-66293,HIGH,https://avd.aquasec.com/nvd/cve-2025-66293,rancher/mirrored-library-nginx:1.29.1-alpine (alpine 3.22.1),1.6.53-r0,true,affected,
rancher/mirrored-library-nginx:1.29.1-alpine,harvester/v1.8.2,libcrypto3,3.5.1-r0,alpine,CVE-2025-69421,HIGH,https://avd.aquasec.com/nvd/cve-2025-69421,rancher/mirrored-library-nginx:1.29.1-alpine (alpine 3.22.1),3.5.5-r0,true,affected,
rancher/mirrored-library-nginx:1.29.1-alpine,harvester/v1.8.2,libssl3,3.5.1-r0,alpine,CVE-2025-69421,HIGH,https://avd.aquasec.com/nvd/cve-2025-69421,rancher/mirrored-library-nginx:1.29.1-alpine (alpine 3.22.1),3.5.5-r0,true,affected,
rancher/mirrored-library-nginx:1.29.1-alpine,harvester/v1.8.2,zlib,1.3.1-r2,alpine,CVE-2026-22184,HIGH,https://avd.aquasec.com/nvd/cve-2026-22184,rancher/mirrored-library-nginx:1.29.1-alpine (alpine 3.22.1),1.3.2-r0,true,affected,
rancher/mirrored-library-nginx:1.29.1-alpine,harvester/v1.8.2,libpng,1.6.47-r0,alpine,CVE-2026-22695,HIGH,https://avd.aquasec.com/nvd/cve-2026-22695,rancher/mirrored-library-nginx:1.29.1-alpine (alpine 3.22.1),1.6.54-r0,true,affected,
rancher/mirrored-library-nginx:1.29.1-alpine,harvester/v1.8.2,libpng,1.6.47-r0,alpine,CVE-2026-22801,HIGH,https://avd.aquasec.com/nvd/cve-2026-22801,rancher/mirrored-library-nginx:1.29.1-alpine (alpine 3.22.1),1.6.54-r0,true,affected,
rancher/mirrored-library-nginx:1.29.1-alpine,harvester/v1.8.2,libexpat,2.7.1-r0,alpine,CVE-2026-25210,HIGH,https://avd.aquasec.com/nvd/cve-2026-25210,rancher/mirrored-library-nginx:1.29.1-alpine (alpine 3.22.1),2.7.4-r0,true,affected,
rancher/mirrored-library-nginx:1.29.1-alpine,harvester/v1.8.2,libpng,1.6.47-r0,alpine,CVE-2026-25646,HIGH,https://avd.aquasec.com/nvd/cve-2026-25646,rancher/mirrored-library-nginx:1.29.1-alpine (alpine 3.22.1),1.6.55-r0,true,affected,
rancher/mirrored-library-nginx:1.29.1-alpine,harvester/v1.8.2,nghttp2-libs,1.65.0-r0,alpine,CVE-2026-27135,HIGH,https://avd.aquasec.com/nvd/cve-2026-27135,rancher/mirrored-library-nginx:1.29.1-alpine (alpine 3.22.1),1.68.1,true,affected,
rancher/mirrored-library-nginx:1.29.1-alpine,harvester/v1.8.2,libcrypto3,3.5.1-r0,alpine,CVE-2026-28387,HIGH,https://avd.aquasec.com/nvd/cve-2026-28387,rancher/mirrored-library-nginx:1.29.1-alpine (alpine 3.22.1),3.5.6-r0,true,affected,
rancher/mirrored-library-nginx:1.29.1-alpine,harvester/v1.8.2,libssl3,3.5.1-r0,alpine,CVE-2026-28387,HIGH,https://avd.aquasec.com/nvd/cve-2026-28387,rancher/mirrored-library-nginx:1.29.1-alpine (alpine 3.22.1),3.5.6-r0,true,affected,
rancher/mirrored-library-nginx:1.29.1-alpine,harvester/v1.8.2,libcrypto3,3.5.1-r0,alpine,CVE-2026-28388,HIGH,https://avd.aquasec.com/nvd/cve-2026-28388,rancher/mirrored-library-nginx:1.29.1-alpine (alpine 3.22.1),3.5.6-r0,true,affected,
rancher/mirrored-library-nginx:1.29.1-alpine,harvester/v1.8.2,libssl3,3.5.1-r0,alpine,CVE-2026-28388,HIGH,https://avd.aquasec.com/nvd/cve-2026-28388,rancher/mirrored-library-nginx:1.29.1-alpine (alpine 3.22.1),3.5.6-r0,true,affected,
rancher/mirrored-library-nginx:1.29.1-alpine,harvester/v1.8.2,libcrypto3,3.5.1-r0,alpine,CVE-2026-28389,HIGH,https://avd.aquasec.com/nvd/cve-2026-28389,rancher/mirrored-library-nginx:1.29.1-alpine (alpine 3.22.1),3.5.6-r0,true,affected,
rancher/mirrored-library-nginx:1.29.1-alpine,harvester/v1.8.2,libssl3,3.5.1-r0,alpine,CVE-2026-28389,HIGH,https://avd.aquasec.com/nvd/cve-2026-28389,rancher/mirrored-library-nginx:1.29.1-alpine (alpine 3.22.1),3.5.6-r0,true,affected,
rancher/mirrored-library-nginx:1.29.1-alpine,harvester/v1.8.2,libcrypto3,3.5.1-r0,alpine,CVE-2026-28390,HIGH,https://avd.aquasec.com/nvd/cve-2026-28390,rancher/mirrored-library-nginx:1.29.1-alpine (alpine 3.22.1),3.5.6-r0,true,affected,
rancher/mirrored-library-nginx:1.29.1-alpine,harvester/v1.8.2,libssl3,3.5.1-r0,alpine,CVE-2026-28390,HIGH,https://avd.aquasec.com/nvd/cve-2026-28390,rancher/mirrored-library-nginx:1.29.1-alpine (alpine 3.22.1),3.5.6-r0,true,affected,
rancher/mirrored-library-nginx:1.29.1-alpine,harvester/v1.8.2,libcrypto3,3.5.1-r0,alpine,CVE-2026-31789,CRITICAL,https://avd.aquasec.com/nvd/cve-2026-31789,rancher/mirrored-library-nginx:1.29.1-alpine (alpine 3.22.1),3.5.6-r0,true,affected,
rancher/mirrored-library-nginx:1.29.1-alpine,harvester/v1.8.2,libssl3,3.5.1-r0,alpine,CVE-2026-31789,CRITICAL,https://avd.aquasec.com/nvd/cve-2026-31789,rancher/mirrored-library-nginx:1.29.1-alpine (alpine 3.22.1),3.5.6-r0,true,affected,
rancher/mirrored-library-nginx:1.29.1-alpine,harvester/v1.8.2,c-ares,1.34.5-r0,alpine,CVE-2026-33630,HIGH,https://avd.aquasec.com/nvd/cve-2026-33630,rancher/mirrored-library-nginx:1.29.1-alpine (alpine 3.22.1),1.34.8-r0,true,affected,
rancher/mirrored-library-nginx:1.29.1-alpine,harvester/v1.8.2,musl,1.2.5-r10,alpine,CVE-2026-40200,HIGH,https://avd.aquasec.com/nvd/cve-2026-40200,rancher/mirrored-library-nginx:1.29.1-alpine (alpine 3.22.1),1.2.5-r12,true,affected,
rancher/mirrored-library-nginx:1.29.1-alpine,harvester/v1.8.2,musl-utils,1.2.5-r10,alpine,CVE-2026-40200,HIGH,https://avd.aquasec.com/nvd/cve-2026-40200,rancher/mirrored-library-nginx:1.29.1-alpine (alpine 3.22.1),1.2.5-r12,true,affected,
rancher/mirrored-library-nginx:1.29.1-alpine,harvester/v1.8.2,libexpat,2.7.1-r0,alpine,CVE-2026-45186,HIGH,https://avd.aquasec.com/nvd/cve-2026-45186,rancher/mirrored-library-nginx:1.29.1-alpine (alpine 3.22.1),2.8.1-r0,true,affected,
rancher/mirrored-library-nginx:1.29.1-alpine,harvester/v1.8.2,libcrypto3,3.5.1-r0,alpine,CVE-2026-45447,HIGH,https://avd.aquasec.com/nvd/cve-2026-45447,rancher/mirrored-library-nginx:1.29.1-alpine (alpine 3.22.1),3.5.7-r0,true,affected,
rancher/mirrored-library-nginx:1.29.1-alpine,harvester/v1.8.2,libssl3,3.5.1-r0,alpine,CVE-2026-45447,HIGH,https://avd.aquasec.com/nvd/cve-2026-45447,rancher/mirrored-library-nginx:1.29.1-alpine (alpine 3.22.1),3.5.7-r0,true,affected,
rancher/mirrored-library-nginx:1.29.1-alpine,harvester/v1.8.2,libexpat,2.7.1-r0,alpine,CVE-2026-56408,HIGH,https://avd.aquasec.com/nvd/cve-2026-56408,rancher/mirrored-library-nginx:1.29.1-alpine (alpine 3.22.1),2.8.2-r0,true,affected,
rancher/mirrored-library-nginx:1.29.1-alpine,harvester/v1.8.2,libxml2,2.13.8-r0,alpine,CVE-2026-6732,HIGH,https://avd.aquasec.com/nvd/cve-2026-6732,rancher/mirrored-library-nginx:1.29.1-alpine (alpine 3.22.1),2.13.9-r1,true,affected,
rancher/mirrored-prometheus-adapter-prometheus-adapter:v0.12.0,harvester/v1.8.2,stdlib,v1.22.2,gobinary,CVE-2024-24789,MEDIUM,https://avd.aquasec.com/nvd/cve-2024-24789,adapter,"1.21.11, 1.22.4",true,not_affected,vulnerable_code_not_present
rancher/mirrored-prometheus-adapter-prometheus-adapter:v0.12.0,harvester/v1.8.2,stdlib,v1.22.2,gobinary,CVE-2024-34155,MEDIUM,https://avd.aquasec.com/nvd/cve-2024-34155,adapter,"1.22.7, 1.23.1",true,not_affected,vulnerable_code_not_in_execute_path
rancher/mirrored-prometheus-adapter-prometheus-adapter:v0.12.0,harvester/v1.8.2,stdlib,v1.22.2,gobinary,CVE-2024-34156,HIGH,https://avd.aquasec.com/nvd/cve-2024-34156,adapter,"1.22.7, 1.23.1",true,not_affected,vulnerable_code_not_present
rancher/mirrored-prometheus-adapter-prometheus-adapter:v0.12.0,harvester/v1.8.2,stdlib,v1.22.2,gobinary,CVE-2024-34158,MEDIUM,https://avd.aquasec.com/nvd/cve-2024-34158,adapter,"1.22.7, 1.23.1",true,not_affected,vulnerable_code_not_present
rancher/mirrored-prometheus-adapter-prometheus-adapter:v0.12.0,harvester/v1.8.2,golang.org/x/crypto,v0.22.0,gobinary,CVE-2024-45337,HIGH,https://avd.aquasec.com/nvd/cve-2024-45337,adapter,0.31.0,true,not_affected,vulnerable_code_not_present
rancher/mirrored-prometheus-adapter-prometheus-adapter:v0.12.0,harvester/v1.8.2,golang.org/x/net,v0.24.0,gobinary,CVE-2024-45338,HIGH,https://avd.aquasec.com/nvd/cve-2024-45338,adapter,0.33.0,true,not_affected,vulnerable_code_not_present
rancher/mirrored-prometheus-adapter-prometheus-adapter:v0.12.0,harvester/v1.8.2,golang.org/x/oauth2,v0.18.0,gobinary,CVE-2025-22868,HIGH,https://avd.aquasec.com/nvd/cve-2025-22868,adapter,0.27.0,true,not_affected,vulnerable_code_not_present
rancher/mirrored-prometheus-adapter-prometheus-adapter:v0.12.0,harvester/v1.8.2,golang.org/x/crypto,v0.22.0,gobinary,CVE-2025-22869,HIGH,https://avd.aquasec.com/nvd/cve-2025-22869,adapter,0.35.0,true,not_affected,vulnerable_code_not_present
rancher/mirrored-prometheus-adapter-prometheus-adapter:v0.12.0,harvester/v1.8.2,golang.org/x/net,v0.24.0,gobinary,CVE-2025-22870,MEDIUM,https://avd.aquasec.com/nvd/cve-2025-22870,adapter,0.36.0,true,not_affected,vulnerable_code_not_present
rancher/mirrored-prometheus-adapter-prometheus-adapter:v0.12.0,harvester/v1.8.2,golang.org/x/net,v0.24.0,gobinary,CVE-2025-22872,MEDIUM,https://avd.aquasec.com/nvd/cve-2025-22872,adapter,0.38.0,true,not_affected,vulnerable_code_not_present
rancher/mirrored-prometheus-adapter-prometheus-adapter:v0.12.0,harvester/v1.8.2,stdlib,v1.22.2,gobinary,CVE-2025-22873,MEDIUM,https://avd.aquasec.com/nvd/cve-2025-22873,adapter,"1.23.9, 1.24.3",true,not_affected,vulnerable_code_not_in_execute_path
rancher/mirrored-prometheus-adapter-prometheus-adapter:v0.12.0,harvester/v1.8.2,stdlib,v1.22.2,gobinary,CVE-2025-47907,MEDIUM,https://avd.aquasec.com/nvd/cve-2025-47907,adapter,"1.23.12, 1.24.6",true,not_affected,vulnerable_code_not_in_execute_path
rancher/mirrored-prometheus-adapter-prometheus-adapter:v0.12.0,harvester/v1.8.2,golang.org/x/net,v0.24.0,gobinary,CVE-2025-47911,MEDIUM,https://avd.aquasec.com/nvd/cve-2025-47911,adapter,0.45.0,true,not_affected,vulnerable_code_not_present
rancher/mirrored-prometheus-adapter-prometheus-adapter:v0.12.0,harvester/v1.8.2,stdlib,v1.22.2,gobinary,CVE-2025-47912,HIGH,https://avd.aquasec.com/nvd/cve-2025-47912,adapter,"1.24.8, 1.25.2",true,affected,severity_changed_due_to_suse_cvss_score
rancher/mirrored-prometheus-adapter-prometheus-adapter:v0.12.0,harvester/v1.8.2,golang.org/x/crypto,v0.22.0,gobinary,CVE-2025-47913,HIGH,https://avd.aquasec.com/nvd/cve-2025-47913,adapter,0.43.0,true,not_affected,vulnerable_code_not_present
rancher/mirrored-prometheus-adapter-prometheus-adapter:v0.12.0,harvester/v1.8.2,golang.org/x/crypto,v0.22.0,gobinary,CVE-2025-47914,MEDIUM,https://avd.aquasec.com/nvd/cve-2025-47914,adapter,0.45.0,true,not_affected,vulnerable_code_not_present
rancher/mirrored-prometheus-adapter-prometheus-adapter:v0.12.0,harvester/v1.8.2,golang.org/x/crypto,v0.22.0,gobinary,CVE-2025-58181,MEDIUM,https://avd.aquasec.com/nvd/cve-2025-58181,adapter,0.45.0,true,not_affected,vulnerable_code_not_present
rancher/mirrored-prometheus-adapter-prometheus-adapter:v0.12.0,harvester/v1.8.2,stdlib,v1.22.2,gobinary,CVE-2025-58183,MEDIUM,https://avd.aquasec.com/nvd/cve-2025-58183,adapter,"1.24.8, 1.25.2",true,not_affected,vulnerable_code_not_present
rancher/mirrored-prometheus-adapter-prometheus-adapter:v0.12.0,harvester/v1.8.2,stdlib,v1.22.2,gobinary,CVE-2025-58188,HIGH,https://avd.aquasec.com/nvd/cve-2025-58188,adapter,"1.24.8, 1.25.2",true,affected,severity_changed_due_to_suse_cvss_score
rancher/mirrored-prometheus-adapter-prometheus-adapter:v0.12.0,harvester/v1.8.2,golang.org/x/net,v0.24.0,gobinary,CVE-2025-58190,MEDIUM,https://avd.aquasec.com/nvd/cve-2025-58190,adapter,0.45.0,true,not_affected,vulnerable_code_not_present
rancher/mirrored-prometheus-adapter-prometheus-adapter:v0.12.0,harvester/v1.8.2,stdlib,v1.22.2,gobinary,CVE-2025-61727,HIGH,https://avd.aquasec.com/nvd/cve-2025-61727,adapter,"1.24.11, 1.25.5",true,affected,severity_changed_due_to_suse_cvss_score
rancher/mirrored-prometheus-adapter-prometheus-adapter:v0.12.0,harvester/v1.8.2,stdlib,v1.22.2,gobinary,CVE-2025-61728,MEDIUM,https://avd.aquasec.com/nvd/cve-2025-61728,adapter,"1.24.12, 1.25.6",true,not_affected,vulnerable_code_not_present
rancher/mirrored-prometheus-adapter-prometheus-adapter:v0.12.0,harvester/v1.8.2,stdlib,v1.22.2,gobinary,CVE-2025-61729,HIGH,https://avd.aquasec.com/nvd/cve-2025-61729,adapter,"1.24.11, 1.25.5",true,affected,
rancher/mirrored-prometheus-adapter-prometheus-adapter:v0.12.0,harvester/v1.8.2,stdlib,v1.22.2,gobinary,CVE-2025-68121,HIGH,https://avd.aquasec.com/nvd/cve-2025-68121,adapter,"1.24.13, 1.25.7, 1.26.0-rc.3",true,affected,severity_changed_due_to_suse_cvss_score
rancher/mirrored-prometheus-adapter-prometheus-adapter:v0.12.0,harvester/v1.8.2,go.opentelemetry.io/otel/sdk,v1.21.0,gobinary,CVE-2026-24051,HIGH,https://avd.aquasec.com/nvd/cve-2026-24051,adapter,1.40.0,true,not_affected,vulnerable_code_not_present
rancher/mirrored-prometheus-adapter-prometheus-adapter:v0.12.0,harvester/v1.8.2,golang.org/x/net,v0.24.0,gobinary,CVE-2026-25680,MEDIUM,https://avd.aquasec.com/nvd/cve-2026-25680,adapter,0.55.0,true,not_affected,vulnerable_code_not_present
rancher/mirrored-prometheus-adapter-prometheus-adapter:v0.12.0,harvester/v1.8.2,golang.org/x/net,v0.24.0,gobinary,CVE-2026-25681,HIGH,https://avd.aquasec.com/nvd/cve-2026-25681,adapter,0.55.0,true,not_affected,vulnerable_code_not_present
rancher/mirrored-prometheus-adapter-prometheus-adapter:v0.12.0,harvester/v1.8.2,golang.org/x/net,v0.24.0,gobinary,CVE-2026-27136,HIGH,https://avd.aquasec.com/nvd/cve-2026-27136,adapter,0.55.0,true,not_affected,vulnerable_code_not_present
rancher/mirrored-prometheus-adapter-prometheus-adapter:v0.12.0,harvester/v1.8.2,stdlib,v1.22.2,gobinary,CVE-2026-32280,HIGH,https://avd.aquasec.com/nvd/cve-2026-32280,adapter,"1.25.9, 1.26.2",true,not_affected,vulnerable_code_not_in_execute_path
rancher/mirrored-prometheus-adapter-prometheus-adapter:v0.12.0,harvester/v1.8.2,stdlib,v1.22.2,gobinary,CVE-2026-32282,MEDIUM,https://avd.aquasec.com/nvd/cve-2026-32282,adapter,"1.25.9, 1.26.2",true,not_affected,vulnerable_code_not_in_execute_path
rancher/mirrored-prometheus-adapter-prometheus-adapter:v0.12.0,harvester/v1.8.2,stdlib,v1.22.2,gobinary,CVE-2026-32288,MEDIUM,https://avd.aquasec.com/nvd/cve-2026-32288,adapter,"1.25.9, 1.26.2",true,not_affected,vulnerable_code_not_present
rancher/mirrored-prometheus-adapter-prometheus-adapter:v0.12.0,harvester/v1.8.2,google.golang.org/grpc,v1.60.1,gobinary,CVE-2026-33186,HIGH,https://avd.aquasec.com/nvd/cve-2026-33186,adapter,1.79.3,true,affected,severity_changed_due_to_suse_cvss_score
rancher/mirrored-prometheus-adapter-prometheus-adapter:v0.12.0,harvester/v1.8.2,stdlib,v1.22.2,gobinary,CVE-2026-33811,HIGH,https://avd.aquasec.com/nvd/cve-2026-33811,adapter,"1.25.10, 1.26.3",true,affected,
rancher/mirrored-prometheus-adapter-prometheus-adapter:v0.12.0,harvester/v1.8.2,golang.org/x/net,v0.24.0,gobinary,CVE-2026-33814,HIGH,https://avd.aquasec.com/nvd/cve-2026-33814,adapter,0.53.0,true,affected,
rancher/mirrored-prometheus-adapter-prometheus-adapter:v0.12.0,harvester/v1.8.2,stdlib,v1.22.2,gobinary,CVE-2026-33814,HIGH,https://avd.aquasec.com/nvd/cve-2026-33814,adapter,"1.25.10, 1.26.3",true,affected,
rancher/mirrored-prometheus-adapter-prometheus-adapter:v0.12.0,harvester/v1.8.2,stdlib,v1.22.2,gobinary,CVE-2026-39820,HIGH,https://avd.aquasec.com/nvd/cve-2026-39820,adapter,"1.25.10, 1.26.3",true,affected,
rancher/mirrored-prometheus-adapter-prometheus-adapter:v0.12.0,harvester/v1.8.2,golang.org/x/net,v0.24.0,gobinary,CVE-2026-39821,HIGH,https://avd.aquasec.com/nvd/cve-2026-39821,adapter,0.55.0,true,affected,
rancher/mirrored-prometheus-adapter-prometheus-adapter:v0.12.0,harvester/v1.8.2,stdlib,v1.22.2,gobinary,CVE-2026-39822,HIGH,https://avd.aquasec.com/nvd/cve-2026-39822,adapter,"1.25.12, 1.26.5, 1.27.0-rc.2",true,not_affected,vulnerable_code_not_in_execute_path
rancher/mirrored-prometheus-adapter-prometheus-adapter:v0.12.0,harvester/v1.8.2,stdlib,v1.22.2,gobinary,CVE-2026-39825,MEDIUM,https://avd.aquasec.com/nvd/cve-2026-39825,adapter,"1.25.10, 1.26.3",true,not_affected,vulnerable_code_not_in_execute_path
rancher/mirrored-prometheus-adapter-prometheus-adapter:v0.12.0,harvester/v1.8.2,golang.org/x/crypto,v0.22.0,gobinary,CVE-2026-39827,MEDIUM,https://avd.aquasec.com/nvd/cve-2026-39827,adapter,0.52.0,true,not_affected,vulnerable_code_not_present
rancher/mirrored-prometheus-adapter-prometheus-adapter:v0.12.0,harvester/v1.8.2,golang.org/x/crypto,v0.22.0,gobinary,CVE-2026-39828,HIGH,https://avd.aquasec.com/nvd/cve-2026-39828,adapter,0.52.0,true,not_affected,vulnerable_code_not_present
rancher/mirrored-prometheus-adapter-prometheus-adapter:v0.12.0,harvester/v1.8.2,golang.org/x/crypto,v0.22.0,gobinary,CVE-2026-39829,HIGH,https://avd.aquasec.com/nvd/cve-2026-39829,adapter,0.52.0,true,not_affected,vulnerable_code_not_present
rancher/mirrored-prometheus-adapter-prometheus-adapter:v0.12.0,harvester/v1.8.2,golang.org/x/crypto,v0.22.0,gobinary,CVE-2026-39830,HIGH,https://avd.aquasec.com/nvd/cve-2026-39830,adapter,0.52.0,true,not_affected,vulnerable_code_not_present
rancher/mirrored-prometheus-adapter-prometheus-adapter:v0.12.0,harvester/v1.8.2,golang.org/x/crypto,v0.22.0,gobinary,CVE-2026-39831,HIGH,https://avd.aquasec.com/nvd/cve-2026-39831,adapter,0.52.0,true,not_affected,vulnerable_code_not_present
rancher/mirrored-prometheus-adapter-prometheus-adapter:v0.12.0,harvester/v1.8.2,golang.org/x/crypto,v0.22.0,gobinary,CVE-2026-39832,HIGH,https://avd.aquasec.com/nvd/cve-2026-39832,adapter,0.52.0,true,not_affected,vulnerable_code_not_present
rancher/mirrored-prometheus-adapter-prometheus-adapter:v0.12.0,harvester/v1.8.2,golang.org/x/crypto,v0.22.0,gobinary,CVE-2026-39833,MEDIUM,https://avd.aquasec.com/nvd/cve-2026-39833,adapter,0.52.0,true,not_affected,vulnerable_code_not_present
rancher/mirrored-prometheus-adapter-prometheus-adapter:v0.12.0,harvester/v1.8.2,golang.org/x/crypto,v0.22.0,gobinary,CVE-2026-39834,MEDIUM,https://avd.aquasec.com/nvd/cve-2026-39834,adapter,0.52.0,true,not_affected,vulnerable_code_not_present
rancher/mirrored-prometheus-adapter-prometheus-adapter:v0.12.0,harvester/v1.8.2,golang.org/x/crypto,v0.22.0,gobinary,CVE-2026-39835,HIGH,https://avd.aquasec.com/nvd/cve-2026-39835,adapter,0.52.0,true,not_affected,vulnerable_code_not_present
rancher/mirrored-prometheus-adapter-prometheus-adapter:v0.12.0,harvester/v1.8.2,stdlib,v1.22.2,gobinary,CVE-2026-39836,HIGH,https://avd.aquasec.com/nvd/cve-2026-39836,adapter,"1.25.10, 1.26.3",true,affected,
rancher/mirrored-prometheus-adapter-prometheus-adapter:v0.12.0,harvester/v1.8.2,go.opentelemetry.io/otel/sdk,v1.21.0,gobinary,CVE-2026-39883,HIGH,https://avd.aquasec.com/nvd/cve-2026-39883,adapter,1.43.0,true,not_affected,vulnerable_code_not_in_execute_path
rancher/mirrored-prometheus-adapter-prometheus-adapter:v0.12.0,harvester/v1.8.2,stdlib,v1.22.2,gobinary,CVE-2026-42499,HIGH,https://avd.aquasec.com/nvd/cve-2026-42499,adapter,"1.25.10, 1.26.3",true,affected,
rancher/mirrored-prometheus-adapter-prometheus-adapter:v0.12.0,harvester/v1.8.2,golang.org/x/net,v0.24.0,gobinary,CVE-2026-42502,MEDIUM,https://avd.aquasec.com/nvd/cve-2026-42502,adapter,0.55.0,true,not_affected,vulnerable_code_not_present
rancher/mirrored-prometheus-adapter-prometheus-adapter:v0.12.0,harvester/v1.8.2,golang.org/x/net,v0.24.0,gobinary,CVE-2026-42506,MEDIUM,https://avd.aquasec.com/nvd/cve-2026-42506,adapter,0.55.0,true,not_affected,vulnerable_code_not_present
rancher/mirrored-prometheus-adapter-prometheus-adapter:v0.12.0,harvester/v1.8.2,golang.org/x/crypto,v0.22.0,gobinary,CVE-2026-42508,HIGH,https://avd.aquasec.com/nvd/cve-2026-42508,adapter,0.52.0,true,not_affected,vulnerable_code_not_present
rancher/mirrored-prometheus-adapter-prometheus-adapter:v0.12.0,harvester/v1.8.2,golang.org/x/crypto,v0.22.0,gobinary,CVE-2026-46595,HIGH,https://avd.aquasec.com/nvd/cve-2026-46595,adapter,0.52.0,true,not_affected,vulnerable_code_not_present
rancher/mirrored-prometheus-adapter-prometheus-adapter:v0.12.0,harvester/v1.8.2,golang.org/x/crypto,v0.22.0,gobinary,CVE-2026-46597,HIGH,https://avd.aquasec.com/nvd/cve-2026-46597,adapter,0.52.0,true,not_affected,vulnerable_code_not_present
rancher/mirrored-prometheus-adapter-prometheus-adapter:v0.12.0,harvester/v1.8.2,golang.org/x/crypto,v0.22.0,gobinary,CVE-2026-46598,MEDIUM,https://avd.aquasec.com/nvd/cve-2026-46598,adapter,0.52.0,true,not_affected,vulnerable_code_not_present
rancher/mirrored-prometheus-adapter-prometheus-adapter:v0.12.0,harvester/v1.8.2,golang.org/x/net,v0.24.0,gobinary,CVE-2026-46600,HIGH,https://avd.aquasec.com/nvd/cve-2026-46600,adapter,0.56.0,true,not_affected,vulnerable_code_not_present
rancher/mirrored-prometheus-adapter-prometheus-adapter:v0.12.0,harvester/v1.8.2,golang.org/x/text,v0.14.0,gobinary,CVE-2026-56852,HIGH,https://avd.aquasec.com/nvd/cve-2026-56852,adapter,0.39.0,true,not_affected,vulnerable_code_not_in_execute_path
rancher/mirrored-prometheus-adapter-prometheus-adapter:v0.12.0,harvester/v1.8.2,google.golang.org/grpc,v1.60.1,gobinary,GHSA-hrxh-6v49-42gf,HIGH,https://github.com/advisories/GHSA-hrxh-6v49-42gf,adapter,1.82.1,true,affected,
rancher/mirrored-prometheus-operator-admission-webhook:v0.85.0,harvester/v1.8.2,golang.org/x/net,v0.43.0,gobinary,CVE-2025-47911,MEDIUM,https://avd.aquasec.com/nvd/cve-2025-47911,bin/admission-webhook,0.45.0,true,not_affected,vulnerable_code_not_present
rancher/mirrored-prometheus-operator-admission-webhook:v0.85.0,harvester/v1.8.2,stdlib,v1.24.6,gobinary,CVE-2025-47912,HIGH,https://avd.aquasec.com/nvd/cve-2025-47912,bin/admission-webhook,"1.24.8, 1.25.2",true,affected,severity_changed_due_to_suse_cvss_score
rancher/mirrored-prometheus-operator-admission-webhook:v0.85.0,harvester/v1.8.2,stdlib,v1.24.6,gobinary,CVE-2025-58183,MEDIUM,https://avd.aquasec.com/nvd/cve-2025-58183,bin/admission-webhook,"1.24.8, 1.25.2",true,not_affected,vulnerable_code_not_present
rancher/mirrored-prometheus-operator-admission-webhook:v0.85.0,harvester/v1.8.2,stdlib,v1.24.6,gobinary,CVE-2025-58187,MEDIUM,https://avd.aquasec.com/nvd/cve-2025-58187,bin/admission-webhook,"1.24.9, 1.25.3",true,not_affected,vulnerable_code_not_in_execute_path
rancher/mirrored-prometheus-operator-admission-webhook:v0.85.0,harvester/v1.8.2,stdlib,v1.24.6,gobinary,CVE-2025-58188,HIGH,https://avd.aquasec.com/nvd/cve-2025-58188,bin/admission-webhook,"1.24.8, 1.25.2",true,affected,severity_changed_due_to_suse_cvss_score
rancher/mirrored-prometheus-operator-admission-webhook:v0.85.0,harvester/v1.8.2,golang.org/x/net,v0.43.0,gobinary,CVE-2025-58190,MEDIUM,https://avd.aquasec.com/nvd/cve-2025-58190,bin/admission-webhook,0.45.0,true,not_affected,vulnerable_code_not_present
rancher/mirrored-prometheus-operator-admission-webhook:v0.85.0,harvester/v1.8.2,stdlib,v1.24.6,gobinary,CVE-2025-61724,MEDIUM,https://avd.aquasec.com/nvd/cve-2025-61724,bin/admission-webhook,"1.24.8, 1.25.2",true,not_affected,vulnerable_code_not_in_execute_path
rancher/mirrored-prometheus-operator-admission-webhook:v0.85.0,harvester/v1.8.2,stdlib,v1.24.6,gobinary,CVE-2025-61725,MEDIUM,https://avd.aquasec.com/nvd/cve-2025-61725,bin/admission-webhook,"1.24.8, 1.25.2",true,not_affected,vulnerable_code_not_in_execute_path
rancher/mirrored-prometheus-operator-admission-webhook:v0.85.0,harvester/v1.8.2,stdlib,v1.24.6,gobinary,CVE-2025-61726,HIGH,https://avd.aquasec.com/nvd/cve-2025-61726,bin/admission-webhook,"1.24.12, 1.25.6",true,not_affected,vulnerable_code_not_in_execute_path
rancher/mirrored-prometheus-operator-admission-webhook:v0.85.0,harvester/v1.8.2,stdlib,v1.24.6,gobinary,CVE-2025-61727,HIGH,https://avd.aquasec.com/nvd/cve-2025-61727,bin/admission-webhook,"1.24.11, 1.25.5",true,affected,severity_changed_due_to_suse_cvss_score
rancher/mirrored-prometheus-operator-admission-webhook:v0.85.0,harvester/v1.8.2,stdlib,v1.24.6,gobinary,CVE-2025-61728,MEDIUM,https://avd.aquasec.com/nvd/cve-2025-61728,bin/admission-webhook,"1.24.12, 1.25.6",true,not_affected,vulnerable_code_not_present
rancher/mirrored-prometheus-operator-admission-webhook:v0.85.0,harvester/v1.8.2,stdlib,v1.24.6,gobinary,CVE-2025-61729,HIGH,https://avd.aquasec.com/nvd/cve-2025-61729,bin/admission-webhook,"1.24.11, 1.25.5",true,affected,
rancher/mirrored-prometheus-operator-admission-webhook:v0.85.0,harvester/v1.8.2,stdlib,v1.24.6,gobinary,CVE-2025-68121,HIGH,https://avd.aquasec.com/nvd/cve-2025-68121,bin/admission-webhook,"1.24.13, 1.25.7, 1.26.0-rc.3",true,affected,severity_changed_due_to_suse_cvss_score
rancher/mirrored-prometheus-operator-admission-webhook:v0.85.0,harvester/v1.8.2,go.mongodb.org/mongo-driver,v1.17.4,gobinary,CVE-2026-2303,MEDIUM,https://avd.aquasec.com/nvd/cve-2026-2303,bin/admission-webhook,1.17.7,true,not_affected,vulnerable_code_not_present
rancher/mirrored-prometheus-operator-admission-webhook:v0.85.0,harvester/v1.8.2,golang.org/x/net,v0.43.0,gobinary,CVE-2026-25680,MEDIUM,https://avd.aquasec.com/nvd/cve-2026-25680,bin/admission-webhook,0.55.0,true,not_affected,vulnerable_code_not_present
rancher/mirrored-prometheus-operator-admission-webhook:v0.85.0,harvester/v1.8.2,golang.org/x/net,v0.43.0,gobinary,CVE-2026-25681,HIGH,https://avd.aquasec.com/nvd/cve-2026-25681,bin/admission-webhook,0.55.0,true,not_affected,vulnerable_code_not_present
rancher/mirrored-prometheus-operator-admission-webhook:v0.85.0,harvester/v1.8.2,golang.org/x/net,v0.43.0,gobinary,CVE-2026-27136,HIGH,https://avd.aquasec.com/nvd/cve-2026-27136,bin/admission-webhook,0.55.0,true,not_affected,vulnerable_code_not_present
rancher/mirrored-prometheus-operator-admission-webhook:v0.85.0,harvester/v1.8.2,go.opentelemetry.io/otel,v1.37.0,gobinary,CVE-2026-29181,HIGH,https://avd.aquasec.com/nvd/cve-2026-29181,bin/admission-webhook,1.41.0,true,not_affected,vulnerable_code_not_in_execute_path
rancher/mirrored-prometheus-operator-admission-webhook:v0.85.0,harvester/v1.8.2,stdlib,v1.24.6,gobinary,CVE-2026-32280,HIGH,https://avd.aquasec.com/nvd/cve-2026-32280,bin/admission-webhook,"1.25.9, 1.26.2",true,affected,
rancher/mirrored-prometheus-operator-admission-webhook:v0.85.0,harvester/v1.8.2,stdlib,v1.24.6,gobinary,CVE-2026-32282,MEDIUM,https://avd.aquasec.com/nvd/cve-2026-32282,bin/admission-webhook,"1.25.9, 1.26.2",true,not_affected,vulnerable_code_not_in_execute_path
rancher/mirrored-prometheus-operator-admission-webhook:v0.85.0,harvester/v1.8.2,stdlib,v1.24.6,gobinary,CVE-2026-32288,MEDIUM,https://avd.aquasec.com/nvd/cve-2026-32288,bin/admission-webhook,"1.25.9, 1.26.2",true,not_affected,vulnerable_code_not_present
rancher/mirrored-prometheus-operator-admission-webhook:v0.85.0,harvester/v1.8.2,stdlib,v1.24.6,gobinary,CVE-2026-33811,HIGH,https://avd.aquasec.com/nvd/cve-2026-33811,bin/admission-webhook,"1.25.10, 1.26.3",true,not_affected,vulnerable_code_not_in_execute_path
rancher/mirrored-prometheus-operator-admission-webhook:v0.85.0,harvester/v1.8.2,golang.org/x/net,v0.43.0,gobinary,CVE-2026-33814,HIGH,https://avd.aquasec.com/nvd/cve-2026-33814,bin/admission-webhook,0.53.0,true,affected,
rancher/mirrored-prometheus-operator-admission-webhook:v0.85.0,harvester/v1.8.2,stdlib,v1.24.6,gobinary,CVE-2026-33814,HIGH,https://avd.aquasec.com/nvd/cve-2026-33814,bin/admission-webhook,"1.25.10, 1.26.3",true,affected,
rancher/mirrored-prometheus-operator-admission-webhook:v0.85.0,harvester/v1.8.2,stdlib,v1.24.6,gobinary,CVE-2026-39820,HIGH,https://avd.aquasec.com/nvd/cve-2026-39820,bin/admission-webhook,"1.25.10, 1.26.3",true,not_affected,vulnerable_code_not_in_execute_path
rancher/mirrored-prometheus-operator-admission-webhook:v0.85.0,harvester/v1.8.2,golang.org/x/net,v0.43.0,gobinary,CVE-2026-39821,HIGH,https://avd.aquasec.com/nvd/cve-2026-39821,bin/admission-webhook,0.55.0,true,not_affected,vulnerable_code_not_in_execute_path
rancher/mirrored-prometheus-operator-admission-webhook:v0.85.0,harvester/v1.8.2,stdlib,v1.24.6,gobinary,CVE-2026-39822,HIGH,https://avd.aquasec.com/nvd/cve-2026-39822,bin/admission-webhook,"1.25.12, 1.26.5, 1.27.0-rc.2",true,not_affected,vulnerable_code_not_in_execute_path
rancher/mirrored-prometheus-operator-admission-webhook:v0.85.0,harvester/v1.8.2,stdlib,v1.24.6,gobinary,CVE-2026-39825,MEDIUM,https://avd.aquasec.com/nvd/cve-2026-39825,bin/admission-webhook,"1.25.10, 1.26.3",true,not_affected,vulnerable_code_not_in_execute_path
rancher/mirrored-prometheus-operator-admission-webhook:v0.85.0,harvester/v1.8.2,stdlib,v1.24.6,gobinary,CVE-2026-39836,HIGH,https://avd.aquasec.com/nvd/cve-2026-39836,bin/admission-webhook,"1.25.10, 1.26.3",true,affected,
rancher/mirrored-prometheus-operator-admission-webhook:v0.85.0,harvester/v1.8.2,github.com/prometheus/prometheus,v0.305.0,gobinary,CVE-2026-42151,HIGH,https://avd.aquasec.com/nvd/cve-2026-42151,bin/admission-webhook,0.311.3,true,affected,
rancher/mirrored-prometheus-operator-admission-webhook:v0.85.0,harvester/v1.8.2,github.com/prometheus/prometheus,v0.305.0,gobinary,CVE-2026-42154,HIGH,https://avd.aquasec.com/nvd/cve-2026-42154,bin/admission-webhook,"0.311.3, 0.305.2",true,affected,
rancher/mirrored-prometheus-operator-admission-webhook:v0.85.0,harvester/v1.8.2,stdlib,v1.24.6,gobinary,CVE-2026-42499,HIGH,https://avd.aquasec.com/nvd/cve-2026-42499,bin/admission-webhook,"1.25.10, 1.26.3",true,not_affected,vulnerable_code_not_in_execute_path
rancher/mirrored-prometheus-operator-admission-webhook:v0.85.0,harvester/v1.8.2,golang.org/x/net,v0.43.0,gobinary,CVE-2026-42502,MEDIUM,https://avd.aquasec.com/nvd/cve-2026-42502,bin/admission-webhook,0.55.0,true,not_affected,vulnerable_code_not_present
rancher/mirrored-prometheus-operator-admission-webhook:v0.85.0,harvester/v1.8.2,stdlib,v1.24.6,gobinary,CVE-2026-42504,HIGH,https://avd.aquasec.com/nvd/cve-2026-42504,bin/admission-webhook,"1.25.11, 1.26.4",true,not_affected,vulnerable_code_not_in_execute_path
rancher/mirrored-prometheus-operator-admission-webhook:v0.85.0,harvester/v1.8.2,golang.org/x/net,v0.43.0,gobinary,CVE-2026-42506,MEDIUM,https://avd.aquasec.com/nvd/cve-2026-42506,bin/admission-webhook,0.55.0,true,not_affected,vulnerable_code_not_present
rancher/mirrored-prometheus-operator-admission-webhook:v0.85.0,harvester/v1.8.2,golang.org/x/net,v0.43.0,gobinary,CVE-2026-46600,HIGH,https://avd.aquasec.com/nvd/cve-2026-46600,bin/admission-webhook,0.56.0,true,not_affected,vulnerable_code_not_present
rancher/mirrored-prometheus-operator-prometheus-config-reloader:v0.80.1,harvester/v1.8.2,golang.org/x/oauth2,v0.25.0,gobinary,CVE-2025-22868,HIGH,https://avd.aquasec.com/nvd/cve-2025-22868,bin/prometheus-config-reloader,0.27.0,true,not_affected,vulnerable_code_not_present
rancher/mirrored-prometheus-operator-prometheus-config-reloader:v0.80.1,harvester/v1.8.2,golang.org/x/crypto,v0.32.0,gobinary,CVE-2025-22869,HIGH,https://avd.aquasec.com/nvd/cve-2025-22869,bin/prometheus-config-reloader,0.35.0,true,not_affected,vulnerable_code_not_present
rancher/mirrored-prometheus-operator-prometheus-config-reloader:v0.80.1,harvester/v1.8.2,golang.org/x/net,v0.34.0,gobinary,CVE-2025-22872,MEDIUM,https://avd.aquasec.com/nvd/cve-2025-22872,bin/prometheus-config-reloader,0.38.0,true,not_affected,vulnerable_code_not_present
rancher/mirrored-prometheus-operator-prometheus-config-reloader:v0.80.1,harvester/v1.8.2,stdlib,v1.23.6,gobinary,CVE-2025-22873,MEDIUM,https://avd.aquasec.com/nvd/cve-2025-22873,bin/prometheus-config-reloader,"1.23.9, 1.24.3",true,not_affected,vulnerable_code_not_in_execute_path
rancher/mirrored-prometheus-operator-prometheus-config-reloader:v0.80.1,harvester/v1.8.2,stdlib,v1.23.6,gobinary,CVE-2025-47907,MEDIUM,https://avd.aquasec.com/nvd/cve-2025-47907,bin/prometheus-config-reloader,"1.23.12, 1.24.6",true,not_affected,vulnerable_code_not_in_execute_path
rancher/mirrored-prometheus-operator-prometheus-config-reloader:v0.80.1,harvester/v1.8.2,golang.org/x/net,v0.34.0,gobinary,CVE-2025-47911,MEDIUM,https://avd.aquasec.com/nvd/cve-2025-47911,bin/prometheus-config-reloader,0.45.0,true,not_affected,vulnerable_code_not_present
rancher/mirrored-prometheus-operator-prometheus-config-reloader:v0.80.1,harvester/v1.8.2,stdlib,v1.23.6,gobinary,CVE-2025-47912,HIGH,https://avd.aquasec.com/nvd/cve-2025-47912,bin/prometheus-config-reloader,"1.24.8, 1.25.2",true,affected,severity_changed_due_to_suse_cvss_score
rancher/mirrored-prometheus-operator-prometheus-config-reloader:v0.80.1,harvester/v1.8.2,golang.org/x/crypto,v0.32.0,gobinary,CVE-2025-47913,HIGH,https://avd.aquasec.com/nvd/cve-2025-47913,bin/prometheus-config-reloader,0.43.0,true,not_affected,vulnerable_code_not_present
rancher/mirrored-prometheus-operator-prometheus-config-reloader:v0.80.1,harvester/v1.8.2,golang.org/x/crypto,v0.32.0,gobinary,CVE-2025-47914,MEDIUM,https://avd.aquasec.com/nvd/cve-2025-47914,bin/prometheus-config-reloader,0.45.0,true,not_affected,vulnerable_code_not_present
rancher/mirrored-prometheus-operator-prometheus-config-reloader:v0.80.1,harvester/v1.8.2,golang.org/x/crypto,v0.32.0,gobinary,CVE-2025-58181,MEDIUM,https://avd.aquasec.com/nvd/cve-2025-58181,bin/prometheus-config-reloader,0.45.0,true,not_affected,vulnerable_code_not_present
rancher/mirrored-prometheus-operator-prometheus-config-reloader:v0.80.1,harvester/v1.8.2,stdlib,v1.23.6,gobinary,CVE-2025-58183,MEDIUM,https://avd.aquasec.com/nvd/cve-2025-58183,bin/prometheus-config-reloader,"1.24.8, 1.25.2",true,not_affected,vulnerable_code_not_present
rancher/mirrored-prometheus-operator-prometheus-config-reloader:v0.80.1,harvester/v1.8.2,stdlib,v1.23.6,gobinary,CVE-2025-58188,HIGH,https://avd.aquasec.com/nvd/cve-2025-58188,bin/prometheus-config-reloader,"1.24.8, 1.25.2",true,affected,severity_changed_due_to_suse_cvss_score
rancher/mirrored-prometheus-operator-prometheus-config-reloader:v0.80.1,harvester/v1.8.2,golang.org/x/net,v0.34.0,gobinary,CVE-2025-58190,MEDIUM,https://avd.aquasec.com/nvd/cve-2025-58190,bin/prometheus-config-reloader,0.45.0,true,not_affected,vulnerable_code_not_present
rancher/mirrored-prometheus-operator-prometheus-config-reloader:v0.80.1,harvester/v1.8.2,stdlib,v1.23.6,gobinary,CVE-2025-61724,MEDIUM,https://avd.aquasec.com/nvd/cve-2025-61724,bin/prometheus-config-reloader,"1.24.8, 1.25.2",true,not_affected,vulnerable_code_not_in_execute_path
rancher/mirrored-prometheus-operator-prometheus-config-reloader:v0.80.1,harvester/v1.8.2,stdlib,v1.23.6,gobinary,CVE-2025-61725,MEDIUM,https://avd.aquasec.com/nvd/cve-2025-61725,bin/prometheus-config-reloader,"1.24.8, 1.25.2",true,not_affected,vulnerable_code_not_in_execute_path
rancher/mirrored-prometheus-operator-prometheus-config-reloader:v0.80.1,harvester/v1.8.2,stdlib,v1.23.6,gobinary,CVE-2025-61727,HIGH,https://avd.aquasec.com/nvd/cve-2025-61727,bin/prometheus-config-reloader,"1.24.11, 1.25.5",true,affected,severity_changed_due_to_suse_cvss_score
rancher/mirrored-prometheus-operator-prometheus-config-reloader:v0.80.1,harvester/v1.8.2,stdlib,v1.23.6,gobinary,CVE-2025-61728,MEDIUM,https://avd.aquasec.com/nvd/cve-2025-61728,bin/prometheus-config-reloader,"1.24.12, 1.25.6",true,not_affected,vulnerable_code_not_present
rancher/mirrored-prometheus-operator-prometheus-config-reloader:v0.80.1,harvester/v1.8.2,stdlib,v1.23.6,gobinary,CVE-2025-61729,HIGH,https://avd.aquasec.com/nvd/cve-2025-61729,bin/prometheus-config-reloader,"1.24.11, 1.25.5",true,affected,
rancher/mirrored-prometheus-operator-prometheus-config-reloader:v0.80.1,harvester/v1.8.2,stdlib,v1.23.6,gobinary,CVE-2025-68121,HIGH,https://avd.aquasec.com/nvd/cve-2025-68121,bin/prometheus-config-reloader,"1.24.13, 1.25.7, 1.26.0-rc.3",true,affected,severity_changed_due_to_suse_cvss_score
rancher/mirrored-prometheus-operator-prometheus-config-reloader:v0.80.1,harvester/v1.8.2,go.mongodb.org/mongo-driver,v1.17.2,gobinary,CVE-2026-2303,MEDIUM,https://avd.aquasec.com/nvd/cve-2026-2303,bin/prometheus-config-reloader,1.17.7,true,not_affected,vulnerable_code_not_present
rancher/mirrored-prometheus-operator-prometheus-config-reloader:v0.80.1,harvester/v1.8.2,golang.org/x/net,v0.34.0,gobinary,CVE-2026-25680,MEDIUM,https://avd.aquasec.com/nvd/cve-2026-25680,bin/prometheus-config-reloader,0.55.0,true,not_affected,vulnerable_code_not_present
rancher/mirrored-prometheus-operator-prometheus-config-reloader:v0.80.1,harvester/v1.8.2,golang.org/x/net,v0.34.0,gobinary,CVE-2026-25681,HIGH,https://avd.aquasec.com/nvd/cve-2026-25681,bin/prometheus-config-reloader,0.55.0,true,not_affected,vulnerable_code_not_present
rancher/mirrored-prometheus-operator-prometheus-config-reloader:v0.80.1,harvester/v1.8.2,golang.org/x/net,v0.34.0,gobinary,CVE-2026-27136,HIGH,https://avd.aquasec.com/nvd/cve-2026-27136,bin/prometheus-config-reloader,0.55.0,true,not_affected,vulnerable_code_not_present
rancher/mirrored-prometheus-operator-prometheus-config-reloader:v0.80.1,harvester/v1.8.2,stdlib,v1.23.6,gobinary,CVE-2026-32280,HIGH,https://avd.aquasec.com/nvd/cve-2026-32280,bin/prometheus-config-reloader,"1.25.9, 1.26.2",true,affected,
rancher/mirrored-prometheus-operator-prometheus-config-reloader:v0.80.1,harvester/v1.8.2,stdlib,v1.23.6,gobinary,CVE-2026-32282,MEDIUM,https://avd.aquasec.com/nvd/cve-2026-32282,bin/prometheus-config-reloader,"1.25.9, 1.26.2",true,not_affected,vulnerable_code_not_in_execute_path
rancher/mirrored-prometheus-operator-prometheus-config-reloader:v0.80.1,harvester/v1.8.2,stdlib,v1.23.6,gobinary,CVE-2026-32288,MEDIUM,https://avd.aquasec.com/nvd/cve-2026-32288,bin/prometheus-config-reloader,"1.25.9, 1.26.2",true,not_affected,vulnerable_code_not_present
rancher/mirrored-prometheus-operator-prometheus-config-reloader:v0.80.1,harvester/v1.8.2,stdlib,v1.23.6,gobinary,CVE-2026-33811,HIGH,https://avd.aquasec.com/nvd/cve-2026-33811,bin/prometheus-config-reloader,"1.25.10, 1.26.3",true,not_affected,vulnerable_code_not_in_execute_path
rancher/mirrored-prometheus-operator-prometheus-config-reloader:v0.80.1,harvester/v1.8.2,golang.org/x/net,v0.34.0,gobinary,CVE-2026-33814,HIGH,https://avd.aquasec.com/nvd/cve-2026-33814,bin/prometheus-config-reloader,0.53.0,true,affected,
rancher/mirrored-prometheus-operator-prometheus-config-reloader:v0.80.1,harvester/v1.8.2,stdlib,v1.23.6,gobinary,CVE-2026-33814,HIGH,https://avd.aquasec.com/nvd/cve-2026-33814,bin/prometheus-config-reloader,"1.25.10, 1.26.3",true,affected,
rancher/mirrored-prometheus-operator-prometheus-config-reloader:v0.80.1,harvester/v1.8.2,stdlib,v1.23.6,gobinary,CVE-2026-39820,HIGH,https://avd.aquasec.com/nvd/cve-2026-39820,bin/prometheus-config-reloader,"1.25.10, 1.26.3",true,not_affected,vulnerable_code_not_in_execute_path
rancher/mirrored-prometheus-operator-prometheus-config-reloader:v0.80.1,harvester/v1.8.2,golang.org/x/net,v0.34.0,gobinary,CVE-2026-39821,HIGH,https://avd.aquasec.com/nvd/cve-2026-39821,bin/prometheus-config-reloader,0.55.0,true,not_affected,vulnerable_code_not_in_execute_path
rancher/mirrored-prometheus-operator-prometheus-config-reloader:v0.80.1,harvester/v1.8.2,stdlib,v1.23.6,gobinary,CVE-2026-39822,HIGH,https://avd.aquasec.com/nvd/cve-2026-39822,bin/prometheus-config-reloader,"1.25.12, 1.26.5, 1.27.0-rc.2",true,not_affected,vulnerable_code_not_in_execute_path
rancher/mirrored-prometheus-operator-prometheus-config-reloader:v0.80.1,harvester/v1.8.2,stdlib,v1.23.6,gobinary,CVE-2026-39825,MEDIUM,https://avd.aquasec.com/nvd/cve-2026-39825,bin/prometheus-config-reloader,"1.25.10, 1.26.3",true,not_affected,vulnerable_code_not_in_execute_path
rancher/mirrored-prometheus-operator-prometheus-config-reloader:v0.80.1,harvester/v1.8.2,golang.org/x/crypto,v0.32.0,gobinary,CVE-2026-39827,MEDIUM,https://avd.aquasec.com/nvd/cve-2026-39827,bin/prometheus-config-reloader,0.52.0,true,not_affected,vulnerable_code_not_present
rancher/mirrored-prometheus-operator-prometheus-config-reloader:v0.80.1,harvester/v1.8.2,golang.org/x/crypto,v0.32.0,gobinary,CVE-2026-39828,HIGH,https://avd.aquasec.com/nvd/cve-2026-39828,bin/prometheus-config-reloader,0.52.0,true,not_affected,vulnerable_code_not_present
rancher/mirrored-prometheus-operator-prometheus-config-reloader:v0.80.1,harvester/v1.8.2,golang.org/x/crypto,v0.32.0,gobinary,CVE-2026-39829,HIGH,https://avd.aquasec.com/nvd/cve-2026-39829,bin/prometheus-config-reloader,0.52.0,true,not_affected,vulnerable_code_not_present
rancher/mirrored-prometheus-operator-prometheus-config-reloader:v0.80.1,harvester/v1.8.2,golang.org/x/crypto,v0.32.0,gobinary,CVE-2026-39830,HIGH,https://avd.aquasec.com/nvd/cve-2026-39830,bin/prometheus-config-reloader,0.52.0,true,not_affected,vulnerable_code_not_present
rancher/mirrored-prometheus-operator-prometheus-config-reloader:v0.80.1,harvester/v1.8.2,golang.org/x/crypto,v0.32.0,gobinary,CVE-2026-39831,HIGH,https://avd.aquasec.com/nvd/cve-2026-39831,bin/prometheus-config-reloader,0.52.0,true,not_affected,vulnerable_code_not_present
rancher/mirrored-prometheus-operator-prometheus-config-reloader:v0.80.1,harvester/v1.8.2,golang.org/x/crypto,v0.32.0,gobinary,CVE-2026-39832,HIGH,https://avd.aquasec.com/nvd/cve-2026-39832,bin/prometheus-config-reloader,0.52.0,true,not_affected,vulnerable_code_not_present
rancher/mirrored-prometheus-operator-prometheus-config-reloader:v0.80.1,harvester/v1.8.2,golang.org/x/crypto,v0.32.0,gobinary,CVE-2026-39833,MEDIUM,https://avd.aquasec.com/nvd/cve-2026-39833,bin/prometheus-config-reloader,0.52.0,true,not_affected,vulnerable_code_not_present
rancher/mirrored-prometheus-operator-prometheus-config-reloader:v0.80.1,harvester/v1.8.2,golang.org/x/crypto,v0.32.0,gobinary,CVE-2026-39834,MEDIUM,https://avd.aquasec.com/nvd/cve-2026-39834,bin/prometheus-config-reloader,0.52.0,true,not_affected,vulnerable_code_not_present
rancher/mirrored-prometheus-operator-prometheus-config-reloader:v0.80.1,harvester/v1.8.2,golang.org/x/crypto,v0.32.0,gobinary,CVE-2026-39835,HIGH,https://avd.aquasec.com/nvd/cve-2026-39835,bin/prometheus-config-reloader,0.52.0,true,not_affected,vulnerable_code_not_present
rancher/mirrored-prometheus-operator-prometheus-config-reloader:v0.80.1,harvester/v1.8.2,stdlib,v1.23.6,gobinary,CVE-2026-39836,HIGH,https://avd.aquasec.com/nvd/cve-2026-39836,bin/prometheus-config-reloader,"1.25.10, 1.26.3",true,affected,
rancher/mirrored-prometheus-operator-prometheus-config-reloader:v0.80.1,harvester/v1.8.2,github.com/prometheus/prometheus,v0.301.0,gobinary,CVE-2026-42151,HIGH,https://avd.aquasec.com/nvd/cve-2026-42151,bin/prometheus-config-reloader,0.311.3,true,affected,
rancher/mirrored-prometheus-operator-prometheus-config-reloader:v0.80.1,harvester/v1.8.2,github.com/prometheus/prometheus,v0.301.0,gobinary,CVE-2026-42154,HIGH,https://avd.aquasec.com/nvd/cve-2026-42154,bin/prometheus-config-reloader,"0.311.3, 0.305.2",true,affected,
rancher/mirrored-prometheus-operator-prometheus-config-reloader:v0.80.1,harvester/v1.8.2,stdlib,v1.23.6,gobinary,CVE-2026-42499,HIGH,https://avd.aquasec.com/nvd/cve-2026-42499,bin/prometheus-config-reloader,"1.25.10, 1.26.3",true,not_affected,vulnerable_code_not_in_execute_path
rancher/mirrored-prometheus-operator-prometheus-config-reloader:v0.80.1,harvester/v1.8.2,golang.org/x/net,v0.34.0,gobinary,CVE-2026-42502,MEDIUM,https://avd.aquasec.com/nvd/cve-2026-42502,bin/prometheus-config-reloader,0.55.0,true,not_affected,vulnerable_code_not_present
rancher/mirrored-prometheus-operator-prometheus-config-reloader:v0.80.1,harvester/v1.8.2,stdlib,v1.23.6,gobinary,CVE-2026-42504,HIGH,https://avd.aquasec.com/nvd/cve-2026-42504,bin/prometheus-config-reloader,"1.25.11, 1.26.4",true,not_affected,vulnerable_code_not_in_execute_path
rancher/mirrored-prometheus-operator-prometheus-config-reloader:v0.80.1,harvester/v1.8.2,golang.org/x/net,v0.34.0,gobinary,CVE-2026-42506,MEDIUM,https://avd.aquasec.com/nvd/cve-2026-42506,bin/prometheus-config-reloader,0.55.0,true,not_affected,vulnerable_code_not_present
rancher/mirrored-prometheus-operator-prometheus-config-reloader:v0.80.1,harvester/v1.8.2,golang.org/x/crypto,v0.32.0,gobinary,CVE-2026-42508,HIGH,https://avd.aquasec.com/nvd/cve-2026-42508,bin/prometheus-config-reloader,0.52.0,true,not_affected,vulnerable_code_not_present
rancher/mirrored-prometheus-operator-prometheus-config-reloader:v0.80.1,harvester/v1.8.2,golang.org/x/crypto,v0.32.0,gobinary,CVE-2026-46595,HIGH,https://avd.aquasec.com/nvd/cve-2026-46595,bin/prometheus-config-reloader,0.52.0,true,not_affected,vulnerable_code_not_present
rancher/mirrored-prometheus-operator-prometheus-config-reloader:v0.80.1,harvester/v1.8.2,golang.org/x/crypto,v0.32.0,gobinary,CVE-2026-46597,HIGH,https://avd.aquasec.com/nvd/cve-2026-46597,bin/prometheus-config-reloader,0.52.0,true,not_affected,vulnerable_code_not_present
rancher/mirrored-prometheus-operator-prometheus-config-reloader:v0.80.1,harvester/v1.8.2,golang.org/x/crypto,v0.32.0,gobinary,CVE-2026-46598,MEDIUM,https://avd.aquasec.com/nvd/cve-2026-46598,bin/prometheus-config-reloader,0.52.0,true,not_affected,vulnerable_code_not_present
rancher/mirrored-prometheus-operator-prometheus-config-reloader:v0.80.1,harvester/v1.8.2,golang.org/x/net,v0.34.0,gobinary,CVE-2026-46600,HIGH,https://avd.aquasec.com/nvd/cve-2026-46600,bin/prometheus-config-reloader,0.56.0,true,not_affected,vulnerable_code_not_present
rancher/mirrored-prometheus-operator-prometheus-config-reloader:v0.80.1,harvester/v1.8.2,golang.org/x/text,v0.21.0,gobinary,CVE-2026-56852,HIGH,https://avd.aquasec.com/nvd/cve-2026-56852,bin/prometheus-config-reloader,0.39.0,true,not_affected,vulnerable_code_not_in_execute_path
rancher/mirrored-prometheus-operator-prometheus-operator:v0.85.0,harvester/v1.8.2,golang.org/x/net,v0.43.0,gobinary,CVE-2025-47911,MEDIUM,https://avd.aquasec.com/nvd/cve-2025-47911,bin/operator,0.45.0,true,not_affected,vulnerable_code_not_present
rancher/mirrored-prometheus-operator-prometheus-operator:v0.85.0,harvester/v1.8.2,stdlib,v1.24.6,gobinary,CVE-2025-47912,HIGH,https://avd.aquasec.com/nvd/cve-2025-47912,bin/operator,"1.24.8, 1.25.2",true,affected,severity_changed_due_to_suse_cvss_score
rancher/mirrored-prometheus-operator-prometheus-operator:v0.85.0,harvester/v1.8.2,stdlib,v1.24.6,gobinary,CVE-2025-58183,MEDIUM,https://avd.aquasec.com/nvd/cve-2025-58183,bin/operator,"1.24.8, 1.25.2",true,not_affected,vulnerable_code_not_present
rancher/mirrored-prometheus-operator-prometheus-operator:v0.85.0,harvester/v1.8.2,stdlib,v1.24.6,gobinary,CVE-2025-58187,MEDIUM,https://avd.aquasec.com/nvd/cve-2025-58187,bin/operator,"1.24.9, 1.25.3",true,not_affected,vulnerable_code_not_in_execute_path
rancher/mirrored-prometheus-operator-prometheus-operator:v0.85.0,harvester/v1.8.2,stdlib,v1.24.6,gobinary,CVE-2025-58188,HIGH,https://avd.aquasec.com/nvd/cve-2025-58188,bin/operator,"1.24.8, 1.25.2",true,affected,severity_changed_due_to_suse_cvss_score
rancher/mirrored-prometheus-operator-prometheus-operator:v0.85.0,harvester/v1.8.2,golang.org/x/net,v0.43.0,gobinary,CVE-2025-58190,MEDIUM,https://avd.aquasec.com/nvd/cve-2025-58190,bin/operator,0.45.0,true,not_affected,vulnerable_code_not_present
rancher/mirrored-prometheus-operator-prometheus-operator:v0.85.0,harvester/v1.8.2,stdlib,v1.24.6,gobinary,CVE-2025-61724,MEDIUM,https://avd.aquasec.com/nvd/cve-2025-61724,bin/operator,"1.24.8, 1.25.2",true,not_affected,vulnerable_code_not_in_execute_path
rancher/mirrored-prometheus-operator-prometheus-operator:v0.85.0,harvester/v1.8.2,stdlib,v1.24.6,gobinary,CVE-2025-61725,MEDIUM,https://avd.aquasec.com/nvd/cve-2025-61725,bin/operator,"1.24.8, 1.25.2",true,not_affected,vulnerable_code_not_in_execute_path
rancher/mirrored-prometheus-operator-prometheus-operator:v0.85.0,harvester/v1.8.2,stdlib,v1.24.6,gobinary,CVE-2025-61726,HIGH,https://avd.aquasec.com/nvd/cve-2025-61726,bin/operator,"1.24.12, 1.25.6",true,not_affected,vulnerable_code_not_in_execute_path
rancher/mirrored-prometheus-operator-prometheus-operator:v0.85.0,harvester/v1.8.2,stdlib,v1.24.6,gobinary,CVE-2025-61727,HIGH,https://avd.aquasec.com/nvd/cve-2025-61727,bin/operator,"1.24.11, 1.25.5",true,affected,severity_changed_due_to_suse_cvss_score
rancher/mirrored-prometheus-operator-prometheus-operator:v0.85.0,harvester/v1.8.2,stdlib,v1.24.6,gobinary,CVE-2025-61728,MEDIUM,https://avd.aquasec.com/nvd/cve-2025-61728,bin/operator,"1.24.12, 1.25.6",true,not_affected,vulnerable_code_not_present
rancher/mirrored-prometheus-operator-prometheus-operator:v0.85.0,harvester/v1.8.2,stdlib,v1.24.6,gobinary,CVE-2025-61729,HIGH,https://avd.aquasec.com/nvd/cve-2025-61729,bin/operator,"1.24.11, 1.25.5",true,affected,
rancher/mirrored-prometheus-operator-prometheus-operator:v0.85.0,harvester/v1.8.2,stdlib,v1.24.6,gobinary,CVE-2025-68121,HIGH,https://avd.aquasec.com/nvd/cve-2025-68121,bin/operator,"1.24.13, 1.25.7, 1.26.0-rc.3",true,affected,severity_changed_due_to_suse_cvss_score
rancher/mirrored-prometheus-operator-prometheus-operator:v0.85.0,harvester/v1.8.2,go.mongodb.org/mongo-driver,v1.17.4,gobinary,CVE-2026-2303,MEDIUM,https://avd.aquasec.com/nvd/cve-2026-2303,bin/operator,1.17.7,true,not_affected,vulnerable_code_not_present
rancher/mirrored-prometheus-operator-prometheus-operator:v0.85.0,harvester/v1.8.2,golang.org/x/net,v0.43.0,gobinary,CVE-2026-25680,MEDIUM,https://avd.aquasec.com/nvd/cve-2026-25680,bin/operator,0.55.0,true,not_affected,vulnerable_code_not_present
rancher/mirrored-prometheus-operator-prometheus-operator:v0.85.0,harvester/v1.8.2,golang.org/x/net,v0.43.0,gobinary,CVE-2026-25681,HIGH,https://avd.aquasec.com/nvd/cve-2026-25681,bin/operator,0.55.0,true,not_affected,vulnerable_code_not_present
rancher/mirrored-prometheus-operator-prometheus-operator:v0.85.0,harvester/v1.8.2,golang.org/x/net,v0.43.0,gobinary,CVE-2026-27136,HIGH,https://avd.aquasec.com/nvd/cve-2026-27136,bin/operator,0.55.0,true,not_affected,vulnerable_code_not_present
rancher/mirrored-prometheus-operator-prometheus-operator:v0.85.0,harvester/v1.8.2,go.opentelemetry.io/otel,v1.37.0,gobinary,CVE-2026-29181,HIGH,https://avd.aquasec.com/nvd/cve-2026-29181,bin/operator,1.41.0,true,not_affected,vulnerable_code_not_in_execute_path
rancher/mirrored-prometheus-operator-prometheus-operator:v0.85.0,harvester/v1.8.2,stdlib,v1.24.6,gobinary,CVE-2026-32280,HIGH,https://avd.aquasec.com/nvd/cve-2026-32280,bin/operator,"1.25.9, 1.26.2",true,affected,
rancher/mirrored-prometheus-operator-prometheus-operator:v0.85.0,harvester/v1.8.2,stdlib,v1.24.6,gobinary,CVE-2026-32282,MEDIUM,https://avd.aquasec.com/nvd/cve-2026-32282,bin/operator,"1.25.9, 1.26.2",true,not_affected,vulnerable_code_not_in_execute_path
rancher/mirrored-prometheus-operator-prometheus-operator:v0.85.0,harvester/v1.8.2,stdlib,v1.24.6,gobinary,CVE-2026-32288,MEDIUM,https://avd.aquasec.com/nvd/cve-2026-32288,bin/operator,"1.25.9, 1.26.2",true,not_affected,vulnerable_code_not_present
rancher/mirrored-prometheus-operator-prometheus-operator:v0.85.0,harvester/v1.8.2,stdlib,v1.24.6,gobinary,CVE-2026-33811,HIGH,https://avd.aquasec.com/nvd/cve-2026-33811,bin/operator,"1.25.10, 1.26.3",true,not_affected,vulnerable_code_not_in_execute_path
rancher/mirrored-prometheus-operator-prometheus-operator:v0.85.0,harvester/v1.8.2,golang.org/x/net,v0.43.0,gobinary,CVE-2026-33814,HIGH,https://avd.aquasec.com/nvd/cve-2026-33814,bin/operator,0.53.0,true,affected,
rancher/mirrored-prometheus-operator-prometheus-operator:v0.85.0,harvester/v1.8.2,stdlib,v1.24.6,gobinary,CVE-2026-33814,HIGH,https://avd.aquasec.com/nvd/cve-2026-33814,bin/operator,"1.25.10, 1.26.3",true,affected,
rancher/mirrored-prometheus-operator-prometheus-operator:v0.85.0,harvester/v1.8.2,stdlib,v1.24.6,gobinary,CVE-2026-39820,HIGH,https://avd.aquasec.com/nvd/cve-2026-39820,bin/operator,"1.25.10, 1.26.3",true,not_affected,vulnerable_code_not_in_execute_path
rancher/mirrored-prometheus-operator-prometheus-operator:v0.85.0,harvester/v1.8.2,golang.org/x/net,v0.43.0,gobinary,CVE-2026-39821,HIGH,https://avd.aquasec.com/nvd/cve-2026-39821,bin/operator,0.55.0,true,not_affected,vulnerable_code_not_in_execute_path
rancher/mirrored-prometheus-operator-prometheus-operator:v0.85.0,harvester/v1.8.2,stdlib,v1.24.6,gobinary,CVE-2026-39822,HIGH,https://avd.aquasec.com/nvd/cve-2026-39822,bin/operator,"1.25.12, 1.26.5, 1.27.0-rc.2",true,not_affected,vulnerable_code_not_in_execute_path
rancher/mirrored-prometheus-operator-prometheus-operator:v0.85.0,harvester/v1.8.2,stdlib,v1.24.6,gobinary,CVE-2026-39825,MEDIUM,https://avd.aquasec.com/nvd/cve-2026-39825,bin/operator,"1.25.10, 1.26.3",true,not_affected,vulnerable_code_not_in_execute_path
rancher/mirrored-prometheus-operator-prometheus-operator:v0.85.0,harvester/v1.8.2,stdlib,v1.24.6,gobinary,CVE-2026-39836,HIGH,https://avd.aquasec.com/nvd/cve-2026-39836,bin/operator,"1.25.10, 1.26.3",true,affected,
rancher/mirrored-prometheus-operator-prometheus-operator:v0.85.0,harvester/v1.8.2,github.com/prometheus/prometheus,v0.305.0,gobinary,CVE-2026-42151,HIGH,https://avd.aquasec.com/nvd/cve-2026-42151,bin/operator,0.311.3,true,affected,
rancher/mirrored-prometheus-operator-prometheus-operator:v0.85.0,harvester/v1.8.2,github.com/prometheus/prometheus,v0.305.0,gobinary,CVE-2026-42154,HIGH,https://avd.aquasec.com/nvd/cve-2026-42154,bin/operator,"0.311.3, 0.305.2",true,affected,
rancher/mirrored-prometheus-operator-prometheus-operator:v0.85.0,harvester/v1.8.2,stdlib,v1.24.6,gobinary,CVE-2026-42499,HIGH,https://avd.aquasec.com/nvd/cve-2026-42499,bin/operator,"1.25.10, 1.26.3",true,not_affected,vulnerable_code_not_in_execute_path
rancher/mirrored-prometheus-operator-prometheus-operator:v0.85.0,harvester/v1.8.2,golang.org/x/net,v0.43.0,gobinary,CVE-2026-42502,MEDIUM,https://avd.aquasec.com/nvd/cve-2026-42502,bin/operator,0.55.0,true,not_affected,vulnerable_code_not_present
rancher/mirrored-prometheus-operator-prometheus-operator:v0.85.0,harvester/v1.8.2,stdlib,v1.24.6,gobinary,CVE-2026-42504,HIGH,https://avd.aquasec.com/nvd/cve-2026-42504,bin/operator,"1.25.11, 1.26.4",true,not_affected,vulnerable_code_not_in_execute_path
rancher/mirrored-prometheus-operator-prometheus-operator:v0.85.0,harvester/v1.8.2,golang.org/x/net,v0.43.0,gobinary,CVE-2026-42506,MEDIUM,https://avd.aquasec.com/nvd/cve-2026-42506,bin/operator,0.55.0,true,not_affected,vulnerable_code_not_present
rancher/mirrored-prometheus-operator-prometheus-operator:v0.85.0,harvester/v1.8.2,golang.org/x/net,v0.43.0,gobinary,CVE-2026-46600,HIGH,https://avd.aquasec.com/nvd/cve-2026-46600,bin/operator,0.56.0,true,not_affected,vulnerable_code_not_present
rancher/nginx-ingress-controller:v1.14.5-hardened2,harvester/v1.8.2,golang.org/x/net,v0.52.0,gobinary,CVE-2026-25680,MEDIUM,https://avd.aquasec.com/nvd/cve-2026-25680,nginx-ingress-controller,0.55.0,false,not_affected,vulnerable_code_not_present
rancher/nginx-ingress-controller:v1.14.5-hardened2,harvester/v1.8.2,golang.org/x/net,v0.52.0,gobinary,CVE-2026-25681,HIGH,https://avd.aquasec.com/nvd/cve-2026-25681,nginx-ingress-controller,0.55.0,false,not_affected,vulnerable_code_not_present
rancher/nginx-ingress-controller:v1.14.5-hardened2,harvester/v1.8.2,golang.org/x/net,v0.52.0,gobinary,CVE-2026-27136,HIGH,https://avd.aquasec.com/nvd/cve-2026-27136,nginx-ingress-controller,0.55.0,false,not_affected,vulnerable_code_not_present
rancher/nginx-ingress-controller:v1.14.5-hardened2,harvester/v1.8.2,stdlib,v1.26.2,gobinary,CVE-2026-27145,HIGH,https://avd.aquasec.com/nvd/cve-2026-27145,dbg,"1.25.11, 1.26.4",false,not_affected,vulnerable_code_not_in_execute_path
rancher/nginx-ingress-controller:v1.14.5-hardened2,harvester/v1.8.2,stdlib,v1.26.2,gobinary,CVE-2026-27145,HIGH,https://avd.aquasec.com/nvd/cve-2026-27145,nginx-ingress-controller,"1.25.11, 1.26.4",false,not_affected,vulnerable_code_not_in_execute_path
rancher/nginx-ingress-controller:v1.14.5-hardened2,harvester/v1.8.2,stdlib,v1.26.2,gobinary,CVE-2026-27145,HIGH,https://avd.aquasec.com/nvd/cve-2026-27145,wait-shutdown,"1.25.11, 1.26.4",false,not_affected,vulnerable_code_not_in_execute_path
rancher/nginx-ingress-controller:v1.14.5-hardened2,harvester/v1.8.2,stdlib,v1.26.2,gobinary,CVE-2026-33811,HIGH,https://avd.aquasec.com/nvd/cve-2026-33811,dbg,"1.25.10, 1.26.3",false,not_affected,vulnerable_code_not_in_execute_path
rancher/nginx-ingress-controller:v1.14.5-hardened2,harvester/v1.8.2,stdlib,v1.26.2,gobinary,CVE-2026-33811,HIGH,https://avd.aquasec.com/nvd/cve-2026-33811,nginx-ingress-controller,"1.25.10, 1.26.3",false,not_affected,vulnerable_code_not_in_execute_path
rancher/nginx-ingress-controller:v1.14.5-hardened2,harvester/v1.8.2,stdlib,v1.26.2,gobinary,CVE-2026-33811,HIGH,https://avd.aquasec.com/nvd/cve-2026-33811,wait-shutdown,"1.25.10, 1.26.3",false,not_affected,vulnerable_code_not_in_execute_path
rancher/nginx-ingress-controller:v1.14.5-hardened2,harvester/v1.8.2,golang.org/x/net,v0.52.0,gobinary,CVE-2026-33814,HIGH,https://avd.aquasec.com/nvd/cve-2026-33814,nginx-ingress-controller,0.53.0,false,affected,
rancher/nginx-ingress-controller:v1.14.5-hardened2,harvester/v1.8.2,stdlib,v1.26.2,gobinary,CVE-2026-33814,HIGH,https://avd.aquasec.com/nvd/cve-2026-33814,dbg,"1.25.10, 1.26.3",false,not_affected,vulnerable_code_not_in_execute_path
rancher/nginx-ingress-controller:v1.14.5-hardened2,harvester/v1.8.2,stdlib,v1.26.2,gobinary,CVE-2026-33814,HIGH,https://avd.aquasec.com/nvd/cve-2026-33814,nginx-ingress-controller,"1.25.10, 1.26.3",false,not_affected,vulnerable_code_not_in_execute_path
rancher/nginx-ingress-controller:v1.14.5-hardened2,harvester/v1.8.2,stdlib,v1.26.2,gobinary,CVE-2026-33814,HIGH,https://avd.aquasec.com/nvd/cve-2026-33814,wait-shutdown,"1.25.10, 1.26.3",false,not_affected,vulnerable_code_not_in_execute_path
rancher/nginx-ingress-controller:v1.14.5-hardened2,harvester/v1.8.2,stdlib,v1.26.2,gobinary,CVE-2026-39820,HIGH,https://avd.aquasec.com/nvd/cve-2026-39820,dbg,"1.25.10, 1.26.3",false,not_affected,vulnerable_code_not_present
rancher/nginx-ingress-controller:v1.14.5-hardened2,harvester/v1.8.2,stdlib,v1.26.2,gobinary,CVE-2026-39820,HIGH,https://avd.aquasec.com/nvd/cve-2026-39820,nginx-ingress-controller,"1.25.10, 1.26.3",false,not_affected,vulnerable_code_not_present
rancher/nginx-ingress-controller:v1.14.5-hardened2,harvester/v1.8.2,stdlib,v1.26.2,gobinary,CVE-2026-39820,HIGH,https://avd.aquasec.com/nvd/cve-2026-39820,wait-shutdown,"1.25.10, 1.26.3",false,not_affected,vulnerable_code_not_present
rancher/nginx-ingress-controller:v1.14.5-hardened2,harvester/v1.8.2,golang.org/x/net,v0.52.0,gobinary,CVE-2026-39821,HIGH,https://avd.aquasec.com/nvd/cve-2026-39821,nginx-ingress-controller,0.55.0,false,affected,
rancher/nginx-ingress-controller:v1.14.5-hardened2,harvester/v1.8.2,stdlib,v1.26.2,gobinary,CVE-2026-39822,HIGH,https://avd.aquasec.com/nvd/cve-2026-39822,dbg,"1.25.12, 1.26.5, 1.27.0-rc.2",false,not_affected,vulnerable_code_not_in_execute_path
rancher/nginx-ingress-controller:v1.14.5-hardened2,harvester/v1.8.2,stdlib,v1.26.2,gobinary,CVE-2026-39822,HIGH,https://avd.aquasec.com/nvd/cve-2026-39822,nginx-ingress-controller,"1.25.12, 1.26.5, 1.27.0-rc.2",false,not_affected,vulnerable_code_not_in_execute_path
rancher/nginx-ingress-controller:v1.14.5-hardened2,harvester/v1.8.2,stdlib,v1.26.2,gobinary,CVE-2026-39822,HIGH,https://avd.aquasec.com/nvd/cve-2026-39822,wait-shutdown,"1.25.12, 1.26.5, 1.27.0-rc.2",false,not_affected,vulnerable_code_not_in_execute_path
rancher/nginx-ingress-controller:v1.14.5-hardened2,harvester/v1.8.2,stdlib,v1.26.2,gobinary,CVE-2026-39823,MEDIUM,https://avd.aquasec.com/nvd/cve-2026-39823,dbg,"1.25.10, 1.26.3",false,not_affected,vulnerable_code_not_in_execute_path
rancher/nginx-ingress-controller:v1.14.5-hardened2,harvester/v1.8.2,stdlib,v1.26.2,gobinary,CVE-2026-39823,MEDIUM,https://avd.aquasec.com/nvd/cve-2026-39823,nginx-ingress-controller,"1.25.10, 1.26.3",false,not_affected,vulnerable_code_not_in_execute_path
rancher/nginx-ingress-controller:v1.14.5-hardened2,harvester/v1.8.2,stdlib,v1.26.2,gobinary,CVE-2026-39823,MEDIUM,https://avd.aquasec.com/nvd/cve-2026-39823,wait-shutdown,"1.25.10, 1.26.3",false,not_affected,vulnerable_code_not_in_execute_path
rancher/nginx-ingress-controller:v1.14.5-hardened2,harvester/v1.8.2,stdlib,v1.26.2,gobinary,CVE-2026-39825,MEDIUM,https://avd.aquasec.com/nvd/cve-2026-39825,dbg,"1.25.10, 1.26.3",false,not_affected,vulnerable_code_not_in_execute_path
rancher/nginx-ingress-controller:v1.14.5-hardened2,harvester/v1.8.2,stdlib,v1.26.2,gobinary,CVE-2026-39825,MEDIUM,https://avd.aquasec.com/nvd/cve-2026-39825,nginx-ingress-controller,"1.25.10, 1.26.3",false,not_affected,vulnerable_code_not_in_execute_path
rancher/nginx-ingress-controller:v1.14.5-hardened2,harvester/v1.8.2,stdlib,v1.26.2,gobinary,CVE-2026-39825,MEDIUM,https://avd.aquasec.com/nvd/cve-2026-39825,wait-shutdown,"1.25.10, 1.26.3",false,not_affected,vulnerable_code_not_in_execute_path
rancher/nginx-ingress-controller:v1.14.5-hardened2,harvester/v1.8.2,stdlib,v1.26.2,gobinary,CVE-2026-39826,MEDIUM,https://avd.aquasec.com/nvd/cve-2026-39826,dbg,"1.25.10, 1.26.3",false,not_affected,vulnerable_code_not_in_execute_path
rancher/nginx-ingress-controller:v1.14.5-hardened2,harvester/v1.8.2,stdlib,v1.26.2,gobinary,CVE-2026-39826,MEDIUM,https://avd.aquasec.com/nvd/cve-2026-39826,nginx-ingress-controller,"1.25.10, 1.26.3",false,not_affected,vulnerable_code_not_in_execute_path
rancher/nginx-ingress-controller:v1.14.5-hardened2,harvester/v1.8.2,stdlib,v1.26.2,gobinary,CVE-2026-39826,MEDIUM,https://avd.aquasec.com/nvd/cve-2026-39826,wait-shutdown,"1.25.10, 1.26.3",false,not_affected,vulnerable_code_not_in_execute_path
rancher/nginx-ingress-controller:v1.14.5-hardened2,harvester/v1.8.2,stdlib,v1.26.2,gobinary,CVE-2026-39836,HIGH,https://avd.aquasec.com/nvd/cve-2026-39836,dbg,"1.25.10, 1.26.3",false,not_affected,vulnerable_code_not_in_execute_path
rancher/nginx-ingress-controller:v1.14.5-hardened2,harvester/v1.8.2,stdlib,v1.26.2,gobinary,CVE-2026-39836,HIGH,https://avd.aquasec.com/nvd/cve-2026-39836,nginx-ingress-controller,"1.25.10, 1.26.3",false,not_affected,vulnerable_code_not_in_execute_path
rancher/nginx-ingress-controller:v1.14.5-hardened2,harvester/v1.8.2,stdlib,v1.26.2,gobinary,CVE-2026-39836,HIGH,https://avd.aquasec.com/nvd/cve-2026-39836,wait-shutdown,"1.25.10, 1.26.3",false,not_affected,vulnerable_code_not_in_execute_path
rancher/nginx-ingress-controller:v1.14.5-hardened2,harvester/v1.8.2,stdlib,v1.26.2,gobinary,CVE-2026-42499,HIGH,https://avd.aquasec.com/nvd/cve-2026-42499,dbg,"1.25.10, 1.26.3",false,not_affected,vulnerable_code_not_present
rancher/nginx-ingress-controller:v1.14.5-hardened2,harvester/v1.8.2,stdlib,v1.26.2,gobinary,CVE-2026-42499,HIGH,https://avd.aquasec.com/nvd/cve-2026-42499,nginx-ingress-controller,"1.25.10, 1.26.3",false,not_affected,vulnerable_code_not_present
rancher/nginx-ingress-controller:v1.14.5-hardened2,harvester/v1.8.2,stdlib,v1.26.2,gobinary,CVE-2026-42499,HIGH,https://avd.aquasec.com/nvd/cve-2026-42499,wait-shutdown,"1.25.10, 1.26.3",false,not_affected,vulnerable_code_not_present
rancher/nginx-ingress-controller:v1.14.5-hardened2,harvester/v1.8.2,golang.org/x/net,v0.52.0,gobinary,CVE-2026-42502,MEDIUM,https://avd.aquasec.com/nvd/cve-2026-42502,nginx-ingress-controller,0.55.0,false,not_affected,vulnerable_code_not_present
rancher/nginx-ingress-controller:v1.14.5-hardened2,harvester/v1.8.2,stdlib,v1.26.2,gobinary,CVE-2026-42504,HIGH,https://avd.aquasec.com/nvd/cve-2026-42504,dbg,"1.25.11, 1.26.4",false,not_affected,vulnerable_code_not_in_execute_path
rancher/nginx-ingress-controller:v1.14.5-hardened2,harvester/v1.8.2,stdlib,v1.26.2,gobinary,CVE-2026-42504,HIGH,https://avd.aquasec.com/nvd/cve-2026-42504,nginx-ingress-controller,"1.25.11, 1.26.4",false,not_affected,vulnerable_code_not_in_execute_path
rancher/nginx-ingress-controller:v1.14.5-hardened2,harvester/v1.8.2,stdlib,v1.26.2,gobinary,CVE-2026-42504,HIGH,https://avd.aquasec.com/nvd/cve-2026-42504,wait-shutdown,"1.25.11, 1.26.4",false,not_affected,vulnerable_code_not_in_execute_path
rancher/nginx-ingress-controller:v1.14.5-hardened2,harvester/v1.8.2,stdlib,v1.26.2,gobinary,CVE-2026-42505,MEDIUM,https://avd.aquasec.com/nvd/cve-2026-42505,dbg,"1.25.12, 1.26.5, 1.27.0-rc.2",false,not_affected,vulnerable_code_cannot_be_controlled_by_adversary
rancher/nginx-ingress-controller:v1.14.5-hardened2,harvester/v1.8.2,stdlib,v1.26.2,gobinary,CVE-2026-42505,MEDIUM,https://avd.aquasec.com/nvd/cve-2026-42505,nginx-ingress-controller,"1.25.12, 1.26.5, 1.27.0-rc.2",false,not_affected,vulnerable_code_cannot_be_controlled_by_adversary
rancher/nginx-ingress-controller:v1.14.5-hardened2,harvester/v1.8.2,stdlib,v1.26.2,gobinary,CVE-2026-42505,MEDIUM,https://avd.aquasec.com/nvd/cve-2026-42505,wait-shutdown,"1.25.12, 1.26.5, 1.27.0-rc.2",false,not_affected,vulnerable_code_cannot_be_controlled_by_adversary
rancher/nginx-ingress-controller:v1.14.5-hardened2,harvester/v1.8.2,golang.org/x/net,v0.52.0,gobinary,CVE-2026-42506,MEDIUM,https://avd.aquasec.com/nvd/cve-2026-42506,nginx-ingress-controller,0.55.0,false,not_affected,vulnerable_code_not_present
rancher/nginx-ingress-controller:v1.14.5-hardened2,harvester/v1.8.2,stdlib,v1.26.2,gobinary,CVE-2026-42507,MEDIUM,https://avd.aquasec.com/nvd/cve-2026-42507,dbg,"1.25.11, 1.26.4",false,not_affected,vulnerable_code_not_in_execute_path
rancher/nginx-ingress-controller:v1.14.5-hardened2,harvester/v1.8.2,stdlib,v1.26.2,gobinary,CVE-2026-42507,MEDIUM,https://avd.aquasec.com/nvd/cve-2026-42507,nginx-ingress-controller,"1.25.11, 1.26.4",false,not_affected,vulnerable_code_not_in_execute_path
rancher/nginx-ingress-controller:v1.14.5-hardened2,harvester/v1.8.2,stdlib,v1.26.2,gobinary,CVE-2026-42507,MEDIUM,https://avd.aquasec.com/nvd/cve-2026-42507,wait-shutdown,"1.25.11, 1.26.4",false,not_affected,vulnerable_code_not_in_execute_path
rancher/nginx-ingress-controller:v1.14.5-hardened2,harvester/v1.8.2,golang.org/x/net,v0.52.0,gobinary,CVE-2026-46600,HIGH,https://avd.aquasec.com/nvd/cve-2026-46600,nginx-ingress-controller,0.56.0,false,not_affected,vulnerable_code_not_present
rancher/nginx-ingress-controller:v1.14.5-hardened2,harvester/v1.8.2,golang.org/x/text,v0.35.0,gobinary,CVE-2026-56852,HIGH,https://avd.aquasec.com/nvd/cve-2026-56852,nginx-ingress-controller,0.39.0,false,not_affected,vulnerable_code_not_in_execute_path
rancher/nginx-ingress-controller:v1.14.5-hardened2,harvester/v1.8.2,libgpg-error0,1.54-160000.2.2,sles,SUSE-FU-2026:21213-1,MEDIUM,,rancher/nginx-ingress-controller:v1.14.5-hardened2 (sles 16.0),1.58-160000.1.1,false,not_affected,vulnerable_code_not_in_execute_path
rancher/nginx-ingress-controller:v1.14.5-hardened2,harvester/v1.8.2,libtasn1-6,4.20.0-160000.3.2,sles,SUSE-SU-2026:21142-1,MEDIUM,,rancher/nginx-ingress-controller:v1.14.5-hardened2 (sles 16.0),4.21.0-160000.1.1,false,not_affected,vulnerable_code_not_in_execute_path
rancher/nginx-ingress-controller:v1.14.5-hardened2,harvester/v1.8.2,tar,1.35-160000.2.2,sles,SUSE-SU-2026:21143-1,HIGH,,rancher/nginx-ingress-controller:v1.14.5-hardened2 (sles 16.0),1.35-160000.3.1,false,not_affected,vulnerable_code_not_in_execute_path
rancher/nginx-ingress-controller:v1.14.5-hardened2,harvester/v1.8.2,libsystemd0,257.10-160000.1.1,sles,SUSE-SU-2026:21144-1,HIGH,,rancher/nginx-ingress-controller:v1.14.5-hardened2 (sles 16.0),257.13-160000.1.1,false,not_affected,vulnerable_code_not_in_execute_path
rancher/nginx-ingress-controller:v1.14.5-hardened2,harvester/v1.8.2,libudev1,257.10-160000.1.1,sles,SUSE-SU-2026:21144-1,HIGH,,rancher/nginx-ingress-controller:v1.14.5-hardened2 (sles 16.0),257.13-160000.1.1,false,not_affected,vulnerable_code_not_in_execute_path
rancher/nginx-ingress-controller:v1.14.5-hardened2,harvester/v1.8.2,zlib-devel,1.2.13-160000.2.2,sles,SUSE-SU-2026:21151-1,MEDIUM,,rancher/nginx-ingress-controller:v1.14.5-hardened2 (sles 16.0),1.2.13-160000.3.1,false,not_affected,vulnerable_code_not_in_execute_path
rancher/nginx-ingress-controller:v1.14.5-hardened2,harvester/v1.8.2,libblkid1,2.41.1-160000.2.2,sles,SUSE-SU-2026:21158-1,MEDIUM,,rancher/nginx-ingress-controller:v1.14.5-hardened2 (sles 16.0),2.41.1-160000.3.1,false,not_affected,vulnerable_code_not_in_execute_path
rancher/nginx-ingress-controller:v1.14.5-hardened2,harvester/v1.8.2,glibc-devel,2.40-160000.3.1,sles,SUSE-SU-2026:21164-1,MEDIUM,,rancher/nginx-ingress-controller:v1.14.5-hardened2 (sles 16.0),2.40-160000.4.1,false,not_affected,vulnerable_code_not_in_execute_path
rancher/nginx-ingress-controller:v1.14.5-hardened2,harvester/v1.8.2,libsqlite3-0,3.50.4-160000.1.2,sles,SUSE-SU-2026:21173-1,MEDIUM,,rancher/nginx-ingress-controller:v1.14.5-hardened2 (sles 16.0),3.51.3-160000.1.1,false,not_affected,vulnerable_code_not_in_execute_path
rancher/nginx-ingress-controller:v1.14.5-hardened2,harvester/v1.8.2,libpython3_13-1_0,3.13.12-160000.1.1,sles,SUSE-SU-2026:21178-1,HIGH,,rancher/nginx-ingress-controller:v1.14.5-hardened2 (sles 16.0),3.13.13-160000.1.1,false,not_affected,vulnerable_code_not_in_execute_path
rancher/nginx-ingress-controller:v1.14.5-hardened2,harvester/v1.8.2,python313-base,3.13.12-160000.1.1,sles,SUSE-SU-2026:21178-1,HIGH,,rancher/nginx-ingress-controller:v1.14.5-hardened2 (sles 16.0),3.13.13-160000.1.1,false,not_affected,vulnerable_code_not_in_execute_path
rancher/nginx-ingress-controller:v1.14.5-hardened2,harvester/v1.8.2,libopenssl-3-devel,3.5.0-160000.6.1,sles,SUSE-SU-2026:21186-1,HIGH,,rancher/nginx-ingress-controller:v1.14.5-hardened2 (sles 16.0),3.5.0-160000.7.1,false,not_affected,vulnerable_code_not_in_execute_path
rancher/nginx-ingress-controller:v1.14.5-hardened2,harvester/v1.8.2,libopenssl-3-fips-provider,3.5.0-160000.6.1,sles,SUSE-SU-2026:21186-1,HIGH,,rancher/nginx-ingress-controller:v1.14.5-hardened2 (sles 16.0),3.5.0-160000.7.1,false,not_affected,vulnerable_code_not_in_execute_path
rancher/nginx-ingress-controller:v1.14.5-hardened2,harvester/v1.8.2,libopenssl3,3.5.0-160000.6.1,sles,SUSE-SU-2026:21186-1,HIGH,,rancher/nginx-ingress-controller:v1.14.5-hardened2 (sles 16.0),3.5.0-160000.7.1,false,not_affected,vulnerable_code_not_in_execute_path
rancher/nginx-ingress-controller:v1.14.5-hardened2,harvester/v1.8.2,openssl-3,3.5.0-160000.6.1,sles,SUSE-SU-2026:21186-1,HIGH,,rancher/nginx-ingress-controller:v1.14.5-hardened2 (sles 16.0),3.5.0-160000.7.1,false,not_affected,vulnerable_code_not_in_execute_path
rancher/nginx-ingress-controller:v1.14.5-hardened2,harvester/v1.8.2,pam,1.7.1-160000.2.2,sles,SUSE-SU-2026:21192-1,MEDIUM,,rancher/nginx-ingress-controller:v1.14.5-hardened2 (sles 16.0),1.7.1-160000.3.1,false,not_affected,vulnerable_code_not_in_execute_path
rancher/nginx-ingress-controller:v1.14.5-hardened2,harvester/v1.8.2,libcap-progs,2.73-160000.2.2,sles,SUSE-SU-2026:21373-1,HIGH,,rancher/nginx-ingress-controller:v1.14.5-hardened2 (sles 16.0),2.73-160000.3.1,false,affected,
rancher/nginx-ingress-controller:v1.14.5-hardened2,harvester/v1.8.2,libcap2,2.73-160000.2.2,sles,SUSE-SU-2026:21373-1,HIGH,,rancher/nginx-ingress-controller:v1.14.5-hardened2 (sles 16.0),2.73-160000.3.1,false,not_affected,vulnerable_code_not_in_execute_path
rancher/nginx-ingress-controller:v1.14.5-hardened2,harvester/v1.8.2,c-ares-devel,1.34.5-160000.2.2,sles,SUSE-SU-2026:21574-1,MEDIUM,,rancher/nginx-ingress-controller:v1.14.5-hardened2 (sles 16.0),1.34.6-160000.1.1,false,not_affected,vulnerable_code_not_in_execute_path
rancher/nginx-ingress-controller:v1.14.5-hardened2,harvester/v1.8.2,glibc,2.40-160000.3.1,sles,SUSE-SU-2026:21807-1,HIGH,,rancher/nginx-ingress-controller:v1.14.5-hardened2 (sles 16.0),2.40-160000.5.1,false,affected,
rancher/nginx-ingress-controller:v1.14.5-hardened2,harvester/v1.8.2,glibc-devel,2.40-160000.3.1,sles,SUSE-SU-2026:21807-1,HIGH,,rancher/nginx-ingress-controller:v1.14.5-hardened2 (sles 16.0),2.40-160000.5.1,false,not_affected,vulnerable_code_not_in_execute_path
rancher/nginx-ingress-controller:v1.14.5-hardened2,harvester/v1.8.2,glibc-locale-base,2.40-160000.3.1,sles,SUSE-SU-2026:21807-1,HIGH,,rancher/nginx-ingress-controller:v1.14.5-hardened2 (sles 16.0),2.40-160000.5.1,false,affected,
rancher/nginx-ingress-controller:v1.14.5-hardened2,harvester/v1.8.2,liblzma5,5.8.1-160000.2.2,sles,SUSE-SU-2026:21848-1,HIGH,,rancher/nginx-ingress-controller:v1.14.5-hardened2 (sles 16.0),5.8.1-160000.3.1,false,not_affected,vulnerable_code_not_in_execute_path
rancher/nginx-ingress-controller:v1.14.5-hardened2,harvester/v1.8.2,xz,5.8.1-160000.2.2,sles,SUSE-SU-2026:21848-1,HIGH,,rancher/nginx-ingress-controller:v1.14.5-hardened2 (sles 16.0),5.8.1-160000.3.1,false,affected,
rancher/nginx-ingress-controller:v1.14.5-hardened2,harvester/v1.8.2,libcurl-mini4,8.14.1-160000.5.1,sles,SUSE-SU-2026:22156-1,MEDIUM,,rancher/nginx-ingress-controller:v1.14.5-hardened2 (sles 16.0),8.14.1-160000.6.1,false,not_affected,vulnerable_code_not_in_execute_path
rancher/nginx-ingress-controller:v1.14.5-hardened2,harvester/v1.8.2,libsqlite3-0,3.50.4-160000.1.2,sles,SUSE-SU-2026:22166-1,HIGH,,rancher/nginx-ingress-controller:v1.14.5-hardened2 (sles 16.0),3.53.2-160000.1.1,false,affected,
rancher/nginx-ingress-controller:v1.14.5-hardened2,harvester/v1.8.2,libsolv-tools-base,0.7.35-160000.1.1,sles,SUSE-SU-2026:22172-1,HIGH,,rancher/nginx-ingress-controller:v1.14.5-hardened2 (sles 16.0),0.7.39-160000.1.1,false,affected,
rancher/nginx-ingress-controller:v1.14.5-hardened2,harvester/v1.8.2,libzypp,17.38.2-160000.1.1,sles,SUSE-SU-2026:22172-1,HIGH,,rancher/nginx-ingress-controller:v1.14.5-hardened2 (sles 16.0),17.38.13-160000.1.1,false,not_affected,vulnerable_code_not_in_execute_path
rancher/nginx-ingress-controller:v1.14.5-hardened2,harvester/v1.8.2,zypper,1.14.94-160000.1.1,sles,SUSE-SU-2026:22172-1,HIGH,,rancher/nginx-ingress-controller:v1.14.5-hardened2 (sles 16.0),1.14.98-160000.1.1,false,not_affected,vulnerable_code_not_in_execute_path
rancher/nginx-ingress-controller:v1.14.5-hardened2,harvester/v1.8.2,libncurses6,6.5.20250531-160000.2.2,sles,SUSE-SU-2026:22294-1,MEDIUM,,rancher/nginx-ingress-controller:v1.14.5-hardened2 (sles 16.0),6.5.20250531-160000.3.1,false,not_affected,vulnerable_code_not_in_execute_path
rancher/nginx-ingress-controller:v1.14.5-hardened2,harvester/v1.8.2,ncurses-utils,6.5.20250531-160000.2.2,sles,SUSE-SU-2026:22294-1,MEDIUM,,rancher/nginx-ingress-controller:v1.14.5-hardened2 (sles 16.0),6.5.20250531-160000.3.1,false,not_affected,vulnerable_code_not_in_execute_path
rancher/nginx-ingress-controller:v1.14.5-hardened2,harvester/v1.8.2,terminfo-base,6.5.20250531-160000.2.2,sles,SUSE-SU-2026:22294-1,MEDIUM,,rancher/nginx-ingress-controller:v1.14.5-hardened2 (sles 16.0),6.5.20250531-160000.3.1,false,not_affected,vulnerable_code_not_in_execute_path
rancher/nginx-ingress-controller:v1.14.5-hardened2,harvester/v1.8.2,libopenssl-3-devel,3.5.0-160000.6.1,sles,SUSE-SU-2026:22315-1,HIGH,,rancher/nginx-ingress-controller:v1.14.5-hardened2 (sles 16.0),3.5.0-160000.8.1,false,affected,
rancher/nginx-ingress-controller:v1.14.5-hardened2,harvester/v1.8.2,libopenssl-3-fips-provider,3.5.0-160000.6.1,sles,SUSE-SU-2026:22315-1,HIGH,,rancher/nginx-ingress-controller:v1.14.5-hardened2 (sles 16.0),3.5.0-160000.8.1,false,affected,
rancher/nginx-ingress-controller:v1.14.5-hardened2,harvester/v1.8.2,libopenssl3,3.5.0-160000.6.1,sles,SUSE-SU-2026:22315-1,HIGH,,rancher/nginx-ingress-controller:v1.14.5-hardened2 (sles 16.0),3.5.0-160000.8.1,false,affected,
rancher/nginx-ingress-controller:v1.14.5-hardened2,harvester/v1.8.2,openssl-3,3.5.0-160000.6.1,sles,SUSE-SU-2026:22315-1,HIGH,,rancher/nginx-ingress-controller:v1.14.5-hardened2 (sles 16.0),3.5.0-160000.8.1,false,affected,
rancher/nginx-ingress-controller:v1.14.5-hardened2,harvester/v1.8.2,tar,1.35-160000.2.2,sles,SUSE-SU-2026:22377-1,HIGH,,rancher/nginx-ingress-controller:v1.14.5-hardened2 (sles 16.0),1.35-160000.4.1,false,not_affected,vulnerable_code_not_in_execute_path
rancher/nginx-ingress-controller:v1.14.5-hardened2,harvester/v1.8.2,curl,8.14.1-160000.5.1,sles,SUSE-SU-2026:22582-1,HIGH,,rancher/nginx-ingress-controller:v1.14.5-hardened2 (sles 16.0),8.14.1-160000.8.1,false,affected,
rancher/nginx-ingress-controller:v1.14.5-hardened2,harvester/v1.8.2,libcurl-mini4,8.14.1-160000.5.1,sles,SUSE-SU-2026:22582-1,HIGH,,rancher/nginx-ingress-controller:v1.14.5-hardened2 (sles 16.0),8.14.1-160000.8.1,false,not_affected,vulnerable_code_not_in_execute_path
rancher/nginx-ingress-controller:v1.14.5-hardened2,harvester/v1.8.2,libxml2-2,2.13.8-160000.4.1,sles,SUSE-SU-2026:22636-1,HIGH,,rancher/nginx-ingress-controller:v1.14.5-hardened2 (sles 16.0),2.13.8-160000.5.1,false,not_affected,vulnerable_code_not_in_execute_path
rancher/nginx-ingress-controller:v1.14.5-hardened2,harvester/v1.8.2,libxml2-tools,2.13.8-160000.4.1,sles,SUSE-SU-2026:22636-1,HIGH,,rancher/nginx-ingress-controller:v1.14.5-hardened2 (sles 16.0),2.13.8-160000.5.1,false,affected,
rancher/nginx-ingress-controller:v1.14.5-hardened2,harvester/v1.8.2,pam,1.7.1-160000.2.2,sles,SUSE-SU-2026:22639-1,MEDIUM,,rancher/nginx-ingress-controller:v1.14.5-hardened2 (sles 16.0),1.7.1-160000.5.1,false,not_affected,vulnerable_code_not_in_execute_path
rancher/nginx-ingress-controller:v1.14.5-hardened2,harvester/v1.8.2,gzip,1.13-160000.2.2,sles,SUSE-SU-2026:22818-1,HIGH,,rancher/nginx-ingress-controller:v1.14.5-hardened2 (sles 16.0),1.13-160000.3.1,false,not_affected,vulnerable_code_not_in_execute_path
rancher/nginx-ingress-controller:v1.14.5-hardened2,harvester/v1.8.2,glib2-tools,2.84.4-160000.2.1,sles,SUSE-SU-2026:22846-1,HIGH,,rancher/nginx-ingress-controller:v1.14.5-hardened2 (sles 16.0),2.84.4-160000.4.1,false,not_affected,vulnerable_code_not_in_execute_path
rancher/nginx-ingress-controller:v1.14.5-hardened2,harvester/v1.8.2,libgio-2_0-0,2.84.4-160000.2.1,sles,SUSE-SU-2026:22846-1,HIGH,,rancher/nginx-ingress-controller:v1.14.5-hardened2 (sles 16.0),2.84.4-160000.4.1,false,not_affected,vulnerable_code_not_in_execute_path
rancher/nginx-ingress-controller:v1.14.5-hardened2,harvester/v1.8.2,libglib-2_0-0,2.84.4-160000.2.1,sles,SUSE-SU-2026:22846-1,HIGH,,rancher/nginx-ingress-controller:v1.14.5-hardened2 (sles 16.0),2.84.4-160000.4.1,false,not_affected,vulnerable_code_not_in_execute_path
rancher/nginx-ingress-controller:v1.14.5-hardened2,harvester/v1.8.2,libgmodule-2_0-0,2.84.4-160000.2.1,sles,SUSE-SU-2026:22846-1,HIGH,,rancher/nginx-ingress-controller:v1.14.5-hardened2 (sles 16.0),2.84.4-160000.4.1,false,not_affected,vulnerable_code_not_in_execute_path
rancher/nginx-ingress-controller:v1.14.5-hardened2,harvester/v1.8.2,libgobject-2_0-0,2.84.4-160000.2.1,sles,SUSE-SU-2026:22846-1,HIGH,,rancher/nginx-ingress-controller:v1.14.5-hardened2 (sles 16.0),2.84.4-160000.4.1,false,not_affected,vulnerable_code_not_in_execute_path
rancher/prom-prometheus:v3.5.0,harvester/v1.8.2,stdlib,v1.24.5,gobinary,CVE-2025-47907,MEDIUM,https://avd.aquasec.com/nvd/cve-2025-47907,bin/prometheus,"1.23.12, 1.24.6",false,not_affected,vulnerable_code_not_in_execute_path
rancher/prom-prometheus:v3.5.0,harvester/v1.8.2,stdlib,v1.24.5,gobinary,CVE-2025-47907,MEDIUM,https://avd.aquasec.com/nvd/cve-2025-47907,bin/promtool,"1.23.12, 1.24.6",false,not_affected,vulnerable_code_not_in_execute_path
rancher/prom-prometheus:v3.5.0,harvester/v1.8.2,golang.org/x/net,v0.41.0,gobinary,CVE-2025-47911,MEDIUM,https://avd.aquasec.com/nvd/cve-2025-47911,bin/prometheus,0.45.0,false,not_affected,vulnerable_code_not_present
rancher/prom-prometheus:v3.5.0,harvester/v1.8.2,golang.org/x/net,v0.41.0,gobinary,CVE-2025-47911,MEDIUM,https://avd.aquasec.com/nvd/cve-2025-47911,bin/promtool,0.45.0,false,not_affected,vulnerable_code_not_present
rancher/prom-prometheus:v3.5.0,harvester/v1.8.2,stdlib,v1.24.5,gobinary,CVE-2025-47912,HIGH,https://avd.aquasec.com/nvd/cve-2025-47912,bin/prometheus,"1.24.8, 1.25.2",false,affected,severity_changed_due_to_suse_cvss_score
rancher/prom-prometheus:v3.5.0,harvester/v1.8.2,stdlib,v1.24.5,gobinary,CVE-2025-47912,HIGH,https://avd.aquasec.com/nvd/cve-2025-47912,bin/promtool,"1.24.8, 1.25.2",false,affected,severity_changed_due_to_suse_cvss_score
rancher/prom-prometheus:v3.5.0,harvester/v1.8.2,golang.org/x/crypto,v0.39.0,gobinary,CVE-2025-47913,HIGH,https://avd.aquasec.com/nvd/cve-2025-47913,bin/prometheus,0.43.0,false,not_affected,vulnerable_code_not_present
rancher/prom-prometheus:v3.5.0,harvester/v1.8.2,golang.org/x/crypto,v0.39.0,gobinary,CVE-2025-47913,HIGH,https://avd.aquasec.com/nvd/cve-2025-47913,bin/promtool,0.43.0,false,not_affected,vulnerable_code_not_present
rancher/prom-prometheus:v3.5.0,harvester/v1.8.2,golang.org/x/crypto,v0.39.0,gobinary,CVE-2025-47914,MEDIUM,https://avd.aquasec.com/nvd/cve-2025-47914,bin/prometheus,0.45.0,false,not_affected,vulnerable_code_not_present
rancher/prom-prometheus:v3.5.0,harvester/v1.8.2,golang.org/x/crypto,v0.39.0,gobinary,CVE-2025-47914,MEDIUM,https://avd.aquasec.com/nvd/cve-2025-47914,bin/promtool,0.45.0,false,not_affected,vulnerable_code_not_present
rancher/prom-prometheus:v3.5.0,harvester/v1.8.2,golang.org/x/crypto,v0.39.0,gobinary,CVE-2025-58181,MEDIUM,https://avd.aquasec.com/nvd/cve-2025-58181,bin/prometheus,0.45.0,false,not_affected,vulnerable_code_not_present
rancher/prom-prometheus:v3.5.0,harvester/v1.8.2,golang.org/x/crypto,v0.39.0,gobinary,CVE-2025-58181,MEDIUM,https://avd.aquasec.com/nvd/cve-2025-58181,bin/promtool,0.45.0,false,not_affected,vulnerable_code_not_present
rancher/prom-prometheus:v3.5.0,harvester/v1.8.2,stdlib,v1.24.5,gobinary,CVE-2025-58183,MEDIUM,https://avd.aquasec.com/nvd/cve-2025-58183,bin/prometheus,"1.24.8, 1.25.2",false,not_affected,vulnerable_code_not_in_execute_path
rancher/prom-prometheus:v3.5.0,harvester/v1.8.2,stdlib,v1.24.5,gobinary,CVE-2025-58183,MEDIUM,https://avd.aquasec.com/nvd/cve-2025-58183,bin/promtool,"1.24.8, 1.25.2",false,not_affected,vulnerable_code_not_in_execute_path
rancher/prom-prometheus:v3.5.0,harvester/v1.8.2,stdlib,v1.24.5,gobinary,CVE-2025-58188,HIGH,https://avd.aquasec.com/nvd/cve-2025-58188,bin/prometheus,"1.24.8, 1.25.2",false,affected,severity_changed_due_to_suse_cvss_score
rancher/prom-prometheus:v3.5.0,harvester/v1.8.2,stdlib,v1.24.5,gobinary,CVE-2025-58188,HIGH,https://avd.aquasec.com/nvd/cve-2025-58188,bin/promtool,"1.24.8, 1.25.2",false,affected,severity_changed_due_to_suse_cvss_score
rancher/prom-prometheus:v3.5.0,harvester/v1.8.2,golang.org/x/net,v0.41.0,gobinary,CVE-2025-58190,MEDIUM,https://avd.aquasec.com/nvd/cve-2025-58190,bin/prometheus,0.45.0,false,not_affected,vulnerable_code_not_present
rancher/prom-prometheus:v3.5.0,harvester/v1.8.2,golang.org/x/net,v0.41.0,gobinary,CVE-2025-58190,MEDIUM,https://avd.aquasec.com/nvd/cve-2025-58190,bin/promtool,0.45.0,false,not_affected,vulnerable_code_not_present
rancher/prom-prometheus:v3.5.0,harvester/v1.8.2,stdlib,v1.24.5,gobinary,CVE-2025-61727,HIGH,https://avd.aquasec.com/nvd/cve-2025-61727,bin/prometheus,"1.24.11, 1.25.5",false,affected,severity_changed_due_to_suse_cvss_score
rancher/prom-prometheus:v3.5.0,harvester/v1.8.2,stdlib,v1.24.5,gobinary,CVE-2025-61727,HIGH,https://avd.aquasec.com/nvd/cve-2025-61727,bin/promtool,"1.24.11, 1.25.5",false,affected,severity_changed_due_to_suse_cvss_score
rancher/prom-prometheus:v3.5.0,harvester/v1.8.2,stdlib,v1.24.5,gobinary,CVE-2025-61728,MEDIUM,https://avd.aquasec.com/nvd/cve-2025-61728,bin/prometheus,"1.24.12, 1.25.6",false,not_affected,vulnerable_code_not_present
rancher/prom-prometheus:v3.5.0,harvester/v1.8.2,stdlib,v1.24.5,gobinary,CVE-2025-61728,MEDIUM,https://avd.aquasec.com/nvd/cve-2025-61728,bin/promtool,"1.24.12, 1.25.6",false,not_affected,vulnerable_code_not_present
rancher/prom-prometheus:v3.5.0,harvester/v1.8.2,stdlib,v1.24.5,gobinary,CVE-2025-61729,HIGH,https://avd.aquasec.com/nvd/cve-2025-61729,bin/prometheus,"1.24.11, 1.25.5",false,affected,
rancher/prom-prometheus:v3.5.0,harvester/v1.8.2,stdlib,v1.24.5,gobinary,CVE-2025-61729,HIGH,https://avd.aquasec.com/nvd/cve-2025-61729,bin/promtool,"1.24.11, 1.25.5",false,affected,
rancher/prom-prometheus:v3.5.0,harvester/v1.8.2,stdlib,v1.24.5,gobinary,CVE-2025-68121,HIGH,https://avd.aquasec.com/nvd/cve-2025-68121,bin/prometheus,"1.24.13, 1.25.7, 1.26.0-rc.3",false,affected,severity_changed_due_to_suse_cvss_score
rancher/prom-prometheus:v3.5.0,harvester/v1.8.2,stdlib,v1.24.5,gobinary,CVE-2025-68121,HIGH,https://avd.aquasec.com/nvd/cve-2025-68121,bin/promtool,"1.24.13, 1.25.7, 1.26.0-rc.3",false,affected,severity_changed_due_to_suse_cvss_score
rancher/prom-prometheus:v3.5.0,harvester/v1.8.2,go.mongodb.org/mongo-driver,v1.14.0,gobinary,CVE-2026-2303,MEDIUM,https://avd.aquasec.com/nvd/cve-2026-2303,bin/prometheus,1.17.7,false,not_affected,vulnerable_code_not_present
rancher/prom-prometheus:v3.5.0,harvester/v1.8.2,go.mongodb.org/mongo-driver,v1.14.0,gobinary,CVE-2026-2303,MEDIUM,https://avd.aquasec.com/nvd/cve-2026-2303,bin/promtool,1.17.7,false,not_affected,vulnerable_code_not_present
rancher/prom-prometheus:v3.5.0,harvester/v1.8.2,go.opentelemetry.io/otel/sdk,v1.36.0,gobinary,CVE-2026-24051,HIGH,https://avd.aquasec.com/nvd/cve-2026-24051,bin/prometheus,1.40.0,false,not_affected,vulnerable_code_not_present
rancher/prom-prometheus:v3.5.0,harvester/v1.8.2,go.opentelemetry.io/otel/sdk,v1.36.0,gobinary,CVE-2026-24051,HIGH,https://avd.aquasec.com/nvd/cve-2026-24051,bin/promtool,1.40.0,false,not_affected,vulnerable_code_not_present
rancher/prom-prometheus:v3.5.0,harvester/v1.8.2,golang.org/x/net,v0.41.0,gobinary,CVE-2026-25680,MEDIUM,https://avd.aquasec.com/nvd/cve-2026-25680,bin/prometheus,0.55.0,false,not_affected,vulnerable_code_not_present
rancher/prom-prometheus:v3.5.0,harvester/v1.8.2,golang.org/x/net,v0.41.0,gobinary,CVE-2026-25680,MEDIUM,https://avd.aquasec.com/nvd/cve-2026-25680,bin/promtool,0.55.0,false,not_affected,vulnerable_code_not_present
rancher/prom-prometheus:v3.5.0,harvester/v1.8.2,golang.org/x/net,v0.41.0,gobinary,CVE-2026-25681,HIGH,https://avd.aquasec.com/nvd/cve-2026-25681,bin/prometheus,0.55.0,false,not_affected,vulnerable_code_not_present
rancher/prom-prometheus:v3.5.0,harvester/v1.8.2,golang.org/x/net,v0.41.0,gobinary,CVE-2026-25681,HIGH,https://avd.aquasec.com/nvd/cve-2026-25681,bin/promtool,0.55.0,false,not_affected,vulnerable_code_not_present
rancher/prom-prometheus:v3.5.0,harvester/v1.8.2,golang.org/x/net,v0.41.0,gobinary,CVE-2026-27136,HIGH,https://avd.aquasec.com/nvd/cve-2026-27136,bin/prometheus,0.55.0,false,not_affected,vulnerable_code_not_present
rancher/prom-prometheus:v3.5.0,harvester/v1.8.2,golang.org/x/net,v0.41.0,gobinary,CVE-2026-27136,HIGH,https://avd.aquasec.com/nvd/cve-2026-27136,bin/promtool,0.55.0,false,not_affected,vulnerable_code_not_present
rancher/prom-prometheus:v3.5.0,harvester/v1.8.2,go.opentelemetry.io/otel,v1.36.0,gobinary,CVE-2026-29181,HIGH,https://avd.aquasec.com/nvd/cve-2026-29181,bin/prometheus,1.41.0,false,affected,
rancher/prom-prometheus:v3.5.0,harvester/v1.8.2,go.opentelemetry.io/otel,v1.36.0,gobinary,CVE-2026-29181,HIGH,https://avd.aquasec.com/nvd/cve-2026-29181,bin/promtool,1.41.0,false,affected,
rancher/prom-prometheus:v3.5.0,harvester/v1.8.2,stdlib,v1.24.5,gobinary,CVE-2026-32280,HIGH,https://avd.aquasec.com/nvd/cve-2026-32280,bin/prometheus,"1.25.9, 1.26.2",false,affected,
rancher/prom-prometheus:v3.5.0,harvester/v1.8.2,stdlib,v1.24.5,gobinary,CVE-2026-32280,HIGH,https://avd.aquasec.com/nvd/cve-2026-32280,bin/promtool,"1.25.9, 1.26.2",false,affected,
rancher/prom-prometheus:v3.5.0,harvester/v1.8.2,stdlib,v1.24.5,gobinary,CVE-2026-32282,MEDIUM,https://avd.aquasec.com/nvd/cve-2026-32282,bin/prometheus,"1.25.9, 1.26.2",false,not_affected,vulnerable_code_not_in_execute_path
rancher/prom-prometheus:v3.5.0,harvester/v1.8.2,stdlib,v1.24.5,gobinary,CVE-2026-32282,MEDIUM,https://avd.aquasec.com/nvd/cve-2026-32282,bin/promtool,"1.25.9, 1.26.2",false,not_affected,vulnerable_code_not_in_execute_path
rancher/prom-prometheus:v3.5.0,harvester/v1.8.2,stdlib,v1.24.5,gobinary,CVE-2026-32288,MEDIUM,https://avd.aquasec.com/nvd/cve-2026-32288,bin/prometheus,"1.25.9, 1.26.2",false,not_affected,vulnerable_code_not_in_execute_path
rancher/prom-prometheus:v3.5.0,harvester/v1.8.2,stdlib,v1.24.5,gobinary,CVE-2026-32288,MEDIUM,https://avd.aquasec.com/nvd/cve-2026-32288,bin/promtool,"1.25.9, 1.26.2",false,not_affected,vulnerable_code_not_in_execute_path
rancher/prom-prometheus:v3.5.0,harvester/v1.8.2,google.golang.org/grpc,v1.73.0,gobinary,CVE-2026-33186,HIGH,https://avd.aquasec.com/nvd/cve-2026-33186,bin/prometheus,1.79.3,false,affected,severity_changed_due_to_suse_cvss_score
rancher/prom-prometheus:v3.5.0,harvester/v1.8.2,google.golang.org/grpc,v1.73.0,gobinary,CVE-2026-33186,HIGH,https://avd.aquasec.com/nvd/cve-2026-33186,bin/promtool,1.79.3,false,affected,severity_changed_due_to_suse_cvss_score
rancher/prom-prometheus:v3.5.0,harvester/v1.8.2,stdlib,v1.24.5,gobinary,CVE-2026-33811,HIGH,https://avd.aquasec.com/nvd/cve-2026-33811,bin/prometheus,"1.25.10, 1.26.3",false,affected,
rancher/prom-prometheus:v3.5.0,harvester/v1.8.2,stdlib,v1.24.5,gobinary,CVE-2026-33811,HIGH,https://avd.aquasec.com/nvd/cve-2026-33811,bin/promtool,"1.25.10, 1.26.3",false,affected,
rancher/prom-prometheus:v3.5.0,harvester/v1.8.2,golang.org/x/net,v0.41.0,gobinary,CVE-2026-33814,HIGH,https://avd.aquasec.com/nvd/cve-2026-33814,bin/prometheus,0.53.0,false,affected,
rancher/prom-prometheus:v3.5.0,harvester/v1.8.2,golang.org/x/net,v0.41.0,gobinary,CVE-2026-33814,HIGH,https://avd.aquasec.com/nvd/cve-2026-33814,bin/promtool,0.53.0,false,affected,
rancher/prom-prometheus:v3.5.0,harvester/v1.8.2,stdlib,v1.24.5,gobinary,CVE-2026-33814,HIGH,https://avd.aquasec.com/nvd/cve-2026-33814,bin/prometheus,"1.25.10, 1.26.3",false,affected,
rancher/prom-prometheus:v3.5.0,harvester/v1.8.2,stdlib,v1.24.5,gobinary,CVE-2026-33814,HIGH,https://avd.aquasec.com/nvd/cve-2026-33814,bin/promtool,"1.25.10, 1.26.3",false,affected,
rancher/prom-prometheus:v3.5.0,harvester/v1.8.2,github.com/docker/docker,v28.2.2+incompatible,gobinary,CVE-2026-33997,HIGH,https://avd.aquasec.com/nvd/cve-2026-33997,bin/prometheus,29.3.1,false,affected,severity_changed_due_to_suse_cvss_score
rancher/prom-prometheus:v3.5.0,harvester/v1.8.2,github.com/docker/docker,v28.2.2+incompatible,gobinary,CVE-2026-33997,HIGH,https://avd.aquasec.com/nvd/cve-2026-33997,bin/promtool,29.3.1,false,affected,severity_changed_due_to_suse_cvss_score
rancher/prom-prometheus:v3.5.0,harvester/v1.8.2,github.com/docker/docker,v28.2.2+incompatible,gobinary,CVE-2026-34040,HIGH,https://avd.aquasec.com/nvd/cve-2026-34040,bin/prometheus,29.3.1,false,affected,
rancher/prom-prometheus:v3.5.0,harvester/v1.8.2,github.com/docker/docker,v28.2.2+incompatible,gobinary,CVE-2026-34040,HIGH,https://avd.aquasec.com/nvd/cve-2026-34040,bin/promtool,29.3.1,false,affected,
rancher/prom-prometheus:v3.5.0,harvester/v1.8.2,stdlib,v1.24.5,gobinary,CVE-2026-39820,HIGH,https://avd.aquasec.com/nvd/cve-2026-39820,bin/prometheus,"1.25.10, 1.26.3",false,affected,
rancher/prom-prometheus:v3.5.0,harvester/v1.8.2,stdlib,v1.24.5,gobinary,CVE-2026-39820,HIGH,https://avd.aquasec.com/nvd/cve-2026-39820,bin/promtool,"1.25.10, 1.26.3",false,affected,
rancher/prom-prometheus:v3.5.0,harvester/v1.8.2,golang.org/x/net,v0.41.0,gobinary,CVE-2026-39821,HIGH,https://avd.aquasec.com/nvd/cve-2026-39821,bin/prometheus,0.55.0,false,affected,
rancher/prom-prometheus:v3.5.0,harvester/v1.8.2,golang.org/x/net,v0.41.0,gobinary,CVE-2026-39821,HIGH,https://avd.aquasec.com/nvd/cve-2026-39821,bin/promtool,0.55.0,false,affected,
rancher/prom-prometheus:v3.5.0,harvester/v1.8.2,stdlib,v1.24.5,gobinary,CVE-2026-39822,HIGH,https://avd.aquasec.com/nvd/cve-2026-39822,bin/prometheus,"1.25.12, 1.26.5, 1.27.0-rc.2",false,not_affected,vulnerable_code_not_in_execute_path
rancher/prom-prometheus:v3.5.0,harvester/v1.8.2,stdlib,v1.24.5,gobinary,CVE-2026-39822,HIGH,https://avd.aquasec.com/nvd/cve-2026-39822,bin/promtool,"1.25.12, 1.26.5, 1.27.0-rc.2",false,not_affected,vulnerable_code_not_in_execute_path
rancher/prom-prometheus:v3.5.0,harvester/v1.8.2,stdlib,v1.24.5,gobinary,CVE-2026-39825,MEDIUM,https://avd.aquasec.com/nvd/cve-2026-39825,bin/prometheus,"1.25.10, 1.26.3",false,not_affected,vulnerable_code_not_in_execute_path
rancher/prom-prometheus:v3.5.0,harvester/v1.8.2,stdlib,v1.24.5,gobinary,CVE-2026-39825,MEDIUM,https://avd.aquasec.com/nvd/cve-2026-39825,bin/promtool,"1.25.10, 1.26.3",false,not_affected,vulnerable_code_not_in_execute_path
rancher/prom-prometheus:v3.5.0,harvester/v1.8.2,golang.org/x/crypto,v0.39.0,gobinary,CVE-2026-39827,MEDIUM,https://avd.aquasec.com/nvd/cve-2026-39827,bin/prometheus,0.52.0,false,not_affected,vulnerable_code_not_present
rancher/prom-prometheus:v3.5.0,harvester/v1.8.2,golang.org/x/crypto,v0.39.0,gobinary,CVE-2026-39827,MEDIUM,https://avd.aquasec.com/nvd/cve-2026-39827,bin/promtool,0.52.0,false,not_affected,vulnerable_code_not_present
rancher/prom-prometheus:v3.5.0,harvester/v1.8.2,golang.org/x/crypto,v0.39.0,gobinary,CVE-2026-39828,HIGH,https://avd.aquasec.com/nvd/cve-2026-39828,bin/prometheus,0.52.0,false,not_affected,vulnerable_code_not_present
rancher/prom-prometheus:v3.5.0,harvester/v1.8.2,golang.org/x/crypto,v0.39.0,gobinary,CVE-2026-39828,HIGH,https://avd.aquasec.com/nvd/cve-2026-39828,bin/promtool,0.52.0,false,not_affected,vulnerable_code_not_present
rancher/prom-prometheus:v3.5.0,harvester/v1.8.2,golang.org/x/crypto,v0.39.0,gobinary,CVE-2026-39829,HIGH,https://avd.aquasec.com/nvd/cve-2026-39829,bin/prometheus,0.52.0,false,not_affected,vulnerable_code_not_present
rancher/prom-prometheus:v3.5.0,harvester/v1.8.2,golang.org/x/crypto,v0.39.0,gobinary,CVE-2026-39829,HIGH,https://avd.aquasec.com/nvd/cve-2026-39829,bin/promtool,0.52.0,false,not_affected,vulnerable_code_not_present
rancher/prom-prometheus:v3.5.0,harvester/v1.8.2,golang.org/x/crypto,v0.39.0,gobinary,CVE-2026-39830,HIGH,https://avd.aquasec.com/nvd/cve-2026-39830,bin/prometheus,0.52.0,false,not_affected,vulnerable_code_not_present
rancher/prom-prometheus:v3.5.0,harvester/v1.8.2,golang.org/x/crypto,v0.39.0,gobinary,CVE-2026-39830,HIGH,https://avd.aquasec.com/nvd/cve-2026-39830,bin/promtool,0.52.0,false,not_affected,vulnerable_code_not_present
rancher/prom-prometheus:v3.5.0,harvester/v1.8.2,golang.org/x/crypto,v0.39.0,gobinary,CVE-2026-39831,HIGH,https://avd.aquasec.com/nvd/cve-2026-39831,bin/prometheus,0.52.0,false,not_affected,vulnerable_code_not_present
rancher/prom-prometheus:v3.5.0,harvester/v1.8.2,golang.org/x/crypto,v0.39.0,gobinary,CVE-2026-39831,HIGH,https://avd.aquasec.com/nvd/cve-2026-39831,bin/promtool,0.52.0,false,not_affected,vulnerable_code_not_present
rancher/prom-prometheus:v3.5.0,harvester/v1.8.2,golang.org/x/crypto,v0.39.0,gobinary,CVE-2026-39832,HIGH,https://avd.aquasec.com/nvd/cve-2026-39832,bin/prometheus,0.52.0,false,not_affected,vulnerable_code_not_present
rancher/prom-prometheus:v3.5.0,harvester/v1.8.2,golang.org/x/crypto,v0.39.0,gobinary,CVE-2026-39832,HIGH,https://avd.aquasec.com/nvd/cve-2026-39832,bin/promtool,0.52.0,false,not_affected,vulnerable_code_not_present
rancher/prom-prometheus:v3.5.0,harvester/v1.8.2,golang.org/x/crypto,v0.39.0,gobinary,CVE-2026-39833,MEDIUM,https://avd.aquasec.com/nvd/cve-2026-39833,bin/prometheus,0.52.0,false,not_affected,vulnerable_code_not_present
rancher/prom-prometheus:v3.5.0,harvester/v1.8.2,golang.org/x/crypto,v0.39.0,gobinary,CVE-2026-39833,MEDIUM,https://avd.aquasec.com/nvd/cve-2026-39833,bin/promtool,0.52.0,false,not_affected,vulnerable_code_not_present
rancher/prom-prometheus:v3.5.0,harvester/v1.8.2,golang.org/x/crypto,v0.39.0,gobinary,CVE-2026-39834,MEDIUM,https://avd.aquasec.com/nvd/cve-2026-39834,bin/prometheus,0.52.0,false,not_affected,vulnerable_code_not_present
rancher/prom-prometheus:v3.5.0,harvester/v1.8.2,golang.org/x/crypto,v0.39.0,gobinary,CVE-2026-39834,MEDIUM,https://avd.aquasec.com/nvd/cve-2026-39834,bin/promtool,0.52.0,false,not_affected,vulnerable_code_not_present
rancher/prom-prometheus:v3.5.0,harvester/v1.8.2,golang.org/x/crypto,v0.39.0,gobinary,CVE-2026-39835,HIGH,https://avd.aquasec.com/nvd/cve-2026-39835,bin/prometheus,0.52.0,false,not_affected,vulnerable_code_not_present
rancher/prom-prometheus:v3.5.0,harvester/v1.8.2,golang.org/x/crypto,v0.39.0,gobinary,CVE-2026-39835,HIGH,https://avd.aquasec.com/nvd/cve-2026-39835,bin/promtool,0.52.0,false,not_affected,vulnerable_code_not_present
rancher/prom-prometheus:v3.5.0,harvester/v1.8.2,stdlib,v1.24.5,gobinary,CVE-2026-39836,HIGH,https://avd.aquasec.com/nvd/cve-2026-39836,bin/prometheus,"1.25.10, 1.26.3",false,affected,
rancher/prom-prometheus:v3.5.0,harvester/v1.8.2,stdlib,v1.24.5,gobinary,CVE-2026-39836,HIGH,https://avd.aquasec.com/nvd/cve-2026-39836,bin/promtool,"1.25.10, 1.26.3",false,affected,
rancher/prom-prometheus:v3.5.0,harvester/v1.8.2,go.opentelemetry.io/otel/sdk,v1.36.0,gobinary,CVE-2026-39883,HIGH,https://avd.aquasec.com/nvd/cve-2026-39883,bin/prometheus,1.43.0,false,not_affected,vulnerable_code_not_in_execute_path
rancher/prom-prometheus:v3.5.0,harvester/v1.8.2,go.opentelemetry.io/otel/sdk,v1.36.0,gobinary,CVE-2026-39883,HIGH,https://avd.aquasec.com/nvd/cve-2026-39883,bin/promtool,1.43.0,false,not_affected,vulnerable_code_not_in_execute_path
rancher/prom-prometheus:v3.5.0,harvester/v1.8.2,github.com/docker/docker,v28.2.2+incompatible,gobinary,CVE-2026-41567,HIGH,https://avd.aquasec.com/nvd/cve-2026-41567,bin/prometheus,,false,not_affected,vulnerable_code_not_present
rancher/prom-prometheus:v3.5.0,harvester/v1.8.2,github.com/docker/docker,v28.2.2+incompatible,gobinary,CVE-2026-41567,HIGH,https://avd.aquasec.com/nvd/cve-2026-41567,bin/promtool,,false,not_affected,vulnerable_code_not_present
rancher/prom-prometheus:v3.5.0,harvester/v1.8.2,github.com/docker/docker,v28.2.2+incompatible,gobinary,CVE-2026-41568,MEDIUM,https://avd.aquasec.com/nvd/cve-2026-41568,bin/prometheus,,false,not_affected,vulnerable_code_not_present
rancher/prom-prometheus:v3.5.0,harvester/v1.8.2,github.com/docker/docker,v28.2.2+incompatible,gobinary,CVE-2026-41568,MEDIUM,https://avd.aquasec.com/nvd/cve-2026-41568,bin/promtool,,false,not_affected,vulnerable_code_not_present
rancher/prom-prometheus:v3.5.0,harvester/v1.8.2,github.com/docker/docker,v28.2.2+incompatible,gobinary,CVE-2026-42306,HIGH,https://avd.aquasec.com/nvd/cve-2026-42306,bin/prometheus,,false,not_affected,vulnerable_code_not_present
rancher/prom-prometheus:v3.5.0,harvester/v1.8.2,github.com/docker/docker,v28.2.2+incompatible,gobinary,CVE-2026-42306,HIGH,https://avd.aquasec.com/nvd/cve-2026-42306,bin/promtool,,false,not_affected,vulnerable_code_not_present
rancher/prom-prometheus:v3.5.0,harvester/v1.8.2,stdlib,v1.24.5,gobinary,CVE-2026-42499,HIGH,https://avd.aquasec.com/nvd/cve-2026-42499,bin/prometheus,"1.25.10, 1.26.3",false,affected,
rancher/prom-prometheus:v3.5.0,harvester/v1.8.2,stdlib,v1.24.5,gobinary,CVE-2026-42499,HIGH,https://avd.aquasec.com/nvd/cve-2026-42499,bin/promtool,"1.25.10, 1.26.3",false,affected,
rancher/prom-prometheus:v3.5.0,harvester/v1.8.2,golang.org/x/net,v0.41.0,gobinary,CVE-2026-42502,MEDIUM,https://avd.aquasec.com/nvd/cve-2026-42502,bin/prometheus,0.55.0,false,not_affected,vulnerable_code_not_present
rancher/prom-prometheus:v3.5.0,harvester/v1.8.2,golang.org/x/net,v0.41.0,gobinary,CVE-2026-42502,MEDIUM,https://avd.aquasec.com/nvd/cve-2026-42502,bin/promtool,0.55.0,false,not_affected,vulnerable_code_not_present
rancher/prom-prometheus:v3.5.0,harvester/v1.8.2,golang.org/x/net,v0.41.0,gobinary,CVE-2026-42506,MEDIUM,https://avd.aquasec.com/nvd/cve-2026-42506,bin/prometheus,0.55.0,false,not_affected,vulnerable_code_not_present
rancher/prom-prometheus:v3.5.0,harvester/v1.8.2,golang.org/x/net,v0.41.0,gobinary,CVE-2026-42506,MEDIUM,https://avd.aquasec.com/nvd/cve-2026-42506,bin/promtool,0.55.0,false,not_affected,vulnerable_code_not_present
rancher/prom-prometheus:v3.5.0,harvester/v1.8.2,golang.org/x/crypto,v0.39.0,gobinary,CVE-2026-42508,HIGH,https://avd.aquasec.com/nvd/cve-2026-42508,bin/prometheus,0.52.0,false,not_affected,vulnerable_code_not_present
rancher/prom-prometheus:v3.5.0,harvester/v1.8.2,golang.org/x/crypto,v0.39.0,gobinary,CVE-2026-42508,HIGH,https://avd.aquasec.com/nvd/cve-2026-42508,bin/promtool,0.52.0,false,not_affected,vulnerable_code_not_present
rancher/prom-prometheus:v3.5.0,harvester/v1.8.2,golang.org/x/crypto,v0.39.0,gobinary,CVE-2026-46595,HIGH,https://avd.aquasec.com/nvd/cve-2026-46595,bin/prometheus,0.52.0,false,not_affected,vulnerable_code_not_present
rancher/prom-prometheus:v3.5.0,harvester/v1.8.2,golang.org/x/crypto,v0.39.0,gobinary,CVE-2026-46595,HIGH,https://avd.aquasec.com/nvd/cve-2026-46595,bin/promtool,0.52.0,false,not_affected,vulnerable_code_not_present
rancher/prom-prometheus:v3.5.0,harvester/v1.8.2,golang.org/x/crypto,v0.39.0,gobinary,CVE-2026-46597,HIGH,https://avd.aquasec.com/nvd/cve-2026-46597,bin/prometheus,0.52.0,false,not_affected,vulnerable_code_not_present
rancher/prom-prometheus:v3.5.0,harvester/v1.8.2,golang.org/x/crypto,v0.39.0,gobinary,CVE-2026-46597,HIGH,https://avd.aquasec.com/nvd/cve-2026-46597,bin/promtool,0.52.0,false,not_affected,vulnerable_code_not_present
rancher/prom-prometheus:v3.5.0,harvester/v1.8.2,golang.org/x/crypto,v0.39.0,gobinary,CVE-2026-46598,MEDIUM,https://avd.aquasec.com/nvd/cve-2026-46598,bin/prometheus,0.52.0,false,not_affected,vulnerable_code_not_present
rancher/prom-prometheus:v3.5.0,harvester/v1.8.2,golang.org/x/crypto,v0.39.0,gobinary,CVE-2026-46598,MEDIUM,https://avd.aquasec.com/nvd/cve-2026-46598,bin/promtool,0.52.0,false,not_affected,vulnerable_code_not_present
rancher/prom-prometheus:v3.5.0,harvester/v1.8.2,golang.org/x/net,v0.41.0,gobinary,CVE-2026-46600,HIGH,https://avd.aquasec.com/nvd/cve-2026-46600,bin/prometheus,0.56.0,false,not_affected,vulnerable_code_not_present
rancher/prom-prometheus:v3.5.0,harvester/v1.8.2,golang.org/x/net,v0.41.0,gobinary,CVE-2026-46600,HIGH,https://avd.aquasec.com/nvd/cve-2026-46600,bin/promtool,0.56.0,false,not_affected,vulnerable_code_not_present
rancher/prom-prometheus:v3.5.0,harvester/v1.8.2,google.golang.org/grpc,v1.73.0,gobinary,GHSA-hrxh-6v49-42gf,HIGH,https://github.com/advisories/GHSA-hrxh-6v49-42gf,bin/prometheus,1.82.1,false,affected,
rancher/prom-prometheus:v3.5.0,harvester/v1.8.2,google.golang.org/grpc,v1.73.0,gobinary,GHSA-hrxh-6v49-42gf,HIGH,https://github.com/advisories/GHSA-hrxh-6v49-42gf,bin/promtool,1.82.1,false,affected,
rancher/rancher-agent:v2.14.3,harvester/v1.8.2,golang.org/x/net,v0.47.0,gobinary,CVE-2026-25680,MEDIUM,https://avd.aquasec.com/nvd/cve-2026-25680,usr/bin/kubectl,0.55.0,false,not_affected,vulnerable_code_not_present
rancher/rancher-agent:v2.14.3,harvester/v1.8.2,golang.org/x/net,v0.47.0,gobinary,CVE-2026-25681,HIGH,https://avd.aquasec.com/nvd/cve-2026-25681,usr/bin/kubectl,0.55.0,false,not_affected,vulnerable_code_not_present
rancher/rancher-agent:v2.14.3,harvester/v1.8.2,golang.org/x/net,v0.47.0,gobinary,CVE-2026-27136,HIGH,https://avd.aquasec.com/nvd/cve-2026-27136,usr/bin/kubectl,0.55.0,false,not_affected,vulnerable_code_not_present
rancher/rancher-agent:v2.14.3,harvester/v1.8.2,stdlib,v1.25.9,gobinary,CVE-2026-33811,HIGH,https://avd.aquasec.com/nvd/cve-2026-33811,usr/bin/kubectl,"1.25.10, 1.26.3",false,not_affected,vulnerable_code_not_in_execute_path
rancher/rancher-agent:v2.14.3,harvester/v1.8.2,golang.org/x/net,v0.47.0,gobinary,CVE-2026-33814,HIGH,https://avd.aquasec.com/nvd/cve-2026-33814,usr/bin/kubectl,0.53.0,false,affected,
rancher/rancher-agent:v2.14.3,harvester/v1.8.2,stdlib,v1.25.9,gobinary,CVE-2026-33814,HIGH,https://avd.aquasec.com/nvd/cve-2026-33814,usr/bin/kubectl,"1.25.10, 1.26.3",false,not_affected,vulnerable_code_not_in_execute_path
rancher/rancher-agent:v2.14.3,harvester/v1.8.2,stdlib,v1.25.9,gobinary,CVE-2026-39820,HIGH,https://avd.aquasec.com/nvd/cve-2026-39820,usr/bin/kubectl,"1.25.10, 1.26.3",false,not_affected,vulnerable_code_not_present
rancher/rancher-agent:v2.14.3,harvester/v1.8.2,golang.org/x/net,v0.47.0,gobinary,CVE-2026-39821,HIGH,https://avd.aquasec.com/nvd/cve-2026-39821,usr/bin/kubectl,0.55.0,false,affected,
rancher/rancher-agent:v2.14.3,harvester/v1.8.2,stdlib,v1.25.11,gobinary,CVE-2026-39822,HIGH,https://avd.aquasec.com/nvd/cve-2026-39822,usr/bin/agent,"1.25.12, 1.26.5, 1.27.0-rc.2",false,not_affected,vulnerable_code_not_in_execute_path
rancher/rancher-agent:v2.14.3,harvester/v1.8.2,stdlib,v1.25.9,gobinary,CVE-2026-39822,HIGH,https://avd.aquasec.com/nvd/cve-2026-39822,usr/bin/kubectl,"1.25.12, 1.26.5, 1.27.0-rc.2",false,not_affected,vulnerable_code_not_in_execute_path
rancher/rancher-agent:v2.14.3,harvester/v1.8.2,stdlib,v1.25.9,gobinary,CVE-2026-39823,MEDIUM,https://avd.aquasec.com/nvd/cve-2026-39823,usr/bin/kubectl,"1.25.10, 1.26.3",false,not_affected,vulnerable_code_not_present
rancher/rancher-agent:v2.14.3,harvester/v1.8.2,stdlib,v1.25.9,gobinary,CVE-2026-39825,MEDIUM,https://avd.aquasec.com/nvd/cve-2026-39825,usr/bin/kubectl,"1.25.10, 1.26.3",false,not_affected,vulnerable_code_not_in_execute_path
rancher/rancher-agent:v2.14.3,harvester/v1.8.2,stdlib,v1.25.9,gobinary,CVE-2026-39826,MEDIUM,https://avd.aquasec.com/nvd/cve-2026-39826,usr/bin/kubectl,"1.25.10, 1.26.3",false,not_affected,vulnerable_code_not_present
rancher/rancher-agent:v2.14.3,harvester/v1.8.2,stdlib,v1.25.9,gobinary,CVE-2026-39836,HIGH,https://avd.aquasec.com/nvd/cve-2026-39836,usr/bin/kubectl,"1.25.10, 1.26.3",false,not_affected,vulnerable_code_not_in_execute_path
rancher/rancher-agent:v2.14.3,harvester/v1.8.2,stdlib,v1.25.9,gobinary,CVE-2026-42499,HIGH,https://avd.aquasec.com/nvd/cve-2026-42499,usr/bin/kubectl,"1.25.10, 1.26.3",false,not_affected,vulnerable_code_not_present
rancher/rancher-agent:v2.14.3,harvester/v1.8.2,golang.org/x/net,v0.47.0,gobinary,CVE-2026-42502,MEDIUM,https://avd.aquasec.com/nvd/cve-2026-42502,usr/bin/kubectl,0.55.0,false,not_affected,vulnerable_code_not_present
rancher/rancher-agent:v2.14.3,harvester/v1.8.2,stdlib,v1.25.9,gobinary,CVE-2026-42504,HIGH,https://avd.aquasec.com/nvd/cve-2026-42504,usr/bin/kubectl,"1.25.11, 1.26.4",false,not_affected,vulnerable_code_not_in_execute_path
rancher/rancher-agent:v2.14.3,harvester/v1.8.2,stdlib,v1.25.11,gobinary,CVE-2026-42505,MEDIUM,https://avd.aquasec.com/nvd/cve-2026-42505,usr/bin/agent,"1.25.12, 1.26.5, 1.27.0-rc.2",false,not_affected,vulnerable_code_not_in_execute_path
rancher/rancher-agent:v2.14.3,harvester/v1.8.2,golang.org/x/net,v0.47.0,gobinary,CVE-2026-42506,MEDIUM,https://avd.aquasec.com/nvd/cve-2026-42506,usr/bin/kubectl,0.55.0,false,not_affected,vulnerable_code_not_present
rancher/rancher-agent:v2.14.3,harvester/v1.8.2,golang.org/x/net,v0.47.0,gobinary,CVE-2026-46600,HIGH,https://avd.aquasec.com/nvd/cve-2026-46600,usr/bin/kubectl,0.56.0,false,not_affected,vulnerable_code_not_present
rancher/rancher-agent:v2.14.3,harvester/v1.8.2,oras.land/oras-go/v2,v2.6.0,gobinary,CVE-2026-50151,HIGH,https://avd.aquasec.com/nvd/cve-2026-50151,usr/bin/agent,2.6.1,false,not_affected,vulnerable_code_not_in_execute_path
rancher/rancher-agent:v2.14.3,harvester/v1.8.2,oras.land/oras-go/v2,v2.6.0,gobinary,CVE-2026-50162,MEDIUM,https://avd.aquasec.com/nvd/cve-2026-50162,usr/bin/agent,2.6.1,false,not_affected,vulnerable_code_not_present
rancher/rancher-agent:v2.14.3,harvester/v1.8.2,oras.land/oras-go/v2,v2.6.0,gobinary,CVE-2026-50163,HIGH,https://avd.aquasec.com/nvd/cve-2026-50163,usr/bin/agent,2.6.2,false,not_affected,vulnerable_code_not_present
rancher/rancher-agent:v2.14.3,harvester/v1.8.2,google.golang.org/grpc,v1.80.0,gobinary,GHSA-hrxh-6v49-42gf,HIGH,https://github.com/advisories/GHSA-hrxh-6v49-42gf,usr/bin/agent,1.82.1,false,affected,
rancher/rancher-agent:v2.14.3,harvester/v1.8.2,krb5,1.20.1-150600.11.14.1,sles,SUSE-SU-2026:2848-1,HIGH,,rancher/rancher-agent:v2.14.3 (sles 15.7),1.20.1-150600.11.19.1,false,affected,
rancher/rancher-agent:v2.14.3,harvester/v1.8.2,libcurl4,8.14.1-150700.7.17.1,sles,SUSE-SU-2026:2925-1,HIGH,,rancher/rancher-agent:v2.14.3 (sles 15.7),8.14.1-150700.7.20.1,false,affected,
rancher/rancher-agent:v2.14.3,harvester/v1.8.2,libxml2-2,2.12.10-150700.4.11.1,sles,SUSE-SU-2026:3097-1,HIGH,,rancher/rancher-agent:v2.14.3 (sles 15.7),2.12.10-150700.4.14.1,false,not_affected,vulnerable_code_not_in_execute_path
rancher/rancher-agent:v2.14.3,harvester/v1.8.2,libssh-config,0.9.8-150600.11.12.1,sles,SUSE-SU-2026:3330-1,MEDIUM,,rancher/rancher-agent:v2.14.3 (sles 15.7),0.9.8-150600.11.15.1,false,not_affected,vulnerable_code_not_in_execute_path
rancher/rancher-agent:v2.14.3,harvester/v1.8.2,libssh4,0.9.8-150600.11.12.1,sles,SUSE-SU-2026:3330-1,MEDIUM,,rancher/rancher-agent:v2.14.3 (sles 15.7),0.9.8-150600.11.15.1,false,not_affected,vulnerable_code_not_in_execute_path
rancher/rancher-agent:v2.14.3,harvester/v1.8.2,bind-utils,9.20.23-150700.3.25.1,sles,SUSE-SU-2026:3426-1,HIGH,,rancher/rancher-agent:v2.14.3 (sles 15.7),9.20.26-150700.3.29.1,false,not_affected,vulnerable_code_not_in_execute_path
rancher/rancher-webhook:v0.10.7,harvester/v1.8.2,stdlib,v1.26.4,gobinary,CVE-2026-39822,HIGH,https://avd.aquasec.com/nvd/cve-2026-39822,usr/bin/webhook,"1.25.12, 1.26.5, 1.27.0-rc.2",false,not_affected,vulnerable_code_not_in_execute_path
rancher/rancher-webhook:v0.10.7,harvester/v1.8.2,stdlib,v1.26.4,gobinary,CVE-2026-42505,MEDIUM,https://avd.aquasec.com/nvd/cve-2026-42505,usr/bin/webhook,"1.25.12, 1.26.5, 1.27.0-rc.2",false,not_affected,vulnerable_code_not_in_execute_path
rancher/rancher:v2.14.3,harvester/v1.8.2,k8s.io/kubernetes,v1.32.5,gobinary,CVE-2025-13281,MEDIUM,https://avd.aquasec.com/nvd/cve-2025-13281,opt/drivers/management-state/bin/docker-machine-driver-harvester,"1.32.10, 1.33.6, 1.34.2",false,not_affected,vulnerable_code_not_in_execute_path
rancher/rancher:v2.14.3,harvester/v1.8.2,kubevirt.io/kubevirt,v1.6.0,gobinary,CVE-2025-14525,MEDIUM,https://avd.aquasec.com/nvd/cve-2025-14525,opt/drivers/management-state/bin/docker-machine-driver-harvester,,false,not_affected,vulnerable_code_not_in_execute_path
rancher/rancher:v2.14.3,harvester/v1.8.2,golang.org/x/net,v0.38.0,gobinary,CVE-2025-47911,MEDIUM,https://avd.aquasec.com/nvd/cve-2025-47911,opt/drivers/management-state/bin/docker-machine-driver-harvester,0.45.0,false,not_affected,vulnerable_code_not_in_execute_path
rancher/rancher:v2.14.3,harvester/v1.8.2,golang.org/x/net,v0.43.0,gobinary,CVE-2025-47911,MEDIUM,https://avd.aquasec.com/nvd/cve-2025-47911,usr/bin/runc,0.45.0,false,not_affected,vulnerable_code_not_present
rancher/rancher:v2.14.3,harvester/v1.8.2,golang.org/x/crypto,v0.40.0,gobinary,CVE-2025-47913,HIGH,https://avd.aquasec.com/nvd/cve-2025-47913,opt/drivers/management-state/bin/docker-machine-driver-harvester,0.43.0,false,not_affected,vulnerable_code_not_present
rancher/rancher:v2.14.3,harvester/v1.8.2,golang.org/x/crypto,v0.40.0,gobinary,CVE-2025-47914,MEDIUM,https://avd.aquasec.com/nvd/cve-2025-47914,opt/drivers/management-state/bin/docker-machine-driver-harvester,0.45.0,false,not_affected,vulnerable_code_not_present
rancher/rancher:v2.14.3,harvester/v1.8.2,golang.org/x/crypto,v0.44.0,gobinary,CVE-2025-47914,MEDIUM,https://avd.aquasec.com/nvd/cve-2025-47914,usr/bin/rancher-machine,0.45.0,false,not_affected,vulnerable_code_not_present
rancher/rancher:v2.14.3,harvester/v1.8.2,k8s.io/kubernetes,v1.32.5,gobinary,CVE-2025-5187,MEDIUM,https://avd.aquasec.com/nvd/cve-2025-5187,opt/drivers/management-state/bin/docker-machine-driver-harvester,"1.31.12, 1.32.8, 1.33.4",false,not_affected,vulnerable_code_not_in_execute_path
rancher/rancher:v2.14.3,harvester/v1.8.2,golang.org/x/crypto,v0.40.0,gobinary,CVE-2025-58181,MEDIUM,https://avd.aquasec.com/nvd/cve-2025-58181,opt/drivers/management-state/bin/docker-machine-driver-harvester,0.45.0,false,not_affected,vulnerable_code_not_in_execute_path
rancher/rancher:v2.14.3,harvester/v1.8.2,golang.org/x/crypto,v0.44.0,gobinary,CVE-2025-58181,MEDIUM,https://avd.aquasec.com/nvd/cve-2025-58181,usr/bin/rancher-machine,0.45.0,false,not_affected,vulnerable_code_not_in_execute_path
rancher/rancher:v2.14.3,harvester/v1.8.2,golang.org/x/net,v0.38.0,gobinary,CVE-2025-58190,MEDIUM,https://avd.aquasec.com/nvd/cve-2025-58190,opt/drivers/management-state/bin/docker-machine-driver-harvester,0.45.0,false,not_affected,vulnerable_code_not_in_execute_path
rancher/rancher:v2.14.3,harvester/v1.8.2,golang.org/x/net,v0.43.0,gobinary,CVE-2025-58190,MEDIUM,https://avd.aquasec.com/nvd/cve-2025-58190,usr/bin/runc,0.45.0,false,not_affected,vulnerable_code_not_present
rancher/rancher:v2.14.3,harvester/v1.8.2,stdlib,v1.25.5,gobinary,CVE-2025-61726,HIGH,https://avd.aquasec.com/nvd/cve-2025-61726,opt/drivers/management-state/bin/docker-machine-driver-harvester,"1.24.12, 1.25.6",false,not_affected,vulnerable_code_not_in_execute_path
rancher/rancher:v2.14.3,harvester/v1.8.2,stdlib,v1.25.5,gobinary,CVE-2025-61728,MEDIUM,https://avd.aquasec.com/nvd/cve-2025-61728,opt/drivers/management-state/bin/docker-machine-driver-harvester,"1.24.12, 1.25.6",false,not_affected,vulnerable_code_not_present
rancher/rancher:v2.14.3,harvester/v1.8.2,stdlib,v1.25.5,gobinary,CVE-2025-61730,MEDIUM,https://avd.aquasec.com/nvd/cve-2025-61730,opt/drivers/management-state/bin/docker-machine-driver-harvester,"1.24.12, 1.25.6",false,not_affected,vulnerable_code_not_in_execute_path
rancher/rancher:v2.14.3,harvester/v1.8.2,kubevirt.io/kubevirt,v1.6.0,gobinary,CVE-2025-64324,HIGH,https://avd.aquasec.com/nvd/cve-2025-64324,opt/drivers/management-state/bin/docker-machine-driver-harvester,"1.6.1, 1.7.0-rc.0",false,not_affected,vulnerable_code_not_in_execute_path
rancher/rancher:v2.14.3,harvester/v1.8.2,kubevirt.io/kubevirt,v1.6.0,gobinary,CVE-2025-64432,MEDIUM,https://avd.aquasec.com/nvd/cve-2025-64432,opt/drivers/management-state/bin/docker-machine-driver-harvester,"1.5.3, 1.6.1, 1.7.0-rc.0",false,not_affected,vulnerable_code_not_in_execute_path
rancher/rancher:v2.14.3,harvester/v1.8.2,kubevirt.io/kubevirt,v1.6.0,gobinary,CVE-2025-64433,MEDIUM,https://avd.aquasec.com/nvd/cve-2025-64433,opt/drivers/management-state/bin/docker-machine-driver-harvester,"1.5.3, 1.6.1",false,not_affected,vulnerable_code_not_in_execute_path
rancher/rancher:v2.14.3,harvester/v1.8.2,kubevirt.io/kubevirt,v1.6.0,gobinary,CVE-2025-64434,MEDIUM,https://avd.aquasec.com/nvd/cve-2025-64434,opt/drivers/management-state/bin/docker-machine-driver-harvester,"1.5.3, 1.6.1",false,not_affected,vulnerable_code_not_in_execute_path
rancher/rancher:v2.14.3,harvester/v1.8.2,kubevirt.io/kubevirt,v1.6.0,gobinary,CVE-2025-64435,MEDIUM,https://avd.aquasec.com/nvd/cve-2025-64435,opt/drivers/management-state/bin/docker-machine-driver-harvester,1.7.0-beta.0,false,not_affected,vulnerable_code_not_in_execute_path
rancher/rancher:v2.14.3,harvester/v1.8.2,kubevirt.io/kubevirt,v1.6.0,gobinary,CVE-2025-64436,MEDIUM,https://avd.aquasec.com/nvd/cve-2025-64436,opt/drivers/management-state/bin/docker-machine-driver-harvester,1.7.0,false,not_affected,vulnerable_code_not_in_execute_path
rancher/rancher:v2.14.3,harvester/v1.8.2,kubevirt.io/kubevirt,v1.6.0,gobinary,CVE-2025-64437,MEDIUM,https://avd.aquasec.com/nvd/cve-2025-64437,opt/drivers/management-state/bin/docker-machine-driver-harvester,"1.5.3, 1.6.1",false,not_affected,vulnerable_code_not_in_execute_path
rancher/rancher:v2.14.3,harvester/v1.8.2,stdlib,v1.25.5,gobinary,CVE-2025-68121,CRITICAL,https://avd.aquasec.com/nvd/cve-2025-68121,opt/drivers/management-state/bin/docker-machine-driver-harvester,"1.24.13, 1.25.7, 1.26.0-rc.3",false,not_affected,vulnerable_code_not_in_execute_path
rancher/rancher:v2.14.3,harvester/v1.8.2,github.com/harvester/harvester,v0.0.0-20251016061812-c537e12b7f09,gobinary,CVE-2025-71261,HIGH,https://avd.aquasec.com/nvd/cve-2025-71261,opt/drivers/management-state/bin/docker-machine-driver-harvester,1.8.0,false,not_affected,vulnerable_code_not_in_execute_path
rancher/rancher:v2.14.3,harvester/v1.8.2,stdlib,v1.25.5,gobinary,CVE-2026-25679,HIGH,https://avd.aquasec.com/nvd/cve-2026-25679,opt/drivers/management-state/bin/docker-machine-driver-harvester,"1.25.8, 1.26.1",false,not_affected,vulnerable_code_not_in_execute_path
rancher/rancher:v2.14.3,harvester/v1.8.2,golang.org/x/net,v0.38.0,gobinary,CVE-2026-25680,MEDIUM,https://avd.aquasec.com/nvd/cve-2026-25680,opt/drivers/management-state/bin/docker-machine-driver-harvester,0.55.0,false,not_affected,vulnerable_code_not_in_execute_path
rancher/rancher:v2.14.3,harvester/v1.8.2,golang.org/x/net,v0.43.0,gobinary,CVE-2026-25680,MEDIUM,https://avd.aquasec.com/nvd/cve-2026-25680,usr/bin/runc,0.55.0,false,not_affected,vulnerable_code_not_present
rancher/rancher:v2.14.3,harvester/v1.8.2,golang.org/x/net,v0.47.0,gobinary,CVE-2026-25680,MEDIUM,https://avd.aquasec.com/nvd/cve-2026-25680,usr/bin/containerd,0.55.0,false,not_affected,vulnerable_code_not_in_execute_path
rancher/rancher:v2.14.3,harvester/v1.8.2,golang.org/x/net,v0.47.0,gobinary,CVE-2026-25680,MEDIUM,https://avd.aquasec.com/nvd/cve-2026-25680,usr/bin/containerd-shim-runc-v2,0.55.0,false,not_affected,vulnerable_code_not_present
rancher/rancher:v2.14.3,harvester/v1.8.2,golang.org/x/net,v0.47.0,gobinary,CVE-2026-25680,MEDIUM,https://avd.aquasec.com/nvd/cve-2026-25680,usr/bin/k3s,0.55.0,false,not_affected,vulnerable_code_not_in_execute_path
rancher/rancher:v2.14.3,harvester/v1.8.2,golang.org/x/net,v0.47.0,gobinary,CVE-2026-25680,MEDIUM,https://avd.aquasec.com/nvd/cve-2026-25680,usr/bin/rancher-machine,0.55.0,false,not_affected,vulnerable_code_not_present
rancher/rancher:v2.14.3,harvester/v1.8.2,golang.org/x/net,v0.48.0,gobinary,CVE-2026-25680,MEDIUM,https://avd.aquasec.com/nvd/cve-2026-25680,usr/share/rancher/ui/assets/wins.exe,0.55.0,false,not_affected,vulnerable_code_not_present
rancher/rancher:v2.14.3,harvester/v1.8.2,golang.org/x/net,v0.51.0,gobinary,CVE-2026-25680,MEDIUM,https://avd.aquasec.com/nvd/cve-2026-25680,opt/drivers/management-state/bin/docker-machine-driver-linode,0.55.0,false,not_affected,vulnerable_code_not_present
rancher/rancher:v2.14.3,harvester/v1.8.2,golang.org/x/net,v0.52.0,gobinary,CVE-2026-25680,MEDIUM,https://avd.aquasec.com/nvd/cve-2026-25680,usr/bin/etcdctl,0.55.0,false,not_affected,vulnerable_code_not_present
rancher/rancher:v2.14.3,harvester/v1.8.2,golang.org/x/net,v0.38.0,gobinary,CVE-2026-25681,HIGH,https://avd.aquasec.com/nvd/cve-2026-25681,opt/drivers/management-state/bin/docker-machine-driver-harvester,0.55.0,false,not_affected,vulnerable_code_not_in_execute_path
rancher/rancher:v2.14.3,harvester/v1.8.2,golang.org/x/net,v0.43.0,gobinary,CVE-2026-25681,HIGH,https://avd.aquasec.com/nvd/cve-2026-25681,usr/bin/runc,0.55.0,false,not_affected,vulnerable_code_not_present
rancher/rancher:v2.14.3,harvester/v1.8.2,golang.org/x/net,v0.47.0,gobinary,CVE-2026-25681,HIGH,https://avd.aquasec.com/nvd/cve-2026-25681,usr/bin/containerd,0.55.0,false,not_affected,vulnerable_code_not_in_execute_path
rancher/rancher:v2.14.3,harvester/v1.8.2,golang.org/x/net,v0.47.0,gobinary,CVE-2026-25681,HIGH,https://avd.aquasec.com/nvd/cve-2026-25681,usr/bin/containerd-shim-runc-v2,0.55.0,false,not_affected,vulnerable_code_not_present
rancher/rancher:v2.14.3,harvester/v1.8.2,golang.org/x/net,v0.47.0,gobinary,CVE-2026-25681,HIGH,https://avd.aquasec.com/nvd/cve-2026-25681,usr/bin/k3s,0.55.0,false,not_affected,vulnerable_code_not_in_execute_path
rancher/rancher:v2.14.3,harvester/v1.8.2,golang.org/x/net,v0.47.0,gobinary,CVE-2026-25681,HIGH,https://avd.aquasec.com/nvd/cve-2026-25681,usr/bin/rancher-machine,0.55.0,false,not_affected,vulnerable_code_not_present
rancher/rancher:v2.14.3,harvester/v1.8.2,golang.org/x/net,v0.48.0,gobinary,CVE-2026-25681,HIGH,https://avd.aquasec.com/nvd/cve-2026-25681,usr/share/rancher/ui/assets/wins.exe,0.55.0,false,not_affected,vulnerable_code_not_present
rancher/rancher:v2.14.3,harvester/v1.8.2,golang.org/x/net,v0.51.0,gobinary,CVE-2026-25681,HIGH,https://avd.aquasec.com/nvd/cve-2026-25681,opt/drivers/management-state/bin/docker-machine-driver-linode,0.55.0,false,not_affected,vulnerable_code_not_present
rancher/rancher:v2.14.3,harvester/v1.8.2,golang.org/x/net,v0.52.0,gobinary,CVE-2026-25681,HIGH,https://avd.aquasec.com/nvd/cve-2026-25681,usr/bin/etcdctl,0.55.0,false,not_affected,vulnerable_code_not_present
rancher/rancher:v2.14.3,harvester/v1.8.2,golang.org/x/net,v0.38.0,gobinary,CVE-2026-27136,HIGH,https://avd.aquasec.com/nvd/cve-2026-27136,opt/drivers/management-state/bin/docker-machine-driver-harvester,0.55.0,false,not_affected,vulnerable_code_not_in_execute_path
rancher/rancher:v2.14.3,harvester/v1.8.2,golang.org/x/net,v0.43.0,gobinary,CVE-2026-27136,HIGH,https://avd.aquasec.com/nvd/cve-2026-27136,usr/bin/runc,0.55.0,false,not_affected,vulnerable_code_not_present
rancher/rancher:v2.14.3,harvester/v1.8.2,golang.org/x/net,v0.47.0,gobinary,CVE-2026-27136,HIGH,https://avd.aquasec.com/nvd/cve-2026-27136,usr/bin/containerd,0.55.0,false,not_affected,vulnerable_code_not_in_execute_path
rancher/rancher:v2.14.3,harvester/v1.8.2,golang.org/x/net,v0.47.0,gobinary,CVE-2026-27136,HIGH,https://avd.aquasec.com/nvd/cve-2026-27136,usr/bin/containerd-shim-runc-v2,0.55.0,false,not_affected,vulnerable_code_not_present
rancher/rancher:v2.14.3,harvester/v1.8.2,golang.org/x/net,v0.47.0,gobinary,CVE-2026-27136,HIGH,https://avd.aquasec.com/nvd/cve-2026-27136,usr/bin/k3s,0.55.0,false,not_affected,vulnerable_code_not_in_execute_path
rancher/rancher:v2.14.3,harvester/v1.8.2,golang.org/x/net,v0.47.0,gobinary,CVE-2026-27136,HIGH,https://avd.aquasec.com/nvd/cve-2026-27136,usr/bin/rancher-machine,0.55.0,false,not_affected,vulnerable_code_not_present
rancher/rancher:v2.14.3,harvester/v1.8.2,golang.org/x/net,v0.48.0,gobinary,CVE-2026-27136,HIGH,https://avd.aquasec.com/nvd/cve-2026-27136,usr/share/rancher/ui/assets/wins.exe,0.55.0,false,not_affected,vulnerable_code_not_present
rancher/rancher:v2.14.3,harvester/v1.8.2,golang.org/x/net,v0.51.0,gobinary,CVE-2026-27136,HIGH,https://avd.aquasec.com/nvd/cve-2026-27136,opt/drivers/management-state/bin/docker-machine-driver-linode,0.55.0,false,not_affected,vulnerable_code_not_present
rancher/rancher:v2.14.3,harvester/v1.8.2,golang.org/x/net,v0.52.0,gobinary,CVE-2026-27136,HIGH,https://avd.aquasec.com/nvd/cve-2026-27136,usr/bin/etcdctl,0.55.0,false,not_affected,vulnerable_code_not_present
rancher/rancher:v2.14.3,harvester/v1.8.2,stdlib,v1.25.5,gobinary,CVE-2026-27142,MEDIUM,https://avd.aquasec.com/nvd/cve-2026-27142,opt/drivers/management-state/bin/docker-machine-driver-harvester,"1.25.8, 1.26.1",false,not_affected,vulnerable_code_not_in_execute_path
rancher/rancher:v2.14.3,harvester/v1.8.2,stdlib,v1.25.5,gobinary,CVE-2026-27145,HIGH,https://avd.aquasec.com/nvd/cve-2026-27145,opt/drivers/management-state/bin/docker-machine-driver-harvester,"1.25.11, 1.26.4",false,not_affected,vulnerable_code_not_in_execute_path
rancher/rancher:v2.14.3,harvester/v1.8.2,stdlib,v1.25.9,gobinary,CVE-2026-27145,HIGH,https://avd.aquasec.com/nvd/cve-2026-27145,usr/bin/runc,"1.25.11, 1.26.4",false,not_affected,vulnerable_code_not_present
rancher/rancher:v2.14.3,harvester/v1.8.2,stdlib,v1.26.1,gobinary,CVE-2026-27145,HIGH,https://avd.aquasec.com/nvd/cve-2026-27145,opt/drivers/management-state/bin/docker-machine-driver-linode,"1.25.11, 1.26.4",false,not_affected,vulnerable_code_not_in_execute_path
rancher/rancher:v2.14.3,harvester/v1.8.2,stdlib,v1.26.2,gobinary,CVE-2026-27145,HIGH,https://avd.aquasec.com/nvd/cve-2026-27145,usr/share/rancher/ui/assets/wins.exe,"1.25.11, 1.26.4",false,not_affected,vulnerable_code_not_in_execute_path
rancher/rancher:v2.14.3,harvester/v1.8.2,go.opentelemetry.io/otel,v1.36.0,gobinary,CVE-2026-29181,HIGH,https://avd.aquasec.com/nvd/cve-2026-29181,opt/drivers/management-state/bin/docker-machine-driver-harvester,1.41.0,false,not_affected,vulnerable_code_not_present
rancher/rancher:v2.14.3,harvester/v1.8.2,go.opentelemetry.io/otel,v1.36.0,gobinary,CVE-2026-29181,HIGH,https://avd.aquasec.com/nvd/cve-2026-29181,usr/bin/rancher-machine,1.41.0,false,not_affected,vulnerable_code_not_in_execute_path
rancher/rancher:v2.14.3,harvester/v1.8.2,stdlib,v1.25.5,gobinary,CVE-2026-32280,HIGH,https://avd.aquasec.com/nvd/cve-2026-32280,opt/drivers/management-state/bin/docker-machine-driver-harvester,"1.25.9, 1.26.2",false,not_affected,vulnerable_code_not_in_execute_path
rancher/rancher:v2.14.3,harvester/v1.8.2,stdlib,v1.26.1,gobinary,CVE-2026-32280,HIGH,https://avd.aquasec.com/nvd/cve-2026-32280,opt/drivers/management-state/bin/docker-machine-driver-linode,"1.25.9, 1.26.2",false,not_affected,vulnerable_code_not_in_execute_path
rancher/rancher:v2.14.3,harvester/v1.8.2,stdlib,v1.25.5,gobinary,CVE-2026-32281,HIGH,https://avd.aquasec.com/nvd/cve-2026-32281,opt/drivers/management-state/bin/docker-machine-driver-harvester,"1.25.9, 1.26.2",false,not_affected,vulnerable_code_not_in_execute_path
rancher/rancher:v2.14.3,harvester/v1.8.2,stdlib,v1.26.1,gobinary,CVE-2026-32281,HIGH,https://avd.aquasec.com/nvd/cve-2026-32281,opt/drivers/management-state/bin/docker-machine-driver-linode,"1.25.9, 1.26.2",false,not_affected,vulnerable_code_not_in_execute_path
rancher/rancher:v2.14.3,harvester/v1.8.2,stdlib,v1.25.5,gobinary,CVE-2026-32282,MEDIUM,https://avd.aquasec.com/nvd/cve-2026-32282,opt/drivers/management-state/bin/docker-machine-driver-harvester,"1.25.9, 1.26.2",false,not_affected,vulnerable_code_not_in_execute_path
rancher/rancher:v2.14.3,harvester/v1.8.2,stdlib,v1.26.1,gobinary,CVE-2026-32282,MEDIUM,https://avd.aquasec.com/nvd/cve-2026-32282,opt/drivers/management-state/bin/docker-machine-driver-linode,"1.25.9, 1.26.2",false,not_affected,vulnerable_code_not_in_execute_path
rancher/rancher:v2.14.3,harvester/v1.8.2,stdlib,v1.25.5,gobinary,CVE-2026-32283,HIGH,https://avd.aquasec.com/nvd/cve-2026-32283,opt/drivers/management-state/bin/docker-machine-driver-harvester,"1.25.9, 1.26.2",false,not_affected,vulnerable_code_not_in_execute_path
rancher/rancher:v2.14.3,harvester/v1.8.2,stdlib,v1.26.1,gobinary,CVE-2026-32283,HIGH,https://avd.aquasec.com/nvd/cve-2026-32283,opt/drivers/management-state/bin/docker-machine-driver-linode,"1.25.9, 1.26.2",false,not_affected,vulnerable_code_not_in_execute_path
rancher/rancher:v2.14.3,harvester/v1.8.2,stdlib,v1.25.5,gobinary,CVE-2026-32288,MEDIUM,https://avd.aquasec.com/nvd/cve-2026-32288,opt/drivers/management-state/bin/docker-machine-driver-harvester,"1.25.9, 1.26.2",false,not_affected,vulnerable_code_not_in_execute_path
rancher/rancher:v2.14.3,harvester/v1.8.2,stdlib,v1.26.1,gobinary,CVE-2026-32288,MEDIUM,https://avd.aquasec.com/nvd/cve-2026-32288,opt/drivers/management-state/bin/docker-machine-driver-linode,"1.25.9, 1.26.2",false,not_affected,vulnerable_code_not_in_execute_path
rancher/rancher:v2.14.3,harvester/v1.8.2,stdlib,v1.25.5,gobinary,CVE-2026-32289,MEDIUM,https://avd.aquasec.com/nvd/cve-2026-32289,opt/drivers/management-state/bin/docker-machine-driver-harvester,"1.25.9, 1.26.2",false,not_affected,vulnerable_code_not_in_execute_path
rancher/rancher:v2.14.3,harvester/v1.8.2,stdlib,v1.26.1,gobinary,CVE-2026-32289,MEDIUM,https://avd.aquasec.com/nvd/cve-2026-32289,opt/drivers/management-state/bin/docker-machine-driver-linode,"1.25.9, 1.26.2",false,not_affected,vulnerable_code_not_in_execute_path
rancher/rancher:v2.14.3,harvester/v1.8.2,google.golang.org/grpc,v1.72.2,gobinary,CVE-2026-33186,CRITICAL,https://avd.aquasec.com/nvd/cve-2026-33186,usr/bin/containerd,1.79.3,false,not_affected,vulnerable_code_not_present
rancher/rancher:v2.14.3,harvester/v1.8.2,google.golang.org/grpc,v1.72.2,gobinary,CVE-2026-33186,CRITICAL,https://avd.aquasec.com/nvd/cve-2026-33186,usr/bin/k3s,1.79.3,false,not_affected,vulnerable_code_not_present
rancher/rancher:v2.14.3,harvester/v1.8.2,google.golang.org/grpc,v1.72.2,gobinary,CVE-2026-33186,CRITICAL,https://avd.aquasec.com/nvd/cve-2026-33186,usr/bin/rancher-machine,1.79.3,false,not_affected,vulnerable_code_not_in_execute_path
rancher/rancher:v2.14.3,harvester/v1.8.2,google.golang.org/grpc,v1.78.0,gobinary,CVE-2026-33186,CRITICAL,https://avd.aquasec.com/nvd/cve-2026-33186,usr/bin/containerd-shim-runc-v2,1.79.3,false,not_affected,vulnerable_code_not_present
rancher/rancher:v2.14.3,harvester/v1.8.2,stdlib,v1.26.1,gobinary,CVE-2026-33810,HIGH,https://avd.aquasec.com/nvd/cve-2026-33810,opt/drivers/management-state/bin/docker-machine-driver-linode,1.26.2,false,not_affected,vulnerable_code_not_in_execute_path
rancher/rancher:v2.14.3,harvester/v1.8.2,stdlib,v1.25.5,gobinary,CVE-2026-33811,HIGH,https://avd.aquasec.com/nvd/cve-2026-33811,opt/drivers/management-state/bin/docker-machine-driver-harvester,"1.25.10, 1.26.3",false,not_affected,vulnerable_code_not_in_execute_path
rancher/rancher:v2.14.3,harvester/v1.8.2,stdlib,v1.25.9,gobinary,CVE-2026-33811,HIGH,https://avd.aquasec.com/nvd/cve-2026-33811,usr/bin/bandwidth,"1.25.10, 1.26.3",false,affected,
rancher/rancher:v2.14.3,harvester/v1.8.2,stdlib,v1.25.9,gobinary,CVE-2026-33811,HIGH,https://avd.aquasec.com/nvd/cve-2026-33811,usr/bin/cni,"1.25.10, 1.26.3",false,affected,
rancher/rancher:v2.14.3,harvester/v1.8.2,stdlib,v1.25.9,gobinary,CVE-2026-33811,HIGH,https://avd.aquasec.com/nvd/cve-2026-33811,usr/bin/containerd,"1.25.10, 1.26.3",false,not_affected,vulnerable_code_not_in_execute_path
rancher/rancher:v2.14.3,harvester/v1.8.2,stdlib,v1.25.9,gobinary,CVE-2026-33811,HIGH,https://avd.aquasec.com/nvd/cve-2026-33811,usr/bin/containerd-shim-runc-v2,"1.25.10, 1.26.3",false,not_affected,vulnerable_code_not_in_execute_path
rancher/rancher:v2.14.3,harvester/v1.8.2,stdlib,v1.25.9,gobinary,CVE-2026-33811,HIGH,https://avd.aquasec.com/nvd/cve-2026-33811,usr/bin/firewall,"1.25.10, 1.26.3",false,affected,
rancher/rancher:v2.14.3,harvester/v1.8.2,stdlib,v1.25.9,gobinary,CVE-2026-33811,HIGH,https://avd.aquasec.com/nvd/cve-2026-33811,usr/bin/k3s,"1.25.10, 1.26.3",false,not_affected,vulnerable_code_not_in_execute_path
rancher/rancher:v2.14.3,harvester/v1.8.2,stdlib,v1.25.9,gobinary,CVE-2026-33811,HIGH,https://avd.aquasec.com/nvd/cve-2026-33811,usr/bin/runc,"1.25.10, 1.26.3",false,not_affected,vulnerable_code_not_in_execute_path
rancher/rancher:v2.14.3,harvester/v1.8.2,stdlib,v1.26.1,gobinary,CVE-2026-33811,HIGH,https://avd.aquasec.com/nvd/cve-2026-33811,opt/drivers/management-state/bin/docker-machine-driver-linode,"1.25.10, 1.26.3",false,not_affected,vulnerable_code_not_in_execute_path
rancher/rancher:v2.14.3,harvester/v1.8.2,stdlib,v1.26.2,gobinary,CVE-2026-33811,HIGH,https://avd.aquasec.com/nvd/cve-2026-33811,usr/share/rancher/ui/assets/wins.exe,"1.25.10, 1.26.3",false,not_affected,vulnerable_code_not_in_execute_path
rancher/rancher:v2.14.3,harvester/v1.8.2,golang.org/x/net,v0.38.0,gobinary,CVE-2026-33814,HIGH,https://avd.aquasec.com/nvd/cve-2026-33814,opt/drivers/management-state/bin/docker-machine-driver-harvester,0.53.0,false,not_affected,vulnerable_code_not_in_execute_path
rancher/rancher:v2.14.3,harvester/v1.8.2,golang.org/x/net,v0.43.0,gobinary,CVE-2026-33814,HIGH,https://avd.aquasec.com/nvd/cve-2026-33814,usr/bin/runc,0.53.0,false,not_affected,vulnerable_code_not_present
rancher/rancher:v2.14.3,harvester/v1.8.2,golang.org/x/net,v0.47.0,gobinary,CVE-2026-33814,HIGH,https://avd.aquasec.com/nvd/cve-2026-33814,usr/bin/containerd,0.53.0,false,affected,
rancher/rancher:v2.14.3,harvester/v1.8.2,golang.org/x/net,v0.47.0,gobinary,CVE-2026-33814,HIGH,https://avd.aquasec.com/nvd/cve-2026-33814,usr/bin/containerd-shim-runc-v2,0.53.0,false,not_affected,vulnerable_code_not_in_execute_path
rancher/rancher:v2.14.3,harvester/v1.8.2,golang.org/x/net,v0.47.0,gobinary,CVE-2026-33814,HIGH,https://avd.aquasec.com/nvd/cve-2026-33814,usr/bin/k3s,0.53.0,false,affected,
rancher/rancher:v2.14.3,harvester/v1.8.2,golang.org/x/net,v0.47.0,gobinary,CVE-2026-33814,HIGH,https://avd.aquasec.com/nvd/cve-2026-33814,usr/bin/rancher-machine,0.53.0,false,affected,
rancher/rancher:v2.14.3,harvester/v1.8.2,golang.org/x/net,v0.48.0,gobinary,CVE-2026-33814,HIGH,https://avd.aquasec.com/nvd/cve-2026-33814,usr/share/rancher/ui/assets/wins.exe,0.53.0,false,affected,
rancher/rancher:v2.14.3,harvester/v1.8.2,golang.org/x/net,v0.51.0,gobinary,CVE-2026-33814,HIGH,https://avd.aquasec.com/nvd/cve-2026-33814,opt/drivers/management-state/bin/docker-machine-driver-linode,0.53.0,false,affected,
rancher/rancher:v2.14.3,harvester/v1.8.2,golang.org/x/net,v0.52.0,gobinary,CVE-2026-33814,HIGH,https://avd.aquasec.com/nvd/cve-2026-33814,usr/bin/etcdctl,0.53.0,false,not_affected,vulnerable_code_not_in_execute_path
rancher/rancher:v2.14.3,harvester/v1.8.2,stdlib,v1.25.5,gobinary,CVE-2026-33814,HIGH,https://avd.aquasec.com/nvd/cve-2026-33814,opt/drivers/management-state/bin/docker-machine-driver-harvester,"1.25.10, 1.26.3",false,not_affected,vulnerable_code_not_in_execute_path
rancher/rancher:v2.14.3,harvester/v1.8.2,stdlib,v1.25.9,gobinary,CVE-2026-33814,HIGH,https://avd.aquasec.com/nvd/cve-2026-33814,usr/bin/bandwidth,"1.25.10, 1.26.3",false,affected,
rancher/rancher:v2.14.3,harvester/v1.8.2,stdlib,v1.25.9,gobinary,CVE-2026-33814,HIGH,https://avd.aquasec.com/nvd/cve-2026-33814,usr/bin/cni,"1.25.10, 1.26.3",false,affected,
rancher/rancher:v2.14.3,harvester/v1.8.2,stdlib,v1.25.9,gobinary,CVE-2026-33814,HIGH,https://avd.aquasec.com/nvd/cve-2026-33814,usr/bin/containerd,"1.25.10, 1.26.3",false,not_affected,vulnerable_code_not_in_execute_path
rancher/rancher:v2.14.3,harvester/v1.8.2,stdlib,v1.25.9,gobinary,CVE-2026-33814,HIGH,https://avd.aquasec.com/nvd/cve-2026-33814,usr/bin/containerd-shim-runc-v2,"1.25.10, 1.26.3",false,not_affected,vulnerable_code_not_in_execute_path
rancher/rancher:v2.14.3,harvester/v1.8.2,stdlib,v1.25.9,gobinary,CVE-2026-33814,HIGH,https://avd.aquasec.com/nvd/cve-2026-33814,usr/bin/firewall,"1.25.10, 1.26.3",false,affected,
rancher/rancher:v2.14.3,harvester/v1.8.2,stdlib,v1.25.9,gobinary,CVE-2026-33814,HIGH,https://avd.aquasec.com/nvd/cve-2026-33814,usr/bin/k3s,"1.25.10, 1.26.3",false,not_affected,vulnerable_code_not_in_execute_path
rancher/rancher:v2.14.3,harvester/v1.8.2,stdlib,v1.25.9,gobinary,CVE-2026-33814,HIGH,https://avd.aquasec.com/nvd/cve-2026-33814,usr/bin/runc,"1.25.10, 1.26.3",false,not_affected,vulnerable_code_not_present
rancher/rancher:v2.14.3,harvester/v1.8.2,stdlib,v1.26.1,gobinary,CVE-2026-33814,HIGH,https://avd.aquasec.com/nvd/cve-2026-33814,opt/drivers/management-state/bin/docker-machine-driver-linode,"1.25.10, 1.26.3",false,not_affected,vulnerable_code_not_in_execute_path
rancher/rancher:v2.14.3,harvester/v1.8.2,stdlib,v1.26.2,gobinary,CVE-2026-33814,HIGH,https://avd.aquasec.com/nvd/cve-2026-33814,usr/share/rancher/ui/assets/wins.exe,"1.25.10, 1.26.3",false,not_affected,vulnerable_code_not_in_execute_path
rancher/rancher:v2.14.3,harvester/v1.8.2,github.com/docker/docker,v25.0.15-0.20260325154711-d2dbc0547253+incompatible,gobinary,CVE-2026-33997,HIGH,https://avd.aquasec.com/nvd/cve-2026-33997,usr/bin/containerd,29.3.1,false,affected,severity_changed_due_to_suse_cvss_score
rancher/rancher:v2.14.3,harvester/v1.8.2,github.com/docker/docker,v25.0.15-0.20260325154711-d2dbc0547253+incompatible,gobinary,CVE-2026-33997,HIGH,https://avd.aquasec.com/nvd/cve-2026-33997,usr/bin/k3s,29.3.1,false,affected,severity_changed_due_to_suse_cvss_score
rancher/rancher:v2.14.3,harvester/v1.8.2,github.com/docker/docker,v28.5.2+incompatible,gobinary,CVE-2026-33997,MEDIUM,https://avd.aquasec.com/nvd/cve-2026-33997,usr/bin/rancher-machine,29.3.1,false,not_affected,vulnerable_code_not_in_execute_path
rancher/rancher:v2.14.3,harvester/v1.8.2,github.com/docker/docker,v25.0.15-0.20260325154711-d2dbc0547253+incompatible,gobinary,CVE-2026-34040,HIGH,https://avd.aquasec.com/nvd/cve-2026-34040,usr/bin/containerd,29.3.1,false,affected,
rancher/rancher:v2.14.3,harvester/v1.8.2,github.com/docker/docker,v25.0.15-0.20260325154711-d2dbc0547253+incompatible,gobinary,CVE-2026-34040,HIGH,https://avd.aquasec.com/nvd/cve-2026-34040,usr/bin/k3s,29.3.1,false,affected,
rancher/rancher:v2.14.3,harvester/v1.8.2,github.com/docker/docker,v28.5.2+incompatible,gobinary,CVE-2026-34040,HIGH,https://avd.aquasec.com/nvd/cve-2026-34040,usr/bin/rancher-machine,29.3.1,false,not_affected,vulnerable_code_not_in_execute_path
rancher/rancher:v2.14.3,harvester/v1.8.2,stdlib,v1.25.5,gobinary,CVE-2026-39820,HIGH,https://avd.aquasec.com/nvd/cve-2026-39820,opt/drivers/management-state/bin/docker-machine-driver-harvester,"1.25.10, 1.26.3",false,not_affected,vulnerable_code_not_present
rancher/rancher:v2.14.3,harvester/v1.8.2,stdlib,v1.25.9,gobinary,CVE-2026-39820,HIGH,https://avd.aquasec.com/nvd/cve-2026-39820,usr/bin/bandwidth,"1.25.10, 1.26.3",false,affected,
rancher/rancher:v2.14.3,harvester/v1.8.2,stdlib,v1.25.9,gobinary,CVE-2026-39820,HIGH,https://avd.aquasec.com/nvd/cve-2026-39820,usr/bin/cni,"1.25.10, 1.26.3",false,affected,
rancher/rancher:v2.14.3,harvester/v1.8.2,stdlib,v1.25.9,gobinary,CVE-2026-39820,HIGH,https://avd.aquasec.com/nvd/cve-2026-39820,usr/bin/containerd,"1.25.10, 1.26.3",false,not_affected,vulnerable_code_not_in_execute_path
rancher/rancher:v2.14.3,harvester/v1.8.2,stdlib,v1.25.9,gobinary,CVE-2026-39820,HIGH,https://avd.aquasec.com/nvd/cve-2026-39820,usr/bin/containerd-shim-runc-v2,"1.25.10, 1.26.3",false,not_affected,vulnerable_code_not_present
rancher/rancher:v2.14.3,harvester/v1.8.2,stdlib,v1.25.9,gobinary,CVE-2026-39820,HIGH,https://avd.aquasec.com/nvd/cve-2026-39820,usr/bin/firewall,"1.25.10, 1.26.3",false,affected,
rancher/rancher:v2.14.3,harvester/v1.8.2,stdlib,v1.25.9,gobinary,CVE-2026-39820,HIGH,https://avd.aquasec.com/nvd/cve-2026-39820,usr/bin/k3s,"1.25.10, 1.26.3",false,not_affected,vulnerable_code_not_in_execute_path
rancher/rancher:v2.14.3,harvester/v1.8.2,stdlib,v1.25.9,gobinary,CVE-2026-39820,HIGH,https://avd.aquasec.com/nvd/cve-2026-39820,usr/bin/runc,"1.25.10, 1.26.3",false,not_affected,vulnerable_code_not_present
rancher/rancher:v2.14.3,harvester/v1.8.2,stdlib,v1.26.1,gobinary,CVE-2026-39820,HIGH,https://avd.aquasec.com/nvd/cve-2026-39820,opt/drivers/management-state/bin/docker-machine-driver-linode,"1.25.10, 1.26.3",false,not_affected,vulnerable_code_not_present
rancher/rancher:v2.14.3,harvester/v1.8.2,stdlib,v1.26.2,gobinary,CVE-2026-39820,HIGH,https://avd.aquasec.com/nvd/cve-2026-39820,usr/share/rancher/ui/assets/wins.exe,"1.25.10, 1.26.3",false,not_affected,vulnerable_code_not_in_execute_path
rancher/rancher:v2.14.3,harvester/v1.8.2,golang.org/x/net,v0.38.0,gobinary,CVE-2026-39821,HIGH,https://avd.aquasec.com/nvd/cve-2026-39821,opt/drivers/management-state/bin/docker-machine-driver-harvester,0.55.0,false,not_affected,vulnerable_code_not_in_execute_path
rancher/rancher:v2.14.3,harvester/v1.8.2,golang.org/x/net,v0.43.0,gobinary,CVE-2026-39821,HIGH,https://avd.aquasec.com/nvd/cve-2026-39821,usr/bin/runc,0.55.0,false,not_affected,vulnerable_code_not_present
rancher/rancher:v2.14.3,harvester/v1.8.2,golang.org/x/net,v0.47.0,gobinary,CVE-2026-39821,HIGH,https://avd.aquasec.com/nvd/cve-2026-39821,usr/bin/containerd,0.55.0,false,affected,
rancher/rancher:v2.14.3,harvester/v1.8.2,golang.org/x/net,v0.47.0,gobinary,CVE-2026-39821,HIGH,https://avd.aquasec.com/nvd/cve-2026-39821,usr/bin/containerd-shim-runc-v2,0.55.0,false,not_affected,vulnerable_code_not_in_execute_path
rancher/rancher:v2.14.3,harvester/v1.8.2,golang.org/x/net,v0.47.0,gobinary,CVE-2026-39821,HIGH,https://avd.aquasec.com/nvd/cve-2026-39821,usr/bin/k3s,0.55.0,false,affected,
rancher/rancher:v2.14.3,harvester/v1.8.2,golang.org/x/net,v0.47.0,gobinary,CVE-2026-39821,HIGH,https://avd.aquasec.com/nvd/cve-2026-39821,usr/bin/rancher-machine,0.55.0,false,affected,
rancher/rancher:v2.14.3,harvester/v1.8.2,golang.org/x/net,v0.48.0,gobinary,CVE-2026-39821,HIGH,https://avd.aquasec.com/nvd/cve-2026-39821,usr/share/rancher/ui/assets/wins.exe,0.55.0,false,affected,
rancher/rancher:v2.14.3,harvester/v1.8.2,golang.org/x/net,v0.51.0,gobinary,CVE-2026-39821,HIGH,https://avd.aquasec.com/nvd/cve-2026-39821,opt/drivers/management-state/bin/docker-machine-driver-linode,0.55.0,false,not_affected,vulnerable_code_not_in_execute_path
rancher/rancher:v2.14.3,harvester/v1.8.2,golang.org/x/net,v0.52.0,gobinary,CVE-2026-39821,HIGH,https://avd.aquasec.com/nvd/cve-2026-39821,usr/bin/etcdctl,0.55.0,false,not_affected,vulnerable_code_not_in_execute_path
rancher/rancher:v2.14.3,harvester/v1.8.2,stdlib,v1.25.10,gobinary,CVE-2026-39822,HIGH,https://avd.aquasec.com/nvd/cve-2026-39822,usr/bin/etcdctl,"1.25.12, 1.26.5, 1.27.0-rc.2",false,not_affected,vulnerable_code_not_in_execute_path
rancher/rancher:v2.14.3,harvester/v1.8.2,stdlib,v1.25.11,gobinary,CVE-2026-39822,HIGH,https://avd.aquasec.com/nvd/cve-2026-39822,usr/bin/rancher,"1.25.12, 1.26.5, 1.27.0-rc.2",false,not_affected,vulnerable_code_not_in_execute_path
rancher/rancher:v2.14.3,harvester/v1.8.2,stdlib,v1.25.11,gobinary,CVE-2026-39822,HIGH,https://avd.aquasec.com/nvd/cve-2026-39822,usr/bin/rancher-machine,"1.25.12, 1.26.5, 1.27.0-rc.2",false,not_affected,vulnerable_code_not_in_execute_path
rancher/rancher:v2.14.3,harvester/v1.8.2,stdlib,v1.25.5,gobinary,CVE-2026-39822,HIGH,https://avd.aquasec.com/nvd/cve-2026-39822,opt/drivers/management-state/bin/docker-machine-driver-harvester,"1.25.12, 1.26.5, 1.27.0-rc.2",false,not_affected,vulnerable_code_not_in_execute_path
rancher/rancher:v2.14.3,harvester/v1.8.2,stdlib,v1.25.9,gobinary,CVE-2026-39822,HIGH,https://avd.aquasec.com/nvd/cve-2026-39822,usr/bin/bandwidth,"1.25.12, 1.26.5, 1.27.0-rc.2",false,affected,
rancher/rancher:v2.14.3,harvester/v1.8.2,stdlib,v1.25.9,gobinary,CVE-2026-39822,HIGH,https://avd.aquasec.com/nvd/cve-2026-39822,usr/bin/cni,"1.25.12, 1.26.5, 1.27.0-rc.2",false,affected,
rancher/rancher:v2.14.3,harvester/v1.8.2,stdlib,v1.25.9,gobinary,CVE-2026-39822,HIGH,https://avd.aquasec.com/nvd/cve-2026-39822,usr/bin/containerd,"1.25.12, 1.26.5, 1.27.0-rc.2",false,affected,
rancher/rancher:v2.14.3,harvester/v1.8.2,stdlib,v1.25.9,gobinary,CVE-2026-39822,HIGH,https://avd.aquasec.com/nvd/cve-2026-39822,usr/bin/containerd-shim-runc-v2,"1.25.12, 1.26.5, 1.27.0-rc.2",false,not_affected,vulnerable_code_not_in_execute_path
rancher/rancher:v2.14.3,harvester/v1.8.2,stdlib,v1.25.9,gobinary,CVE-2026-39822,HIGH,https://avd.aquasec.com/nvd/cve-2026-39822,usr/bin/firewall,"1.25.12, 1.26.5, 1.27.0-rc.2",false,affected,
rancher/rancher:v2.14.3,harvester/v1.8.2,stdlib,v1.25.9,gobinary,CVE-2026-39822,HIGH,https://avd.aquasec.com/nvd/cve-2026-39822,usr/bin/k3s,"1.25.12, 1.26.5, 1.27.0-rc.2",false,affected,
rancher/rancher:v2.14.3,harvester/v1.8.2,stdlib,v1.25.9,gobinary,CVE-2026-39822,HIGH,https://avd.aquasec.com/nvd/cve-2026-39822,usr/bin/runc,"1.25.12, 1.26.5, 1.27.0-rc.2",false,not_affected,vulnerable_code_not_in_execute_path
rancher/rancher:v2.14.3,harvester/v1.8.2,stdlib,v1.26.1,gobinary,CVE-2026-39822,HIGH,https://avd.aquasec.com/nvd/cve-2026-39822,opt/drivers/management-state/bin/docker-machine-driver-linode,"1.25.12, 1.26.5, 1.27.0-rc.2",false,not_affected,vulnerable_code_not_in_execute_path
rancher/rancher:v2.14.3,harvester/v1.8.2,stdlib,v1.26.2,gobinary,CVE-2026-39822,HIGH,https://avd.aquasec.com/nvd/cve-2026-39822,usr/share/rancher/ui/assets/wins.exe,"1.25.12, 1.26.5, 1.27.0-rc.2",false,not_affected,vulnerable_code_not_in_execute_path
rancher/rancher:v2.14.3,harvester/v1.8.2,stdlib,v1.25.5,gobinary,CVE-2026-39823,MEDIUM,https://avd.aquasec.com/nvd/cve-2026-39823,opt/drivers/management-state/bin/docker-machine-driver-harvester,"1.25.10, 1.26.3",false,not_affected,vulnerable_code_not_in_execute_path
rancher/rancher:v2.14.3,harvester/v1.8.2,stdlib,v1.25.9,gobinary,CVE-2026-39823,MEDIUM,https://avd.aquasec.com/nvd/cve-2026-39823,usr/bin/containerd,"1.25.10, 1.26.3",false,not_affected,vulnerable_code_not_in_execute_path
rancher/rancher:v2.14.3,harvester/v1.8.2,stdlib,v1.25.9,gobinary,CVE-2026-39823,MEDIUM,https://avd.aquasec.com/nvd/cve-2026-39823,usr/bin/containerd-shim-runc-v2,"1.25.10, 1.26.3",false,not_affected,vulnerable_code_not_in_execute_path
rancher/rancher:v2.14.3,harvester/v1.8.2,stdlib,v1.25.9,gobinary,CVE-2026-39823,MEDIUM,https://avd.aquasec.com/nvd/cve-2026-39823,usr/bin/k3s,"1.25.10, 1.26.3",false,not_affected,vulnerable_code_not_in_execute_path
rancher/rancher:v2.14.3,harvester/v1.8.2,stdlib,v1.25.9,gobinary,CVE-2026-39823,MEDIUM,https://avd.aquasec.com/nvd/cve-2026-39823,usr/bin/runc,"1.25.10, 1.26.3",false,not_affected,vulnerable_code_not_present
rancher/rancher:v2.14.3,harvester/v1.8.2,stdlib,v1.26.1,gobinary,CVE-2026-39823,MEDIUM,https://avd.aquasec.com/nvd/cve-2026-39823,opt/drivers/management-state/bin/docker-machine-driver-linode,"1.25.10, 1.26.3",false,not_affected,vulnerable_code_not_in_execute_path
rancher/rancher:v2.14.3,harvester/v1.8.2,stdlib,v1.26.2,gobinary,CVE-2026-39823,MEDIUM,https://avd.aquasec.com/nvd/cve-2026-39823,usr/share/rancher/ui/assets/wins.exe,"1.25.10, 1.26.3",false,not_affected,vulnerable_code_not_in_execute_path
rancher/rancher:v2.14.3,harvester/v1.8.2,stdlib,v1.25.5,gobinary,CVE-2026-39825,MEDIUM,https://avd.aquasec.com/nvd/cve-2026-39825,opt/drivers/management-state/bin/docker-machine-driver-harvester,"1.25.10, 1.26.3",false,not_affected,vulnerable_code_not_present
rancher/rancher:v2.14.3,harvester/v1.8.2,stdlib,v1.25.9,gobinary,CVE-2026-39825,MEDIUM,https://avd.aquasec.com/nvd/cve-2026-39825,usr/bin/containerd,"1.25.10, 1.26.3",false,not_affected,vulnerable_code_not_in_execute_path
rancher/rancher:v2.14.3,harvester/v1.8.2,stdlib,v1.25.9,gobinary,CVE-2026-39825,MEDIUM,https://avd.aquasec.com/nvd/cve-2026-39825,usr/bin/containerd-shim-runc-v2,"1.25.10, 1.26.3",false,not_affected,vulnerable_code_not_in_execute_path
rancher/rancher:v2.14.3,harvester/v1.8.2,stdlib,v1.25.9,gobinary,CVE-2026-39825,MEDIUM,https://avd.aquasec.com/nvd/cve-2026-39825,usr/bin/k3s,"1.25.10, 1.26.3",false,not_affected,vulnerable_code_not_in_execute_path
rancher/rancher:v2.14.3,harvester/v1.8.2,stdlib,v1.25.9,gobinary,CVE-2026-39825,MEDIUM,https://avd.aquasec.com/nvd/cve-2026-39825,usr/bin/runc,"1.25.10, 1.26.3",false,not_affected,vulnerable_code_not_present
rancher/rancher:v2.14.3,harvester/v1.8.2,stdlib,v1.26.1,gobinary,CVE-2026-39825,MEDIUM,https://avd.aquasec.com/nvd/cve-2026-39825,opt/drivers/management-state/bin/docker-machine-driver-linode,"1.25.10, 1.26.3",false,not_affected,vulnerable_code_not_present
rancher/rancher:v2.14.3,harvester/v1.8.2,stdlib,v1.26.2,gobinary,CVE-2026-39825,MEDIUM,https://avd.aquasec.com/nvd/cve-2026-39825,usr/share/rancher/ui/assets/wins.exe,"1.25.10, 1.26.3",false,not_affected,vulnerable_code_not_in_execute_path
rancher/rancher:v2.14.3,harvester/v1.8.2,stdlib,v1.25.5,gobinary,CVE-2026-39826,MEDIUM,https://avd.aquasec.com/nvd/cve-2026-39826,opt/drivers/management-state/bin/docker-machine-driver-harvester,"1.25.10, 1.26.3",false,not_affected,vulnerable_code_not_in_execute_path
rancher/rancher:v2.14.3,harvester/v1.8.2,stdlib,v1.25.9,gobinary,CVE-2026-39826,MEDIUM,https://avd.aquasec.com/nvd/cve-2026-39826,usr/bin/containerd,"1.25.10, 1.26.3",false,not_affected,vulnerable_code_not_present
rancher/rancher:v2.14.3,harvester/v1.8.2,stdlib,v1.25.9,gobinary,CVE-2026-39826,MEDIUM,https://avd.aquasec.com/nvd/cve-2026-39826,usr/bin/containerd-shim-runc-v2,"1.25.10, 1.26.3",false,not_affected,vulnerable_code_not_in_execute_path
rancher/rancher:v2.14.3,harvester/v1.8.2,stdlib,v1.25.9,gobinary,CVE-2026-39826,MEDIUM,https://avd.aquasec.com/nvd/cve-2026-39826,usr/bin/k3s,"1.25.10, 1.26.3",false,not_affected,vulnerable_code_not_present
rancher/rancher:v2.14.3,harvester/v1.8.2,stdlib,v1.25.9,gobinary,CVE-2026-39826,MEDIUM,https://avd.aquasec.com/nvd/cve-2026-39826,usr/bin/runc,"1.25.10, 1.26.3",false,not_affected,vulnerable_code_not_present
rancher/rancher:v2.14.3,harvester/v1.8.2,stdlib,v1.26.1,gobinary,CVE-2026-39826,MEDIUM,https://avd.aquasec.com/nvd/cve-2026-39826,opt/drivers/management-state/bin/docker-machine-driver-linode,"1.25.10, 1.26.3",false,not_affected,vulnerable_code_not_in_execute_path
rancher/rancher:v2.14.3,harvester/v1.8.2,stdlib,v1.26.2,gobinary,CVE-2026-39826,MEDIUM,https://avd.aquasec.com/nvd/cve-2026-39826,usr/share/rancher/ui/assets/wins.exe,"1.25.10, 1.26.3",false,not_affected,vulnerable_code_not_in_execute_path
rancher/rancher:v2.14.3,harvester/v1.8.2,golang.org/x/crypto,v0.40.0,gobinary,CVE-2026-39827,MEDIUM,https://avd.aquasec.com/nvd/cve-2026-39827,opt/drivers/management-state/bin/docker-machine-driver-harvester,0.52.0,false,not_affected,vulnerable_code_not_in_execute_path
rancher/rancher:v2.14.3,harvester/v1.8.2,golang.org/x/crypto,v0.44.0,gobinary,CVE-2026-39827,MEDIUM,https://avd.aquasec.com/nvd/cve-2026-39827,usr/bin/rancher-machine,0.52.0,false,not_affected,vulnerable_code_not_in_execute_path
rancher/rancher:v2.14.3,harvester/v1.8.2,golang.org/x/crypto,v0.45.0,gobinary,CVE-2026-39827,MEDIUM,https://avd.aquasec.com/nvd/cve-2026-39827,usr/bin/containerd,0.52.0,false,not_affected,vulnerable_code_not_present
rancher/rancher:v2.14.3,harvester/v1.8.2,golang.org/x/crypto,v0.45.0,gobinary,CVE-2026-39827,MEDIUM,https://avd.aquasec.com/nvd/cve-2026-39827,usr/bin/k3s,0.52.0,false,not_affected,vulnerable_code_not_present
rancher/rancher:v2.14.3,harvester/v1.8.2,golang.org/x/crypto,v0.46.0,gobinary,CVE-2026-39827,MEDIUM,https://avd.aquasec.com/nvd/cve-2026-39827,usr/share/rancher/ui/assets/wins.exe,0.52.0,false,not_affected,vulnerable_code_not_present
rancher/rancher:v2.14.3,harvester/v1.8.2,golang.org/x/crypto,v0.48.0,gobinary,CVE-2026-39827,MEDIUM,https://avd.aquasec.com/nvd/cve-2026-39827,opt/drivers/management-state/bin/docker-machine-driver-linode,0.52.0,false,not_affected,vulnerable_code_not_in_execute_path
rancher/rancher:v2.14.3,harvester/v1.8.2,golang.org/x/crypto,v0.40.0,gobinary,CVE-2026-39828,HIGH,https://avd.aquasec.com/nvd/cve-2026-39828,opt/drivers/management-state/bin/docker-machine-driver-harvester,0.52.0,false,not_affected,vulnerable_code_not_in_execute_path
rancher/rancher:v2.14.3,harvester/v1.8.2,golang.org/x/crypto,v0.44.0,gobinary,CVE-2026-39828,HIGH,https://avd.aquasec.com/nvd/cve-2026-39828,usr/bin/rancher-machine,0.52.0,false,not_affected,vulnerable_code_not_in_execute_path
rancher/rancher:v2.14.3,harvester/v1.8.2,golang.org/x/crypto,v0.45.0,gobinary,CVE-2026-39828,HIGH,https://avd.aquasec.com/nvd/cve-2026-39828,usr/bin/containerd,0.52.0,false,not_affected,vulnerable_code_not_present
rancher/rancher:v2.14.3,harvester/v1.8.2,golang.org/x/crypto,v0.45.0,gobinary,CVE-2026-39828,HIGH,https://avd.aquasec.com/nvd/cve-2026-39828,usr/bin/k3s,0.52.0,false,not_affected,vulnerable_code_not_present
rancher/rancher:v2.14.3,harvester/v1.8.2,golang.org/x/crypto,v0.46.0,gobinary,CVE-2026-39828,HIGH,https://avd.aquasec.com/nvd/cve-2026-39828,usr/share/rancher/ui/assets/wins.exe,0.52.0,false,not_affected,vulnerable_code_not_present
rancher/rancher:v2.14.3,harvester/v1.8.2,golang.org/x/crypto,v0.48.0,gobinary,CVE-2026-39828,HIGH,https://avd.aquasec.com/nvd/cve-2026-39828,opt/drivers/management-state/bin/docker-machine-driver-linode,0.52.0,false,not_affected,vulnerable_code_not_in_execute_path
rancher/rancher:v2.14.3,harvester/v1.8.2,golang.org/x/crypto,v0.40.0,gobinary,CVE-2026-39829,HIGH,https://avd.aquasec.com/nvd/cve-2026-39829,opt/drivers/management-state/bin/docker-machine-driver-harvester,0.52.0,false,not_affected,vulnerable_code_not_in_execute_path
rancher/rancher:v2.14.3,harvester/v1.8.2,golang.org/x/crypto,v0.44.0,gobinary,CVE-2026-39829,HIGH,https://avd.aquasec.com/nvd/cve-2026-39829,usr/bin/rancher-machine,0.52.0,false,affected,
rancher/rancher:v2.14.3,harvester/v1.8.2,golang.org/x/crypto,v0.45.0,gobinary,CVE-2026-39829,HIGH,https://avd.aquasec.com/nvd/cve-2026-39829,usr/bin/containerd,0.52.0,false,not_affected,vulnerable_code_not_present
rancher/rancher:v2.14.3,harvester/v1.8.2,golang.org/x/crypto,v0.45.0,gobinary,CVE-2026-39829,HIGH,https://avd.aquasec.com/nvd/cve-2026-39829,usr/bin/k3s,0.52.0,false,not_affected,vulnerable_code_not_present
rancher/rancher:v2.14.3,harvester/v1.8.2,golang.org/x/crypto,v0.46.0,gobinary,CVE-2026-39829,HIGH,https://avd.aquasec.com/nvd/cve-2026-39829,usr/share/rancher/ui/assets/wins.exe,0.52.0,false,not_affected,vulnerable_code_not_present
rancher/rancher:v2.14.3,harvester/v1.8.2,golang.org/x/crypto,v0.48.0,gobinary,CVE-2026-39829,HIGH,https://avd.aquasec.com/nvd/cve-2026-39829,opt/drivers/management-state/bin/docker-machine-driver-linode,0.52.0,false,not_affected,vulnerable_code_not_in_execute_path
rancher/rancher:v2.14.3,harvester/v1.8.2,golang.org/x/crypto,v0.40.0,gobinary,CVE-2026-39830,HIGH,https://avd.aquasec.com/nvd/cve-2026-39830,opt/drivers/management-state/bin/docker-machine-driver-harvester,0.52.0,false,not_affected,vulnerable_code_not_in_execute_path
rancher/rancher:v2.14.3,harvester/v1.8.2,golang.org/x/crypto,v0.45.0,gobinary,CVE-2026-39830,HIGH,https://avd.aquasec.com/nvd/cve-2026-39830,usr/bin/containerd,0.52.0,false,not_affected,vulnerable_code_not_present
rancher/rancher:v2.14.3,harvester/v1.8.2,golang.org/x/crypto,v0.45.0,gobinary,CVE-2026-39830,HIGH,https://avd.aquasec.com/nvd/cve-2026-39830,usr/bin/k3s,0.52.0,false,not_affected,vulnerable_code_not_present
rancher/rancher:v2.14.3,harvester/v1.8.2,golang.org/x/crypto,v0.46.0,gobinary,CVE-2026-39830,HIGH,https://avd.aquasec.com/nvd/cve-2026-39830,usr/share/rancher/ui/assets/wins.exe,0.52.0,false,not_affected,vulnerable_code_not_present
rancher/rancher:v2.14.3,harvester/v1.8.2,golang.org/x/crypto,v0.48.0,gobinary,CVE-2026-39830,HIGH,https://avd.aquasec.com/nvd/cve-2026-39830,opt/drivers/management-state/bin/docker-machine-driver-linode,0.52.0,false,not_affected,vulnerable_code_not_in_execute_path
rancher/rancher:v2.14.3,harvester/v1.8.2,golang.org/x/crypto,v0.40.0,gobinary,CVE-2026-39831,HIGH,https://avd.aquasec.com/nvd/cve-2026-39831,opt/drivers/management-state/bin/docker-machine-driver-harvester,0.52.0,false,not_affected,vulnerable_code_not_in_execute_path
rancher/rancher:v2.14.3,harvester/v1.8.2,golang.org/x/crypto,v0.44.0,gobinary,CVE-2026-39831,HIGH,https://avd.aquasec.com/nvd/cve-2026-39831,usr/bin/rancher-machine,0.52.0,false,affected,
rancher/rancher:v2.14.3,harvester/v1.8.2,golang.org/x/crypto,v0.45.0,gobinary,CVE-2026-39831,HIGH,https://avd.aquasec.com/nvd/cve-2026-39831,usr/bin/containerd,0.52.0,false,not_affected,vulnerable_code_not_present
rancher/rancher:v2.14.3,harvester/v1.8.2,golang.org/x/crypto,v0.45.0,gobinary,CVE-2026-39831,HIGH,https://avd.aquasec.com/nvd/cve-2026-39831,usr/bin/k3s,0.52.0,false,not_affected,vulnerable_code_not_present
rancher/rancher:v2.14.3,harvester/v1.8.2,golang.org/x/crypto,v0.46.0,gobinary,CVE-2026-39831,HIGH,https://avd.aquasec.com/nvd/cve-2026-39831,usr/share/rancher/ui/assets/wins.exe,0.52.0,false,not_affected,vulnerable_code_not_present
rancher/rancher:v2.14.3,harvester/v1.8.2,golang.org/x/crypto,v0.48.0,gobinary,CVE-2026-39831,HIGH,https://avd.aquasec.com/nvd/cve-2026-39831,opt/drivers/management-state/bin/docker-machine-driver-linode,0.52.0,false,not_affected,vulnerable_code_not_in_execute_path
rancher/rancher:v2.14.3,harvester/v1.8.2,golang.org/x/crypto,v0.40.0,gobinary,CVE-2026-39832,HIGH,https://avd.aquasec.com/nvd/cve-2026-39832,opt/drivers/management-state/bin/docker-machine-driver-harvester,0.52.0,false,not_affected,vulnerable_code_not_present
rancher/rancher:v2.14.3,harvester/v1.8.2,golang.org/x/crypto,v0.44.0,gobinary,CVE-2026-39832,HIGH,https://avd.aquasec.com/nvd/cve-2026-39832,usr/bin/rancher-machine,0.52.0,false,not_affected,vulnerable_code_not_present
rancher/rancher:v2.14.3,harvester/v1.8.2,golang.org/x/crypto,v0.45.0,gobinary,CVE-2026-39832,HIGH,https://avd.aquasec.com/nvd/cve-2026-39832,usr/bin/containerd,0.52.0,false,not_affected,vulnerable_code_not_present
rancher/rancher:v2.14.3,harvester/v1.8.2,golang.org/x/crypto,v0.45.0,gobinary,CVE-2026-39832,HIGH,https://avd.aquasec.com/nvd/cve-2026-39832,usr/bin/k3s,0.52.0,false,not_affected,vulnerable_code_not_present
rancher/rancher:v2.14.3,harvester/v1.8.2,golang.org/x/crypto,v0.46.0,gobinary,CVE-2026-39832,HIGH,https://avd.aquasec.com/nvd/cve-2026-39832,usr/share/rancher/ui/assets/wins.exe,0.52.0,false,not_affected,vulnerable_code_not_present
rancher/rancher:v2.14.3,harvester/v1.8.2,golang.org/x/crypto,v0.48.0,gobinary,CVE-2026-39832,HIGH,https://avd.aquasec.com/nvd/cve-2026-39832,opt/drivers/management-state/bin/docker-machine-driver-linode,0.52.0,false,not_affected,vulnerable_code_not_present
rancher/rancher:v2.14.3,harvester/v1.8.2,golang.org/x/crypto,v0.40.0,gobinary,CVE-2026-39833,MEDIUM,https://avd.aquasec.com/nvd/cve-2026-39833,opt/drivers/management-state/bin/docker-machine-driver-harvester,0.52.0,false,not_affected,vulnerable_code_not_present
rancher/rancher:v2.14.3,harvester/v1.8.2,golang.org/x/crypto,v0.44.0,gobinary,CVE-2026-39833,MEDIUM,https://avd.aquasec.com/nvd/cve-2026-39833,usr/bin/rancher-machine,0.52.0,false,not_affected,vulnerable_code_not_present
rancher/rancher:v2.14.3,harvester/v1.8.2,golang.org/x/crypto,v0.45.0,gobinary,CVE-2026-39833,MEDIUM,https://avd.aquasec.com/nvd/cve-2026-39833,usr/bin/containerd,0.52.0,false,not_affected,vulnerable_code_not_present
rancher/rancher:v2.14.3,harvester/v1.8.2,golang.org/x/crypto,v0.45.0,gobinary,CVE-2026-39833,MEDIUM,https://avd.aquasec.com/nvd/cve-2026-39833,usr/bin/k3s,0.52.0,false,not_affected,vulnerable_code_not_present
rancher/rancher:v2.14.3,harvester/v1.8.2,golang.org/x/crypto,v0.46.0,gobinary,CVE-2026-39833,MEDIUM,https://avd.aquasec.com/nvd/cve-2026-39833,usr/share/rancher/ui/assets/wins.exe,0.52.0,false,not_affected,vulnerable_code_not_present
rancher/rancher:v2.14.3,harvester/v1.8.2,golang.org/x/crypto,v0.48.0,gobinary,CVE-2026-39833,MEDIUM,https://avd.aquasec.com/nvd/cve-2026-39833,opt/drivers/management-state/bin/docker-machine-driver-linode,0.52.0,false,not_affected,vulnerable_code_not_present
rancher/rancher:v2.14.3,harvester/v1.8.2,golang.org/x/crypto,v0.40.0,gobinary,CVE-2026-39834,MEDIUM,https://avd.aquasec.com/nvd/cve-2026-39834,opt/drivers/management-state/bin/docker-machine-driver-harvester,0.52.0,false,not_affected,vulnerable_code_not_in_execute_path
rancher/rancher:v2.14.3,harvester/v1.8.2,golang.org/x/crypto,v0.44.0,gobinary,CVE-2026-39834,HIGH,https://avd.aquasec.com/nvd/cve-2026-39834,usr/bin/rancher-machine,0.52.0,false,affected,severity_changed_due_to_suse_cvss_score
rancher/rancher:v2.14.3,harvester/v1.8.2,golang.org/x/crypto,v0.45.0,gobinary,CVE-2026-39834,MEDIUM,https://avd.aquasec.com/nvd/cve-2026-39834,usr/bin/containerd,0.52.0,false,not_affected,vulnerable_code_not_present
rancher/rancher:v2.14.3,harvester/v1.8.2,golang.org/x/crypto,v0.45.0,gobinary,CVE-2026-39834,MEDIUM,https://avd.aquasec.com/nvd/cve-2026-39834,usr/bin/k3s,0.52.0,false,not_affected,vulnerable_code_not_present
rancher/rancher:v2.14.3,harvester/v1.8.2,golang.org/x/crypto,v0.46.0,gobinary,CVE-2026-39834,MEDIUM,https://avd.aquasec.com/nvd/cve-2026-39834,usr/share/rancher/ui/assets/wins.exe,0.52.0,false,not_affected,vulnerable_code_not_present
rancher/rancher:v2.14.3,harvester/v1.8.2,golang.org/x/crypto,v0.48.0,gobinary,CVE-2026-39834,MEDIUM,https://avd.aquasec.com/nvd/cve-2026-39834,opt/drivers/management-state/bin/docker-machine-driver-linode,0.52.0,false,not_affected,vulnerable_code_not_in_execute_path
rancher/rancher:v2.14.3,harvester/v1.8.2,golang.org/x/crypto,v0.40.0,gobinary,CVE-2026-39835,HIGH,https://avd.aquasec.com/nvd/cve-2026-39835,opt/drivers/management-state/bin/docker-machine-driver-harvester,0.52.0,false,not_affected,vulnerable_code_not_in_execute_path
rancher/rancher:v2.14.3,harvester/v1.8.2,golang.org/x/crypto,v0.44.0,gobinary,CVE-2026-39835,HIGH,https://avd.aquasec.com/nvd/cve-2026-39835,usr/bin/rancher-machine,0.52.0,false,not_affected,vulnerable_code_not_in_execute_path
rancher/rancher:v2.14.3,harvester/v1.8.2,golang.org/x/crypto,v0.45.0,gobinary,CVE-2026-39835,HIGH,https://avd.aquasec.com/nvd/cve-2026-39835,usr/bin/containerd,0.52.0,false,not_affected,vulnerable_code_not_present
rancher/rancher:v2.14.3,harvester/v1.8.2,golang.org/x/crypto,v0.45.0,gobinary,CVE-2026-39835,HIGH,https://avd.aquasec.com/nvd/cve-2026-39835,usr/bin/k3s,0.52.0,false,not_affected,vulnerable_code_not_present
rancher/rancher:v2.14.3,harvester/v1.8.2,golang.org/x/crypto,v0.46.0,gobinary,CVE-2026-39835,HIGH,https://avd.aquasec.com/nvd/cve-2026-39835,usr/share/rancher/ui/assets/wins.exe,0.52.0,false,not_affected,vulnerable_code_not_present
rancher/rancher:v2.14.3,harvester/v1.8.2,golang.org/x/crypto,v0.48.0,gobinary,CVE-2026-39835,HIGH,https://avd.aquasec.com/nvd/cve-2026-39835,opt/drivers/management-state/bin/docker-machine-driver-linode,0.52.0,false,not_affected,vulnerable_code_not_in_execute_path
rancher/rancher:v2.14.3,harvester/v1.8.2,stdlib,v1.25.5,gobinary,CVE-2026-39836,HIGH,https://avd.aquasec.com/nvd/cve-2026-39836,opt/drivers/management-state/bin/docker-machine-driver-harvester,"1.25.10, 1.26.3",false,not_affected,vulnerable_code_not_in_execute_path
rancher/rancher:v2.14.3,harvester/v1.8.2,stdlib,v1.25.9,gobinary,CVE-2026-39836,HIGH,https://avd.aquasec.com/nvd/cve-2026-39836,usr/bin/bandwidth,"1.25.10, 1.26.3",false,affected,
rancher/rancher:v2.14.3,harvester/v1.8.2,stdlib,v1.25.9,gobinary,CVE-2026-39836,HIGH,https://avd.aquasec.com/nvd/cve-2026-39836,usr/bin/cni,"1.25.10, 1.26.3",false,affected,
rancher/rancher:v2.14.3,harvester/v1.8.2,stdlib,v1.25.9,gobinary,CVE-2026-39836,HIGH,https://avd.aquasec.com/nvd/cve-2026-39836,usr/bin/containerd,"1.25.10, 1.26.3",false,not_affected,vulnerable_code_not_in_execute_path
rancher/rancher:v2.14.3,harvester/v1.8.2,stdlib,v1.25.9,gobinary,CVE-2026-39836,HIGH,https://avd.aquasec.com/nvd/cve-2026-39836,usr/bin/containerd-shim-runc-v2,"1.25.10, 1.26.3",false,not_affected,vulnerable_code_not_in_execute_path
rancher/rancher:v2.14.3,harvester/v1.8.2,stdlib,v1.25.9,gobinary,CVE-2026-39836,HIGH,https://avd.aquasec.com/nvd/cve-2026-39836,usr/bin/firewall,"1.25.10, 1.26.3",false,affected,
rancher/rancher:v2.14.3,harvester/v1.8.2,stdlib,v1.25.9,gobinary,CVE-2026-39836,HIGH,https://avd.aquasec.com/nvd/cve-2026-39836,usr/bin/k3s,"1.25.10, 1.26.3",false,not_affected,vulnerable_code_not_in_execute_path
rancher/rancher:v2.14.3,harvester/v1.8.2,stdlib,v1.25.9,gobinary,CVE-2026-39836,HIGH,https://avd.aquasec.com/nvd/cve-2026-39836,usr/bin/runc,"1.25.10, 1.26.3",false,not_affected,vulnerable_code_not_in_execute_path
rancher/rancher:v2.14.3,harvester/v1.8.2,stdlib,v1.26.1,gobinary,CVE-2026-39836,HIGH,https://avd.aquasec.com/nvd/cve-2026-39836,opt/drivers/management-state/bin/docker-machine-driver-linode,"1.25.10, 1.26.3",false,not_affected,vulnerable_code_not_in_execute_path
rancher/rancher:v2.14.3,harvester/v1.8.2,stdlib,v1.26.2,gobinary,CVE-2026-39836,HIGH,https://avd.aquasec.com/nvd/cve-2026-39836,usr/share/rancher/ui/assets/wins.exe,"1.25.10, 1.26.3",false,not_affected,vulnerable_code_not_in_execute_path
rancher/rancher:v2.14.3,harvester/v1.8.2,github.com/docker/docker,v25.0.15-0.20260325154711-d2dbc0547253+incompatible,gobinary,CVE-2026-41567,HIGH,https://avd.aquasec.com/nvd/cve-2026-41567,usr/bin/containerd,,false,not_affected,vulnerable_code_not_present
rancher/rancher:v2.14.3,harvester/v1.8.2,github.com/docker/docker,v25.0.15-0.20260325154711-d2dbc0547253+incompatible,gobinary,CVE-2026-41567,HIGH,https://avd.aquasec.com/nvd/cve-2026-41567,usr/bin/k3s,,false,not_affected,vulnerable_code_not_present
rancher/rancher:v2.14.3,harvester/v1.8.2,github.com/docker/docker,v28.5.2+incompatible,gobinary,CVE-2026-41567,HIGH,https://avd.aquasec.com/nvd/cve-2026-41567,usr/bin/rancher-machine,,false,not_affected,vulnerable_code_not_present
rancher/rancher:v2.14.3,harvester/v1.8.2,github.com/docker/docker,v25.0.15-0.20260325154711-d2dbc0547253+incompatible,gobinary,CVE-2026-41568,MEDIUM,https://avd.aquasec.com/nvd/cve-2026-41568,usr/bin/containerd,,false,not_affected,vulnerable_code_not_present
rancher/rancher:v2.14.3,harvester/v1.8.2,github.com/docker/docker,v25.0.15-0.20260325154711-d2dbc0547253+incompatible,gobinary,CVE-2026-41568,MEDIUM,https://avd.aquasec.com/nvd/cve-2026-41568,usr/bin/k3s,,false,not_affected,vulnerable_code_not_present
rancher/rancher:v2.14.3,harvester/v1.8.2,github.com/docker/docker,v28.5.2+incompatible,gobinary,CVE-2026-41568,MEDIUM,https://avd.aquasec.com/nvd/cve-2026-41568,usr/bin/rancher-machine,,false,not_affected,vulnerable_code_not_present
rancher/rancher:v2.14.3,harvester/v1.8.2,github.com/docker/docker,v25.0.15-0.20260325154711-d2dbc0547253+incompatible,gobinary,CVE-2026-42306,HIGH,https://avd.aquasec.com/nvd/cve-2026-42306,usr/bin/containerd,,false,not_affected,vulnerable_code_not_present
rancher/rancher:v2.14.3,harvester/v1.8.2,github.com/docker/docker,v25.0.15-0.20260325154711-d2dbc0547253+incompatible,gobinary,CVE-2026-42306,HIGH,https://avd.aquasec.com/nvd/cve-2026-42306,usr/bin/k3s,,false,not_affected,vulnerable_code_not_present
rancher/rancher:v2.14.3,harvester/v1.8.2,github.com/docker/docker,v28.5.2+incompatible,gobinary,CVE-2026-42306,HIGH,https://avd.aquasec.com/nvd/cve-2026-42306,usr/bin/rancher-machine,,false,not_affected,vulnerable_code_not_present
rancher/rancher:v2.14.3,harvester/v1.8.2,github.com/ipld/go-ipld-prime,v0.22.0,gobinary,CVE-2026-42328,MEDIUM,https://avd.aquasec.com/nvd/cve-2026-42328,usr/bin/containerd,0.23.0,false,not_affected,vulnerable_code_not_in_execute_path
rancher/rancher:v2.14.3,harvester/v1.8.2,github.com/ipld/go-ipld-prime,v0.22.0,gobinary,CVE-2026-42328,MEDIUM,https://avd.aquasec.com/nvd/cve-2026-42328,usr/bin/k3s,0.23.0,false,not_affected,vulnerable_code_not_in_execute_path
rancher/rancher:v2.14.3,harvester/v1.8.2,stdlib,v1.25.5,gobinary,CVE-2026-42499,HIGH,https://avd.aquasec.com/nvd/cve-2026-42499,opt/drivers/management-state/bin/docker-machine-driver-harvester,"1.25.10, 1.26.3",false,not_affected,vulnerable_code_not_present
rancher/rancher:v2.14.3,harvester/v1.8.2,stdlib,v1.25.9,gobinary,CVE-2026-42499,HIGH,https://avd.aquasec.com/nvd/cve-2026-42499,usr/bin/bandwidth,"1.25.10, 1.26.3",false,affected,
rancher/rancher:v2.14.3,harvester/v1.8.2,stdlib,v1.25.9,gobinary,CVE-2026-42499,HIGH,https://avd.aquasec.com/nvd/cve-2026-42499,usr/bin/cni,"1.25.10, 1.26.3",false,affected,
rancher/rancher:v2.14.3,harvester/v1.8.2,stdlib,v1.25.9,gobinary,CVE-2026-42499,HIGH,https://avd.aquasec.com/nvd/cve-2026-42499,usr/bin/containerd,"1.25.10, 1.26.3",false,not_affected,vulnerable_code_not_in_execute_path
rancher/rancher:v2.14.3,harvester/v1.8.2,stdlib,v1.25.9,gobinary,CVE-2026-42499,HIGH,https://avd.aquasec.com/nvd/cve-2026-42499,usr/bin/containerd-shim-runc-v2,"1.25.10, 1.26.3",false,not_affected,vulnerable_code_not_present
rancher/rancher:v2.14.3,harvester/v1.8.2,stdlib,v1.25.9,gobinary,CVE-2026-42499,HIGH,https://avd.aquasec.com/nvd/cve-2026-42499,usr/bin/firewall,"1.25.10, 1.26.3",false,affected,
rancher/rancher:v2.14.3,harvester/v1.8.2,stdlib,v1.25.9,gobinary,CVE-2026-42499,HIGH,https://avd.aquasec.com/nvd/cve-2026-42499,usr/bin/k3s,"1.25.10, 1.26.3",false,not_affected,vulnerable_code_not_in_execute_path
rancher/rancher:v2.14.3,harvester/v1.8.2,stdlib,v1.25.9,gobinary,CVE-2026-42499,HIGH,https://avd.aquasec.com/nvd/cve-2026-42499,usr/bin/runc,"1.25.10, 1.26.3",false,not_affected,vulnerable_code_not_present
rancher/rancher:v2.14.3,harvester/v1.8.2,stdlib,v1.26.1,gobinary,CVE-2026-42499,HIGH,https://avd.aquasec.com/nvd/cve-2026-42499,opt/drivers/management-state/bin/docker-machine-driver-linode,"1.25.10, 1.26.3",false,not_affected,vulnerable_code_not_present
rancher/rancher:v2.14.3,harvester/v1.8.2,stdlib,v1.26.2,gobinary,CVE-2026-42499,HIGH,https://avd.aquasec.com/nvd/cve-2026-42499,usr/share/rancher/ui/assets/wins.exe,"1.25.10, 1.26.3",false,not_affected,vulnerable_code_not_in_execute_path
rancher/rancher:v2.14.3,harvester/v1.8.2,golang.org/x/net,v0.38.0,gobinary,CVE-2026-42502,MEDIUM,https://avd.aquasec.com/nvd/cve-2026-42502,opt/drivers/management-state/bin/docker-machine-driver-harvester,0.55.0,false,not_affected,vulnerable_code_not_in_execute_path
rancher/rancher:v2.14.3,harvester/v1.8.2,golang.org/x/net,v0.43.0,gobinary,CVE-2026-42502,MEDIUM,https://avd.aquasec.com/nvd/cve-2026-42502,usr/bin/runc,0.55.0,false,not_affected,vulnerable_code_not_present
rancher/rancher:v2.14.3,harvester/v1.8.2,golang.org/x/net,v0.47.0,gobinary,CVE-2026-42502,MEDIUM,https://avd.aquasec.com/nvd/cve-2026-42502,usr/bin/containerd,0.55.0,false,not_affected,vulnerable_code_not_in_execute_path
rancher/rancher:v2.14.3,harvester/v1.8.2,golang.org/x/net,v0.47.0,gobinary,CVE-2026-42502,MEDIUM,https://avd.aquasec.com/nvd/cve-2026-42502,usr/bin/containerd-shim-runc-v2,0.55.0,false,not_affected,vulnerable_code_not_present
rancher/rancher:v2.14.3,harvester/v1.8.2,golang.org/x/net,v0.47.0,gobinary,CVE-2026-42502,MEDIUM,https://avd.aquasec.com/nvd/cve-2026-42502,usr/bin/k3s,0.55.0,false,not_affected,vulnerable_code_not_in_execute_path
rancher/rancher:v2.14.3,harvester/v1.8.2,golang.org/x/net,v0.47.0,gobinary,CVE-2026-42502,MEDIUM,https://avd.aquasec.com/nvd/cve-2026-42502,usr/bin/rancher-machine,0.55.0,false,not_affected,vulnerable_code_not_present
rancher/rancher:v2.14.3,harvester/v1.8.2,golang.org/x/net,v0.48.0,gobinary,CVE-2026-42502,MEDIUM,https://avd.aquasec.com/nvd/cve-2026-42502,usr/share/rancher/ui/assets/wins.exe,0.55.0,false,not_affected,vulnerable_code_not_present
rancher/rancher:v2.14.3,harvester/v1.8.2,golang.org/x/net,v0.51.0,gobinary,CVE-2026-42502,MEDIUM,https://avd.aquasec.com/nvd/cve-2026-42502,opt/drivers/management-state/bin/docker-machine-driver-linode,0.55.0,false,not_affected,vulnerable_code_not_present
rancher/rancher:v2.14.3,harvester/v1.8.2,golang.org/x/net,v0.52.0,gobinary,CVE-2026-42502,MEDIUM,https://avd.aquasec.com/nvd/cve-2026-42502,usr/bin/etcdctl,0.55.0,false,not_affected,vulnerable_code_not_present
rancher/rancher:v2.14.3,harvester/v1.8.2,stdlib,v1.25.10,gobinary,CVE-2026-42504,HIGH,https://avd.aquasec.com/nvd/cve-2026-42504,usr/bin/etcdctl,"1.25.11, 1.26.4",false,not_affected,vulnerable_code_not_in_execute_path
rancher/rancher:v2.14.3,harvester/v1.8.2,stdlib,v1.25.5,gobinary,CVE-2026-42504,HIGH,https://avd.aquasec.com/nvd/cve-2026-42504,opt/drivers/management-state/bin/docker-machine-driver-harvester,"1.25.11, 1.26.4",false,not_affected,vulnerable_code_not_in_execute_path
rancher/rancher:v2.14.3,harvester/v1.8.2,stdlib,v1.25.9,gobinary,CVE-2026-42504,HIGH,https://avd.aquasec.com/nvd/cve-2026-42504,usr/bin/containerd-shim-runc-v2,"1.25.11, 1.26.4",false,not_affected,vulnerable_code_not_in_execute_path
rancher/rancher:v2.14.3,harvester/v1.8.2,stdlib,v1.25.9,gobinary,CVE-2026-42504,HIGH,https://avd.aquasec.com/nvd/cve-2026-42504,usr/bin/runc,"1.25.11, 1.26.4",false,not_affected,vulnerable_code_not_present
rancher/rancher:v2.14.3,harvester/v1.8.2,stdlib,v1.26.1,gobinary,CVE-2026-42504,HIGH,https://avd.aquasec.com/nvd/cve-2026-42504,opt/drivers/management-state/bin/docker-machine-driver-linode,"1.25.11, 1.26.4",false,not_affected,vulnerable_code_not_in_execute_path
rancher/rancher:v2.14.3,harvester/v1.8.2,stdlib,v1.26.2,gobinary,CVE-2026-42504,HIGH,https://avd.aquasec.com/nvd/cve-2026-42504,usr/share/rancher/ui/assets/wins.exe,"1.25.11, 1.26.4",false,not_affected,vulnerable_code_not_present
rancher/rancher:v2.14.3,harvester/v1.8.2,stdlib,v1.25.11,gobinary,CVE-2026-42505,MEDIUM,https://avd.aquasec.com/nvd/cve-2026-42505,usr/bin/rancher,"1.25.12, 1.26.5, 1.27.0-rc.2",false,not_affected,vulnerable_code_not_in_execute_path
rancher/rancher:v2.14.3,harvester/v1.8.2,stdlib,v1.25.11,gobinary,CVE-2026-42505,MEDIUM,https://avd.aquasec.com/nvd/cve-2026-42505,usr/bin/rancher-machine,"1.25.12, 1.26.5, 1.27.0-rc.2",false,not_affected,vulnerable_code_not_in_execute_path
rancher/rancher:v2.14.3,harvester/v1.8.2,stdlib,v1.25.5,gobinary,CVE-2026-42505,MEDIUM,https://avd.aquasec.com/nvd/cve-2026-42505,opt/drivers/management-state/bin/docker-machine-driver-harvester,"1.25.12, 1.26.5, 1.27.0-rc.2",false,not_affected,vulnerable_code_not_in_execute_path
rancher/rancher:v2.14.3,harvester/v1.8.2,stdlib,v1.25.9,gobinary,CVE-2026-42505,MEDIUM,https://avd.aquasec.com/nvd/cve-2026-42505,usr/bin/containerd-shim-runc-v2,"1.25.12, 1.26.5, 1.27.0-rc.2",false,not_affected,vulnerable_code_not_in_execute_path
rancher/rancher:v2.14.3,harvester/v1.8.2,stdlib,v1.25.9,gobinary,CVE-2026-42505,MEDIUM,https://avd.aquasec.com/nvd/cve-2026-42505,usr/bin/runc,"1.25.12, 1.26.5, 1.27.0-rc.2",false,not_affected,vulnerable_code_not_present
rancher/rancher:v2.14.3,harvester/v1.8.2,stdlib,v1.26.1,gobinary,CVE-2026-42505,MEDIUM,https://avd.aquasec.com/nvd/cve-2026-42505,opt/drivers/management-state/bin/docker-machine-driver-linode,"1.25.12, 1.26.5, 1.27.0-rc.2",false,not_affected,vulnerable_code_not_in_execute_path
rancher/rancher:v2.14.3,harvester/v1.8.2,stdlib,v1.26.2,gobinary,CVE-2026-42505,MEDIUM,https://avd.aquasec.com/nvd/cve-2026-42505,usr/share/rancher/ui/assets/wins.exe,"1.25.12, 1.26.5, 1.27.0-rc.2",false,not_affected,vulnerable_code_not_in_execute_path
rancher/rancher:v2.14.3,harvester/v1.8.2,golang.org/x/net,v0.38.0,gobinary,CVE-2026-42506,MEDIUM,https://avd.aquasec.com/nvd/cve-2026-42506,opt/drivers/management-state/bin/docker-machine-driver-harvester,0.55.0,false,not_affected,vulnerable_code_not_in_execute_path
rancher/rancher:v2.14.3,harvester/v1.8.2,golang.org/x/net,v0.43.0,gobinary,CVE-2026-42506,MEDIUM,https://avd.aquasec.com/nvd/cve-2026-42506,usr/bin/runc,0.55.0,false,not_affected,vulnerable_code_not_present
rancher/rancher:v2.14.3,harvester/v1.8.2,golang.org/x/net,v0.47.0,gobinary,CVE-2026-42506,MEDIUM,https://avd.aquasec.com/nvd/cve-2026-42506,usr/bin/containerd,0.55.0,false,not_affected,vulnerable_code_not_in_execute_path
rancher/rancher:v2.14.3,harvester/v1.8.2,golang.org/x/net,v0.47.0,gobinary,CVE-2026-42506,MEDIUM,https://avd.aquasec.com/nvd/cve-2026-42506,usr/bin/containerd-shim-runc-v2,0.55.0,false,not_affected,vulnerable_code_not_present
rancher/rancher:v2.14.3,harvester/v1.8.2,golang.org/x/net,v0.47.0,gobinary,CVE-2026-42506,MEDIUM,https://avd.aquasec.com/nvd/cve-2026-42506,usr/bin/k3s,0.55.0,false,not_affected,vulnerable_code_not_in_execute_path
rancher/rancher:v2.14.3,harvester/v1.8.2,golang.org/x/net,v0.47.0,gobinary,CVE-2026-42506,MEDIUM,https://avd.aquasec.com/nvd/cve-2026-42506,usr/bin/rancher-machine,0.55.0,false,not_affected,vulnerable_code_not_present
rancher/rancher:v2.14.3,harvester/v1.8.2,golang.org/x/net,v0.48.0,gobinary,CVE-2026-42506,MEDIUM,https://avd.aquasec.com/nvd/cve-2026-42506,usr/share/rancher/ui/assets/wins.exe,0.55.0,false,not_affected,vulnerable_code_not_present
rancher/rancher:v2.14.3,harvester/v1.8.2,golang.org/x/net,v0.51.0,gobinary,CVE-2026-42506,MEDIUM,https://avd.aquasec.com/nvd/cve-2026-42506,opt/drivers/management-state/bin/docker-machine-driver-linode,0.55.0,false,not_affected,vulnerable_code_not_present
rancher/rancher:v2.14.3,harvester/v1.8.2,golang.org/x/net,v0.52.0,gobinary,CVE-2026-42506,MEDIUM,https://avd.aquasec.com/nvd/cve-2026-42506,usr/bin/etcdctl,0.55.0,false,not_affected,vulnerable_code_not_present
rancher/rancher:v2.14.3,harvester/v1.8.2,stdlib,v1.25.10,gobinary,CVE-2026-42507,MEDIUM,https://avd.aquasec.com/nvd/cve-2026-42507,usr/bin/etcdctl,"1.25.11, 1.26.4",false,not_affected,vulnerable_code_not_in_execute_path
rancher/rancher:v2.14.3,harvester/v1.8.2,stdlib,v1.25.5,gobinary,CVE-2026-42507,MEDIUM,https://avd.aquasec.com/nvd/cve-2026-42507,opt/drivers/management-state/bin/docker-machine-driver-harvester,"1.25.11, 1.26.4",false,not_affected,vulnerable_code_not_in_execute_path
rancher/rancher:v2.14.3,harvester/v1.8.2,stdlib,v1.25.9,gobinary,CVE-2026-42507,MEDIUM,https://avd.aquasec.com/nvd/cve-2026-42507,usr/bin/runc,"1.25.11, 1.26.4",false,not_affected,vulnerable_code_not_present
rancher/rancher:v2.14.3,harvester/v1.8.2,stdlib,v1.26.1,gobinary,CVE-2026-42507,MEDIUM,https://avd.aquasec.com/nvd/cve-2026-42507,opt/drivers/management-state/bin/docker-machine-driver-linode,"1.25.11, 1.26.4",false,not_affected,vulnerable_code_not_in_execute_path
rancher/rancher:v2.14.3,harvester/v1.8.2,stdlib,v1.26.2,gobinary,CVE-2026-42507,MEDIUM,https://avd.aquasec.com/nvd/cve-2026-42507,usr/share/rancher/ui/assets/wins.exe,"1.25.11, 1.26.4",false,not_affected,vulnerable_code_not_in_execute_path
rancher/rancher:v2.14.3,harvester/v1.8.2,golang.org/x/crypto,v0.40.0,gobinary,CVE-2026-42508,HIGH,https://avd.aquasec.com/nvd/cve-2026-42508,opt/drivers/management-state/bin/docker-machine-driver-harvester,0.52.0,false,not_affected,vulnerable_code_not_present
rancher/rancher:v2.14.3,harvester/v1.8.2,golang.org/x/crypto,v0.44.0,gobinary,CVE-2026-42508,HIGH,https://avd.aquasec.com/nvd/cve-2026-42508,usr/bin/rancher-machine,0.52.0,false,not_affected,vulnerable_code_not_present
rancher/rancher:v2.14.3,harvester/v1.8.2,golang.org/x/crypto,v0.45.0,gobinary,CVE-2026-42508,HIGH,https://avd.aquasec.com/nvd/cve-2026-42508,usr/bin/containerd,0.52.0,false,not_affected,vulnerable_code_not_present
rancher/rancher:v2.14.3,harvester/v1.8.2,golang.org/x/crypto,v0.45.0,gobinary,CVE-2026-42508,HIGH,https://avd.aquasec.com/nvd/cve-2026-42508,usr/bin/k3s,0.52.0,false,not_affected,vulnerable_code_not_present
rancher/rancher:v2.14.3,harvester/v1.8.2,golang.org/x/crypto,v0.46.0,gobinary,CVE-2026-42508,HIGH,https://avd.aquasec.com/nvd/cve-2026-42508,usr/share/rancher/ui/assets/wins.exe,0.52.0,false,not_affected,vulnerable_code_not_present
rancher/rancher:v2.14.3,harvester/v1.8.2,golang.org/x/crypto,v0.48.0,gobinary,CVE-2026-42508,HIGH,https://avd.aquasec.com/nvd/cve-2026-42508,opt/drivers/management-state/bin/docker-machine-driver-linode,0.52.0,false,not_affected,vulnerable_code_not_present
rancher/rancher:v2.14.3,harvester/v1.8.2,golang.org/x/crypto,v0.40.0,gobinary,CVE-2026-46595,HIGH,https://avd.aquasec.com/nvd/cve-2026-46595,opt/drivers/management-state/bin/docker-machine-driver-harvester,0.52.0,false,not_affected,vulnerable_code_not_in_execute_path
rancher/rancher:v2.14.3,harvester/v1.8.2,golang.org/x/crypto,v0.44.0,gobinary,CVE-2026-46595,HIGH,https://avd.aquasec.com/nvd/cve-2026-46595,usr/bin/rancher-machine,0.52.0,false,not_affected,vulnerable_code_not_in_execute_path
rancher/rancher:v2.14.3,harvester/v1.8.2,golang.org/x/crypto,v0.45.0,gobinary,CVE-2026-46595,HIGH,https://avd.aquasec.com/nvd/cve-2026-46595,usr/bin/containerd,0.52.0,false,not_affected,vulnerable_code_not_present
rancher/rancher:v2.14.3,harvester/v1.8.2,golang.org/x/crypto,v0.45.0,gobinary,CVE-2026-46595,HIGH,https://avd.aquasec.com/nvd/cve-2026-46595,usr/bin/k3s,0.52.0,false,not_affected,vulnerable_code_not_present
rancher/rancher:v2.14.3,harvester/v1.8.2,golang.org/x/crypto,v0.46.0,gobinary,CVE-2026-46595,HIGH,https://avd.aquasec.com/nvd/cve-2026-46595,usr/share/rancher/ui/assets/wins.exe,0.52.0,false,not_affected,vulnerable_code_not_present
rancher/rancher:v2.14.3,harvester/v1.8.2,golang.org/x/crypto,v0.48.0,gobinary,CVE-2026-46595,HIGH,https://avd.aquasec.com/nvd/cve-2026-46595,opt/drivers/management-state/bin/docker-machine-driver-linode,0.52.0,false,not_affected,vulnerable_code_not_in_execute_path
rancher/rancher:v2.14.3,harvester/v1.8.2,golang.org/x/crypto,v0.40.0,gobinary,CVE-2026-46597,HIGH,https://avd.aquasec.com/nvd/cve-2026-46597,opt/drivers/management-state/bin/docker-machine-driver-harvester,0.52.0,false,not_affected,vulnerable_code_not_in_execute_path
rancher/rancher:v2.14.3,harvester/v1.8.2,golang.org/x/crypto,v0.44.0,gobinary,CVE-2026-46597,HIGH,https://avd.aquasec.com/nvd/cve-2026-46597,usr/bin/rancher-machine,0.52.0,false,affected,
rancher/rancher:v2.14.3,harvester/v1.8.2,golang.org/x/crypto,v0.45.0,gobinary,CVE-2026-46597,HIGH,https://avd.aquasec.com/nvd/cve-2026-46597,usr/bin/containerd,0.52.0,false,not_affected,vulnerable_code_not_present
rancher/rancher:v2.14.3,harvester/v1.8.2,golang.org/x/crypto,v0.45.0,gobinary,CVE-2026-46597,HIGH,https://avd.aquasec.com/nvd/cve-2026-46597,usr/bin/k3s,0.52.0,false,not_affected,vulnerable_code_not_present
rancher/rancher:v2.14.3,harvester/v1.8.2,golang.org/x/crypto,v0.46.0,gobinary,CVE-2026-46597,HIGH,https://avd.aquasec.com/nvd/cve-2026-46597,usr/share/rancher/ui/assets/wins.exe,0.52.0,false,not_affected,vulnerable_code_not_present
rancher/rancher:v2.14.3,harvester/v1.8.2,golang.org/x/crypto,v0.48.0,gobinary,CVE-2026-46597,HIGH,https://avd.aquasec.com/nvd/cve-2026-46597,opt/drivers/management-state/bin/docker-machine-driver-linode,0.52.0,false,not_affected,vulnerable_code_not_in_execute_path
rancher/rancher:v2.14.3,harvester/v1.8.2,golang.org/x/crypto,v0.40.0,gobinary,CVE-2026-46598,MEDIUM,https://avd.aquasec.com/nvd/cve-2026-46598,opt/drivers/management-state/bin/docker-machine-driver-harvester,0.52.0,false,not_affected,vulnerable_code_not_present
rancher/rancher:v2.14.3,harvester/v1.8.2,golang.org/x/crypto,v0.44.0,gobinary,CVE-2026-46598,MEDIUM,https://avd.aquasec.com/nvd/cve-2026-46598,usr/bin/rancher-machine,0.52.0,false,not_affected,vulnerable_code_not_present
rancher/rancher:v2.14.3,harvester/v1.8.2,golang.org/x/crypto,v0.45.0,gobinary,CVE-2026-46598,MEDIUM,https://avd.aquasec.com/nvd/cve-2026-46598,usr/bin/containerd,0.52.0,false,not_affected,vulnerable_code_not_present
rancher/rancher:v2.14.3,harvester/v1.8.2,golang.org/x/crypto,v0.45.0,gobinary,CVE-2026-46598,MEDIUM,https://avd.aquasec.com/nvd/cve-2026-46598,usr/bin/k3s,0.52.0,false,not_affected,vulnerable_code_not_present
rancher/rancher:v2.14.3,harvester/v1.8.2,golang.org/x/crypto,v0.46.0,gobinary,CVE-2026-46598,MEDIUM,https://avd.aquasec.com/nvd/cve-2026-46598,usr/share/rancher/ui/assets/wins.exe,0.52.0,false,not_affected,vulnerable_code_not_present
rancher/rancher:v2.14.3,harvester/v1.8.2,golang.org/x/crypto,v0.48.0,gobinary,CVE-2026-46598,MEDIUM,https://avd.aquasec.com/nvd/cve-2026-46598,opt/drivers/management-state/bin/docker-machine-driver-linode,0.52.0,false,not_affected,vulnerable_code_not_present
rancher/rancher:v2.14.3,harvester/v1.8.2,golang.org/x/net,v0.38.0,gobinary,CVE-2026-46600,HIGH,https://avd.aquasec.com/nvd/cve-2026-46600,opt/drivers/management-state/bin/docker-machine-driver-harvester,0.56.0,false,not_affected,vulnerable_code_not_present
rancher/rancher:v2.14.3,harvester/v1.8.2,golang.org/x/net,v0.43.0,gobinary,CVE-2026-46600,HIGH,https://avd.aquasec.com/nvd/cve-2026-46600,usr/bin/runc,0.56.0,false,not_affected,vulnerable_code_not_present
rancher/rancher:v2.14.3,harvester/v1.8.2,golang.org/x/net,v0.47.0,gobinary,CVE-2026-46600,HIGH,https://avd.aquasec.com/nvd/cve-2026-46600,usr/bin/containerd,0.56.0,false,not_affected,vulnerable_code_not_in_execute_path
rancher/rancher:v2.14.3,harvester/v1.8.2,golang.org/x/net,v0.47.0,gobinary,CVE-2026-46600,HIGH,https://avd.aquasec.com/nvd/cve-2026-46600,usr/bin/containerd-shim-runc-v2,0.56.0,false,not_affected,vulnerable_code_not_present
rancher/rancher:v2.14.3,harvester/v1.8.2,golang.org/x/net,v0.47.0,gobinary,CVE-2026-46600,HIGH,https://avd.aquasec.com/nvd/cve-2026-46600,usr/bin/k3s,0.56.0,false,not_affected,vulnerable_code_not_in_execute_path
rancher/rancher:v2.14.3,harvester/v1.8.2,golang.org/x/net,v0.47.0,gobinary,CVE-2026-46600,HIGH,https://avd.aquasec.com/nvd/cve-2026-46600,usr/bin/rancher-machine,0.56.0,false,not_affected,vulnerable_code_not_present
rancher/rancher:v2.14.3,harvester/v1.8.2,golang.org/x/net,v0.48.0,gobinary,CVE-2026-46600,HIGH,https://avd.aquasec.com/nvd/cve-2026-46600,usr/share/rancher/ui/assets/wins.exe,0.56.0,false,not_affected,vulnerable_code_not_present
rancher/rancher:v2.14.3,harvester/v1.8.2,golang.org/x/net,v0.51.0,gobinary,CVE-2026-46600,HIGH,https://avd.aquasec.com/nvd/cve-2026-46600,opt/drivers/management-state/bin/docker-machine-driver-linode,0.56.0,false,not_affected,vulnerable_code_not_present
rancher/rancher:v2.14.3,harvester/v1.8.2,golang.org/x/net,v0.52.0,gobinary,CVE-2026-46600,HIGH,https://avd.aquasec.com/nvd/cve-2026-46600,usr/bin/etcdctl,0.56.0,false,not_affected,vulnerable_code_not_present
rancher/rancher:v2.14.3,harvester/v1.8.2,github.com/containerd/containerd/v2,v2.2.3-k3s1,gobinary,CVE-2026-46680,HIGH,https://avd.aquasec.com/nvd/cve-2026-46680,usr/bin/containerd-shim-runc-v2,"2.0.9, 2.2.4, 2.3.1",false,not_affected,vulnerable_code_not_present
rancher/rancher:v2.14.3,harvester/v1.8.2,github.com/containerd/containerd/v2,v2.2.3-k3s1,gobinary,CVE-2026-47262,MEDIUM,https://avd.aquasec.com/nvd/cve-2026-47262,usr/bin/containerd-shim-runc-v2,"2.0.10, 2.1.9, 2.2.5, 2.3.2",false,not_affected,vulnerable_code_not_present
rancher/rancher:v2.14.3,harvester/v1.8.2,oras.land/oras-go/v2,v2.6.0,gobinary,CVE-2026-50151,HIGH,https://avd.aquasec.com/nvd/cve-2026-50151,usr/bin/rancher,2.6.1,false,not_affected,vulnerable_code_not_in_execute_path
rancher/rancher:v2.14.3,harvester/v1.8.2,oras.land/oras-go/v2,v2.6.0,gobinary,CVE-2026-50162,MEDIUM,https://avd.aquasec.com/nvd/cve-2026-50162,usr/bin/rancher,2.6.1,false,not_affected,vulnerable_code_not_present
rancher/rancher:v2.14.3,harvester/v1.8.2,oras.land/oras-go/v2,v2.6.0,gobinary,CVE-2026-50163,HIGH,https://avd.aquasec.com/nvd/cve-2026-50163,usr/bin/rancher,2.6.2,false,not_affected,vulnerable_code_not_present
rancher/rancher:v2.14.3,harvester/v1.8.2,github.com/containerd/containerd/v2,v2.2.3-k3s1,gobinary,CVE-2026-50195,MEDIUM,https://avd.aquasec.com/nvd/cve-2026-50195,usr/bin/containerd-shim-runc-v2,"2.1.9, 2.2.5, 2.3.2",false,not_affected,vulnerable_code_not_present
rancher/rancher:v2.14.3,harvester/v1.8.2,github.com/containerd/containerd/v2,v2.2.3-k3s1,gobinary,CVE-2026-53488,HIGH,https://avd.aquasec.com/nvd/cve-2026-53488,usr/bin/containerd-shim-runc-v2,"2.0.10, 2.1.9, 2.2.5, 2.3.2",false,not_affected,vulnerable_code_not_present
rancher/rancher:v2.14.3,harvester/v1.8.2,github.com/containerd/containerd/v2,v2.2.3-k3s1,gobinary,CVE-2026-53489,HIGH,https://avd.aquasec.com/nvd/cve-2026-53489,usr/bin/containerd-shim-runc-v2,"2.1.9, 2.2.5, 2.3.2",false,not_affected,vulnerable_code_not_present
rancher/rancher:v2.14.3,harvester/v1.8.2,github.com/containerd/containerd/v2,v2.2.3-k3s1,gobinary,CVE-2026-53492,HIGH,https://avd.aquasec.com/nvd/cve-2026-53492,usr/bin/containerd-shim-runc-v2,"2.1.9, 2.2.5, 2.3.2",false,not_affected,vulnerable_code_not_present
rancher/rancher:v2.14.3,harvester/v1.8.2,github.com/kube-logging/logging-operator,v0.0.0-20250424202944-7e1f9aad6e21,gobinary,CVE-2026-54680,CRITICAL,https://avd.aquasec.com/nvd/cve-2026-54680,opt/drivers/management-state/bin/docker-machine-driver-harvester,0.0.0-20260608145523-cf437d7f1e05,false,not_affected,vulnerable_code_not_in_execute_path
rancher/rancher:v2.14.3,harvester/v1.8.2,golang.org/x/text,v0.27.0,gobinary,CVE-2026-56852,HIGH,https://avd.aquasec.com/nvd/cve-2026-56852,opt/drivers/management-state/bin/docker-machine-driver-harvester,0.39.0,false,not_affected,vulnerable_code_not_in_execute_path
rancher/rancher:v2.14.3,harvester/v1.8.2,golang.org/x/text,v0.31.0,gobinary,CVE-2026-56852,HIGH,https://avd.aquasec.com/nvd/cve-2026-56852,usr/bin/containerd-shim-runc-v2,0.39.0,false,not_affected,vulnerable_code_not_in_execute_path
rancher/rancher:v2.14.3,harvester/v1.8.2,golang.org/x/text,v0.34.0,gobinary,CVE-2026-56852,HIGH,https://avd.aquasec.com/nvd/cve-2026-56852,opt/drivers/management-state/bin/docker-machine-driver-linode,0.39.0,false,not_affected,vulnerable_code_not_in_execute_path
rancher/rancher:v2.14.3,harvester/v1.8.2,golang.org/x/text,v0.36.0,gobinary,CVE-2026-56852,HIGH,https://avd.aquasec.com/nvd/cve-2026-56852,usr/bin/etcdctl,0.39.0,false,not_affected,vulnerable_code_not_in_execute_path
rancher/rancher:v2.14.3,harvester/v1.8.2,kubevirt.io/kubevirt,v1.6.0,gobinary,CVE-2026-6383,MEDIUM,https://avd.aquasec.com/nvd/cve-2026-6383,opt/drivers/management-state/bin/docker-machine-driver-harvester,,false,not_affected,vulnerable_code_not_in_execute_path
rancher/rancher:v2.14.3,harvester/v1.8.2,kubevirt.io/kubevirt,v1.6.0,gobinary,CVE-2026-7374,CRITICAL,https://avd.aquasec.com/nvd/cve-2026-7374,opt/drivers/management-state/bin/docker-machine-driver-harvester,"1.8.3, 1.7.4, 1.6.6",false,not_affected,vulnerable_code_not_in_execute_path
rancher/rancher:v2.14.3,harvester/v1.8.2,kubevirt.io/kubevirt,v1.6.0,gobinary,CVE-2026-9804,HIGH,https://avd.aquasec.com/nvd/cve-2026-9804,opt/drivers/management-state/bin/docker-machine-driver-harvester,,false,not_affected,vulnerable_code_not_in_execute_path
rancher/rancher:v2.14.3,harvester/v1.8.2,google.golang.org/grpc,v1.72.2,gobinary,GHSA-hrxh-6v49-42gf,HIGH,https://github.com/advisories/GHSA-hrxh-6v49-42gf,usr/bin/containerd,1.82.1,false,affected,
rancher/rancher:v2.14.3,harvester/v1.8.2,google.golang.org/grpc,v1.72.2,gobinary,GHSA-hrxh-6v49-42gf,HIGH,https://github.com/advisories/GHSA-hrxh-6v49-42gf,usr/bin/k3s,1.82.1,false,affected,
rancher/rancher:v2.14.3,harvester/v1.8.2,google.golang.org/grpc,v1.72.2,gobinary,GHSA-hrxh-6v49-42gf,HIGH,https://github.com/advisories/GHSA-hrxh-6v49-42gf,usr/bin/rancher-machine,1.82.1,false,affected,
rancher/rancher:v2.14.3,harvester/v1.8.2,google.golang.org/grpc,v1.78.0,gobinary,GHSA-hrxh-6v49-42gf,HIGH,https://github.com/advisories/GHSA-hrxh-6v49-42gf,usr/bin/containerd-shim-runc-v2,1.82.1,false,affected,
rancher/rancher:v2.14.3,harvester/v1.8.2,google.golang.org/grpc,v1.79.3,gobinary,GHSA-hrxh-6v49-42gf,HIGH,https://github.com/advisories/GHSA-hrxh-6v49-42gf,usr/bin/etcdctl,1.82.1,false,affected,
rancher/rancher:v2.14.3,harvester/v1.8.2,google.golang.org/grpc,v1.79.3,gobinary,GHSA-hrxh-6v49-42gf,HIGH,https://github.com/advisories/GHSA-hrxh-6v49-42gf,usr/share/rancher/ui/assets/wins.exe,1.82.1,false,affected,
rancher/rancher:v2.14.3,harvester/v1.8.2,google.golang.org/grpc,v1.80.0,gobinary,GHSA-hrxh-6v49-42gf,HIGH,https://github.com/advisories/GHSA-hrxh-6v49-42gf,usr/bin/rancher,1.82.1,false,affected,
rancher/rancher:v2.14.3,harvester/v1.8.2,krb5,1.20.1-150600.11.14.1,sles,SUSE-SU-2026:2848-1,HIGH,,rancher/rancher:v2.14.3 (sles 15.7),1.20.1-150600.11.19.1,false,affected,
rancher/rancher:v2.14.3,harvester/v1.8.2,libcurl4,8.14.1-150700.7.17.1,sles,SUSE-SU-2026:2925-1,HIGH,,rancher/rancher:v2.14.3 (sles 15.7),8.14.1-150700.7.20.1,false,affected,
rancher/rancher:v2.14.3,harvester/v1.8.2,pam,1.3.0-150000.6.86.1,sles,SUSE-SU-2026:3163-1,MEDIUM,,rancher/rancher:v2.14.3 (sles 15.7),1.3.0-150000.6.89.1,false,not_affected,vulnerable_code_not_in_execute_path
rancher/rancher:v2.14.3,harvester/v1.8.2,libssh-config,0.9.8-150600.11.12.1,sles,SUSE-SU-2026:3330-1,MEDIUM,,rancher/rancher:v2.14.3 (sles 15.7),0.9.8-150600.11.15.1,false,not_affected,vulnerable_code_not_in_execute_path
rancher/rancher:v2.14.3,harvester/v1.8.2,libssh4,0.9.8-150600.11.12.1,sles,SUSE-SU-2026:3330-1,MEDIUM,,rancher/rancher:v2.14.3 (sles 15.7),0.9.8-150600.11.15.1,false,not_affected,vulnerable_code_not_in_execute_path
rancher/rancher:v2.14.3,harvester/v1.8.2,perl-base,5.26.1-150300.17.20.1,sles,SUSE-SU-2026:3558-1,HIGH,,rancher/rancher:v2.14.3 (sles 15.7),5.26.1-150300.17.23.1,false,affected,
rancher/rke2-cloud-provider:v1.35.6-0.20260610221957-158346759a70-build20260710,harvester/v1.8.2,google.golang.org/grpc,v1.72.2,gobinary,CVE-2026-33186,CRITICAL,https://avd.aquasec.com/nvd/cve-2026-33186,usr/local/bin/rke2-cloud-provider,1.79.3,false,not_affected,vulnerable_code_not_in_execute_path
rancher/rke2-cloud-provider:v1.35.6-0.20260610221957-158346759a70-build20260710,harvester/v1.8.2,golang.org/x/crypto,v0.51.0,gobinary,CVE-2026-39827,MEDIUM,https://avd.aquasec.com/nvd/cve-2026-39827,usr/local/bin/rke2-cloud-provider,0.52.0,false,not_affected,vulnerable_code_not_present
rancher/rke2-cloud-provider:v1.35.6-0.20260610221957-158346759a70-build20260710,harvester/v1.8.2,golang.org/x/crypto,v0.51.0,gobinary,CVE-2026-39828,HIGH,https://avd.aquasec.com/nvd/cve-2026-39828,usr/local/bin/rke2-cloud-provider,0.52.0,false,not_affected,vulnerable_code_not_present
rancher/rke2-cloud-provider:v1.35.6-0.20260610221957-158346759a70-build20260710,harvester/v1.8.2,golang.org/x/crypto,v0.51.0,gobinary,CVE-2026-39829,HIGH,https://avd.aquasec.com/nvd/cve-2026-39829,usr/local/bin/rke2-cloud-provider,0.52.0,false,not_affected,vulnerable_code_not_present
rancher/rke2-cloud-provider:v1.35.6-0.20260610221957-158346759a70-build20260710,harvester/v1.8.2,golang.org/x/crypto,v0.51.0,gobinary,CVE-2026-39830,HIGH,https://avd.aquasec.com/nvd/cve-2026-39830,usr/local/bin/rke2-cloud-provider,0.52.0,false,not_affected,vulnerable_code_not_present
rancher/rke2-cloud-provider:v1.35.6-0.20260610221957-158346759a70-build20260710,harvester/v1.8.2,golang.org/x/crypto,v0.51.0,gobinary,CVE-2026-39831,HIGH,https://avd.aquasec.com/nvd/cve-2026-39831,usr/local/bin/rke2-cloud-provider,0.52.0,false,not_affected,vulnerable_code_not_present
rancher/rke2-cloud-provider:v1.35.6-0.20260610221957-158346759a70-build20260710,harvester/v1.8.2,golang.org/x/crypto,v0.51.0,gobinary,CVE-2026-39832,HIGH,https://avd.aquasec.com/nvd/cve-2026-39832,usr/local/bin/rke2-cloud-provider,0.52.0,false,not_affected,vulnerable_code_not_present
rancher/rke2-cloud-provider:v1.35.6-0.20260610221957-158346759a70-build20260710,harvester/v1.8.2,golang.org/x/crypto,v0.51.0,gobinary,CVE-2026-39833,MEDIUM,https://avd.aquasec.com/nvd/cve-2026-39833,usr/local/bin/rke2-cloud-provider,0.52.0,false,not_affected,vulnerable_code_not_present
rancher/rke2-cloud-provider:v1.35.6-0.20260610221957-158346759a70-build20260710,harvester/v1.8.2,golang.org/x/crypto,v0.51.0,gobinary,CVE-2026-39834,MEDIUM,https://avd.aquasec.com/nvd/cve-2026-39834,usr/local/bin/rke2-cloud-provider,0.52.0,false,not_affected,vulnerable_code_not_present
rancher/rke2-cloud-provider:v1.35.6-0.20260610221957-158346759a70-build20260710,harvester/v1.8.2,golang.org/x/crypto,v0.51.0,gobinary,CVE-2026-39835,HIGH,https://avd.aquasec.com/nvd/cve-2026-39835,usr/local/bin/rke2-cloud-provider,0.52.0,false,not_affected,vulnerable_code_not_present
rancher/rke2-cloud-provider:v1.35.6-0.20260610221957-158346759a70-build20260710,harvester/v1.8.2,golang.org/x/crypto,v0.51.0,gobinary,CVE-2026-42508,HIGH,https://avd.aquasec.com/nvd/cve-2026-42508,usr/local/bin/rke2-cloud-provider,0.52.0,false,not_affected,vulnerable_code_not_present
rancher/rke2-cloud-provider:v1.35.6-0.20260610221957-158346759a70-build20260710,harvester/v1.8.2,golang.org/x/crypto,v0.51.0,gobinary,CVE-2026-46595,HIGH,https://avd.aquasec.com/nvd/cve-2026-46595,usr/local/bin/rke2-cloud-provider,0.52.0,false,not_affected,vulnerable_code_not_present
rancher/rke2-cloud-provider:v1.35.6-0.20260610221957-158346759a70-build20260710,harvester/v1.8.2,golang.org/x/crypto,v0.51.0,gobinary,CVE-2026-46597,HIGH,https://avd.aquasec.com/nvd/cve-2026-46597,usr/local/bin/rke2-cloud-provider,0.52.0,false,not_affected,vulnerable_code_not_present
rancher/rke2-cloud-provider:v1.35.6-0.20260610221957-158346759a70-build20260710,harvester/v1.8.2,golang.org/x/crypto,v0.51.0,gobinary,CVE-2026-46598,MEDIUM,https://avd.aquasec.com/nvd/cve-2026-46598,usr/local/bin/rke2-cloud-provider,0.52.0,false,not_affected,vulnerable_code_not_present
rancher/rke2-cloud-provider:v1.35.6-0.20260610221957-158346759a70-build20260710,harvester/v1.8.2,golang.org/x/net,v0.55.0,gobinary,CVE-2026-46600,HIGH,https://avd.aquasec.com/nvd/cve-2026-46600,usr/local/bin/rke2-cloud-provider,0.56.0,false,not_affected,vulnerable_code_not_present
rancher/rke2-cloud-provider:v1.35.6-0.20260610221957-158346759a70-build20260710,harvester/v1.8.2,google.golang.org/grpc,v1.72.2,gobinary,GHSA-hrxh-6v49-42gf,HIGH,https://github.com/advisories/GHSA-hrxh-6v49-42gf,usr/local/bin/rke2-cloud-provider,1.82.1,false,affected,
rancher/rke2-runtime:v1.35.7-rke2r1,harvester/v1.8.2,github.com/docker/cli,v29.1.5+incompatible,gobinary,CVE-2025-15558,HIGH,https://avd.aquasec.com/nvd/cve-2025-15558,bin/containerd,29.2.0,false,not_affected,vulnerable_code_not_present
rancher/rke2-runtime:v1.35.7-rke2r1,harvester/v1.8.2,github.com/buger/jsonparser,v1.1.1,gobinary,CVE-2026-32285,HIGH,https://avd.aquasec.com/nvd/cve-2026-32285,bin/crictl,1.1.2,false,not_affected,vulnerable_code_not_in_execute_path
rancher/rke2-runtime:v1.35.7-rke2r1,harvester/v1.8.2,github.com/docker/docker,v27.1.1+incompatible,gobinary,CVE-2026-33997,MEDIUM,https://avd.aquasec.com/nvd/cve-2026-33997,bin/crictl,29.3.1,false,not_affected,vulnerable_code_not_in_execute_path
rancher/rke2-runtime:v1.35.7-rke2r1,harvester/v1.8.2,github.com/docker/docker,v27.3.1+incompatible,gobinary,CVE-2026-33997,MEDIUM,https://avd.aquasec.com/nvd/cve-2026-33997,bin/containerd,29.3.1,false,not_affected,vulnerable_code_not_in_execute_path
rancher/rke2-runtime:v1.35.7-rke2r1,harvester/v1.8.2,github.com/docker/docker,v27.1.1+incompatible,gobinary,CVE-2026-34040,HIGH,https://avd.aquasec.com/nvd/cve-2026-34040,bin/crictl,29.3.1,false,not_affected,vulnerable_code_not_in_execute_path
rancher/rke2-runtime:v1.35.7-rke2r1,harvester/v1.8.2,github.com/docker/docker,v27.3.1+incompatible,gobinary,CVE-2026-34040,HIGH,https://avd.aquasec.com/nvd/cve-2026-34040,bin/containerd,29.3.1,false,not_affected,vulnerable_code_not_in_execute_path
rancher/rke2-runtime:v1.35.7-rke2r1,harvester/v1.8.2,github.com/docker/docker,v27.1.1+incompatible,gobinary,CVE-2026-41567,HIGH,https://avd.aquasec.com/nvd/cve-2026-41567,bin/crictl,,false,not_affected,vulnerable_code_not_present
rancher/rke2-runtime:v1.35.7-rke2r1,harvester/v1.8.2,github.com/docker/docker,v27.3.1+incompatible,gobinary,CVE-2026-41567,HIGH,https://avd.aquasec.com/nvd/cve-2026-41567,bin/containerd,,false,not_affected,vulnerable_code_not_present
rancher/rke2-runtime:v1.35.7-rke2r1,harvester/v1.8.2,github.com/docker/docker,v27.1.1+incompatible,gobinary,CVE-2026-41568,MEDIUM,https://avd.aquasec.com/nvd/cve-2026-41568,bin/crictl,,false,not_affected,vulnerable_code_not_present
rancher/rke2-runtime:v1.35.7-rke2r1,harvester/v1.8.2,github.com/docker/docker,v27.3.1+incompatible,gobinary,CVE-2026-41568,MEDIUM,https://avd.aquasec.com/nvd/cve-2026-41568,bin/containerd,,false,not_affected,vulnerable_code_not_present
rancher/rke2-runtime:v1.35.7-rke2r1,harvester/v1.8.2,github.com/docker/docker,v27.1.1+incompatible,gobinary,CVE-2026-42306,HIGH,https://avd.aquasec.com/nvd/cve-2026-42306,bin/crictl,,false,not_affected,vulnerable_code_not_present
rancher/rke2-runtime:v1.35.7-rke2r1,harvester/v1.8.2,github.com/docker/docker,v27.3.1+incompatible,gobinary,CVE-2026-42306,HIGH,https://avd.aquasec.com/nvd/cve-2026-42306,bin/containerd,,false,not_affected,vulnerable_code_not_present
rancher/rke2-runtime:v1.35.7-rke2r1,harvester/v1.8.2,golang.org/x/net,v0.55.0,gobinary,CVE-2026-46600,HIGH,https://avd.aquasec.com/nvd/cve-2026-46600,bin/containerd,0.56.0,false,not_affected,vulnerable_code_not_present
rancher/rke2-runtime:v1.35.7-rke2r1,harvester/v1.8.2,golang.org/x/net,v0.55.0,gobinary,CVE-2026-46600,HIGH,https://avd.aquasec.com/nvd/cve-2026-46600,bin/containerd-shim-runc-v2,0.56.0,false,not_affected,vulnerable_code_not_present
rancher/rke2-runtime:v1.35.7-rke2r1,harvester/v1.8.2,golang.org/x/net,v0.55.0,gobinary,CVE-2026-46600,HIGH,https://avd.aquasec.com/nvd/cve-2026-46600,bin/crictl,0.56.0,false,not_affected,vulnerable_code_not_present
rancher/rke2-runtime:v1.35.7-rke2r1,harvester/v1.8.2,golang.org/x/net,v0.55.0,gobinary,CVE-2026-46600,HIGH,https://avd.aquasec.com/nvd/cve-2026-46600,bin/ctr,0.56.0,false,not_affected,vulnerable_code_not_present
rancher/rke2-runtime:v1.35.7-rke2r1,harvester/v1.8.2,golang.org/x/text,v0.38.0,gobinary,CVE-2026-56852,HIGH,https://avd.aquasec.com/nvd/cve-2026-56852,bin/containerd,0.39.0,false,not_affected,vulnerable_code_not_in_execute_path
rancher/rke2-runtime:v1.35.7-rke2r1,harvester/v1.8.2,golang.org/x/text,v0.38.0,gobinary,CVE-2026-56852,HIGH,https://avd.aquasec.com/nvd/cve-2026-56852,bin/containerd-shim-runc-v2,0.39.0,false,not_affected,vulnerable_code_not_in_execute_path
rancher/rke2-runtime:v1.35.7-rke2r1,harvester/v1.8.2,golang.org/x/text,v0.38.0,gobinary,CVE-2026-56852,HIGH,https://avd.aquasec.com/nvd/cve-2026-56852,bin/ctr,0.39.0,false,not_affected,vulnerable_code_not_in_execute_path
rancher/rke2-runtime:v1.35.7-rke2r1,harvester/v1.8.2,golang.org/x/text,v0.38.0,gobinary,CVE-2026-56852,HIGH,https://avd.aquasec.com/nvd/cve-2026-56852,bin/kubectl,0.39.0,false,not_affected,vulnerable_code_not_in_execute_path
rancher/rke2-runtime:v1.35.7-rke2r1,harvester/v1.8.2,golang.org/x/text,v0.38.0,gobinary,CVE-2026-56852,HIGH,https://avd.aquasec.com/nvd/cve-2026-56852,bin/kubelet,0.39.0,false,not_affected,vulnerable_code_not_in_execute_path
rancher/shell:v0.7.1,harvester/v1.8.2,golang.org/x/net,v0.47.0,gobinary,CVE-2026-25680,MEDIUM,https://avd.aquasec.com/nvd/cve-2026-25680,usr/local/bin/kubectl,0.55.0,false,not_affected,vulnerable_code_not_present
rancher/shell:v0.7.1,harvester/v1.8.2,golang.org/x/net,v0.53.0,gobinary,CVE-2026-25680,MEDIUM,https://avd.aquasec.com/nvd/cve-2026-25680,usr/local/bin/k9s,0.55.0,false,not_affected,vulnerable_code_not_in_execute_path
rancher/shell:v0.7.1,harvester/v1.8.2,golang.org/x/net,v0.47.0,gobinary,CVE-2026-25681,HIGH,https://avd.aquasec.com/nvd/cve-2026-25681,usr/local/bin/kubectl,0.55.0,false,not_affected,vulnerable_code_not_present
rancher/shell:v0.7.1,harvester/v1.8.2,golang.org/x/net,v0.53.0,gobinary,CVE-2026-25681,HIGH,https://avd.aquasec.com/nvd/cve-2026-25681,usr/local/bin/k9s,0.55.0,false,not_affected,vulnerable_code_not_in_execute_path
rancher/shell:v0.7.1,harvester/v1.8.2,golang.org/x/net,v0.47.0,gobinary,CVE-2026-27136,HIGH,https://avd.aquasec.com/nvd/cve-2026-27136,usr/local/bin/kubectl,0.55.0,false,not_affected,vulnerable_code_not_present
rancher/shell:v0.7.1,harvester/v1.8.2,golang.org/x/net,v0.53.0,gobinary,CVE-2026-27136,HIGH,https://avd.aquasec.com/nvd/cve-2026-27136,usr/local/bin/k9s,0.55.0,false,not_affected,vulnerable_code_not_in_execute_path
rancher/shell:v0.7.1,harvester/v1.8.2,golang.org/x/net,v0.47.0,gobinary,CVE-2026-33814,HIGH,https://avd.aquasec.com/nvd/cve-2026-33814,usr/local/bin/kubectl,0.53.0,false,affected,
rancher/shell:v0.7.1,harvester/v1.8.2,golang.org/x/net,v0.47.0,gobinary,CVE-2026-39821,HIGH,https://avd.aquasec.com/nvd/cve-2026-39821,usr/local/bin/kubectl,0.55.0,false,affected,
rancher/shell:v0.7.1,harvester/v1.8.2,golang.org/x/net,v0.53.0,gobinary,CVE-2026-39821,HIGH,https://avd.aquasec.com/nvd/cve-2026-39821,usr/local/bin/k9s,0.55.0,false,affected,
rancher/shell:v0.7.1,harvester/v1.8.2,stdlib,v1.25.11,gobinary,CVE-2026-39822,HIGH,https://avd.aquasec.com/nvd/cve-2026-39822,usr/local/bin/helm,"1.25.12, 1.26.5, 1.27.0-rc.2",false,not_affected,vulnerable_code_not_in_execute_path
rancher/shell:v0.7.1,harvester/v1.8.2,stdlib,v1.25.11,gobinary,CVE-2026-39822,HIGH,https://avd.aquasec.com/nvd/cve-2026-39822,usr/local/bin/k9s,"1.25.12, 1.26.5, 1.27.0-rc.2",false,not_affected,vulnerable_code_not_in_execute_path
rancher/shell:v0.7.1,harvester/v1.8.2,stdlib,v1.25.11,gobinary,CVE-2026-39822,HIGH,https://avd.aquasec.com/nvd/cve-2026-39822,usr/local/bin/kubectl,"1.25.12, 1.26.5, 1.27.0-rc.2",false,not_affected,vulnerable_code_not_in_execute_path
rancher/shell:v0.7.1,harvester/v1.8.2,golang.org/x/crypto,v0.51.0,gobinary,CVE-2026-39827,MEDIUM,https://avd.aquasec.com/nvd/cve-2026-39827,usr/local/bin/helm,0.52.0,false,not_affected,vulnerable_code_not_present
rancher/shell:v0.7.1,harvester/v1.8.2,golang.org/x/crypto,v0.50.0,gobinary,CVE-2026-39828,HIGH,https://avd.aquasec.com/nvd/cve-2026-39828,usr/local/bin/k9s,0.52.0,false,not_affected,vulnerable_code_not_in_execute_path
rancher/shell:v0.7.1,harvester/v1.8.2,golang.org/x/crypto,v0.51.0,gobinary,CVE-2026-39828,HIGH,https://avd.aquasec.com/nvd/cve-2026-39828,usr/local/bin/helm,0.52.0,false,not_affected,vulnerable_code_not_present
rancher/shell:v0.7.1,harvester/v1.8.2,golang.org/x/crypto,v0.50.0,gobinary,CVE-2026-39829,HIGH,https://avd.aquasec.com/nvd/cve-2026-39829,usr/local/bin/k9s,0.52.0,false,affected,
rancher/shell:v0.7.1,harvester/v1.8.2,golang.org/x/crypto,v0.51.0,gobinary,CVE-2026-39829,HIGH,https://avd.aquasec.com/nvd/cve-2026-39829,usr/local/bin/helm,0.52.0,false,not_affected,vulnerable_code_not_present
rancher/shell:v0.7.1,harvester/v1.8.2,golang.org/x/crypto,v0.51.0,gobinary,CVE-2026-39830,HIGH,https://avd.aquasec.com/nvd/cve-2026-39830,usr/local/bin/helm,0.52.0,false,not_affected,vulnerable_code_not_present
rancher/shell:v0.7.1,harvester/v1.8.2,golang.org/x/crypto,v0.50.0,gobinary,CVE-2026-39831,HIGH,https://avd.aquasec.com/nvd/cve-2026-39831,usr/local/bin/k9s,0.52.0,false,affected,
rancher/shell:v0.7.1,harvester/v1.8.2,golang.org/x/crypto,v0.51.0,gobinary,CVE-2026-39831,HIGH,https://avd.aquasec.com/nvd/cve-2026-39831,usr/local/bin/helm,0.52.0,false,not_affected,vulnerable_code_not_present
rancher/shell:v0.7.1,harvester/v1.8.2,golang.org/x/crypto,v0.50.0,gobinary,CVE-2026-39832,HIGH,https://avd.aquasec.com/nvd/cve-2026-39832,usr/local/bin/k9s,0.52.0,false,affected,
rancher/shell:v0.7.1,harvester/v1.8.2,golang.org/x/crypto,v0.51.0,gobinary,CVE-2026-39832,HIGH,https://avd.aquasec.com/nvd/cve-2026-39832,usr/local/bin/helm,0.52.0,false,not_affected,vulnerable_code_not_present
rancher/shell:v0.7.1,harvester/v1.8.2,golang.org/x/crypto,v0.50.0,gobinary,CVE-2026-39833,MEDIUM,https://avd.aquasec.com/nvd/cve-2026-39833,usr/local/bin/k9s,0.52.0,false,not_affected,vulnerable_code_not_in_execute_path
rancher/shell:v0.7.1,harvester/v1.8.2,golang.org/x/crypto,v0.51.0,gobinary,CVE-2026-39833,MEDIUM,https://avd.aquasec.com/nvd/cve-2026-39833,usr/local/bin/helm,0.52.0,false,not_affected,vulnerable_code_not_present
rancher/shell:v0.7.1,harvester/v1.8.2,golang.org/x/crypto,v0.50.0,gobinary,CVE-2026-39834,HIGH,https://avd.aquasec.com/nvd/cve-2026-39834,usr/local/bin/k9s,0.52.0,false,affected,severity_changed_due_to_suse_cvss_score
rancher/shell:v0.7.1,harvester/v1.8.2,golang.org/x/crypto,v0.51.0,gobinary,CVE-2026-39834,MEDIUM,https://avd.aquasec.com/nvd/cve-2026-39834,usr/local/bin/helm,0.52.0,false,not_affected,vulnerable_code_not_present
rancher/shell:v0.7.1,harvester/v1.8.2,golang.org/x/crypto,v0.50.0,gobinary,CVE-2026-39835,HIGH,https://avd.aquasec.com/nvd/cve-2026-39835,usr/local/bin/k9s,0.52.0,false,affected,
rancher/shell:v0.7.1,harvester/v1.8.2,golang.org/x/crypto,v0.51.0,gobinary,CVE-2026-39835,HIGH,https://avd.aquasec.com/nvd/cve-2026-39835,usr/local/bin/helm,0.52.0,false,not_affected,vulnerable_code_not_present
rancher/shell:v0.7.1,harvester/v1.8.2,golang.org/x/net,v0.47.0,gobinary,CVE-2026-42502,MEDIUM,https://avd.aquasec.com/nvd/cve-2026-42502,usr/local/bin/kubectl,0.55.0,false,not_affected,vulnerable_code_not_present
rancher/shell:v0.7.1,harvester/v1.8.2,golang.org/x/net,v0.53.0,gobinary,CVE-2026-42502,MEDIUM,https://avd.aquasec.com/nvd/cve-2026-42502,usr/local/bin/k9s,0.55.0,false,not_affected,vulnerable_code_not_in_execute_path
rancher/shell:v0.7.1,harvester/v1.8.2,stdlib,v1.25.11,gobinary,CVE-2026-42505,MEDIUM,https://avd.aquasec.com/nvd/cve-2026-42505,usr/local/bin/helm,"1.25.12, 1.26.5, 1.27.0-rc.2",false,not_affected,vulnerable_code_not_in_execute_path
rancher/shell:v0.7.1,harvester/v1.8.2,stdlib,v1.25.11,gobinary,CVE-2026-42505,MEDIUM,https://avd.aquasec.com/nvd/cve-2026-42505,usr/local/bin/k9s,"1.25.12, 1.26.5, 1.27.0-rc.2",false,not_affected,vulnerable_code_cannot_be_controlled_by_adversary
rancher/shell:v0.7.1,harvester/v1.8.2,stdlib,v1.25.11,gobinary,CVE-2026-42505,MEDIUM,https://avd.aquasec.com/nvd/cve-2026-42505,usr/local/bin/kubectl,"1.25.12, 1.26.5, 1.27.0-rc.2",false,not_affected,vulnerable_code_not_in_execute_path
rancher/shell:v0.7.1,harvester/v1.8.2,golang.org/x/net,v0.47.0,gobinary,CVE-2026-42506,MEDIUM,https://avd.aquasec.com/nvd/cve-2026-42506,usr/local/bin/kubectl,0.55.0,false,not_affected,vulnerable_code_not_present
rancher/shell:v0.7.1,harvester/v1.8.2,golang.org/x/net,v0.53.0,gobinary,CVE-2026-42506,MEDIUM,https://avd.aquasec.com/nvd/cve-2026-42506,usr/local/bin/k9s,0.55.0,false,not_affected,vulnerable_code_not_in_execute_path
rancher/shell:v0.7.1,harvester/v1.8.2,golang.org/x/crypto,v0.50.0,gobinary,CVE-2026-42508,HIGH,https://avd.aquasec.com/nvd/cve-2026-42508,usr/local/bin/k9s,0.52.0,false,affected,
rancher/shell:v0.7.1,harvester/v1.8.2,golang.org/x/crypto,v0.51.0,gobinary,CVE-2026-42508,HIGH,https://avd.aquasec.com/nvd/cve-2026-42508,usr/local/bin/helm,0.52.0,false,not_affected,vulnerable_code_not_present
rancher/shell:v0.7.1,harvester/v1.8.2,golang.org/x/crypto,v0.50.0,gobinary,CVE-2026-46595,HIGH,https://avd.aquasec.com/nvd/cve-2026-46595,usr/local/bin/k9s,0.52.0,false,not_affected,vulnerable_code_not_in_execute_path
rancher/shell:v0.7.1,harvester/v1.8.2,golang.org/x/crypto,v0.51.0,gobinary,CVE-2026-46595,HIGH,https://avd.aquasec.com/nvd/cve-2026-46595,usr/local/bin/helm,0.52.0,false,not_affected,vulnerable_code_not_present
rancher/shell:v0.7.1,harvester/v1.8.2,golang.org/x/crypto,v0.50.0,gobinary,CVE-2026-46597,HIGH,https://avd.aquasec.com/nvd/cve-2026-46597,usr/local/bin/k9s,0.52.0,false,affected,
rancher/shell:v0.7.1,harvester/v1.8.2,golang.org/x/crypto,v0.51.0,gobinary,CVE-2026-46597,HIGH,https://avd.aquasec.com/nvd/cve-2026-46597,usr/local/bin/helm,0.52.0,false,not_affected,vulnerable_code_not_present
rancher/shell:v0.7.1,harvester/v1.8.2,golang.org/x/crypto,v0.50.0,gobinary,CVE-2026-46598,MEDIUM,https://avd.aquasec.com/nvd/cve-2026-46598,usr/local/bin/k9s,0.52.0,false,not_affected,vulnerable_code_not_in_execute_path
rancher/shell:v0.7.1,harvester/v1.8.2,golang.org/x/crypto,v0.51.0,gobinary,CVE-2026-46598,MEDIUM,https://avd.aquasec.com/nvd/cve-2026-46598,usr/local/bin/helm,0.52.0,false,not_affected,vulnerable_code_not_present
rancher/shell:v0.7.1,harvester/v1.8.2,golang.org/x/net,v0.47.0,gobinary,CVE-2026-46600,HIGH,https://avd.aquasec.com/nvd/cve-2026-46600,usr/local/bin/kubectl,0.56.0,false,not_affected,vulnerable_code_not_present
rancher/shell:v0.7.1,harvester/v1.8.2,golang.org/x/net,v0.53.0,gobinary,CVE-2026-46600,HIGH,https://avd.aquasec.com/nvd/cve-2026-46600,usr/local/bin/k9s,0.56.0,false,not_affected,vulnerable_code_not_present
rancher/shell:v0.7.1,harvester/v1.8.2,golang.org/x/net,v0.55.0,gobinary,CVE-2026-46600,HIGH,https://avd.aquasec.com/nvd/cve-2026-46600,usr/local/bin/helm,0.56.0,false,not_affected,vulnerable_code_not_present
rancher/shell:v0.7.1,harvester/v1.8.2,github.com/containerd/containerd/v2,v2.2.4,gobinary,CVE-2026-47262,MEDIUM,https://avd.aquasec.com/nvd/cve-2026-47262,usr/local/bin/k9s,"2.0.10, 2.1.9, 2.2.5, 2.3.2",false,not_affected,vulnerable_code_not_present
rancher/shell:v0.7.1,harvester/v1.8.2,oras.land/oras-go/v2,v2.6.0,gobinary,CVE-2026-50151,HIGH,https://avd.aquasec.com/nvd/cve-2026-50151,usr/local/bin/helm,2.6.1,false,affected,
rancher/shell:v0.7.1,harvester/v1.8.2,oras.land/oras-go/v2,v2.6.0,gobinary,CVE-2026-50151,HIGH,https://avd.aquasec.com/nvd/cve-2026-50151,usr/local/bin/k9s,2.6.1,false,not_affected,vulnerable_code_not_in_execute_path
rancher/shell:v0.7.1,harvester/v1.8.2,oras.land/oras-go/v2,v2.6.0,gobinary,CVE-2026-50162,MEDIUM,https://avd.aquasec.com/nvd/cve-2026-50162,usr/local/bin/helm,2.6.1,false,not_affected,vulnerable_code_not_present
rancher/shell:v0.7.1,harvester/v1.8.2,oras.land/oras-go/v2,v2.6.0,gobinary,CVE-2026-50162,MEDIUM,https://avd.aquasec.com/nvd/cve-2026-50162,usr/local/bin/k9s,2.6.1,false,not_affected,vulnerable_code_not_present
rancher/shell:v0.7.1,harvester/v1.8.2,oras.land/oras-go/v2,v2.6.0,gobinary,CVE-2026-50163,HIGH,https://avd.aquasec.com/nvd/cve-2026-50163,usr/local/bin/helm,2.6.2,false,not_affected,vulnerable_code_not_present
rancher/shell:v0.7.1,harvester/v1.8.2,oras.land/oras-go/v2,v2.6.0,gobinary,CVE-2026-50163,HIGH,https://avd.aquasec.com/nvd/cve-2026-50163,usr/local/bin/k9s,2.6.2,false,not_affected,vulnerable_code_not_present
rancher/shell:v0.7.1,harvester/v1.8.2,github.com/containerd/containerd/v2,v2.2.4,gobinary,CVE-2026-50195,MEDIUM,https://avd.aquasec.com/nvd/cve-2026-50195,usr/local/bin/k9s,"2.1.9, 2.2.5, 2.3.2",false,not_affected,vulnerable_code_not_present
rancher/shell:v0.7.1,harvester/v1.8.2,github.com/containerd/containerd,v1.7.32,gobinary,CVE-2026-53488,HIGH,https://avd.aquasec.com/nvd/cve-2026-53488,usr/local/bin/helm,1.7.33,false,affected,
rancher/shell:v0.7.1,harvester/v1.8.2,github.com/containerd/containerd,v1.7.32,gobinary,CVE-2026-53488,HIGH,https://avd.aquasec.com/nvd/cve-2026-53488,usr/local/bin/k9s,1.7.33,false,affected,
rancher/shell:v0.7.1,harvester/v1.8.2,github.com/containerd/containerd/v2,v2.2.4,gobinary,CVE-2026-53488,HIGH,https://avd.aquasec.com/nvd/cve-2026-53488,usr/local/bin/k9s,"2.0.10, 2.1.9, 2.2.5, 2.3.2",false,not_affected,vulnerable_code_not_present
rancher/shell:v0.7.1,harvester/v1.8.2,github.com/containerd/containerd/v2,v2.2.4,gobinary,CVE-2026-53489,HIGH,https://avd.aquasec.com/nvd/cve-2026-53489,usr/local/bin/k9s,"2.1.9, 2.2.5, 2.3.2",false,not_affected,vulnerable_code_not_present
rancher/shell:v0.7.1,harvester/v1.8.2,github.com/containerd/containerd/v2,v2.2.4,gobinary,CVE-2026-53492,HIGH,https://avd.aquasec.com/nvd/cve-2026-53492,usr/local/bin/k9s,"2.1.9, 2.2.5, 2.3.2",false,not_affected,vulnerable_code_not_present
rancher/shell:v0.7.1,harvester/v1.8.2,github.com/go-git/go-git/v5,v5.19.1,gobinary,CVE-2026-71556,HIGH,https://avd.aquasec.com/nvd/cve-2026-71556,usr/local/bin/k9s,5.19.2,false,affected,
rancher/shell:v0.7.1,harvester/v1.8.2,google.golang.org/grpc,v1.79.3,gobinary,GHSA-hrxh-6v49-42gf,HIGH,https://github.com/advisories/GHSA-hrxh-6v49-42gf,usr/local/bin/k9s,1.82.1,false,affected,
rancher/shell:v0.7.1,harvester/v1.8.2,google.golang.org/grpc,v1.80.0,gobinary,GHSA-hrxh-6v49-42gf,HIGH,https://github.com/advisories/GHSA-hrxh-6v49-42gf,usr/local/bin/helm,1.82.1,false,affected,
rancher/shell:v0.7.1,harvester/v1.8.2,libncurses6,6.5.20250531-160000.2.2,sles,SUSE-SU-2026:22294-1,MEDIUM,,rancher/shell:v0.7.1 (sles 16.0),6.5.20250531-160000.3.1,false,not_affected,vulnerable_code_not_in_execute_path
rancher/shell:v0.7.1,harvester/v1.8.2,terminfo-base,6.5.20250531-160000.2.2,sles,SUSE-SU-2026:22294-1,MEDIUM,,rancher/shell:v0.7.1 (sles 16.0),6.5.20250531-160000.3.1,false,not_affected,vulnerable_code_not_in_execute_path
rancher/shell:v0.7.1,harvester/v1.8.2,libopenssl3,3.5.0-160000.7.1,sles,SUSE-SU-2026:22315-1,HIGH,,rancher/shell:v0.7.1 (sles 16.0),3.5.0-160000.8.1,false,affected,
rancher/shell:v0.7.1,harvester/v1.8.2,jq,1.7.1-160000.2.2,sles,SUSE-SU-2026:22566-1,HIGH,,rancher/shell:v0.7.1 (sles 16.0),1.7.1-160000.3.1,false,affected,
rancher/shell:v0.7.1,harvester/v1.8.2,libjq1,1.7.1-160000.2.2,sles,SUSE-SU-2026:22566-1,HIGH,,rancher/shell:v0.7.1 (sles 16.0),1.7.1-160000.3.1,false,affected,
rancher/shell:v0.7.1,harvester/v1.8.2,curl,8.14.1-160000.5.1,sles,SUSE-SU-2026:22582-1,HIGH,,rancher/shell:v0.7.1 (sles 16.0),8.14.1-160000.8.1,false,affected,
rancher/shell:v0.7.1,harvester/v1.8.2,libcurl4,8.14.1-160000.5.1,sles,SUSE-SU-2026:22582-1,HIGH,,rancher/shell:v0.7.1 (sles 16.0),8.14.1-160000.8.1,false,affected,
rancher/shell:v0.7.1,harvester/v1.8.2,jq,1.7.1-160000.2.2,sles,SUSE-SU-2026:22637-1,HIGH,,rancher/shell:v0.7.1 (sles 16.0),1.7.1-160000.4.1,false,affected,
rancher/shell:v0.7.1,harvester/v1.8.2,libjq1,1.7.1-160000.2.2,sles,SUSE-SU-2026:22637-1,HIGH,,rancher/shell:v0.7.1 (sles 16.0),1.7.1-160000.4.1,false,affected,
rancher/shell:v0.7.1,harvester/v1.8.2,vim,9.2.0530-160000.1.1,sles,SUSE-SU-2026:22821-1,HIGH,,rancher/shell:v0.7.1 (sles 16.0),9.2.0780-160000.1.1,false,not_affected,vulnerable_code_not_in_execute_path
rancher/shell:v0.7.1,harvester/v1.8.2,vim-data-common,9.2.0530-160000.1.1,sles,SUSE-SU-2026:22821-1,HIGH,,rancher/shell:v0.7.1 (sles 16.0),9.2.0780-160000.1.1,false,not_affected,vulnerable_code_not_in_execute_path
rancher/shell:v0.7.1,harvester/v1.8.2,xxd,9.2.0530-160000.1.1,sles,SUSE-SU-2026:22821-1,HIGH,,rancher/shell:v0.7.1 (sles 16.0),9.2.0780-160000.1.1,false,affected,
rancher/shell:v0.7.1,harvester/v1.8.2,perl,5.42.0-160000.2.2,sles,SUSE-SU-2026:22847-1,HIGH,,rancher/shell:v0.7.1 (sles 16.0),5.42.0-160000.3.1,false,affected,
rancher/shell:v0.7.1,harvester/v1.8.2,perl-base,5.42.0-160000.2.2,sles,SUSE-SU-2026:22847-1,HIGH,,rancher/shell:v0.7.1 (sles 16.0),5.42.0-160000.3.1,false,not_affected,vulnerable_code_not_in_execute_path
rancher/shell:v0.7.1,harvester/v1.8.2,libssh-config,0.11.4-160000.1.1,sles,SUSE-SU-2026:22948-1,MEDIUM,,rancher/shell:v0.7.1 (sles 16.0),0.11.5-160000.1.1,false,not_affected,vulnerable_code_not_in_execute_path
rancher/shell:v0.7.1,harvester/v1.8.2,libssh4,0.11.4-160000.1.1,sles,SUSE-SU-2026:22948-1,MEDIUM,,rancher/shell:v0.7.1 (sles 16.0),0.11.5-160000.1.1,false,not_affected,vulnerable_code_not_in_execute_path
rancher/shell:v0.7.1,harvester/v1.8.2,libssh-config,0.11.4-160000.1.1,sles,SUSE-SU-2026:22956-1,MEDIUM,,rancher/shell:v0.7.1 (sles 16.0),0.11.5-160000.1.1,false,not_affected,vulnerable_code_not_in_execute_path
rancher/shell:v0.7.1,harvester/v1.8.2,libssh4,0.11.4-160000.1.1,sles,SUSE-SU-2026:22956-1,MEDIUM,,rancher/shell:v0.7.1 (sles 16.0),0.11.5-160000.1.1,false,not_affected,vulnerable_code_not_in_execute_path
rancher/support-bundle-kit:v0.0.92,harvester/v1.8.2,stdlib,v1.26.4,gobinary,CVE-2026-39822,HIGH,https://avd.aquasec.com/nvd/cve-2026-39822,usr/bin/yq,"1.25.12, 1.26.5, 1.27.0-rc.2",false,not_affected,vulnerable_code_not_in_execute_path
rancher/support-bundle-kit:v0.0.92,harvester/v1.8.2,stdlib,v1.26.4,gobinary,CVE-2026-42505,MEDIUM,https://avd.aquasec.com/nvd/cve-2026-42505,usr/bin/yq,"1.25.12, 1.26.5, 1.27.0-rc.2",false,not_affected,vulnerable_code_not_in_execute_path
rancher/support-bundle-kit:v0.0.92,harvester/v1.8.2,golang.org/x/net,v0.55.0,gobinary,CVE-2026-46600,HIGH,https://avd.aquasec.com/nvd/cve-2026-46600,usr/bin/yq,0.56.0,false,not_affected,vulnerable_code_not_present
rancher/support-bundle-kit:v0.0.92,harvester/v1.8.2,perl-base,5.26.1-150300.17.20.1,sles,SUSE-SU-2026:3558-1,HIGH,,rancher/support-bundle-kit:v0.0.92 (sles 15.7),5.26.1-150300.17.23.1,false,affected,
rancher/support-bundle-kit:v0.0.92,harvester/v1.8.2,rpm-ndb,4.14.3-150400.59.16.1,sles,SUSE-SU-2026:3600-1,HIGH,,rancher/support-bundle-kit:v0.0.92 (sles 15.7),4.14.3-150400.59.19.1,false,affected,
rancher/system-agent-installer-rancher:v2.14.3,harvester/v1.8.2,stdlib,v1.25.6,gobinary,CVE-2025-68121,HIGH,https://avd.aquasec.com/nvd/cve-2025-68121,helm,"1.24.13, 1.25.7, 1.26.0-rc.3",false,affected,severity_changed_due_to_suse_cvss_score
rancher/system-agent-installer-rancher:v2.14.3,harvester/v1.8.2,golang.org/x/net,v0.48.0,gobinary,CVE-2026-25680,MEDIUM,https://avd.aquasec.com/nvd/cve-2026-25680,helm,0.55.0,false,not_affected,vulnerable_code_not_present
rancher/system-agent-installer-rancher:v2.14.3,harvester/v1.8.2,golang.org/x/net,v0.48.0,gobinary,CVE-2026-25681,HIGH,https://avd.aquasec.com/nvd/cve-2026-25681,helm,0.55.0,false,not_affected,vulnerable_code_not_present
rancher/system-agent-installer-rancher:v2.14.3,harvester/v1.8.2,golang.org/x/net,v0.48.0,gobinary,CVE-2026-27136,HIGH,https://avd.aquasec.com/nvd/cve-2026-27136,helm,0.55.0,false,not_affected,vulnerable_code_not_present
rancher/system-agent-installer-rancher:v2.14.3,harvester/v1.8.2,stdlib,v1.25.6,gobinary,CVE-2026-27142,MEDIUM,https://avd.aquasec.com/nvd/cve-2026-27142,helm,"1.25.8, 1.26.1",false,not_affected,vulnerable_code_not_in_execute_path
rancher/system-agent-installer-rancher:v2.14.3,harvester/v1.8.2,stdlib,v1.25.6,gobinary,CVE-2026-32280,HIGH,https://avd.aquasec.com/nvd/cve-2026-32280,helm,"1.25.9, 1.26.2",false,affected,
rancher/system-agent-installer-rancher:v2.14.3,harvester/v1.8.2,stdlib,v1.25.6,gobinary,CVE-2026-32282,MEDIUM,https://avd.aquasec.com/nvd/cve-2026-32282,helm,"1.25.9, 1.26.2",false,not_affected,vulnerable_code_not_in_execute_path
rancher/system-agent-installer-rancher:v2.14.3,harvester/v1.8.2,stdlib,v1.25.6,gobinary,CVE-2026-32289,MEDIUM,https://avd.aquasec.com/nvd/cve-2026-32289,helm,"1.25.9, 1.26.2",false,not_affected,vulnerable_code_not_in_execute_path
rancher/system-agent-installer-rancher:v2.14.3,harvester/v1.8.2,google.golang.org/grpc,v1.72.2,gobinary,CVE-2026-33186,CRITICAL,https://avd.aquasec.com/nvd/cve-2026-33186,helm,1.79.3,false,not_affected,vulnerable_code_not_present
rancher/system-agent-installer-rancher:v2.14.3,harvester/v1.8.2,stdlib,v1.25.6,gobinary,CVE-2026-33811,HIGH,https://avd.aquasec.com/nvd/cve-2026-33811,helm,"1.25.10, 1.26.3",false,not_affected,vulnerable_code_not_in_execute_path
rancher/system-agent-installer-rancher:v2.14.3,harvester/v1.8.2,golang.org/x/net,v0.48.0,gobinary,CVE-2026-33814,HIGH,https://avd.aquasec.com/nvd/cve-2026-33814,helm,0.53.0,false,affected,
rancher/system-agent-installer-rancher:v2.14.3,harvester/v1.8.2,stdlib,v1.25.6,gobinary,CVE-2026-33814,HIGH,https://avd.aquasec.com/nvd/cve-2026-33814,helm,"1.25.10, 1.26.3",false,affected,
rancher/system-agent-installer-rancher:v2.14.3,harvester/v1.8.2,stdlib,v1.25.6,gobinary,CVE-2026-39820,HIGH,https://avd.aquasec.com/nvd/cve-2026-39820,helm,"1.25.10, 1.26.3",false,not_affected,vulnerable_code_not_present
rancher/system-agent-installer-rancher:v2.14.3,harvester/v1.8.2,golang.org/x/net,v0.48.0,gobinary,CVE-2026-39821,HIGH,https://avd.aquasec.com/nvd/cve-2026-39821,helm,0.55.0,false,affected,
rancher/system-agent-installer-rancher:v2.14.3,harvester/v1.8.2,stdlib,v1.25.6,gobinary,CVE-2026-39822,HIGH,https://avd.aquasec.com/nvd/cve-2026-39822,helm,"1.25.12, 1.26.5, 1.27.0-rc.2",false,not_affected,vulnerable_code_not_in_execute_path
rancher/system-agent-installer-rancher:v2.14.3,harvester/v1.8.2,stdlib,v1.25.6,gobinary,CVE-2026-39823,MEDIUM,https://avd.aquasec.com/nvd/cve-2026-39823,helm,"1.25.10, 1.26.3",false,not_affected,vulnerable_code_not_in_execute_path
rancher/system-agent-installer-rancher:v2.14.3,harvester/v1.8.2,stdlib,v1.25.6,gobinary,CVE-2026-39825,MEDIUM,https://avd.aquasec.com/nvd/cve-2026-39825,helm,"1.25.10, 1.26.3",false,not_affected,vulnerable_code_not_in_execute_path
rancher/system-agent-installer-rancher:v2.14.3,harvester/v1.8.2,stdlib,v1.25.6,gobinary,CVE-2026-39826,MEDIUM,https://avd.aquasec.com/nvd/cve-2026-39826,helm,"1.25.10, 1.26.3",false,not_affected,vulnerable_code_not_in_execute_path
rancher/system-agent-installer-rancher:v2.14.3,harvester/v1.8.2,golang.org/x/crypto,v0.46.0,gobinary,CVE-2026-39827,MEDIUM,https://avd.aquasec.com/nvd/cve-2026-39827,helm,0.52.0,false,not_affected,vulnerable_code_not_present
rancher/system-agent-installer-rancher:v2.14.3,harvester/v1.8.2,golang.org/x/crypto,v0.46.0,gobinary,CVE-2026-39828,HIGH,https://avd.aquasec.com/nvd/cve-2026-39828,helm,0.52.0,false,not_affected,vulnerable_code_not_present
rancher/system-agent-installer-rancher:v2.14.3,harvester/v1.8.2,golang.org/x/crypto,v0.46.0,gobinary,CVE-2026-39829,HIGH,https://avd.aquasec.com/nvd/cve-2026-39829,helm,0.52.0,false,not_affected,vulnerable_code_not_present
rancher/system-agent-installer-rancher:v2.14.3,harvester/v1.8.2,golang.org/x/crypto,v0.46.0,gobinary,CVE-2026-39830,HIGH,https://avd.aquasec.com/nvd/cve-2026-39830,helm,0.52.0,false,not_affected,vulnerable_code_not_present
rancher/system-agent-installer-rancher:v2.14.3,harvester/v1.8.2,golang.org/x/crypto,v0.46.0,gobinary,CVE-2026-39831,HIGH,https://avd.aquasec.com/nvd/cve-2026-39831,helm,0.52.0,false,not_affected,vulnerable_code_not_present
rancher/system-agent-installer-rancher:v2.14.3,harvester/v1.8.2,golang.org/x/crypto,v0.46.0,gobinary,CVE-2026-39832,HIGH,https://avd.aquasec.com/nvd/cve-2026-39832,helm,0.52.0,false,not_affected,vulnerable_code_not_present
rancher/system-agent-installer-rancher:v2.14.3,harvester/v1.8.2,golang.org/x/crypto,v0.46.0,gobinary,CVE-2026-39833,MEDIUM,https://avd.aquasec.com/nvd/cve-2026-39833,helm,0.52.0,false,not_affected,vulnerable_code_not_present
rancher/system-agent-installer-rancher:v2.14.3,harvester/v1.8.2,golang.org/x/crypto,v0.46.0,gobinary,CVE-2026-39834,MEDIUM,https://avd.aquasec.com/nvd/cve-2026-39834,helm,0.52.0,false,not_affected,vulnerable_code_not_present
rancher/system-agent-installer-rancher:v2.14.3,harvester/v1.8.2,golang.org/x/crypto,v0.46.0,gobinary,CVE-2026-39835,HIGH,https://avd.aquasec.com/nvd/cve-2026-39835,helm,0.52.0,false,not_affected,vulnerable_code_not_present
rancher/system-agent-installer-rancher:v2.14.3,harvester/v1.8.2,stdlib,v1.25.6,gobinary,CVE-2026-39836,HIGH,https://avd.aquasec.com/nvd/cve-2026-39836,helm,"1.25.10, 1.26.3",false,affected,
rancher/system-agent-installer-rancher:v2.14.3,harvester/v1.8.2,stdlib,v1.25.6,gobinary,CVE-2026-42499,HIGH,https://avd.aquasec.com/nvd/cve-2026-42499,helm,"1.25.10, 1.26.3",false,not_affected,vulnerable_code_not_present
rancher/system-agent-installer-rancher:v2.14.3,harvester/v1.8.2,golang.org/x/net,v0.48.0,gobinary,CVE-2026-42502,MEDIUM,https://avd.aquasec.com/nvd/cve-2026-42502,helm,0.55.0,false,not_affected,vulnerable_code_not_present
rancher/system-agent-installer-rancher:v2.14.3,harvester/v1.8.2,golang.org/x/net,v0.48.0,gobinary,CVE-2026-42506,MEDIUM,https://avd.aquasec.com/nvd/cve-2026-42506,helm,0.55.0,false,not_affected,vulnerable_code_not_present
rancher/system-agent-installer-rancher:v2.14.3,harvester/v1.8.2,golang.org/x/crypto,v0.46.0,gobinary,CVE-2026-42508,HIGH,https://avd.aquasec.com/nvd/cve-2026-42508,helm,0.52.0,false,not_affected,vulnerable_code_not_present
rancher/system-agent-installer-rancher:v2.14.3,harvester/v1.8.2,golang.org/x/crypto,v0.46.0,gobinary,CVE-2026-46595,HIGH,https://avd.aquasec.com/nvd/cve-2026-46595,helm,0.52.0,false,not_affected,vulnerable_code_not_present
rancher/system-agent-installer-rancher:v2.14.3,harvester/v1.8.2,golang.org/x/crypto,v0.46.0,gobinary,CVE-2026-46597,HIGH,https://avd.aquasec.com/nvd/cve-2026-46597,helm,0.52.0,false,not_affected,vulnerable_code_not_present
rancher/system-agent-installer-rancher:v2.14.3,harvester/v1.8.2,golang.org/x/crypto,v0.46.0,gobinary,CVE-2026-46598,MEDIUM,https://avd.aquasec.com/nvd/cve-2026-46598,helm,0.52.0,false,not_affected,vulnerable_code_not_present
rancher/system-agent-installer-rancher:v2.14.3,harvester/v1.8.2,golang.org/x/net,v0.48.0,gobinary,CVE-2026-46600,HIGH,https://avd.aquasec.com/nvd/cve-2026-46600,helm,0.56.0,false,not_affected,vulnerable_code_not_present
rancher/system-agent-installer-rancher:v2.14.3,harvester/v1.8.2,github.com/containerd/containerd,v1.7.30,gobinary,CVE-2026-46680,HIGH,https://avd.aquasec.com/nvd/cve-2026-46680,helm,1.7.32,false,affected,
rancher/system-agent-installer-rancher:v2.14.3,harvester/v1.8.2,oras.land/oras-go/v2,v2.6.0,gobinary,CVE-2026-50151,HIGH,https://avd.aquasec.com/nvd/cve-2026-50151,helm,2.6.1,false,affected,
rancher/system-agent-installer-rancher:v2.14.3,harvester/v1.8.2,oras.land/oras-go/v2,v2.6.0,gobinary,CVE-2026-50162,MEDIUM,https://avd.aquasec.com/nvd/cve-2026-50162,helm,2.6.1,false,not_affected,vulnerable_code_not_present
rancher/system-agent-installer-rancher:v2.14.3,harvester/v1.8.2,oras.land/oras-go/v2,v2.6.0,gobinary,CVE-2026-50163,HIGH,https://avd.aquasec.com/nvd/cve-2026-50163,helm,2.6.2,false,not_affected,vulnerable_code_not_present
rancher/system-agent-installer-rancher:v2.14.3,harvester/v1.8.2,github.com/containerd/containerd,v1.7.30,gobinary,CVE-2026-53488,HIGH,https://avd.aquasec.com/nvd/cve-2026-53488,helm,1.7.33,false,affected,
rancher/system-agent-installer-rancher:v2.14.3,harvester/v1.8.2,google.golang.org/grpc,v1.72.2,gobinary,GHSA-hrxh-6v49-42gf,HIGH,https://github.com/advisories/GHSA-hrxh-6v49-42gf,helm,1.82.1,false,affected,
rancher/system-agent:v0.14.0-suc,harvester/v1.8.2,golang.org/x/net,v0.38.0,gobinary,CVE-2025-47911,MEDIUM,https://avd.aquasec.com/nvd/cve-2025-47911,usr/bin/kubectl,0.45.0,false,not_affected,vulnerable_code_not_present
rancher/system-agent:v0.14.0-suc,harvester/v1.8.2,golang.org/x/net,v0.38.0,gobinary,CVE-2025-58190,MEDIUM,https://avd.aquasec.com/nvd/cve-2025-58190,usr/bin/kubectl,0.45.0,false,not_affected,vulnerable_code_not_present
rancher/system-agent:v0.14.0-suc,harvester/v1.8.2,golang.org/x/net,v0.38.0,gobinary,CVE-2026-25680,MEDIUM,https://avd.aquasec.com/nvd/cve-2026-25680,usr/bin/kubectl,0.55.0,false,not_affected,vulnerable_code_not_present
rancher/system-agent:v0.14.0-suc,harvester/v1.8.2,golang.org/x/net,v0.50.0,gobinary,CVE-2026-25680,MEDIUM,https://avd.aquasec.com/nvd/cve-2026-25680,opt/rancher-system-agent-suc/rancher-system-agent,0.55.0,false,not_affected,vulnerable_code_not_present
rancher/system-agent:v0.14.0-suc,harvester/v1.8.2,golang.org/x/net,v0.38.0,gobinary,CVE-2026-25681,HIGH,https://avd.aquasec.com/nvd/cve-2026-25681,usr/bin/kubectl,0.55.0,false,not_affected,vulnerable_code_not_present
rancher/system-agent:v0.14.0-suc,harvester/v1.8.2,golang.org/x/net,v0.50.0,gobinary,CVE-2026-25681,HIGH,https://avd.aquasec.com/nvd/cve-2026-25681,opt/rancher-system-agent-suc/rancher-system-agent,0.55.0,false,not_affected,vulnerable_code_not_present
rancher/system-agent:v0.14.0-suc,harvester/v1.8.2,golang.org/x/net,v0.38.0,gobinary,CVE-2026-27136,HIGH,https://avd.aquasec.com/nvd/cve-2026-27136,usr/bin/kubectl,0.55.0,false,not_affected,vulnerable_code_not_present
rancher/system-agent:v0.14.0-suc,harvester/v1.8.2,golang.org/x/net,v0.50.0,gobinary,CVE-2026-27136,HIGH,https://avd.aquasec.com/nvd/cve-2026-27136,opt/rancher-system-agent-suc/rancher-system-agent,0.55.0,false,not_affected,vulnerable_code_not_present
rancher/system-agent:v0.14.0-suc,harvester/v1.8.2,golang.org/x/net,v0.50.0,gobinary,CVE-2026-27141,HIGH,https://avd.aquasec.com/nvd/cve-2026-27141,opt/rancher-system-agent-suc/rancher-system-agent,0.51.0,false,affected,severity_changed_due_to_suse_cvss_score
rancher/system-agent:v0.14.0-suc,harvester/v1.8.2,stdlib,v1.25.9,gobinary,CVE-2026-33811,HIGH,https://avd.aquasec.com/nvd/cve-2026-33811,usr/bin/kubectl,"1.25.10, 1.26.3",false,not_affected,vulnerable_code_not_in_execute_path
rancher/system-agent:v0.14.0-suc,harvester/v1.8.2,golang.org/x/net,v0.38.0,gobinary,CVE-2026-33814,HIGH,https://avd.aquasec.com/nvd/cve-2026-33814,usr/bin/kubectl,0.53.0,false,affected,
rancher/system-agent:v0.14.0-suc,harvester/v1.8.2,golang.org/x/net,v0.50.0,gobinary,CVE-2026-33814,HIGH,https://avd.aquasec.com/nvd/cve-2026-33814,opt/rancher-system-agent-suc/rancher-system-agent,0.53.0,false,affected,
rancher/system-agent:v0.14.0-suc,harvester/v1.8.2,stdlib,v1.25.9,gobinary,CVE-2026-33814,HIGH,https://avd.aquasec.com/nvd/cve-2026-33814,usr/bin/kubectl,"1.25.10, 1.26.3",false,not_affected,vulnerable_code_not_in_execute_path
rancher/system-agent:v0.14.0-suc,harvester/v1.8.2,stdlib,v1.25.9,gobinary,CVE-2026-39820,HIGH,https://avd.aquasec.com/nvd/cve-2026-39820,usr/bin/kubectl,"1.25.10, 1.26.3",false,not_affected,vulnerable_code_not_present
rancher/system-agent:v0.14.0-suc,harvester/v1.8.2,golang.org/x/net,v0.38.0,gobinary,CVE-2026-39821,HIGH,https://avd.aquasec.com/nvd/cve-2026-39821,usr/bin/kubectl,0.55.0,false,affected,
rancher/system-agent:v0.14.0-suc,harvester/v1.8.2,golang.org/x/net,v0.50.0,gobinary,CVE-2026-39821,HIGH,https://avd.aquasec.com/nvd/cve-2026-39821,opt/rancher-system-agent-suc/rancher-system-agent,0.55.0,false,affected,
rancher/system-agent:v0.14.0-suc,harvester/v1.8.2,stdlib,v1.25.11,gobinary,CVE-2026-39822,HIGH,https://avd.aquasec.com/nvd/cve-2026-39822,opt/rancher-system-agent-suc/rancher-system-agent,"1.25.12, 1.26.5, 1.27.0-rc.2",false,not_affected,vulnerable_code_not_in_execute_path
rancher/system-agent:v0.14.0-suc,harvester/v1.8.2,stdlib,v1.25.9,gobinary,CVE-2026-39822,HIGH,https://avd.aquasec.com/nvd/cve-2026-39822,usr/bin/kubectl,"1.25.12, 1.26.5, 1.27.0-rc.2",false,not_affected,vulnerable_code_not_in_execute_path
rancher/system-agent:v0.14.0-suc,harvester/v1.8.2,stdlib,v1.25.9,gobinary,CVE-2026-39823,MEDIUM,https://avd.aquasec.com/nvd/cve-2026-39823,usr/bin/kubectl,"1.25.10, 1.26.3",false,not_affected,vulnerable_code_not_present
rancher/system-agent:v0.14.0-suc,harvester/v1.8.2,stdlib,v1.25.9,gobinary,CVE-2026-39825,MEDIUM,https://avd.aquasec.com/nvd/cve-2026-39825,usr/bin/kubectl,"1.25.10, 1.26.3",false,not_affected,vulnerable_code_not_in_execute_path
rancher/system-agent:v0.14.0-suc,harvester/v1.8.2,stdlib,v1.25.9,gobinary,CVE-2026-39826,MEDIUM,https://avd.aquasec.com/nvd/cve-2026-39826,usr/bin/kubectl,"1.25.10, 1.26.3",false,not_affected,vulnerable_code_not_present
rancher/system-agent:v0.14.0-suc,harvester/v1.8.2,golang.org/x/crypto,v0.48.0,gobinary,CVE-2026-39827,MEDIUM,https://avd.aquasec.com/nvd/cve-2026-39827,opt/rancher-system-agent-suc/rancher-system-agent,0.52.0,false,not_affected,vulnerable_code_not_present
rancher/system-agent:v0.14.0-suc,harvester/v1.8.2,golang.org/x/crypto,v0.48.0,gobinary,CVE-2026-39828,HIGH,https://avd.aquasec.com/nvd/cve-2026-39828,opt/rancher-system-agent-suc/rancher-system-agent,0.52.0,false,not_affected,vulnerable_code_not_present
rancher/system-agent:v0.14.0-suc,harvester/v1.8.2,golang.org/x/crypto,v0.48.0,gobinary,CVE-2026-39829,HIGH,https://avd.aquasec.com/nvd/cve-2026-39829,opt/rancher-system-agent-suc/rancher-system-agent,0.52.0,false,not_affected,vulnerable_code_not_present
rancher/system-agent:v0.14.0-suc,harvester/v1.8.2,golang.org/x/crypto,v0.48.0,gobinary,CVE-2026-39830,HIGH,https://avd.aquasec.com/nvd/cve-2026-39830,opt/rancher-system-agent-suc/rancher-system-agent,0.52.0,false,not_affected,vulnerable_code_not_present
rancher/system-agent:v0.14.0-suc,harvester/v1.8.2,golang.org/x/crypto,v0.48.0,gobinary,CVE-2026-39831,HIGH,https://avd.aquasec.com/nvd/cve-2026-39831,opt/rancher-system-agent-suc/rancher-system-agent,0.52.0,false,not_affected,vulnerable_code_not_present
rancher/system-agent:v0.14.0-suc,harvester/v1.8.2,golang.org/x/crypto,v0.48.0,gobinary,CVE-2026-39832,HIGH,https://avd.aquasec.com/nvd/cve-2026-39832,opt/rancher-system-agent-suc/rancher-system-agent,0.52.0,false,not_affected,vulnerable_code_not_present
rancher/system-agent:v0.14.0-suc,harvester/v1.8.2,golang.org/x/crypto,v0.48.0,gobinary,CVE-2026-39833,MEDIUM,https://avd.aquasec.com/nvd/cve-2026-39833,opt/rancher-system-agent-suc/rancher-system-agent,0.52.0,false,not_affected,vulnerable_code_not_present
rancher/system-agent:v0.14.0-suc,harvester/v1.8.2,golang.org/x/crypto,v0.48.0,gobinary,CVE-2026-39834,MEDIUM,https://avd.aquasec.com/nvd/cve-2026-39834,opt/rancher-system-agent-suc/rancher-system-agent,0.52.0,false,not_affected,vulnerable_code_not_present
rancher/system-agent:v0.14.0-suc,harvester/v1.8.2,golang.org/x/crypto,v0.48.0,gobinary,CVE-2026-39835,HIGH,https://avd.aquasec.com/nvd/cve-2026-39835,opt/rancher-system-agent-suc/rancher-system-agent,0.52.0,false,not_affected,vulnerable_code_not_present
rancher/system-agent:v0.14.0-suc,harvester/v1.8.2,stdlib,v1.25.9,gobinary,CVE-2026-39836,HIGH,https://avd.aquasec.com/nvd/cve-2026-39836,usr/bin/kubectl,"1.25.10, 1.26.3",false,not_affected,vulnerable_code_not_in_execute_path
rancher/system-agent:v0.14.0-suc,harvester/v1.8.2,stdlib,v1.25.9,gobinary,CVE-2026-42499,HIGH,https://avd.aquasec.com/nvd/cve-2026-42499,usr/bin/kubectl,"1.25.10, 1.26.3",false,not_affected,vulnerable_code_not_present
rancher/system-agent:v0.14.0-suc,harvester/v1.8.2,golang.org/x/net,v0.38.0,gobinary,CVE-2026-42502,MEDIUM,https://avd.aquasec.com/nvd/cve-2026-42502,usr/bin/kubectl,0.55.0,false,not_affected,vulnerable_code_not_present
rancher/system-agent:v0.14.0-suc,harvester/v1.8.2,golang.org/x/net,v0.50.0,gobinary,CVE-2026-42502,MEDIUM,https://avd.aquasec.com/nvd/cve-2026-42502,opt/rancher-system-agent-suc/rancher-system-agent,0.55.0,false,not_affected,vulnerable_code_not_present
rancher/system-agent:v0.14.0-suc,harvester/v1.8.2,stdlib,v1.25.9,gobinary,CVE-2026-42504,HIGH,https://avd.aquasec.com/nvd/cve-2026-42504,usr/bin/kubectl,"1.25.11, 1.26.4",false,not_affected,vulnerable_code_not_in_execute_path
rancher/system-agent:v0.14.0-suc,harvester/v1.8.2,stdlib,v1.25.11,gobinary,CVE-2026-42505,MEDIUM,https://avd.aquasec.com/nvd/cve-2026-42505,opt/rancher-system-agent-suc/rancher-system-agent,"1.25.12, 1.26.5, 1.27.0-rc.2",false,not_affected,vulnerable_code_not_in_execute_path
rancher/system-agent:v0.14.0-suc,harvester/v1.8.2,golang.org/x/net,v0.38.0,gobinary,CVE-2026-42506,MEDIUM,https://avd.aquasec.com/nvd/cve-2026-42506,usr/bin/kubectl,0.55.0,false,not_affected,vulnerable_code_not_present
rancher/system-agent:v0.14.0-suc,harvester/v1.8.2,golang.org/x/net,v0.50.0,gobinary,CVE-2026-42506,MEDIUM,https://avd.aquasec.com/nvd/cve-2026-42506,opt/rancher-system-agent-suc/rancher-system-agent,0.55.0,false,not_affected,vulnerable_code_not_present
rancher/system-agent:v0.14.0-suc,harvester/v1.8.2,golang.org/x/crypto,v0.48.0,gobinary,CVE-2026-42508,HIGH,https://avd.aquasec.com/nvd/cve-2026-42508,opt/rancher-system-agent-suc/rancher-system-agent,0.52.0,false,not_affected,vulnerable_code_not_present
rancher/system-agent:v0.14.0-suc,harvester/v1.8.2,golang.org/x/crypto,v0.48.0,gobinary,CVE-2026-46595,HIGH,https://avd.aquasec.com/nvd/cve-2026-46595,opt/rancher-system-agent-suc/rancher-system-agent,0.52.0,false,not_affected,vulnerable_code_not_present
rancher/system-agent:v0.14.0-suc,harvester/v1.8.2,golang.org/x/crypto,v0.48.0,gobinary,CVE-2026-46597,HIGH,https://avd.aquasec.com/nvd/cve-2026-46597,opt/rancher-system-agent-suc/rancher-system-agent,0.52.0,false,not_affected,vulnerable_code_not_present
rancher/system-agent:v0.14.0-suc,harvester/v1.8.2,golang.org/x/crypto,v0.48.0,gobinary,CVE-2026-46598,MEDIUM,https://avd.aquasec.com/nvd/cve-2026-46598,opt/rancher-system-agent-suc/rancher-system-agent,0.52.0,false,not_affected,vulnerable_code_not_present
rancher/system-agent:v0.14.0-suc,harvester/v1.8.2,golang.org/x/net,v0.38.0,gobinary,CVE-2026-46600,HIGH,https://avd.aquasec.com/nvd/cve-2026-46600,usr/bin/kubectl,0.56.0,false,not_affected,vulnerable_code_not_present
rancher/system-agent:v0.14.0-suc,harvester/v1.8.2,golang.org/x/net,v0.50.0,gobinary,CVE-2026-46600,HIGH,https://avd.aquasec.com/nvd/cve-2026-46600,opt/rancher-system-agent-suc/rancher-system-agent,0.56.0,false,not_affected,vulnerable_code_not_present
rancher/system-agent:v0.14.0-suc,harvester/v1.8.2,golang.org/x/text,v0.23.0,gobinary,CVE-2026-56852,HIGH,https://avd.aquasec.com/nvd/cve-2026-56852,usr/bin/kubectl,0.39.0,false,not_affected,vulnerable_code_not_in_execute_path
rancher/system-agent:v0.14.0-suc,harvester/v1.8.2,google.golang.org/grpc,v1.79.3,gobinary,GHSA-hrxh-6v49-42gf,HIGH,https://github.com/advisories/GHSA-hrxh-6v49-42gf,opt/rancher-system-agent-suc/rancher-system-agent,1.82.1,false,affected,
rancher/system-agent:v0.14.0-suc,harvester/v1.8.2,libopenssl-3-fips-provider,3.2.3-150700.5.31.1,sles,SUSE-SU-2026:2648-1,HIGH,,rancher/system-agent:v0.14.0-suc (sles 15.7),3.2.3-150700.5.36.1,false,affected,
rancher/system-agent:v0.14.0-suc,harvester/v1.8.2,libopenssl3,3.2.3-150700.5.31.1,sles,SUSE-SU-2026:2648-1,HIGH,,rancher/system-agent:v0.14.0-suc (sles 15.7),3.2.3-150700.5.36.1,false,affected,
rancher/system-agent:v0.14.0-suc,harvester/v1.8.2,openssl-3,3.2.3-150700.5.31.1,sles,SUSE-SU-2026:2648-1,HIGH,,rancher/system-agent:v0.14.0-suc (sles 15.7),3.2.3-150700.5.36.1,false,affected,
rancher/system-upgrade-controller:v0.19.1,harvester/v1.8.2,golang.org/x/net,v0.47.0,gobinary,CVE-2026-25680,MEDIUM,https://avd.aquasec.com/nvd/cve-2026-25680,bin/system-upgrade-controller,0.55.0,false,not_affected,vulnerable_code_not_present
rancher/system-upgrade-controller:v0.19.1,harvester/v1.8.2,golang.org/x/net,v0.47.0,gobinary,CVE-2026-25681,HIGH,https://avd.aquasec.com/nvd/cve-2026-25681,bin/system-upgrade-controller,0.55.0,false,not_affected,vulnerable_code_not_present
rancher/system-upgrade-controller:v0.19.1,harvester/v1.8.2,golang.org/x/net,v0.47.0,gobinary,CVE-2026-27136,HIGH,https://avd.aquasec.com/nvd/cve-2026-27136,bin/system-upgrade-controller,0.55.0,false,not_affected,vulnerable_code_not_present
rancher/system-upgrade-controller:v0.19.1,harvester/v1.8.2,stdlib,v1.25.8,gobinary,CVE-2026-32280,HIGH,https://avd.aquasec.com/nvd/cve-2026-32280,bin/system-upgrade-controller,"1.25.9, 1.26.2",false,affected,
rancher/system-upgrade-controller:v0.19.1,harvester/v1.8.2,stdlib,v1.25.8,gobinary,CVE-2026-32282,MEDIUM,https://avd.aquasec.com/nvd/cve-2026-32282,bin/system-upgrade-controller,"1.25.9, 1.26.2",false,not_affected,vulnerable_code_not_in_execute_path
rancher/system-upgrade-controller:v0.19.1,harvester/v1.8.2,stdlib,v1.25.8,gobinary,CVE-2026-32288,MEDIUM,https://avd.aquasec.com/nvd/cve-2026-32288,bin/system-upgrade-controller,"1.25.9, 1.26.2",false,not_affected,vulnerable_code_not_present
rancher/system-upgrade-controller:v0.19.1,harvester/v1.8.2,stdlib,v1.25.8,gobinary,CVE-2026-32289,MEDIUM,https://avd.aquasec.com/nvd/cve-2026-32289,bin/system-upgrade-controller,"1.25.9, 1.26.2",false,not_affected,vulnerable_code_not_present
rancher/system-upgrade-controller:v0.19.1,harvester/v1.8.2,stdlib,v1.25.8,gobinary,CVE-2026-33811,HIGH,https://avd.aquasec.com/nvd/cve-2026-33811,bin/system-upgrade-controller,"1.25.10, 1.26.3",false,not_affected,vulnerable_code_not_in_execute_path
rancher/system-upgrade-controller:v0.19.1,harvester/v1.8.2,golang.org/x/net,v0.47.0,gobinary,CVE-2026-33814,HIGH,https://avd.aquasec.com/nvd/cve-2026-33814,bin/system-upgrade-controller,0.53.0,false,affected,
rancher/system-upgrade-controller:v0.19.1,harvester/v1.8.2,stdlib,v1.25.8,gobinary,CVE-2026-33814,HIGH,https://avd.aquasec.com/nvd/cve-2026-33814,bin/system-upgrade-controller,"1.25.10, 1.26.3",false,affected,
rancher/system-upgrade-controller:v0.19.1,harvester/v1.8.2,stdlib,v1.25.8,gobinary,CVE-2026-39820,HIGH,https://avd.aquasec.com/nvd/cve-2026-39820,bin/system-upgrade-controller,"1.25.10, 1.26.3",false,not_affected,vulnerable_code_not_present
rancher/system-upgrade-controller:v0.19.1,harvester/v1.8.2,golang.org/x/net,v0.47.0,gobinary,CVE-2026-39821,HIGH,https://avd.aquasec.com/nvd/cve-2026-39821,bin/system-upgrade-controller,0.55.0,false,affected,
rancher/system-upgrade-controller:v0.19.1,harvester/v1.8.2,stdlib,v1.25.8,gobinary,CVE-2026-39822,HIGH,https://avd.aquasec.com/nvd/cve-2026-39822,bin/system-upgrade-controller,"1.25.12, 1.26.5, 1.27.0-rc.2",false,not_affected,vulnerable_code_not_in_execute_path
rancher/system-upgrade-controller:v0.19.1,harvester/v1.8.2,stdlib,v1.25.8,gobinary,CVE-2026-39823,MEDIUM,https://avd.aquasec.com/nvd/cve-2026-39823,bin/system-upgrade-controller,"1.25.10, 1.26.3",false,not_affected,vulnerable_code_not_present
rancher/system-upgrade-controller:v0.19.1,harvester/v1.8.2,stdlib,v1.25.8,gobinary,CVE-2026-39825,MEDIUM,https://avd.aquasec.com/nvd/cve-2026-39825,bin/system-upgrade-controller,"1.25.10, 1.26.3",false,not_affected,vulnerable_code_not_present
rancher/system-upgrade-controller:v0.19.1,harvester/v1.8.2,stdlib,v1.25.8,gobinary,CVE-2026-39826,MEDIUM,https://avd.aquasec.com/nvd/cve-2026-39826,bin/system-upgrade-controller,"1.25.10, 1.26.3",false,not_affected,vulnerable_code_not_present
rancher/system-upgrade-controller:v0.19.1,harvester/v1.8.2,stdlib,v1.25.8,gobinary,CVE-2026-39836,HIGH,https://avd.aquasec.com/nvd/cve-2026-39836,bin/system-upgrade-controller,"1.25.10, 1.26.3",false,affected,
rancher/system-upgrade-controller:v0.19.1,harvester/v1.8.2,stdlib,v1.25.8,gobinary,CVE-2026-42499,HIGH,https://avd.aquasec.com/nvd/cve-2026-42499,bin/system-upgrade-controller,"1.25.10, 1.26.3",false,not_affected,vulnerable_code_not_present
rancher/system-upgrade-controller:v0.19.1,harvester/v1.8.2,golang.org/x/net,v0.47.0,gobinary,CVE-2026-42502,MEDIUM,https://avd.aquasec.com/nvd/cve-2026-42502,bin/system-upgrade-controller,0.55.0,false,not_affected,vulnerable_code_not_present
rancher/system-upgrade-controller:v0.19.1,harvester/v1.8.2,golang.org/x/net,v0.47.0,gobinary,CVE-2026-42506,MEDIUM,https://avd.aquasec.com/nvd/cve-2026-42506,bin/system-upgrade-controller,0.55.0,false,not_affected,vulnerable_code_not_present
rancher/system-upgrade-controller:v0.19.1,harvester/v1.8.2,golang.org/x/net,v0.47.0,gobinary,CVE-2026-46600,HIGH,https://avd.aquasec.com/nvd/cve-2026-46600,bin/system-upgrade-controller,0.56.0,false,not_affected,vulnerable_code_not_present
rancher/turtles:v0.26.3,harvester/v1.8.2,golang.org/x/net,v0.53.0,gobinary,CVE-2026-25680,MEDIUM,https://avd.aquasec.com/nvd/cve-2026-25680,manager,0.55.0,false,not_affected,vulnerable_code_not_in_execute_path
rancher/turtles:v0.26.3,harvester/v1.8.2,golang.org/x/net,v0.53.0,gobinary,CVE-2026-25681,HIGH,https://avd.aquasec.com/nvd/cve-2026-25681,manager,0.55.0,false,not_affected,vulnerable_code_not_in_execute_path
rancher/turtles:v0.26.3,harvester/v1.8.2,golang.org/x/net,v0.53.0,gobinary,CVE-2026-27136,HIGH,https://avd.aquasec.com/nvd/cve-2026-27136,manager,0.55.0,false,not_affected,vulnerable_code_not_in_execute_path
rancher/turtles:v0.26.3,harvester/v1.8.2,golang.org/x/net,v0.53.0,gobinary,CVE-2026-39821,HIGH,https://avd.aquasec.com/nvd/cve-2026-39821,manager,0.55.0,false,affected,
rancher/turtles:v0.26.3,harvester/v1.8.2,stdlib,v1.25.11,gobinary,CVE-2026-39822,HIGH,https://avd.aquasec.com/nvd/cve-2026-39822,manager,"1.25.12, 1.26.5, 1.27.0-rc.2",false,not_affected,vulnerable_code_not_in_execute_path
rancher/turtles:v0.26.3,harvester/v1.8.2,golang.org/x/crypto,v0.50.0,gobinary,CVE-2026-39827,MEDIUM,https://avd.aquasec.com/nvd/cve-2026-39827,manager,0.52.0,false,not_affected,vulnerable_code_not_present
rancher/turtles:v0.26.3,harvester/v1.8.2,golang.org/x/crypto,v0.50.0,gobinary,CVE-2026-39828,HIGH,https://avd.aquasec.com/nvd/cve-2026-39828,manager,0.52.0,false,not_affected,vulnerable_code_not_present
rancher/turtles:v0.26.3,harvester/v1.8.2,golang.org/x/crypto,v0.50.0,gobinary,CVE-2026-39829,HIGH,https://avd.aquasec.com/nvd/cve-2026-39829,manager,0.52.0,false,not_affected,vulnerable_code_not_present
rancher/turtles:v0.26.3,harvester/v1.8.2,golang.org/x/crypto,v0.50.0,gobinary,CVE-2026-39830,HIGH,https://avd.aquasec.com/nvd/cve-2026-39830,manager,0.52.0,false,not_affected,vulnerable_code_not_present
rancher/turtles:v0.26.3,harvester/v1.8.2,golang.org/x/crypto,v0.50.0,gobinary,CVE-2026-39831,HIGH,https://avd.aquasec.com/nvd/cve-2026-39831,manager,0.52.0,false,not_affected,vulnerable_code_not_present
rancher/turtles:v0.26.3,harvester/v1.8.2,golang.org/x/crypto,v0.50.0,gobinary,CVE-2026-39832,HIGH,https://avd.aquasec.com/nvd/cve-2026-39832,manager,0.52.0,false,not_affected,vulnerable_code_not_present
rancher/turtles:v0.26.3,harvester/v1.8.2,golang.org/x/crypto,v0.50.0,gobinary,CVE-2026-39833,MEDIUM,https://avd.aquasec.com/nvd/cve-2026-39833,manager,0.52.0,false,not_affected,vulnerable_code_not_present
rancher/turtles:v0.26.3,harvester/v1.8.2,golang.org/x/crypto,v0.50.0,gobinary,CVE-2026-39834,MEDIUM,https://avd.aquasec.com/nvd/cve-2026-39834,manager,0.52.0,false,not_affected,vulnerable_code_not_present
rancher/turtles:v0.26.3,harvester/v1.8.2,golang.org/x/crypto,v0.50.0,gobinary,CVE-2026-39835,HIGH,https://avd.aquasec.com/nvd/cve-2026-39835,manager,0.52.0,false,not_affected,vulnerable_code_not_present
rancher/turtles:v0.26.3,harvester/v1.8.2,golang.org/x/net,v0.53.0,gobinary,CVE-2026-42502,MEDIUM,https://avd.aquasec.com/nvd/cve-2026-42502,manager,0.55.0,false,not_affected,vulnerable_code_not_in_execute_path
rancher/turtles:v0.26.3,harvester/v1.8.2,stdlib,v1.25.11,gobinary,CVE-2026-42505,MEDIUM,https://avd.aquasec.com/nvd/cve-2026-42505,manager,"1.25.12, 1.26.5, 1.27.0-rc.2",false,not_affected,vulnerable_code_not_in_execute_path
rancher/turtles:v0.26.3,harvester/v1.8.2,golang.org/x/net,v0.53.0,gobinary,CVE-2026-42506,MEDIUM,https://avd.aquasec.com/nvd/cve-2026-42506,manager,0.55.0,false,not_affected,vulnerable_code_not_in_execute_path
rancher/turtles:v0.26.3,harvester/v1.8.2,golang.org/x/crypto,v0.50.0,gobinary,CVE-2026-42508,HIGH,https://avd.aquasec.com/nvd/cve-2026-42508,manager,0.52.0,false,not_affected,vulnerable_code_not_present
rancher/turtles:v0.26.3,harvester/v1.8.2,golang.org/x/crypto,v0.50.0,gobinary,CVE-2026-46595,HIGH,https://avd.aquasec.com/nvd/cve-2026-46595,manager,0.52.0,false,not_affected,vulnerable_code_not_present
rancher/turtles:v0.26.3,harvester/v1.8.2,golang.org/x/crypto,v0.50.0,gobinary,CVE-2026-46597,HIGH,https://avd.aquasec.com/nvd/cve-2026-46597,manager,0.52.0,false,not_affected,vulnerable_code_not_present
rancher/turtles:v0.26.3,harvester/v1.8.2,golang.org/x/crypto,v0.50.0,gobinary,CVE-2026-46598,MEDIUM,https://avd.aquasec.com/nvd/cve-2026-46598,manager,0.52.0,false,not_affected,vulnerable_code_not_present
rancher/turtles:v0.26.3,harvester/v1.8.2,golang.org/x/net,v0.53.0,gobinary,CVE-2026-46600,HIGH,https://avd.aquasec.com/nvd/cve-2026-46600,manager,0.56.0,false,not_affected,vulnerable_code_not_present
rancher/turtles:v0.26.3,harvester/v1.8.2,oras.land/oras-go/v2,v2.6.0,gobinary,CVE-2026-50151,HIGH,https://avd.aquasec.com/nvd/cve-2026-50151,manager,2.6.1,false,not_affected,vulnerable_code_not_in_execute_path
rancher/turtles:v0.26.3,harvester/v1.8.2,oras.land/oras-go/v2,v2.6.0,gobinary,CVE-2026-50162,MEDIUM,https://avd.aquasec.com/nvd/cve-2026-50162,manager,2.6.1,false,not_affected,vulnerable_code_not_present
rancher/turtles:v0.26.3,harvester/v1.8.2,oras.land/oras-go/v2,v2.6.0,gobinary,CVE-2026-50163,HIGH,https://avd.aquasec.com/nvd/cve-2026-50163,manager,2.6.2,false,not_affected,vulnerable_code_not_present
registry.k8s.io/descheduler/descheduler:v0.33.0,harvester/v1.8.2,stdlib,v1.24.2,gobinary,CVE-2025-22873,MEDIUM,https://avd.aquasec.com/nvd/cve-2025-22873,bin/descheduler,"1.23.9, 1.24.3",false,not_affected,vulnerable_code_not_in_execute_path
registry.k8s.io/descheduler/descheduler:v0.33.0,harvester/v1.8.2,stdlib,v1.24.2,gobinary,CVE-2025-22874,HIGH,https://avd.aquasec.com/nvd/cve-2025-22874,bin/descheduler,1.24.4,false,affected,
registry.k8s.io/descheduler/descheduler:v0.33.0,harvester/v1.8.2,stdlib,v1.24.2,gobinary,CVE-2025-47907,MEDIUM,https://avd.aquasec.com/nvd/cve-2025-47907,bin/descheduler,"1.23.12, 1.24.6",false,not_affected,vulnerable_code_not_in_execute_path
registry.k8s.io/descheduler/descheduler:v0.33.0,harvester/v1.8.2,golang.org/x/net,v0.38.0,gobinary,CVE-2025-47911,MEDIUM,https://avd.aquasec.com/nvd/cve-2025-47911,bin/descheduler,0.45.0,false,not_affected,vulnerable_code_not_present
registry.k8s.io/descheduler/descheduler:v0.33.0,harvester/v1.8.2,stdlib,v1.24.2,gobinary,CVE-2025-47912,HIGH,https://avd.aquasec.com/nvd/cve-2025-47912,bin/descheduler,"1.24.8, 1.25.2",false,affected,severity_changed_due_to_suse_cvss_score
registry.k8s.io/descheduler/descheduler:v0.33.0,harvester/v1.8.2,golang.org/x/crypto,v0.36.0,gobinary,CVE-2025-47913,HIGH,https://avd.aquasec.com/nvd/cve-2025-47913,bin/descheduler,0.43.0,false,not_affected,vulnerable_code_not_present
registry.k8s.io/descheduler/descheduler:v0.33.0,harvester/v1.8.2,golang.org/x/crypto,v0.36.0,gobinary,CVE-2025-47914,MEDIUM,https://avd.aquasec.com/nvd/cve-2025-47914,bin/descheduler,0.45.0,false,not_affected,vulnerable_code_not_present
registry.k8s.io/descheduler/descheduler:v0.33.0,harvester/v1.8.2,golang.org/x/crypto,v0.36.0,gobinary,CVE-2025-58181,MEDIUM,https://avd.aquasec.com/nvd/cve-2025-58181,bin/descheduler,0.45.0,false,not_affected,vulnerable_code_not_present
registry.k8s.io/descheduler/descheduler:v0.33.0,harvester/v1.8.2,stdlib,v1.24.2,gobinary,CVE-2025-58183,MEDIUM,https://avd.aquasec.com/nvd/cve-2025-58183,bin/descheduler,"1.24.8, 1.25.2",false,not_affected,vulnerable_code_not_present
registry.k8s.io/descheduler/descheduler:v0.33.0,harvester/v1.8.2,stdlib,v1.24.2,gobinary,CVE-2025-58188,HIGH,https://avd.aquasec.com/nvd/cve-2025-58188,bin/descheduler,"1.24.8, 1.25.2",false,affected,severity_changed_due_to_suse_cvss_score
registry.k8s.io/descheduler/descheduler:v0.33.0,harvester/v1.8.2,golang.org/x/net,v0.38.0,gobinary,CVE-2025-58190,MEDIUM,https://avd.aquasec.com/nvd/cve-2025-58190,bin/descheduler,0.45.0,false,not_affected,vulnerable_code_not_present
registry.k8s.io/descheduler/descheduler:v0.33.0,harvester/v1.8.2,stdlib,v1.24.2,gobinary,CVE-2025-61727,HIGH,https://avd.aquasec.com/nvd/cve-2025-61727,bin/descheduler,"1.24.11, 1.25.5",false,affected,severity_changed_due_to_suse_cvss_score
registry.k8s.io/descheduler/descheduler:v0.33.0,harvester/v1.8.2,stdlib,v1.24.2,gobinary,CVE-2025-61728,MEDIUM,https://avd.aquasec.com/nvd/cve-2025-61728,bin/descheduler,"1.24.12, 1.25.6",false,not_affected,vulnerable_code_not_present
registry.k8s.io/descheduler/descheduler:v0.33.0,harvester/v1.8.2,stdlib,v1.24.2,gobinary,CVE-2025-61729,HIGH,https://avd.aquasec.com/nvd/cve-2025-61729,bin/descheduler,"1.24.11, 1.25.5",false,affected,
registry.k8s.io/descheduler/descheduler:v0.33.0,harvester/v1.8.2,stdlib,v1.24.2,gobinary,CVE-2025-68121,HIGH,https://avd.aquasec.com/nvd/cve-2025-68121,bin/descheduler,"1.24.13, 1.25.7, 1.26.0-rc.3",false,affected,severity_changed_due_to_suse_cvss_score
registry.k8s.io/descheduler/descheduler:v0.33.0,harvester/v1.8.2,go.opentelemetry.io/otel/sdk,v1.33.0,gobinary,CVE-2026-24051,HIGH,https://avd.aquasec.com/nvd/cve-2026-24051,bin/descheduler,1.40.0,false,not_affected,vulnerable_code_not_present
registry.k8s.io/descheduler/descheduler:v0.33.0,harvester/v1.8.2,golang.org/x/net,v0.38.0,gobinary,CVE-2026-25680,MEDIUM,https://avd.aquasec.com/nvd/cve-2026-25680,bin/descheduler,0.55.0,false,not_affected,vulnerable_code_not_present
registry.k8s.io/descheduler/descheduler:v0.33.0,harvester/v1.8.2,golang.org/x/net,v0.38.0,gobinary,CVE-2026-25681,HIGH,https://avd.aquasec.com/nvd/cve-2026-25681,bin/descheduler,0.55.0,false,not_affected,vulnerable_code_not_present
registry.k8s.io/descheduler/descheduler:v0.33.0,harvester/v1.8.2,golang.org/x/net,v0.38.0,gobinary,CVE-2026-27136,HIGH,https://avd.aquasec.com/nvd/cve-2026-27136,bin/descheduler,0.55.0,false,not_affected,vulnerable_code_not_present
registry.k8s.io/descheduler/descheduler:v0.33.0,harvester/v1.8.2,stdlib,v1.24.2,gobinary,CVE-2026-32280,HIGH,https://avd.aquasec.com/nvd/cve-2026-32280,bin/descheduler,"1.25.9, 1.26.2",false,affected,
registry.k8s.io/descheduler/descheduler:v0.33.0,harvester/v1.8.2,stdlib,v1.24.2,gobinary,CVE-2026-32282,MEDIUM,https://avd.aquasec.com/nvd/cve-2026-32282,bin/descheduler,"1.25.9, 1.26.2",false,not_affected,vulnerable_code_not_in_execute_path
registry.k8s.io/descheduler/descheduler:v0.33.0,harvester/v1.8.2,stdlib,v1.24.2,gobinary,CVE-2026-32288,MEDIUM,https://avd.aquasec.com/nvd/cve-2026-32288,bin/descheduler,"1.25.9, 1.26.2",false,not_affected,vulnerable_code_not_present
registry.k8s.io/descheduler/descheduler:v0.33.0,harvester/v1.8.2,google.golang.org/grpc,v1.68.1,gobinary,CVE-2026-33186,HIGH,https://avd.aquasec.com/nvd/cve-2026-33186,bin/descheduler,1.79.3,false,affected,severity_changed_due_to_suse_cvss_score
registry.k8s.io/descheduler/descheduler:v0.33.0,harvester/v1.8.2,stdlib,v1.24.2,gobinary,CVE-2026-33811,HIGH,https://avd.aquasec.com/nvd/cve-2026-33811,bin/descheduler,"1.25.10, 1.26.3",false,affected,
registry.k8s.io/descheduler/descheduler:v0.33.0,harvester/v1.8.2,golang.org/x/net,v0.38.0,gobinary,CVE-2026-33814,HIGH,https://avd.aquasec.com/nvd/cve-2026-33814,bin/descheduler,0.53.0,false,affected,
registry.k8s.io/descheduler/descheduler:v0.33.0,harvester/v1.8.2,stdlib,v1.24.2,gobinary,CVE-2026-33814,HIGH,https://avd.aquasec.com/nvd/cve-2026-33814,bin/descheduler,"1.25.10, 1.26.3",false,affected,
registry.k8s.io/descheduler/descheduler:v0.33.0,harvester/v1.8.2,stdlib,v1.24.2,gobinary,CVE-2026-39820,HIGH,https://avd.aquasec.com/nvd/cve-2026-39820,bin/descheduler,"1.25.10, 1.26.3",false,affected,
registry.k8s.io/descheduler/descheduler:v0.33.0,harvester/v1.8.2,golang.org/x/net,v0.38.0,gobinary,CVE-2026-39821,HIGH,https://avd.aquasec.com/nvd/cve-2026-39821,bin/descheduler,0.55.0,false,affected,
registry.k8s.io/descheduler/descheduler:v0.33.0,harvester/v1.8.2,stdlib,v1.24.2,gobinary,CVE-2026-39822,HIGH,https://avd.aquasec.com/nvd/cve-2026-39822,bin/descheduler,"1.25.12, 1.26.5, 1.27.0-rc.2",false,not_affected,vulnerable_code_not_in_execute_path
registry.k8s.io/descheduler/descheduler:v0.33.0,harvester/v1.8.2,stdlib,v1.24.2,gobinary,CVE-2026-39825,MEDIUM,https://avd.aquasec.com/nvd/cve-2026-39825,bin/descheduler,"1.25.10, 1.26.3",false,not_affected,vulnerable_code_not_in_execute_path
registry.k8s.io/descheduler/descheduler:v0.33.0,harvester/v1.8.2,golang.org/x/crypto,v0.36.0,gobinary,CVE-2026-39827,MEDIUM,https://avd.aquasec.com/nvd/cve-2026-39827,bin/descheduler,0.52.0,false,not_affected,vulnerable_code_not_present
registry.k8s.io/descheduler/descheduler:v0.33.0,harvester/v1.8.2,golang.org/x/crypto,v0.36.0,gobinary,CVE-2026-39828,HIGH,https://avd.aquasec.com/nvd/cve-2026-39828,bin/descheduler,0.52.0,false,not_affected,vulnerable_code_not_present
registry.k8s.io/descheduler/descheduler:v0.33.0,harvester/v1.8.2,golang.org/x/crypto,v0.36.0,gobinary,CVE-2026-39829,HIGH,https://avd.aquasec.com/nvd/cve-2026-39829,bin/descheduler,0.52.0,false,not_affected,vulnerable_code_not_present
registry.k8s.io/descheduler/descheduler:v0.33.0,harvester/v1.8.2,golang.org/x/crypto,v0.36.0,gobinary,CVE-2026-39830,HIGH,https://avd.aquasec.com/nvd/cve-2026-39830,bin/descheduler,0.52.0,false,not_affected,vulnerable_code_not_present
registry.k8s.io/descheduler/descheduler:v0.33.0,harvester/v1.8.2,golang.org/x/crypto,v0.36.0,gobinary,CVE-2026-39831,HIGH,https://avd.aquasec.com/nvd/cve-2026-39831,bin/descheduler,0.52.0,false,not_affected,vulnerable_code_not_present
registry.k8s.io/descheduler/descheduler:v0.33.0,harvester/v1.8.2,golang.org/x/crypto,v0.36.0,gobinary,CVE-2026-39832,HIGH,https://avd.aquasec.com/nvd/cve-2026-39832,bin/descheduler,0.52.0,false,not_affected,vulnerable_code_not_present
registry.k8s.io/descheduler/descheduler:v0.33.0,harvester/v1.8.2,golang.org/x/crypto,v0.36.0,gobinary,CVE-2026-39833,MEDIUM,https://avd.aquasec.com/nvd/cve-2026-39833,bin/descheduler,0.52.0,false,not_affected,vulnerable_code_not_present
registry.k8s.io/descheduler/descheduler:v0.33.0,harvester/v1.8.2,golang.org/x/crypto,v0.36.0,gobinary,CVE-2026-39834,MEDIUM,https://avd.aquasec.com/nvd/cve-2026-39834,bin/descheduler,0.52.0,false,not_affected,vulnerable_code_not_present
registry.k8s.io/descheduler/descheduler:v0.33.0,harvester/v1.8.2,golang.org/x/crypto,v0.36.0,gobinary,CVE-2026-39835,HIGH,https://avd.aquasec.com/nvd/cve-2026-39835,bin/descheduler,0.52.0,false,not_affected,vulnerable_code_not_present
registry.k8s.io/descheduler/descheduler:v0.33.0,harvester/v1.8.2,stdlib,v1.24.2,gobinary,CVE-2026-39836,HIGH,https://avd.aquasec.com/nvd/cve-2026-39836,bin/descheduler,"1.25.10, 1.26.3",false,affected,
registry.k8s.io/descheduler/descheduler:v0.33.0,harvester/v1.8.2,go.opentelemetry.io/otel/sdk,v1.33.0,gobinary,CVE-2026-39883,HIGH,https://avd.aquasec.com/nvd/cve-2026-39883,bin/descheduler,1.43.0,false,not_affected,vulnerable_code_not_present
registry.k8s.io/descheduler/descheduler:v0.33.0,harvester/v1.8.2,stdlib,v1.24.2,gobinary,CVE-2026-42499,HIGH,https://avd.aquasec.com/nvd/cve-2026-42499,bin/descheduler,"1.25.10, 1.26.3",false,affected,
registry.k8s.io/descheduler/descheduler:v0.33.0,harvester/v1.8.2,golang.org/x/net,v0.38.0,gobinary,CVE-2026-42502,MEDIUM,https://avd.aquasec.com/nvd/cve-2026-42502,bin/descheduler,0.55.0,false,not_affected,vulnerable_code_not_present
registry.k8s.io/descheduler/descheduler:v0.33.0,harvester/v1.8.2,golang.org/x/net,v0.38.0,gobinary,CVE-2026-42506,MEDIUM,https://avd.aquasec.com/nvd/cve-2026-42506,bin/descheduler,0.55.0,false,not_affected,vulnerable_code_not_present
registry.k8s.io/descheduler/descheduler:v0.33.0,harvester/v1.8.2,golang.org/x/crypto,v0.36.0,gobinary,CVE-2026-42508,HIGH,https://avd.aquasec.com/nvd/cve-2026-42508,bin/descheduler,0.52.0,false,not_affected,vulnerable_code_not_present
registry.k8s.io/descheduler/descheduler:v0.33.0,harvester/v1.8.2,golang.org/x/crypto,v0.36.0,gobinary,CVE-2026-46595,HIGH,https://avd.aquasec.com/nvd/cve-2026-46595,bin/descheduler,0.52.0,false,not_affected,vulnerable_code_not_present
registry.k8s.io/descheduler/descheduler:v0.33.0,harvester/v1.8.2,golang.org/x/crypto,v0.36.0,gobinary,CVE-2026-46597,HIGH,https://avd.aquasec.com/nvd/cve-2026-46597,bin/descheduler,0.52.0,false,not_affected,vulnerable_code_not_present
registry.k8s.io/descheduler/descheduler:v0.33.0,harvester/v1.8.2,golang.org/x/crypto,v0.36.0,gobinary,CVE-2026-46598,MEDIUM,https://avd.aquasec.com/nvd/cve-2026-46598,bin/descheduler,0.52.0,false,not_affected,vulnerable_code_not_present
registry.k8s.io/descheduler/descheduler:v0.33.0,harvester/v1.8.2,golang.org/x/net,v0.38.0,gobinary,CVE-2026-46600,HIGH,https://avd.aquasec.com/nvd/cve-2026-46600,bin/descheduler,0.56.0,false,not_affected,vulnerable_code_not_present
registry.k8s.io/descheduler/descheduler:v0.33.0,harvester/v1.8.2,golang.org/x/text,v0.23.0,gobinary,CVE-2026-56852,HIGH,https://avd.aquasec.com/nvd/cve-2026-56852,bin/descheduler,0.39.0,false,not_affected,vulnerable_code_not_in_execute_path
registry.k8s.io/descheduler/descheduler:v0.33.0,harvester/v1.8.2,google.golang.org/grpc,v1.68.1,gobinary,GHSA-hrxh-6v49-42gf,HIGH,https://github.com/advisories/GHSA-hrxh-6v49-42gf,bin/descheduler,1.82.1,false,affected,
registry.k8s.io/sig-storage/snapshot-controller:v8.5.0,harvester/v1.8.2,golang.org/x/net,v0.49.0,gobinary,CVE-2026-25680,MEDIUM,https://avd.aquasec.com/nvd/cve-2026-25680,snapshot-controller,0.55.0,false,not_affected,vulnerable_code_not_present
registry.k8s.io/sig-storage/snapshot-controller:v8.5.0,harvester/v1.8.2,golang.org/x/net,v0.49.0,gobinary,CVE-2026-25681,HIGH,https://avd.aquasec.com/nvd/cve-2026-25681,snapshot-controller,0.55.0,false,not_affected,vulnerable_code_not_present
registry.k8s.io/sig-storage/snapshot-controller:v8.5.0,harvester/v1.8.2,golang.org/x/net,v0.49.0,gobinary,CVE-2026-27136,HIGH,https://avd.aquasec.com/nvd/cve-2026-27136,snapshot-controller,0.55.0,false,not_affected,vulnerable_code_not_present
registry.k8s.io/sig-storage/snapshot-controller:v8.5.0,harvester/v1.8.2,go.opentelemetry.io/otel,v1.40.0,gobinary,CVE-2026-29181,HIGH,https://avd.aquasec.com/nvd/cve-2026-29181,snapshot-controller,1.41.0,false,affected,
registry.k8s.io/sig-storage/snapshot-controller:v8.5.0,harvester/v1.8.2,stdlib,v1.25.7,gobinary,CVE-2026-32280,HIGH,https://avd.aquasec.com/nvd/cve-2026-32280,snapshot-controller,"1.25.9, 1.26.2",false,affected,
registry.k8s.io/sig-storage/snapshot-controller:v8.5.0,harvester/v1.8.2,stdlib,v1.25.7,gobinary,CVE-2026-32282,MEDIUM,https://avd.aquasec.com/nvd/cve-2026-32282,snapshot-controller,"1.25.9, 1.26.2",false,not_affected,vulnerable_code_not_in_execute_path
registry.k8s.io/sig-storage/snapshot-controller:v8.5.0,harvester/v1.8.2,stdlib,v1.25.7,gobinary,CVE-2026-32288,MEDIUM,https://avd.aquasec.com/nvd/cve-2026-32288,snapshot-controller,"1.25.9, 1.26.2",false,not_affected,vulnerable_code_not_present
registry.k8s.io/sig-storage/snapshot-controller:v8.5.0,harvester/v1.8.2,google.golang.org/grpc,v1.78.0,gobinary,CVE-2026-33186,CRITICAL,https://avd.aquasec.com/nvd/cve-2026-33186,snapshot-controller,1.79.3,false,not_affected,vulnerable_code_not_in_execute_path
registry.k8s.io/sig-storage/snapshot-controller:v8.5.0,harvester/v1.8.2,stdlib,v1.25.7,gobinary,CVE-2026-33811,HIGH,https://avd.aquasec.com/nvd/cve-2026-33811,snapshot-controller,"1.25.10, 1.26.3",false,affected,
registry.k8s.io/sig-storage/snapshot-controller:v8.5.0,harvester/v1.8.2,golang.org/x/net,v0.49.0,gobinary,CVE-2026-33814,HIGH,https://avd.aquasec.com/nvd/cve-2026-33814,snapshot-controller,0.53.0,false,affected,
registry.k8s.io/sig-storage/snapshot-controller:v8.5.0,harvester/v1.8.2,stdlib,v1.25.7,gobinary,CVE-2026-33814,HIGH,https://avd.aquasec.com/nvd/cve-2026-33814,snapshot-controller,"1.25.10, 1.26.3",false,affected,
registry.k8s.io/sig-storage/snapshot-controller:v8.5.0,harvester/v1.8.2,stdlib,v1.25.7,gobinary,CVE-2026-39820,HIGH,https://avd.aquasec.com/nvd/cve-2026-39820,snapshot-controller,"1.25.10, 1.26.3",false,affected,
registry.k8s.io/sig-storage/snapshot-controller:v8.5.0,harvester/v1.8.2,golang.org/x/net,v0.49.0,gobinary,CVE-2026-39821,HIGH,https://avd.aquasec.com/nvd/cve-2026-39821,snapshot-controller,0.55.0,false,affected,
registry.k8s.io/sig-storage/snapshot-controller:v8.5.0,harvester/v1.8.2,stdlib,v1.25.7,gobinary,CVE-2026-39822,HIGH,https://avd.aquasec.com/nvd/cve-2026-39822,snapshot-controller,"1.25.12, 1.26.5, 1.27.0-rc.2",false,not_affected,vulnerable_code_not_in_execute_path
registry.k8s.io/sig-storage/snapshot-controller:v8.5.0,harvester/v1.8.2,stdlib,v1.25.7,gobinary,CVE-2026-39825,MEDIUM,https://avd.aquasec.com/nvd/cve-2026-39825,snapshot-controller,"1.25.10, 1.26.3",false,not_affected,vulnerable_code_not_in_execute_path
registry.k8s.io/sig-storage/snapshot-controller:v8.5.0,harvester/v1.8.2,golang.org/x/crypto,v0.47.0,gobinary,CVE-2026-39827,MEDIUM,https://avd.aquasec.com/nvd/cve-2026-39827,snapshot-controller,0.52.0,false,not_affected,vulnerable_code_not_present
registry.k8s.io/sig-storage/snapshot-controller:v8.5.0,harvester/v1.8.2,golang.org/x/crypto,v0.47.0,gobinary,CVE-2026-39828,HIGH,https://avd.aquasec.com/nvd/cve-2026-39828,snapshot-controller,0.52.0,false,not_affected,vulnerable_code_not_present
registry.k8s.io/sig-storage/snapshot-controller:v8.5.0,harvester/v1.8.2,golang.org/x/crypto,v0.47.0,gobinary,CVE-2026-39829,HIGH,https://avd.aquasec.com/nvd/cve-2026-39829,snapshot-controller,0.52.0,false,not_affected,vulnerable_code_not_present
registry.k8s.io/sig-storage/snapshot-controller:v8.5.0,harvester/v1.8.2,golang.org/x/crypto,v0.47.0,gobinary,CVE-2026-39830,HIGH,https://avd.aquasec.com/nvd/cve-2026-39830,snapshot-controller,0.52.0,false,not_affected,vulnerable_code_not_present
registry.k8s.io/sig-storage/snapshot-controller:v8.5.0,harvester/v1.8.2,golang.org/x/crypto,v0.47.0,gobinary,CVE-2026-39831,HIGH,https://avd.aquasec.com/nvd/cve-2026-39831,snapshot-controller,0.52.0,false,not_affected,vulnerable_code_not_present
registry.k8s.io/sig-storage/snapshot-controller:v8.5.0,harvester/v1.8.2,golang.org/x/crypto,v0.47.0,gobinary,CVE-2026-39832,HIGH,https://avd.aquasec.com/nvd/cve-2026-39832,snapshot-controller,0.52.0,false,not_affected,vulnerable_code_not_present
registry.k8s.io/sig-storage/snapshot-controller:v8.5.0,harvester/v1.8.2,golang.org/x/crypto,v0.47.0,gobinary,CVE-2026-39833,MEDIUM,https://avd.aquasec.com/nvd/cve-2026-39833,snapshot-controller,0.52.0,false,not_affected,vulnerable_code_not_present
registry.k8s.io/sig-storage/snapshot-controller:v8.5.0,harvester/v1.8.2,golang.org/x/crypto,v0.47.0,gobinary,CVE-2026-39834,MEDIUM,https://avd.aquasec.com/nvd/cve-2026-39834,snapshot-controller,0.52.0,false,not_affected,vulnerable_code_not_present
registry.k8s.io/sig-storage/snapshot-controller:v8.5.0,harvester/v1.8.2,golang.org/x/crypto,v0.47.0,gobinary,CVE-2026-39835,HIGH,https://avd.aquasec.com/nvd/cve-2026-39835,snapshot-controller,0.52.0,false,not_affected,vulnerable_code_not_present
registry.k8s.io/sig-storage/snapshot-controller:v8.5.0,harvester/v1.8.2,stdlib,v1.25.7,gobinary,CVE-2026-39836,HIGH,https://avd.aquasec.com/nvd/cve-2026-39836,snapshot-controller,"1.25.10, 1.26.3",false,affected,
registry.k8s.io/sig-storage/snapshot-controller:v8.5.0,harvester/v1.8.2,go.opentelemetry.io/otel/sdk,v1.40.0,gobinary,CVE-2026-39883,HIGH,https://avd.aquasec.com/nvd/cve-2026-39883,snapshot-controller,1.43.0,false,not_affected,vulnerable_code_not_in_execute_path
registry.k8s.io/sig-storage/snapshot-controller:v8.5.0,harvester/v1.8.2,stdlib,v1.25.7,gobinary,CVE-2026-42499,HIGH,https://avd.aquasec.com/nvd/cve-2026-42499,snapshot-controller,"1.25.10, 1.26.3",false,affected,
registry.k8s.io/sig-storage/snapshot-controller:v8.5.0,harvester/v1.8.2,golang.org/x/net,v0.49.0,gobinary,CVE-2026-42502,MEDIUM,https://avd.aquasec.com/nvd/cve-2026-42502,snapshot-controller,0.55.0,false,not_affected,vulnerable_code_not_present
registry.k8s.io/sig-storage/snapshot-controller:v8.5.0,harvester/v1.8.2,golang.org/x/net,v0.49.0,gobinary,CVE-2026-42506,MEDIUM,https://avd.aquasec.com/nvd/cve-2026-42506,snapshot-controller,0.55.0,false,not_affected,vulnerable_code_not_present
registry.k8s.io/sig-storage/snapshot-controller:v8.5.0,harvester/v1.8.2,golang.org/x/crypto,v0.47.0,gobinary,CVE-2026-42508,HIGH,https://avd.aquasec.com/nvd/cve-2026-42508,snapshot-controller,0.52.0,false,not_affected,vulnerable_code_not_present
registry.k8s.io/sig-storage/snapshot-controller:v8.5.0,harvester/v1.8.2,golang.org/x/crypto,v0.47.0,gobinary,CVE-2026-46595,HIGH,https://avd.aquasec.com/nvd/cve-2026-46595,snapshot-controller,0.52.0,false,not_affected,vulnerable_code_not_present
registry.k8s.io/sig-storage/snapshot-controller:v8.5.0,harvester/v1.8.2,golang.org/x/crypto,v0.47.0,gobinary,CVE-2026-46597,HIGH,https://avd.aquasec.com/nvd/cve-2026-46597,snapshot-controller,0.52.0,false,not_affected,vulnerable_code_not_present
registry.k8s.io/sig-storage/snapshot-controller:v8.5.0,harvester/v1.8.2,golang.org/x/crypto,v0.47.0,gobinary,CVE-2026-46598,MEDIUM,https://avd.aquasec.com/nvd/cve-2026-46598,snapshot-controller,0.52.0,false,not_affected,vulnerable_code_not_present
registry.k8s.io/sig-storage/snapshot-controller:v8.5.0,harvester/v1.8.2,golang.org/x/net,v0.49.0,gobinary,CVE-2026-46600,HIGH,https://avd.aquasec.com/nvd/cve-2026-46600,snapshot-controller,0.56.0,false,not_affected,vulnerable_code_not_present
registry.k8s.io/sig-storage/snapshot-controller:v8.5.0,harvester/v1.8.2,google.golang.org/grpc,v1.78.0,gobinary,GHSA-hrxh-6v49-42gf,HIGH,https://github.com/advisories/GHSA-hrxh-6v49-42gf,snapshot-controller,1.82.1,false,affected,
registry.suse.com/suse/sles/15.7/cdi-apiserver:1.64.0-150700.9.11.1,harvester/v1.8.2,libfdisk1,2.40.4-150700.4.10.1,sles,SUSE-SU-2026:2485-1,MEDIUM,,registry.suse.com/suse/sles/15.7/cdi-apiserver:1.64.0-150700.9.11.1 (sles 15.7),2.40.4-150700.4.13.1,false,not_affected,vulnerable_code_not_in_execute_path
registry.suse.com/suse/sles/15.7/cdi-apiserver:1.64.0-150700.9.11.1,harvester/v1.8.2,libmount1,2.40.4-150700.4.10.1,sles,SUSE-SU-2026:2485-1,MEDIUM,,registry.suse.com/suse/sles/15.7/cdi-apiserver:1.64.0-150700.9.11.1 (sles 15.7),2.40.4-150700.4.13.1,false,not_affected,vulnerable_code_not_in_execute_path
registry.suse.com/suse/sles/15.7/cdi-apiserver:1.64.0-150700.9.11.1,harvester/v1.8.2,libsqlite3-0,3.51.3-150000.3.39.1,sles,SUSE-SU-2026:2528-1,HIGH,,registry.suse.com/suse/sles/15.7/cdi-apiserver:1.64.0-150700.9.11.1 (sles 15.7),3.53.2-150000.3.42.1,false,affected,
registry.suse.com/suse/sles/15.7/cdi-apiserver:1.64.0-150700.9.11.1,harvester/v1.8.2,libsolv-tools-base,0.7.35-150700.11.5.2,sles,SUSE-SU-2026:2531-1,HIGH,,registry.suse.com/suse/sles/15.7/cdi-apiserver:1.64.0-150700.9.11.1 (sles 15.7),0.7.39-150700.11.10.1,false,not_affected,vulnerable_code_not_in_execute_path
registry.suse.com/suse/sles/15.7/cdi-apiserver:1.64.0-150700.9.11.1,harvester/v1.8.2,libzypp,17.37.18-150700.6.3.1,sles,SUSE-SU-2026:2531-1,HIGH,,registry.suse.com/suse/sles/15.7/cdi-apiserver:1.64.0-150700.9.11.1 (sles 15.7),17.38.13-150700.6.13.1,false,affected,
registry.suse.com/suse/sles/15.7/cdi-apiserver:1.64.0-150700.9.11.1,harvester/v1.8.2,zypper,1.14.94-150700.13.3.1,sles,SUSE-SU-2026:2531-1,HIGH,,registry.suse.com/suse/sles/15.7/cdi-apiserver:1.64.0-150700.9.11.1 (sles 15.7),1.14.98-150700.13.6.1,false,not_affected,vulnerable_code_not_in_execute_path
registry.suse.com/suse/sles/15.7/cdi-apiserver:1.64.0-150700.9.11.1,harvester/v1.8.2,libopenssl-3-fips-provider,3.2.3-150700.5.31.1,sles,SUSE-SU-2026:2648-1,HIGH,,registry.suse.com/suse/sles/15.7/cdi-apiserver:1.64.0-150700.9.11.1 (sles 15.7),3.2.3-150700.5.36.1,false,affected,
registry.suse.com/suse/sles/15.7/cdi-apiserver:1.64.0-150700.9.11.1,harvester/v1.8.2,libopenssl3,3.2.3-150700.5.31.1,sles,SUSE-SU-2026:2648-1,HIGH,,registry.suse.com/suse/sles/15.7/cdi-apiserver:1.64.0-150700.9.11.1 (sles 15.7),3.2.3-150700.5.36.1,false,affected,
registry.suse.com/suse/sles/15.7/cdi-apiserver:1.64.0-150700.9.11.1,harvester/v1.8.2,openssl-3,3.2.3-150700.5.31.1,sles,SUSE-SU-2026:2648-1,HIGH,,registry.suse.com/suse/sles/15.7/cdi-apiserver:1.64.0-150700.9.11.1 (sles 15.7),3.2.3-150700.5.36.1,false,affected,
registry.suse.com/suse/sles/15.7/cdi-apiserver:1.64.0-150700.9.11.1,harvester/v1.8.2,tar,1.34-150000.3.37.1,sles,SUSE-SU-2026:2714-1,MEDIUM,,registry.suse.com/suse/sles/15.7/cdi-apiserver:1.64.0-150700.9.11.1 (sles 15.7),1.34-150000.3.42.1,false,not_affected,vulnerable_code_not_in_execute_path
registry.suse.com/suse/sles/15.7/cdi-apiserver:1.64.0-150700.9.11.1,harvester/v1.8.2,krb5,1.20.1-150600.11.14.1,sles,SUSE-SU-2026:2848-1,HIGH,,registry.suse.com/suse/sles/15.7/cdi-apiserver:1.64.0-150700.9.11.1 (sles 15.7),1.20.1-150600.11.19.1,false,affected,
registry.suse.com/suse/sles/15.7/cdi-apiserver:1.64.0-150700.9.11.1,harvester/v1.8.2,curl,8.14.1-150700.7.14.1,sles,SUSE-SU-2026:2925-1,HIGH,,registry.suse.com/suse/sles/15.7/cdi-apiserver:1.64.0-150700.9.11.1 (sles 15.7),8.14.1-150700.7.20.1,false,not_affected,vulnerable_code_not_in_execute_path
registry.suse.com/suse/sles/15.7/cdi-apiserver:1.64.0-150700.9.11.1,harvester/v1.8.2,libcurl4,8.14.1-150700.7.14.1,sles,SUSE-SU-2026:2925-1,HIGH,,registry.suse.com/suse/sles/15.7/cdi-apiserver:1.64.0-150700.9.11.1 (sles 15.7),8.14.1-150700.7.20.1,false,affected,
registry.suse.com/suse/sles/15.7/cdi-apiserver:1.64.0-150700.9.11.1,harvester/v1.8.2,libxml2-2,2.12.10-150700.4.11.1,sles,SUSE-SU-2026:3097-1,HIGH,,registry.suse.com/suse/sles/15.7/cdi-apiserver:1.64.0-150700.9.11.1 (sles 15.7),2.12.10-150700.4.14.1,false,not_affected,vulnerable_code_not_in_execute_path
registry.suse.com/suse/sles/15.7/cdi-apiserver:1.64.0-150700.9.11.1,harvester/v1.8.2,gzip,1.10-150200.10.1,sles,SUSE-SU-2026:3269-1,HIGH,,registry.suse.com/suse/sles/15.7/cdi-apiserver:1.64.0-150700.9.11.1 (sles 15.7),1.10-150200.13.1,false,affected,
registry.suse.com/suse/sles/15.7/cdi-apiserver:1.64.0-150700.9.11.1,harvester/v1.8.2,libssh-config,0.9.8-150600.11.12.1,sles,SUSE-SU-2026:3330-1,MEDIUM,,registry.suse.com/suse/sles/15.7/cdi-apiserver:1.64.0-150700.9.11.1 (sles 15.7),0.9.8-150600.11.15.1,false,not_affected,vulnerable_code_not_in_execute_path
registry.suse.com/suse/sles/15.7/cdi-apiserver:1.64.0-150700.9.11.1,harvester/v1.8.2,libssh4,0.9.8-150600.11.12.1,sles,SUSE-SU-2026:3330-1,MEDIUM,,registry.suse.com/suse/sles/15.7/cdi-apiserver:1.64.0-150700.9.11.1 (sles 15.7),0.9.8-150600.11.15.1,false,not_affected,vulnerable_code_not_in_execute_path
registry.suse.com/suse/sles/15.7/cdi-apiserver:1.64.0-150700.9.11.1,harvester/v1.8.2,libglib-2_0-0,2.78.6-150600.4.35.1,sles,SUSE-SU-2026:3341-1,HIGH,,registry.suse.com/suse/sles/15.7/cdi-apiserver:1.64.0-150700.9.11.1 (sles 15.7),2.78.6-150600.4.38.1,false,affected,
registry.suse.com/suse/sles/15.7/cdi-apiserver:1.64.0-150700.9.11.1,harvester/v1.8.2,perl-base,5.26.1-150300.17.20.1,sles,SUSE-SU-2026:3558-1,HIGH,,registry.suse.com/suse/sles/15.7/cdi-apiserver:1.64.0-150700.9.11.1 (sles 15.7),5.26.1-150300.17.23.1,false,affected,
registry.suse.com/suse/sles/15.7/cdi-apiserver:1.64.0-150700.9.11.1,harvester/v1.8.2,rpm-ndb,4.14.3-150400.59.16.1,sles,SUSE-SU-2026:3600-1,HIGH,,registry.suse.com/suse/sles/15.7/cdi-apiserver:1.64.0-150700.9.11.1 (sles 15.7),4.14.3-150400.59.19.1,false,affected,
registry.suse.com/suse/sles/15.7/cdi-cloner:1.64.0-150700.9.11.1,harvester/v1.8.2,libsqlite3-0,3.51.3-150000.3.39.1,sles,SUSE-SU-2026:2528-1,HIGH,,registry.suse.com/suse/sles/15.7/cdi-cloner:1.64.0-150700.9.11.1 (sles 15.7),3.53.2-150000.3.42.1,false,affected,
registry.suse.com/suse/sles/15.7/cdi-cloner:1.64.0-150700.9.11.1,harvester/v1.8.2,libsolv-tools-base,0.7.35-150700.11.5.2,sles,SUSE-SU-2026:2531-1,HIGH,,registry.suse.com/suse/sles/15.7/cdi-cloner:1.64.0-150700.9.11.1 (sles 15.7),0.7.39-150700.11.10.1,false,affected,
registry.suse.com/suse/sles/15.7/cdi-cloner:1.64.0-150700.9.11.1,harvester/v1.8.2,libzypp,17.37.18-150700.6.3.1,sles,SUSE-SU-2026:2531-1,HIGH,,registry.suse.com/suse/sles/15.7/cdi-cloner:1.64.0-150700.9.11.1 (sles 15.7),17.38.13-150700.6.13.1,false,affected,
registry.suse.com/suse/sles/15.7/cdi-cloner:1.64.0-150700.9.11.1,harvester/v1.8.2,zypper,1.14.94-150700.13.3.1,sles,SUSE-SU-2026:2531-1,HIGH,,registry.suse.com/suse/sles/15.7/cdi-cloner:1.64.0-150700.9.11.1 (sles 15.7),1.14.98-150700.13.6.1,false,not_affected,vulnerable_code_not_in_execute_path
registry.suse.com/suse/sles/15.7/cdi-cloner:1.64.0-150700.9.11.1,harvester/v1.8.2,libopenssl-3-fips-provider,3.2.3-150700.5.31.1,sles,SUSE-SU-2026:2648-1,HIGH,,registry.suse.com/suse/sles/15.7/cdi-cloner:1.64.0-150700.9.11.1 (sles 15.7),3.2.3-150700.5.36.1,false,not_affected,vulnerable_code_not_in_execute_path
registry.suse.com/suse/sles/15.7/cdi-cloner:1.64.0-150700.9.11.1,harvester/v1.8.2,libopenssl3,3.2.3-150700.5.31.1,sles,SUSE-SU-2026:2648-1,HIGH,,registry.suse.com/suse/sles/15.7/cdi-cloner:1.64.0-150700.9.11.1 (sles 15.7),3.2.3-150700.5.36.1,false,affected,
registry.suse.com/suse/sles/15.7/cdi-cloner:1.64.0-150700.9.11.1,harvester/v1.8.2,openssl-3,3.2.3-150700.5.31.1,sles,SUSE-SU-2026:2648-1,HIGH,,registry.suse.com/suse/sles/15.7/cdi-cloner:1.64.0-150700.9.11.1 (sles 15.7),3.2.3-150700.5.36.1,false,affected,
registry.suse.com/suse/sles/15.7/cdi-cloner:1.64.0-150700.9.11.1,harvester/v1.8.2,tar,1.34-150000.3.37.1,sles,SUSE-SU-2026:2714-1,MEDIUM,,registry.suse.com/suse/sles/15.7/cdi-cloner:1.64.0-150700.9.11.1 (sles 15.7),1.34-150000.3.42.1,false,not_affected,vulnerable_code_not_in_execute_path
registry.suse.com/suse/sles/15.7/cdi-cloner:1.64.0-150700.9.11.1,harvester/v1.8.2,krb5,1.20.1-150600.11.14.1,sles,SUSE-SU-2026:2848-1,HIGH,,registry.suse.com/suse/sles/15.7/cdi-cloner:1.64.0-150700.9.11.1 (sles 15.7),1.20.1-150600.11.19.1,false,affected,
registry.suse.com/suse/sles/15.7/cdi-cloner:1.64.0-150700.9.11.1,harvester/v1.8.2,curl,8.14.1-150700.7.14.1,sles,SUSE-SU-2026:2925-1,HIGH,,registry.suse.com/suse/sles/15.7/cdi-cloner:1.64.0-150700.9.11.1 (sles 15.7),8.14.1-150700.7.20.1,false,affected,
registry.suse.com/suse/sles/15.7/cdi-cloner:1.64.0-150700.9.11.1,harvester/v1.8.2,libcurl4,8.14.1-150700.7.14.1,sles,SUSE-SU-2026:2925-1,HIGH,,registry.suse.com/suse/sles/15.7/cdi-cloner:1.64.0-150700.9.11.1 (sles 15.7),8.14.1-150700.7.20.1,false,not_affected,vulnerable_code_not_in_execute_path
registry.suse.com/suse/sles/15.7/cdi-cloner:1.64.0-150700.9.11.1,harvester/v1.8.2,libxml2-2,2.12.10-150700.4.11.1,sles,SUSE-SU-2026:3097-1,HIGH,,registry.suse.com/suse/sles/15.7/cdi-cloner:1.64.0-150700.9.11.1 (sles 15.7),2.12.10-150700.4.14.1,false,affected,
registry.suse.com/suse/sles/15.7/cdi-cloner:1.64.0-150700.9.11.1,harvester/v1.8.2,pam,1.3.0-150000.6.86.1,sles,SUSE-SU-2026:3163-1,MEDIUM,,registry.suse.com/suse/sles/15.7/cdi-cloner:1.64.0-150700.9.11.1 (sles 15.7),1.3.0-150000.6.89.1,false,not_affected,vulnerable_code_not_in_execute_path
registry.suse.com/suse/sles/15.7/cdi-cloner:1.64.0-150700.9.11.1,harvester/v1.8.2,libgcrypt20,1.11.0-150700.5.7.1,sles,SUSE-SU-2026:3182-1,MEDIUM,,registry.suse.com/suse/sles/15.7/cdi-cloner:1.64.0-150700.9.11.1 (sles 15.7),1.11.0-150700.5.10.1,false,not_affected,vulnerable_code_not_in_execute_path
registry.suse.com/suse/sles/15.7/cdi-cloner:1.64.0-150700.9.11.1,harvester/v1.8.2,libudev1,254.27-150600.4.62.1,sles,SUSE-SU-2026:3244-1,MEDIUM,,registry.suse.com/suse/sles/15.7/cdi-cloner:1.64.0-150700.9.11.1 (sles 15.7),254.27-150600.4.71.2,false,not_affected,vulnerable_code_not_in_execute_path
registry.suse.com/suse/sles/15.7/cdi-cloner:1.64.0-150700.9.11.1,harvester/v1.8.2,gzip,1.10-150200.10.1,sles,SUSE-SU-2026:3269-1,HIGH,,registry.suse.com/suse/sles/15.7/cdi-cloner:1.64.0-150700.9.11.1 (sles 15.7),1.10-150200.13.1,false,affected,
registry.suse.com/suse/sles/15.7/cdi-cloner:1.64.0-150700.9.11.1,harvester/v1.8.2,libssh-config,0.9.8-150600.11.12.1,sles,SUSE-SU-2026:3330-1,MEDIUM,,registry.suse.com/suse/sles/15.7/cdi-cloner:1.64.0-150700.9.11.1 (sles 15.7),0.9.8-150600.11.15.1,false,not_affected,vulnerable_code_not_in_execute_path
registry.suse.com/suse/sles/15.7/cdi-cloner:1.64.0-150700.9.11.1,harvester/v1.8.2,libssh4,0.9.8-150600.11.12.1,sles,SUSE-SU-2026:3330-1,MEDIUM,,registry.suse.com/suse/sles/15.7/cdi-cloner:1.64.0-150700.9.11.1 (sles 15.7),0.9.8-150600.11.15.1,false,not_affected,vulnerable_code_not_in_execute_path
registry.suse.com/suse/sles/15.7/cdi-cloner:1.64.0-150700.9.11.1,harvester/v1.8.2,libglib-2_0-0,2.78.6-150600.4.35.1,sles,SUSE-SU-2026:3341-1,HIGH,,registry.suse.com/suse/sles/15.7/cdi-cloner:1.64.0-150700.9.11.1 (sles 15.7),2.78.6-150600.4.38.1,false,affected,
registry.suse.com/suse/sles/15.7/cdi-cloner:1.64.0-150700.9.11.1,harvester/v1.8.2,perl-base,5.26.1-150300.17.20.1,sles,SUSE-SU-2026:3558-1,HIGH,,registry.suse.com/suse/sles/15.7/cdi-cloner:1.64.0-150700.9.11.1 (sles 15.7),5.26.1-150300.17.23.1,false,affected,
registry.suse.com/suse/sles/15.7/cdi-cloner:1.64.0-150700.9.11.1,harvester/v1.8.2,rpm-ndb,4.14.3-150400.59.16.1,sles,SUSE-SU-2026:3600-1,HIGH,,registry.suse.com/suse/sles/15.7/cdi-cloner:1.64.0-150700.9.11.1 (sles 15.7),4.14.3-150400.59.19.1,false,affected,
registry.suse.com/suse/sles/15.7/cdi-controller:1.64.0-150700.9.11.1,harvester/v1.8.2,libblkid1,2.40.4-150700.4.10.1,sles,SUSE-SU-2026:2485-1,MEDIUM,,registry.suse.com/suse/sles/15.7/cdi-controller:1.64.0-150700.9.11.1 (sles 15.7),2.40.4-150700.4.13.1,false,not_affected,vulnerable_code_not_in_execute_path
registry.suse.com/suse/sles/15.7/cdi-controller:1.64.0-150700.9.11.1,harvester/v1.8.2,libfdisk1,2.40.4-150700.4.10.1,sles,SUSE-SU-2026:2485-1,MEDIUM,,registry.suse.com/suse/sles/15.7/cdi-controller:1.64.0-150700.9.11.1 (sles 15.7),2.40.4-150700.4.13.1,false,not_affected,vulnerable_code_not_in_execute_path
registry.suse.com/suse/sles/15.7/cdi-controller:1.64.0-150700.9.11.1,harvester/v1.8.2,libsqlite3-0,3.51.3-150000.3.39.1,sles,SUSE-SU-2026:2528-1,HIGH,,registry.suse.com/suse/sles/15.7/cdi-controller:1.64.0-150700.9.11.1 (sles 15.7),3.53.2-150000.3.42.1,false,affected,
registry.suse.com/suse/sles/15.7/cdi-controller:1.64.0-150700.9.11.1,harvester/v1.8.2,libsolv-tools-base,0.7.35-150700.11.5.2,sles,SUSE-SU-2026:2531-1,HIGH,,registry.suse.com/suse/sles/15.7/cdi-controller:1.64.0-150700.9.11.1 (sles 15.7),0.7.39-150700.11.10.1,false,affected,
registry.suse.com/suse/sles/15.7/cdi-controller:1.64.0-150700.9.11.1,harvester/v1.8.2,libzypp,17.37.18-150700.6.3.1,sles,SUSE-SU-2026:2531-1,HIGH,,registry.suse.com/suse/sles/15.7/cdi-controller:1.64.0-150700.9.11.1 (sles 15.7),17.38.13-150700.6.13.1,false,affected,
registry.suse.com/suse/sles/15.7/cdi-controller:1.64.0-150700.9.11.1,harvester/v1.8.2,zypper,1.14.94-150700.13.3.1,sles,SUSE-SU-2026:2531-1,HIGH,,registry.suse.com/suse/sles/15.7/cdi-controller:1.64.0-150700.9.11.1 (sles 15.7),1.14.98-150700.13.6.1,false,affected,
registry.suse.com/suse/sles/15.7/cdi-controller:1.64.0-150700.9.11.1,harvester/v1.8.2,libopenssl-3-fips-provider,3.2.3-150700.5.31.1,sles,SUSE-SU-2026:2648-1,HIGH,,registry.suse.com/suse/sles/15.7/cdi-controller:1.64.0-150700.9.11.1 (sles 15.7),3.2.3-150700.5.36.1,false,affected,
registry.suse.com/suse/sles/15.7/cdi-controller:1.64.0-150700.9.11.1,harvester/v1.8.2,libopenssl3,3.2.3-150700.5.31.1,sles,SUSE-SU-2026:2648-1,HIGH,,registry.suse.com/suse/sles/15.7/cdi-controller:1.64.0-150700.9.11.1 (sles 15.7),3.2.3-150700.5.36.1,false,affected,
registry.suse.com/suse/sles/15.7/cdi-controller:1.64.0-150700.9.11.1,harvester/v1.8.2,openssl-3,3.2.3-150700.5.31.1,sles,SUSE-SU-2026:2648-1,HIGH,,registry.suse.com/suse/sles/15.7/cdi-controller:1.64.0-150700.9.11.1 (sles 15.7),3.2.3-150700.5.36.1,false,not_affected,vulnerable_code_not_in_execute_path
registry.suse.com/suse/sles/15.7/cdi-controller:1.64.0-150700.9.11.1,harvester/v1.8.2,tar,1.34-150000.3.37.1,sles,SUSE-SU-2026:2714-1,MEDIUM,,registry.suse.com/suse/sles/15.7/cdi-controller:1.64.0-150700.9.11.1 (sles 15.7),1.34-150000.3.42.1,false,not_affected,vulnerable_code_not_in_execute_path
registry.suse.com/suse/sles/15.7/cdi-controller:1.64.0-150700.9.11.1,harvester/v1.8.2,krb5,1.20.1-150600.11.14.1,sles,SUSE-SU-2026:2848-1,HIGH,,registry.suse.com/suse/sles/15.7/cdi-controller:1.64.0-150700.9.11.1 (sles 15.7),1.20.1-150600.11.19.1,false,affected,
registry.suse.com/suse/sles/15.7/cdi-controller:1.64.0-150700.9.11.1,harvester/v1.8.2,curl,8.14.1-150700.7.14.1,sles,SUSE-SU-2026:2925-1,HIGH,,registry.suse.com/suse/sles/15.7/cdi-controller:1.64.0-150700.9.11.1 (sles 15.7),8.14.1-150700.7.20.1,false,affected,
registry.suse.com/suse/sles/15.7/cdi-controller:1.64.0-150700.9.11.1,harvester/v1.8.2,libcurl4,8.14.1-150700.7.14.1,sles,SUSE-SU-2026:2925-1,HIGH,,registry.suse.com/suse/sles/15.7/cdi-controller:1.64.0-150700.9.11.1 (sles 15.7),8.14.1-150700.7.20.1,false,affected,
registry.suse.com/suse/sles/15.7/cdi-controller:1.64.0-150700.9.11.1,harvester/v1.8.2,libxml2-2,2.12.10-150700.4.11.1,sles,SUSE-SU-2026:3097-1,HIGH,,registry.suse.com/suse/sles/15.7/cdi-controller:1.64.0-150700.9.11.1 (sles 15.7),2.12.10-150700.4.14.1,false,affected,
registry.suse.com/suse/sles/15.7/cdi-controller:1.64.0-150700.9.11.1,harvester/v1.8.2,libudev1,254.27-150600.4.62.1,sles,SUSE-SU-2026:3244-1,MEDIUM,,registry.suse.com/suse/sles/15.7/cdi-controller:1.64.0-150700.9.11.1 (sles 15.7),254.27-150600.4.71.2,false,not_affected,vulnerable_code_not_in_execute_path
registry.suse.com/suse/sles/15.7/cdi-controller:1.64.0-150700.9.11.1,harvester/v1.8.2,gzip,1.10-150200.10.1,sles,SUSE-SU-2026:3269-1,HIGH,,registry.suse.com/suse/sles/15.7/cdi-controller:1.64.0-150700.9.11.1 (sles 15.7),1.10-150200.13.1,false,affected,
registry.suse.com/suse/sles/15.7/cdi-controller:1.64.0-150700.9.11.1,harvester/v1.8.2,libssh-config,0.9.8-150600.11.12.1,sles,SUSE-SU-2026:3330-1,MEDIUM,,registry.suse.com/suse/sles/15.7/cdi-controller:1.64.0-150700.9.11.1 (sles 15.7),0.9.8-150600.11.15.1,false,not_affected,vulnerable_code_not_in_execute_path
registry.suse.com/suse/sles/15.7/cdi-controller:1.64.0-150700.9.11.1,harvester/v1.8.2,libssh4,0.9.8-150600.11.12.1,sles,SUSE-SU-2026:3330-1,MEDIUM,,registry.suse.com/suse/sles/15.7/cdi-controller:1.64.0-150700.9.11.1 (sles 15.7),0.9.8-150600.11.15.1,false,not_affected,vulnerable_code_not_in_execute_path
registry.suse.com/suse/sles/15.7/cdi-controller:1.64.0-150700.9.11.1,harvester/v1.8.2,libglib-2_0-0,2.78.6-150600.4.35.1,sles,SUSE-SU-2026:3341-1,HIGH,,registry.suse.com/suse/sles/15.7/cdi-controller:1.64.0-150700.9.11.1 (sles 15.7),2.78.6-150600.4.38.1,false,not_affected,vulnerable_code_not_in_execute_path
registry.suse.com/suse/sles/15.7/cdi-controller:1.64.0-150700.9.11.1,harvester/v1.8.2,perl-base,5.26.1-150300.17.20.1,sles,SUSE-SU-2026:3558-1,HIGH,,registry.suse.com/suse/sles/15.7/cdi-controller:1.64.0-150700.9.11.1 (sles 15.7),5.26.1-150300.17.23.1,false,affected,
registry.suse.com/suse/sles/15.7/cdi-controller:1.64.0-150700.9.11.1,harvester/v1.8.2,rpm-ndb,4.14.3-150400.59.16.1,sles,SUSE-SU-2026:3600-1,HIGH,,registry.suse.com/suse/sles/15.7/cdi-controller:1.64.0-150700.9.11.1 (sles 15.7),4.14.3-150400.59.19.1,false,affected,
registry.suse.com/suse/sles/15.7/cdi-importer:1.64.0-150700.9.11.1,harvester/v1.8.2,libsqlite3-0,3.51.3-150000.3.39.1,sles,SUSE-SU-2026:2528-1,HIGH,,registry.suse.com/suse/sles/15.7/cdi-importer:1.64.0-150700.9.11.1 (sles 15.7),3.53.2-150000.3.42.1,false,not_affected,vulnerable_code_not_in_execute_path
registry.suse.com/suse/sles/15.7/cdi-importer:1.64.0-150700.9.11.1,harvester/v1.8.2,libsolv-tools-base,0.7.35-150700.11.5.2,sles,SUSE-SU-2026:2531-1,HIGH,,registry.suse.com/suse/sles/15.7/cdi-importer:1.64.0-150700.9.11.1 (sles 15.7),0.7.39-150700.11.10.1,false,affected,
registry.suse.com/suse/sles/15.7/cdi-importer:1.64.0-150700.9.11.1,harvester/v1.8.2,libzypp,17.37.18-150700.6.3.1,sles,SUSE-SU-2026:2531-1,HIGH,,registry.suse.com/suse/sles/15.7/cdi-importer:1.64.0-150700.9.11.1 (sles 15.7),17.38.13-150700.6.13.1,false,affected,
registry.suse.com/suse/sles/15.7/cdi-importer:1.64.0-150700.9.11.1,harvester/v1.8.2,zypper,1.14.94-150700.13.3.1,sles,SUSE-SU-2026:2531-1,HIGH,,registry.suse.com/suse/sles/15.7/cdi-importer:1.64.0-150700.9.11.1 (sles 15.7),1.14.98-150700.13.6.1,false,affected,
registry.suse.com/suse/sles/15.7/cdi-importer:1.64.0-150700.9.11.1,harvester/v1.8.2,libopenssl-3-fips-provider,3.2.3-150700.5.31.1,sles,SUSE-SU-2026:2648-1,HIGH,,registry.suse.com/suse/sles/15.7/cdi-importer:1.64.0-150700.9.11.1 (sles 15.7),3.2.3-150700.5.36.1,false,not_affected,vulnerable_code_not_in_execute_path
registry.suse.com/suse/sles/15.7/cdi-importer:1.64.0-150700.9.11.1,harvester/v1.8.2,libopenssl3,3.2.3-150700.5.31.1,sles,SUSE-SU-2026:2648-1,HIGH,,registry.suse.com/suse/sles/15.7/cdi-importer:1.64.0-150700.9.11.1 (sles 15.7),3.2.3-150700.5.36.1,false,affected,
registry.suse.com/suse/sles/15.7/cdi-importer:1.64.0-150700.9.11.1,harvester/v1.8.2,openssl-3,3.2.3-150700.5.31.1,sles,SUSE-SU-2026:2648-1,HIGH,,registry.suse.com/suse/sles/15.7/cdi-importer:1.64.0-150700.9.11.1 (sles 15.7),3.2.3-150700.5.36.1,false,affected,
registry.suse.com/suse/sles/15.7/cdi-importer:1.64.0-150700.9.11.1,harvester/v1.8.2,tar,1.34-150000.3.37.1,sles,SUSE-SU-2026:2714-1,MEDIUM,,registry.suse.com/suse/sles/15.7/cdi-importer:1.64.0-150700.9.11.1 (sles 15.7),1.34-150000.3.42.1,false,not_affected,vulnerable_code_not_in_execute_path
registry.suse.com/suse/sles/15.7/cdi-importer:1.64.0-150700.9.11.1,harvester/v1.8.2,krb5,1.20.1-150600.11.14.1,sles,SUSE-SU-2026:2848-1,HIGH,,registry.suse.com/suse/sles/15.7/cdi-importer:1.64.0-150700.9.11.1 (sles 15.7),1.20.1-150600.11.19.1,false,not_affected,vulnerable_code_not_in_execute_path
registry.suse.com/suse/sles/15.7/cdi-importer:1.64.0-150700.9.11.1,harvester/v1.8.2,curl,8.14.1-150700.7.14.1,sles,SUSE-SU-2026:2925-1,HIGH,,registry.suse.com/suse/sles/15.7/cdi-importer:1.64.0-150700.9.11.1 (sles 15.7),8.14.1-150700.7.20.1,false,affected,
registry.suse.com/suse/sles/15.7/cdi-importer:1.64.0-150700.9.11.1,harvester/v1.8.2,libcurl4,8.14.1-150700.7.14.1,sles,SUSE-SU-2026:2925-1,HIGH,,registry.suse.com/suse/sles/15.7/cdi-importer:1.64.0-150700.9.11.1 (sles 15.7),8.14.1-150700.7.20.1,false,affected,
registry.suse.com/suse/sles/15.7/cdi-importer:1.64.0-150700.9.11.1,harvester/v1.8.2,qemu-img,9.2.4-150700.3.20.1,sles,SUSE-SU-2026:3038-1,HIGH,,registry.suse.com/suse/sles/15.7/cdi-importer:1.64.0-150700.9.11.1 (sles 15.7),9.2.4-150700.3.23.1,false,affected,
registry.suse.com/suse/sles/15.7/cdi-importer:1.64.0-150700.9.11.1,harvester/v1.8.2,libxml2-2,2.12.10-150700.4.11.1,sles,SUSE-SU-2026:3097-1,HIGH,,registry.suse.com/suse/sles/15.7/cdi-importer:1.64.0-150700.9.11.1 (sles 15.7),2.12.10-150700.4.14.1,false,affected,
registry.suse.com/suse/sles/15.7/cdi-importer:1.64.0-150700.9.11.1,harvester/v1.8.2,libgcrypt20,1.11.0-150700.5.7.1,sles,SUSE-SU-2026:3182-1,MEDIUM,,registry.suse.com/suse/sles/15.7/cdi-importer:1.64.0-150700.9.11.1 (sles 15.7),1.11.0-150700.5.10.1,false,not_affected,vulnerable_code_not_in_execute_path
registry.suse.com/suse/sles/15.7/cdi-importer:1.64.0-150700.9.11.1,harvester/v1.8.2,gzip,1.10-150200.10.1,sles,SUSE-SU-2026:3269-1,HIGH,,registry.suse.com/suse/sles/15.7/cdi-importer:1.64.0-150700.9.11.1 (sles 15.7),1.10-150200.13.1,false,affected,
registry.suse.com/suse/sles/15.7/cdi-importer:1.64.0-150700.9.11.1,harvester/v1.8.2,libssh-config,0.9.8-150600.11.12.1,sles,SUSE-SU-2026:3330-1,MEDIUM,,registry.suse.com/suse/sles/15.7/cdi-importer:1.64.0-150700.9.11.1 (sles 15.7),0.9.8-150600.11.15.1,false,not_affected,vulnerable_code_not_in_execute_path
registry.suse.com/suse/sles/15.7/cdi-importer:1.64.0-150700.9.11.1,harvester/v1.8.2,libssh4,0.9.8-150600.11.12.1,sles,SUSE-SU-2026:3330-1,MEDIUM,,registry.suse.com/suse/sles/15.7/cdi-importer:1.64.0-150700.9.11.1 (sles 15.7),0.9.8-150600.11.15.1,false,not_affected,vulnerable_code_not_in_execute_path
registry.suse.com/suse/sles/15.7/cdi-importer:1.64.0-150700.9.11.1,harvester/v1.8.2,libglib-2_0-0,2.78.6-150600.4.35.1,sles,SUSE-SU-2026:3341-1,HIGH,,registry.suse.com/suse/sles/15.7/cdi-importer:1.64.0-150700.9.11.1 (sles 15.7),2.78.6-150600.4.38.1,false,affected,
registry.suse.com/suse/sles/15.7/cdi-importer:1.64.0-150700.9.11.1,harvester/v1.8.2,libgmodule-2_0-0,2.78.6-150600.4.35.1,sles,SUSE-SU-2026:3341-1,HIGH,,registry.suse.com/suse/sles/15.7/cdi-importer:1.64.0-150700.9.11.1 (sles 15.7),2.78.6-150600.4.38.1,false,affected,
registry.suse.com/suse/sles/15.7/cdi-importer:1.64.0-150700.9.11.1,harvester/v1.8.2,perl-base,5.26.1-150300.17.20.1,sles,SUSE-SU-2026:3558-1,HIGH,,registry.suse.com/suse/sles/15.7/cdi-importer:1.64.0-150700.9.11.1 (sles 15.7),5.26.1-150300.17.23.1,false,affected,
registry.suse.com/suse/sles/15.7/cdi-importer:1.64.0-150700.9.11.1,harvester/v1.8.2,rpm-ndb,4.14.3-150400.59.16.1,sles,SUSE-SU-2026:3600-1,HIGH,,registry.suse.com/suse/sles/15.7/cdi-importer:1.64.0-150700.9.11.1 (sles 15.7),4.14.3-150400.59.19.1,false,affected,
registry.suse.com/suse/sles/15.7/cdi-operator:1.64.0-150700.9.11.1,harvester/v1.8.2,libblkid1,2.40.4-150700.4.10.1,sles,SUSE-SU-2026:2485-1,MEDIUM,,registry.suse.com/suse/sles/15.7/cdi-operator:1.64.0-150700.9.11.1 (sles 15.7),2.40.4-150700.4.13.1,false,not_affected,vulnerable_code_not_in_execute_path
registry.suse.com/suse/sles/15.7/cdi-operator:1.64.0-150700.9.11.1,harvester/v1.8.2,libsqlite3-0,3.51.3-150000.3.39.1,sles,SUSE-SU-2026:2528-1,HIGH,,registry.suse.com/suse/sles/15.7/cdi-operator:1.64.0-150700.9.11.1 (sles 15.7),3.53.2-150000.3.42.1,false,affected,
registry.suse.com/suse/sles/15.7/cdi-operator:1.64.0-150700.9.11.1,harvester/v1.8.2,libsolv-tools-base,0.7.35-150700.11.5.2,sles,SUSE-SU-2026:2531-1,HIGH,,registry.suse.com/suse/sles/15.7/cdi-operator:1.64.0-150700.9.11.1 (sles 15.7),0.7.39-150700.11.10.1,false,affected,
registry.suse.com/suse/sles/15.7/cdi-operator:1.64.0-150700.9.11.1,harvester/v1.8.2,libzypp,17.37.18-150700.6.3.1,sles,SUSE-SU-2026:2531-1,HIGH,,registry.suse.com/suse/sles/15.7/cdi-operator:1.64.0-150700.9.11.1 (sles 15.7),17.38.13-150700.6.13.1,false,affected,
registry.suse.com/suse/sles/15.7/cdi-operator:1.64.0-150700.9.11.1,harvester/v1.8.2,zypper,1.14.94-150700.13.3.1,sles,SUSE-SU-2026:2531-1,HIGH,,registry.suse.com/suse/sles/15.7/cdi-operator:1.64.0-150700.9.11.1 (sles 15.7),1.14.98-150700.13.6.1,false,not_affected,vulnerable_code_not_in_execute_path
registry.suse.com/suse/sles/15.7/cdi-operator:1.64.0-150700.9.11.1,harvester/v1.8.2,libopenssl-3-fips-provider,3.2.3-150700.5.31.1,sles,SUSE-SU-2026:2648-1,HIGH,,registry.suse.com/suse/sles/15.7/cdi-operator:1.64.0-150700.9.11.1 (sles 15.7),3.2.3-150700.5.36.1,false,not_affected,vulnerable_code_not_in_execute_path
registry.suse.com/suse/sles/15.7/cdi-operator:1.64.0-150700.9.11.1,harvester/v1.8.2,libopenssl3,3.2.3-150700.5.31.1,sles,SUSE-SU-2026:2648-1,HIGH,,registry.suse.com/suse/sles/15.7/cdi-operator:1.64.0-150700.9.11.1 (sles 15.7),3.2.3-150700.5.36.1,false,affected,
registry.suse.com/suse/sles/15.7/cdi-operator:1.64.0-150700.9.11.1,harvester/v1.8.2,openssl-3,3.2.3-150700.5.31.1,sles,SUSE-SU-2026:2648-1,HIGH,,registry.suse.com/suse/sles/15.7/cdi-operator:1.64.0-150700.9.11.1 (sles 15.7),3.2.3-150700.5.36.1,false,affected,
registry.suse.com/suse/sles/15.7/cdi-operator:1.64.0-150700.9.11.1,harvester/v1.8.2,tar,1.34-150000.3.37.1,sles,SUSE-SU-2026:2714-1,MEDIUM,,registry.suse.com/suse/sles/15.7/cdi-operator:1.64.0-150700.9.11.1 (sles 15.7),1.34-150000.3.42.1,false,not_affected,vulnerable_code_not_in_execute_path
registry.suse.com/suse/sles/15.7/cdi-operator:1.64.0-150700.9.11.1,harvester/v1.8.2,krb5,1.20.1-150600.11.14.1,sles,SUSE-SU-2026:2848-1,HIGH,,registry.suse.com/suse/sles/15.7/cdi-operator:1.64.0-150700.9.11.1 (sles 15.7),1.20.1-150600.11.19.1,false,not_affected,vulnerable_code_not_in_execute_path
registry.suse.com/suse/sles/15.7/cdi-operator:1.64.0-150700.9.11.1,harvester/v1.8.2,curl,8.14.1-150700.7.14.1,sles,SUSE-SU-2026:2925-1,HIGH,,registry.suse.com/suse/sles/15.7/cdi-operator:1.64.0-150700.9.11.1 (sles 15.7),8.14.1-150700.7.20.1,false,affected,
registry.suse.com/suse/sles/15.7/cdi-operator:1.64.0-150700.9.11.1,harvester/v1.8.2,libcurl4,8.14.1-150700.7.14.1,sles,SUSE-SU-2026:2925-1,HIGH,,registry.suse.com/suse/sles/15.7/cdi-operator:1.64.0-150700.9.11.1 (sles 15.7),8.14.1-150700.7.20.1,false,affected,
registry.suse.com/suse/sles/15.7/cdi-operator:1.64.0-150700.9.11.1,harvester/v1.8.2,libxml2-2,2.12.10-150700.4.11.1,sles,SUSE-SU-2026:3097-1,HIGH,,registry.suse.com/suse/sles/15.7/cdi-operator:1.64.0-150700.9.11.1 (sles 15.7),2.12.10-150700.4.14.1,false,affected,
registry.suse.com/suse/sles/15.7/cdi-operator:1.64.0-150700.9.11.1,harvester/v1.8.2,libgcrypt20,1.11.0-150700.5.7.1,sles,SUSE-SU-2026:3182-1,MEDIUM,,registry.suse.com/suse/sles/15.7/cdi-operator:1.64.0-150700.9.11.1 (sles 15.7),1.11.0-150700.5.10.1,false,not_affected,vulnerable_code_not_in_execute_path
registry.suse.com/suse/sles/15.7/cdi-operator:1.64.0-150700.9.11.1,harvester/v1.8.2,libudev1,254.27-150600.4.62.1,sles,SUSE-SU-2026:3244-1,MEDIUM,,registry.suse.com/suse/sles/15.7/cdi-operator:1.64.0-150700.9.11.1 (sles 15.7),254.27-150600.4.71.2,false,not_affected,vulnerable_code_not_in_execute_path
registry.suse.com/suse/sles/15.7/cdi-operator:1.64.0-150700.9.11.1,harvester/v1.8.2,gzip,1.10-150200.10.1,sles,SUSE-SU-2026:3269-1,HIGH,,registry.suse.com/suse/sles/15.7/cdi-operator:1.64.0-150700.9.11.1 (sles 15.7),1.10-150200.13.1,false,not_affected,vulnerable_code_not_in_execute_path
registry.suse.com/suse/sles/15.7/cdi-operator:1.64.0-150700.9.11.1,harvester/v1.8.2,libssh-config,0.9.8-150600.11.12.1,sles,SUSE-SU-2026:3330-1,MEDIUM,,registry.suse.com/suse/sles/15.7/cdi-operator:1.64.0-150700.9.11.1 (sles 15.7),0.9.8-150600.11.15.1,false,not_affected,vulnerable_code_not_in_execute_path
registry.suse.com/suse/sles/15.7/cdi-operator:1.64.0-150700.9.11.1,harvester/v1.8.2,libssh4,0.9.8-150600.11.12.1,sles,SUSE-SU-2026:3330-1,MEDIUM,,registry.suse.com/suse/sles/15.7/cdi-operator:1.64.0-150700.9.11.1 (sles 15.7),0.9.8-150600.11.15.1,false,not_affected,vulnerable_code_not_in_execute_path
registry.suse.com/suse/sles/15.7/cdi-operator:1.64.0-150700.9.11.1,harvester/v1.8.2,libglib-2_0-0,2.78.6-150600.4.35.1,sles,SUSE-SU-2026:3341-1,HIGH,,registry.suse.com/suse/sles/15.7/cdi-operator:1.64.0-150700.9.11.1 (sles 15.7),2.78.6-150600.4.38.1,false,not_affected,vulnerable_code_not_in_execute_path
registry.suse.com/suse/sles/15.7/cdi-operator:1.64.0-150700.9.11.1,harvester/v1.8.2,perl-base,5.26.1-150300.17.20.1,sles,SUSE-SU-2026:3558-1,HIGH,,registry.suse.com/suse/sles/15.7/cdi-operator:1.64.0-150700.9.11.1 (sles 15.7),5.26.1-150300.17.23.1,false,affected,
registry.suse.com/suse/sles/15.7/cdi-operator:1.64.0-150700.9.11.1,harvester/v1.8.2,rpm-ndb,4.14.3-150400.59.16.1,sles,SUSE-SU-2026:3600-1,HIGH,,registry.suse.com/suse/sles/15.7/cdi-operator:1.64.0-150700.9.11.1 (sles 15.7),4.14.3-150400.59.19.1,false,affected,
registry.suse.com/suse/sles/15.7/cdi-uploadproxy:1.64.0-150700.9.11.1,harvester/v1.8.2,libmount1,2.40.4-150700.4.10.1,sles,SUSE-SU-2026:2485-1,MEDIUM,,registry.suse.com/suse/sles/15.7/cdi-uploadproxy:1.64.0-150700.9.11.1 (sles 15.7),2.40.4-150700.4.13.1,false,not_affected,vulnerable_code_not_in_execute_path
registry.suse.com/suse/sles/15.7/cdi-uploadproxy:1.64.0-150700.9.11.1,harvester/v1.8.2,libuuid1,2.40.4-150700.4.10.1,sles,SUSE-SU-2026:2485-1,MEDIUM,,registry.suse.com/suse/sles/15.7/cdi-uploadproxy:1.64.0-150700.9.11.1 (sles 15.7),2.40.4-150700.4.13.1,false,not_affected,vulnerable_code_not_in_execute_path
registry.suse.com/suse/sles/15.7/cdi-uploadproxy:1.64.0-150700.9.11.1,harvester/v1.8.2,libsqlite3-0,3.51.3-150000.3.39.1,sles,SUSE-SU-2026:2528-1,HIGH,,registry.suse.com/suse/sles/15.7/cdi-uploadproxy:1.64.0-150700.9.11.1 (sles 15.7),3.53.2-150000.3.42.1,false,affected,
registry.suse.com/suse/sles/15.7/cdi-uploadproxy:1.64.0-150700.9.11.1,harvester/v1.8.2,libsolv-tools-base,0.7.35-150700.11.5.2,sles,SUSE-SU-2026:2531-1,HIGH,,registry.suse.com/suse/sles/15.7/cdi-uploadproxy:1.64.0-150700.9.11.1 (sles 15.7),0.7.39-150700.11.10.1,false,affected,
registry.suse.com/suse/sles/15.7/cdi-uploadproxy:1.64.0-150700.9.11.1,harvester/v1.8.2,libzypp,17.37.18-150700.6.3.1,sles,SUSE-SU-2026:2531-1,HIGH,,registry.suse.com/suse/sles/15.7/cdi-uploadproxy:1.64.0-150700.9.11.1 (sles 15.7),17.38.13-150700.6.13.1,false,affected,
registry.suse.com/suse/sles/15.7/cdi-uploadproxy:1.64.0-150700.9.11.1,harvester/v1.8.2,zypper,1.14.94-150700.13.3.1,sles,SUSE-SU-2026:2531-1,HIGH,,registry.suse.com/suse/sles/15.7/cdi-uploadproxy:1.64.0-150700.9.11.1 (sles 15.7),1.14.98-150700.13.6.1,false,not_affected,vulnerable_code_not_in_execute_path
registry.suse.com/suse/sles/15.7/cdi-uploadproxy:1.64.0-150700.9.11.1,harvester/v1.8.2,libopenssl-3-fips-provider,3.2.3-150700.5.31.1,sles,SUSE-SU-2026:2648-1,HIGH,,registry.suse.com/suse/sles/15.7/cdi-uploadproxy:1.64.0-150700.9.11.1 (sles 15.7),3.2.3-150700.5.36.1,false,affected,
registry.suse.com/suse/sles/15.7/cdi-uploadproxy:1.64.0-150700.9.11.1,harvester/v1.8.2,libopenssl3,3.2.3-150700.5.31.1,sles,SUSE-SU-2026:2648-1,HIGH,,registry.suse.com/suse/sles/15.7/cdi-uploadproxy:1.64.0-150700.9.11.1 (sles 15.7),3.2.3-150700.5.36.1,false,affected,
registry.suse.com/suse/sles/15.7/cdi-uploadproxy:1.64.0-150700.9.11.1,harvester/v1.8.2,openssl-3,3.2.3-150700.5.31.1,sles,SUSE-SU-2026:2648-1,HIGH,,registry.suse.com/suse/sles/15.7/cdi-uploadproxy:1.64.0-150700.9.11.1 (sles 15.7),3.2.3-150700.5.36.1,false,affected,
registry.suse.com/suse/sles/15.7/cdi-uploadproxy:1.64.0-150700.9.11.1,harvester/v1.8.2,tar,1.34-150000.3.37.1,sles,SUSE-SU-2026:2714-1,MEDIUM,,registry.suse.com/suse/sles/15.7/cdi-uploadproxy:1.64.0-150700.9.11.1 (sles 15.7),1.34-150000.3.42.1,false,not_affected,vulnerable_code_not_in_execute_path
registry.suse.com/suse/sles/15.7/cdi-uploadproxy:1.64.0-150700.9.11.1,harvester/v1.8.2,krb5,1.20.1-150600.11.14.1,sles,SUSE-SU-2026:2848-1,HIGH,,registry.suse.com/suse/sles/15.7/cdi-uploadproxy:1.64.0-150700.9.11.1 (sles 15.7),1.20.1-150600.11.19.1,false,affected,
registry.suse.com/suse/sles/15.7/cdi-uploadproxy:1.64.0-150700.9.11.1,harvester/v1.8.2,curl,8.14.1-150700.7.14.1,sles,SUSE-SU-2026:2925-1,HIGH,,registry.suse.com/suse/sles/15.7/cdi-uploadproxy:1.64.0-150700.9.11.1 (sles 15.7),8.14.1-150700.7.20.1,false,affected,
registry.suse.com/suse/sles/15.7/cdi-uploadproxy:1.64.0-150700.9.11.1,harvester/v1.8.2,libcurl4,8.14.1-150700.7.14.1,sles,SUSE-SU-2026:2925-1,HIGH,,registry.suse.com/suse/sles/15.7/cdi-uploadproxy:1.64.0-150700.9.11.1 (sles 15.7),8.14.1-150700.7.20.1,false,not_affected,vulnerable_code_not_in_execute_path
registry.suse.com/suse/sles/15.7/cdi-uploadproxy:1.64.0-150700.9.11.1,harvester/v1.8.2,libxml2-2,2.12.10-150700.4.11.1,sles,SUSE-SU-2026:3097-1,HIGH,,registry.suse.com/suse/sles/15.7/cdi-uploadproxy:1.64.0-150700.9.11.1 (sles 15.7),2.12.10-150700.4.14.1,false,affected,
registry.suse.com/suse/sles/15.7/cdi-uploadproxy:1.64.0-150700.9.11.1,harvester/v1.8.2,libgcrypt20,1.11.0-150700.5.7.1,sles,SUSE-SU-2026:3182-1,MEDIUM,,registry.suse.com/suse/sles/15.7/cdi-uploadproxy:1.64.0-150700.9.11.1 (sles 15.7),1.11.0-150700.5.10.1,false,not_affected,vulnerable_code_not_in_execute_path
registry.suse.com/suse/sles/15.7/cdi-uploadproxy:1.64.0-150700.9.11.1,harvester/v1.8.2,libudev1,254.27-150600.4.62.1,sles,SUSE-SU-2026:3244-1,MEDIUM,,registry.suse.com/suse/sles/15.7/cdi-uploadproxy:1.64.0-150700.9.11.1 (sles 15.7),254.27-150600.4.71.2,false,not_affected,vulnerable_code_not_in_execute_path
registry.suse.com/suse/sles/15.7/cdi-uploadproxy:1.64.0-150700.9.11.1,harvester/v1.8.2,gzip,1.10-150200.10.1,sles,SUSE-SU-2026:3269-1,HIGH,,registry.suse.com/suse/sles/15.7/cdi-uploadproxy:1.64.0-150700.9.11.1 (sles 15.7),1.10-150200.13.1,false,not_affected,vulnerable_code_not_in_execute_path
registry.suse.com/suse/sles/15.7/cdi-uploadproxy:1.64.0-150700.9.11.1,harvester/v1.8.2,libssh-config,0.9.8-150600.11.12.1,sles,SUSE-SU-2026:3330-1,MEDIUM,,registry.suse.com/suse/sles/15.7/cdi-uploadproxy:1.64.0-150700.9.11.1 (sles 15.7),0.9.8-150600.11.15.1,false,not_affected,vulnerable_code_not_in_execute_path
registry.suse.com/suse/sles/15.7/cdi-uploadproxy:1.64.0-150700.9.11.1,harvester/v1.8.2,libssh4,0.9.8-150600.11.12.1,sles,SUSE-SU-2026:3330-1,MEDIUM,,registry.suse.com/suse/sles/15.7/cdi-uploadproxy:1.64.0-150700.9.11.1 (sles 15.7),0.9.8-150600.11.15.1,false,not_affected,vulnerable_code_not_in_execute_path
registry.suse.com/suse/sles/15.7/cdi-uploadproxy:1.64.0-150700.9.11.1,harvester/v1.8.2,libglib-2_0-0,2.78.6-150600.4.35.1,sles,SUSE-SU-2026:3341-1,HIGH,,registry.suse.com/suse/sles/15.7/cdi-uploadproxy:1.64.0-150700.9.11.1 (sles 15.7),2.78.6-150600.4.38.1,false,not_affected,vulnerable_code_not_in_execute_path
registry.suse.com/suse/sles/15.7/cdi-uploadproxy:1.64.0-150700.9.11.1,harvester/v1.8.2,perl-base,5.26.1-150300.17.20.1,sles,SUSE-SU-2026:3558-1,HIGH,,registry.suse.com/suse/sles/15.7/cdi-uploadproxy:1.64.0-150700.9.11.1 (sles 15.7),5.26.1-150300.17.23.1,false,affected,
registry.suse.com/suse/sles/15.7/cdi-uploadproxy:1.64.0-150700.9.11.1,harvester/v1.8.2,rpm-ndb,4.14.3-150400.59.16.1,sles,SUSE-SU-2026:3600-1,HIGH,,registry.suse.com/suse/sles/15.7/cdi-uploadproxy:1.64.0-150700.9.11.1 (sles 15.7),4.14.3-150400.59.19.1,false,affected,
registry.suse.com/suse/sles/15.7/cdi-uploadserver:1.64.0-150700.9.11.1,harvester/v1.8.2,libsmartcols1,2.40.4-150700.4.10.1,sles,SUSE-SU-2026:2485-1,MEDIUM,,registry.suse.com/suse/sles/15.7/cdi-uploadserver:1.64.0-150700.9.11.1 (sles 15.7),2.40.4-150700.4.13.1,false,not_affected,vulnerable_code_not_in_execute_path
registry.suse.com/suse/sles/15.7/cdi-uploadserver:1.64.0-150700.9.11.1,harvester/v1.8.2,libsqlite3-0,3.51.3-150000.3.39.1,sles,SUSE-SU-2026:2528-1,HIGH,,registry.suse.com/suse/sles/15.7/cdi-uploadserver:1.64.0-150700.9.11.1 (sles 15.7),3.53.2-150000.3.42.1,false,not_affected,vulnerable_code_not_in_execute_path
registry.suse.com/suse/sles/15.7/cdi-uploadserver:1.64.0-150700.9.11.1,harvester/v1.8.2,libsolv-tools-base,0.7.35-150700.11.5.2,sles,SUSE-SU-2026:2531-1,HIGH,,registry.suse.com/suse/sles/15.7/cdi-uploadserver:1.64.0-150700.9.11.1 (sles 15.7),0.7.39-150700.11.10.1,false,affected,
registry.suse.com/suse/sles/15.7/cdi-uploadserver:1.64.0-150700.9.11.1,harvester/v1.8.2,libzypp,17.37.18-150700.6.3.1,sles,SUSE-SU-2026:2531-1,HIGH,,registry.suse.com/suse/sles/15.7/cdi-uploadserver:1.64.0-150700.9.11.1 (sles 15.7),17.38.13-150700.6.13.1,false,affected,
registry.suse.com/suse/sles/15.7/cdi-uploadserver:1.64.0-150700.9.11.1,harvester/v1.8.2,zypper,1.14.94-150700.13.3.1,sles,SUSE-SU-2026:2531-1,HIGH,,registry.suse.com/suse/sles/15.7/cdi-uploadserver:1.64.0-150700.9.11.1 (sles 15.7),1.14.98-150700.13.6.1,false,not_affected,vulnerable_code_not_in_execute_path
registry.suse.com/suse/sles/15.7/cdi-uploadserver:1.64.0-150700.9.11.1,harvester/v1.8.2,libopenssl-3-fips-provider,3.2.3-150700.5.31.1,sles,SUSE-SU-2026:2648-1,HIGH,,registry.suse.com/suse/sles/15.7/cdi-uploadserver:1.64.0-150700.9.11.1 (sles 15.7),3.2.3-150700.5.36.1,false,affected,
registry.suse.com/suse/sles/15.7/cdi-uploadserver:1.64.0-150700.9.11.1,harvester/v1.8.2,libopenssl3,3.2.3-150700.5.31.1,sles,SUSE-SU-2026:2648-1,HIGH,,registry.suse.com/suse/sles/15.7/cdi-uploadserver:1.64.0-150700.9.11.1 (sles 15.7),3.2.3-150700.5.36.1,false,affected,
registry.suse.com/suse/sles/15.7/cdi-uploadserver:1.64.0-150700.9.11.1,harvester/v1.8.2,openssl-3,3.2.3-150700.5.31.1,sles,SUSE-SU-2026:2648-1,HIGH,,registry.suse.com/suse/sles/15.7/cdi-uploadserver:1.64.0-150700.9.11.1 (sles 15.7),3.2.3-150700.5.36.1,false,affected,
registry.suse.com/suse/sles/15.7/cdi-uploadserver:1.64.0-150700.9.11.1,harvester/v1.8.2,tar,1.34-150000.3.37.1,sles,SUSE-SU-2026:2714-1,MEDIUM,,registry.suse.com/suse/sles/15.7/cdi-uploadserver:1.64.0-150700.9.11.1 (sles 15.7),1.34-150000.3.42.1,false,not_affected,vulnerable_code_not_in_execute_path
registry.suse.com/suse/sles/15.7/cdi-uploadserver:1.64.0-150700.9.11.1,harvester/v1.8.2,krb5,1.20.1-150600.11.14.1,sles,SUSE-SU-2026:2848-1,HIGH,,registry.suse.com/suse/sles/15.7/cdi-uploadserver:1.64.0-150700.9.11.1 (sles 15.7),1.20.1-150600.11.19.1,false,affected,
registry.suse.com/suse/sles/15.7/cdi-uploadserver:1.64.0-150700.9.11.1,harvester/v1.8.2,curl,8.14.1-150700.7.14.1,sles,SUSE-SU-2026:2925-1,HIGH,,registry.suse.com/suse/sles/15.7/cdi-uploadserver:1.64.0-150700.9.11.1 (sles 15.7),8.14.1-150700.7.20.1,false,affected,
registry.suse.com/suse/sles/15.7/cdi-uploadserver:1.64.0-150700.9.11.1,harvester/v1.8.2,libcurl4,8.14.1-150700.7.14.1,sles,SUSE-SU-2026:2925-1,HIGH,,registry.suse.com/suse/sles/15.7/cdi-uploadserver:1.64.0-150700.9.11.1 (sles 15.7),8.14.1-150700.7.20.1,false,not_affected,vulnerable_code_not_in_execute_path
registry.suse.com/suse/sles/15.7/cdi-uploadserver:1.64.0-150700.9.11.1,harvester/v1.8.2,qemu-img,9.2.4-150700.3.20.1,sles,SUSE-SU-2026:3038-1,HIGH,,registry.suse.com/suse/sles/15.7/cdi-uploadserver:1.64.0-150700.9.11.1 (sles 15.7),9.2.4-150700.3.23.1,false,affected,
registry.suse.com/suse/sles/15.7/cdi-uploadserver:1.64.0-150700.9.11.1,harvester/v1.8.2,libxml2-2,2.12.10-150700.4.11.1,sles,SUSE-SU-2026:3097-1,HIGH,,registry.suse.com/suse/sles/15.7/cdi-uploadserver:1.64.0-150700.9.11.1 (sles 15.7),2.12.10-150700.4.14.1,false,affected,
registry.suse.com/suse/sles/15.7/cdi-uploadserver:1.64.0-150700.9.11.1,harvester/v1.8.2,libudev1,254.27-150600.4.62.1,sles,SUSE-SU-2026:3244-1,MEDIUM,,registry.suse.com/suse/sles/15.7/cdi-uploadserver:1.64.0-150700.9.11.1 (sles 15.7),254.27-150600.4.71.2,false,not_affected,vulnerable_code_not_in_execute_path
registry.suse.com/suse/sles/15.7/cdi-uploadserver:1.64.0-150700.9.11.1,harvester/v1.8.2,gzip,1.10-150200.10.1,sles,SUSE-SU-2026:3269-1,HIGH,,registry.suse.com/suse/sles/15.7/cdi-uploadserver:1.64.0-150700.9.11.1 (sles 15.7),1.10-150200.13.1,false,affected,
registry.suse.com/suse/sles/15.7/cdi-uploadserver:1.64.0-150700.9.11.1,harvester/v1.8.2,libssh-config,0.9.8-150600.11.12.1,sles,SUSE-SU-2026:3330-1,MEDIUM,,registry.suse.com/suse/sles/15.7/cdi-uploadserver:1.64.0-150700.9.11.1 (sles 15.7),0.9.8-150600.11.15.1,false,not_affected,vulnerable_code_not_in_execute_path
registry.suse.com/suse/sles/15.7/cdi-uploadserver:1.64.0-150700.9.11.1,harvester/v1.8.2,libssh4,0.9.8-150600.11.12.1,sles,SUSE-SU-2026:3330-1,MEDIUM,,registry.suse.com/suse/sles/15.7/cdi-uploadserver:1.64.0-150700.9.11.1 (sles 15.7),0.9.8-150600.11.15.1,false,not_affected,vulnerable_code_not_in_execute_path
registry.suse.com/suse/sles/15.7/cdi-uploadserver:1.64.0-150700.9.11.1,harvester/v1.8.2,libglib-2_0-0,2.78.6-150600.4.35.1,sles,SUSE-SU-2026:3341-1,HIGH,,registry.suse.com/suse/sles/15.7/cdi-uploadserver:1.64.0-150700.9.11.1 (sles 15.7),2.78.6-150600.4.38.1,false,affected,
registry.suse.com/suse/sles/15.7/cdi-uploadserver:1.64.0-150700.9.11.1,harvester/v1.8.2,libgmodule-2_0-0,2.78.6-150600.4.35.1,sles,SUSE-SU-2026:3341-1,HIGH,,registry.suse.com/suse/sles/15.7/cdi-uploadserver:1.64.0-150700.9.11.1 (sles 15.7),2.78.6-150600.4.38.1,false,not_affected,vulnerable_code_not_in_execute_path
registry.suse.com/suse/sles/15.7/cdi-uploadserver:1.64.0-150700.9.11.1,harvester/v1.8.2,perl-base,5.26.1-150300.17.20.1,sles,SUSE-SU-2026:3558-1,HIGH,,registry.suse.com/suse/sles/15.7/cdi-uploadserver:1.64.0-150700.9.11.1 (sles 15.7),5.26.1-150300.17.23.1,false,affected,
registry.suse.com/suse/sles/15.7/cdi-uploadserver:1.64.0-150700.9.11.1,harvester/v1.8.2,rpm-ndb,4.14.3-150400.59.16.1,sles,SUSE-SU-2026:3600-1,HIGH,,registry.suse.com/suse/sles/15.7/cdi-uploadserver:1.64.0-150700.9.11.1 (sles 15.7),4.14.3-150400.59.19.1,false,affected,
registry.suse.com/suse/sles/15.7/libguestfs-tools:1.7.4-150700.3.24.2,harvester/v1.8.2,qemu,9.2.4-150700.3.17.1,sles,SUSE-SU-2026:2385-1,HIGH,,registry.suse.com/suse/sles/15.7/libguestfs-tools:1.7.4-150700.3.24.2 (sles 15.7),9.2.4-150700.3.20.1,false,affected,
registry.suse.com/suse/sles/15.7/libguestfs-tools:1.7.4-150700.3.24.2,harvester/v1.8.2,qemu-accel-tcg-x86,9.2.4-150700.3.17.1,sles,SUSE-SU-2026:2385-1,HIGH,,registry.suse.com/suse/sles/15.7/libguestfs-tools:1.7.4-150700.3.24.2 (sles 15.7),9.2.4-150700.3.20.1,false,affected,
registry.suse.com/suse/sles/15.7/libguestfs-tools:1.7.4-150700.3.24.2,harvester/v1.8.2,qemu-hw-display-virtio-gpu,9.2.4-150700.3.17.1,sles,SUSE-SU-2026:2385-1,HIGH,,registry.suse.com/suse/sles/15.7/libguestfs-tools:1.7.4-150700.3.24.2 (sles 15.7),9.2.4-150700.3.20.1,false,affected,
registry.suse.com/suse/sles/15.7/libguestfs-tools:1.7.4-150700.3.24.2,harvester/v1.8.2,qemu-hw-display-virtio-gpu-pci,9.2.4-150700.3.17.1,sles,SUSE-SU-2026:2385-1,HIGH,,registry.suse.com/suse/sles/15.7/libguestfs-tools:1.7.4-150700.3.24.2 (sles 15.7),9.2.4-150700.3.20.1,false,affected,
registry.suse.com/suse/sles/15.7/libguestfs-tools:1.7.4-150700.3.24.2,harvester/v1.8.2,qemu-hw-display-virtio-vga,9.2.4-150700.3.17.1,sles,SUSE-SU-2026:2385-1,HIGH,,registry.suse.com/suse/sles/15.7/libguestfs-tools:1.7.4-150700.3.24.2 (sles 15.7),9.2.4-150700.3.20.1,false,affected,
registry.suse.com/suse/sles/15.7/libguestfs-tools:1.7.4-150700.3.24.2,harvester/v1.8.2,qemu-img,9.2.4-150700.3.17.1,sles,SUSE-SU-2026:2385-1,HIGH,,registry.suse.com/suse/sles/15.7/libguestfs-tools:1.7.4-150700.3.24.2 (sles 15.7),9.2.4-150700.3.20.1,false,affected,
registry.suse.com/suse/sles/15.7/libguestfs-tools:1.7.4-150700.3.24.2,harvester/v1.8.2,qemu-ipxe,9.2.4-150700.3.17.1,sles,SUSE-SU-2026:2385-1,HIGH,,registry.suse.com/suse/sles/15.7/libguestfs-tools:1.7.4-150700.3.24.2 (sles 15.7),9.2.4-150700.3.20.1,false,affected,
registry.suse.com/suse/sles/15.7/libguestfs-tools:1.7.4-150700.3.24.2,harvester/v1.8.2,qemu-pr-helper,9.2.4-150700.3.17.1,sles,SUSE-SU-2026:2385-1,HIGH,,registry.suse.com/suse/sles/15.7/libguestfs-tools:1.7.4-150700.3.24.2 (sles 15.7),9.2.4-150700.3.20.1,false,affected,
registry.suse.com/suse/sles/15.7/libguestfs-tools:1.7.4-150700.3.24.2,harvester/v1.8.2,qemu-seabios,9.2.41.16.3_3_g3d33c746-150700.3.17.1,sles,SUSE-SU-2026:2385-1,HIGH,,registry.suse.com/suse/sles/15.7/libguestfs-tools:1.7.4-150700.3.24.2 (sles 15.7),9.2.41.16.3_3_g3d33c746-150700.3.20.1,false,affected,
registry.suse.com/suse/sles/15.7/libguestfs-tools:1.7.4-150700.3.24.2,harvester/v1.8.2,qemu-tools,9.2.4-150700.3.17.1,sles,SUSE-SU-2026:2385-1,HIGH,,registry.suse.com/suse/sles/15.7/libguestfs-tools:1.7.4-150700.3.24.2 (sles 15.7),9.2.4-150700.3.20.1,false,affected,
registry.suse.com/suse/sles/15.7/libguestfs-tools:1.7.4-150700.3.24.2,harvester/v1.8.2,qemu-vgabios,9.2.41.16.3_3_g3d33c746-150700.3.17.1,sles,SUSE-SU-2026:2385-1,HIGH,,registry.suse.com/suse/sles/15.7/libguestfs-tools:1.7.4-150700.3.24.2 (sles 15.7),9.2.41.16.3_3_g3d33c746-150700.3.20.1,false,affected,
registry.suse.com/suse/sles/15.7/libguestfs-tools:1.7.4-150700.3.24.2,harvester/v1.8.2,qemu-vmsr-helper,9.2.4-150700.3.17.1,sles,SUSE-SU-2026:2385-1,HIGH,,registry.suse.com/suse/sles/15.7/libguestfs-tools:1.7.4-150700.3.24.2 (sles 15.7),9.2.4-150700.3.20.1,false,not_affected,vulnerable_code_not_in_execute_path
registry.suse.com/suse/sles/15.7/libguestfs-tools:1.7.4-150700.3.24.2,harvester/v1.8.2,qemu-x86,9.2.4-150700.3.17.1,sles,SUSE-SU-2026:2385-1,HIGH,,registry.suse.com/suse/sles/15.7/libguestfs-tools:1.7.4-150700.3.24.2 (sles 15.7),9.2.4-150700.3.20.1,false,affected,
registry.suse.com/suse/sles/15.7/libguestfs-tools:1.7.4-150700.3.24.2,harvester/v1.8.2,libopenssl1_1,1.1.1w-150700.11.19.1,sles,SUSE-SU-2026:2392-1,HIGH,,registry.suse.com/suse/sles/15.7/libguestfs-tools:1.7.4-150700.3.24.2 (sles 15.7),1.1.1w-150700.11.22.1,false,affected,
registry.suse.com/suse/sles/15.7/libguestfs-tools:1.7.4-150700.3.24.2,harvester/v1.8.2,util-linux-systemd,2.40.4-150700.4.10.1,sles,SUSE-SU-2026:2485-1,MEDIUM,,registry.suse.com/suse/sles/15.7/libguestfs-tools:1.7.4-150700.3.24.2 (sles 15.7),2.40.4-150700.4.13.1,false,not_affected,vulnerable_code_not_in_execute_path
registry.suse.com/suse/sles/15.7/libguestfs-tools:1.7.4-150700.3.24.2,harvester/v1.8.2,libsqlite3-0,3.51.3-150000.3.39.1,sles,SUSE-SU-2026:2528-1,HIGH,,registry.suse.com/suse/sles/15.7/libguestfs-tools:1.7.4-150700.3.24.2 (sles 15.7),3.53.2-150000.3.42.1,false,affected,
registry.suse.com/suse/sles/15.7/libguestfs-tools:1.7.4-150700.3.24.2,harvester/v1.8.2,libsolv-tools-base,0.7.35-150700.11.5.2,sles,SUSE-SU-2026:2531-1,HIGH,,registry.suse.com/suse/sles/15.7/libguestfs-tools:1.7.4-150700.3.24.2 (sles 15.7),0.7.39-150700.11.10.1,false,affected,
registry.suse.com/suse/sles/15.7/libguestfs-tools:1.7.4-150700.3.24.2,harvester/v1.8.2,libzypp,17.37.18-150700.6.3.1,sles,SUSE-SU-2026:2531-1,HIGH,,registry.suse.com/suse/sles/15.7/libguestfs-tools:1.7.4-150700.3.24.2 (sles 15.7),17.38.13-150700.6.13.1,false,affected,
registry.suse.com/suse/sles/15.7/libguestfs-tools:1.7.4-150700.3.24.2,harvester/v1.8.2,zypper,1.14.94-150700.13.3.1,sles,SUSE-SU-2026:2531-1,HIGH,,registry.suse.com/suse/sles/15.7/libguestfs-tools:1.7.4-150700.3.24.2 (sles 15.7),1.14.98-150700.13.6.1,false,not_affected,vulnerable_code_not_in_execute_path
registry.suse.com/suse/sles/15.7/libguestfs-tools:1.7.4-150700.3.24.2,harvester/v1.8.2,libopenssl-3-fips-provider,3.2.3-150700.5.31.1,sles,SUSE-SU-2026:2648-1,HIGH,,registry.suse.com/suse/sles/15.7/libguestfs-tools:1.7.4-150700.3.24.2 (sles 15.7),3.2.3-150700.5.36.1,false,affected,
registry.suse.com/suse/sles/15.7/libguestfs-tools:1.7.4-150700.3.24.2,harvester/v1.8.2,libopenssl3,3.2.3-150700.5.31.1,sles,SUSE-SU-2026:2648-1,HIGH,,registry.suse.com/suse/sles/15.7/libguestfs-tools:1.7.4-150700.3.24.2 (sles 15.7),3.2.3-150700.5.36.1,false,affected,
registry.suse.com/suse/sles/15.7/libguestfs-tools:1.7.4-150700.3.24.2,harvester/v1.8.2,openssl-3,3.2.3-150700.5.31.1,sles,SUSE-SU-2026:2648-1,HIGH,,registry.suse.com/suse/sles/15.7/libguestfs-tools:1.7.4-150700.3.24.2 (sles 15.7),3.2.3-150700.5.36.1,false,affected,
registry.suse.com/suse/sles/15.7/libguestfs-tools:1.7.4-150700.3.24.2,harvester/v1.8.2,bind-utils,9.20.21-150700.3.18.1,sles,SUSE-SU-2026:2673-1,HIGH,,registry.suse.com/suse/sles/15.7/libguestfs-tools:1.7.4-150700.3.24.2 (sles 15.7),9.20.23-150700.3.25.1,false,not_affected,vulnerable_code_not_in_execute_path
registry.suse.com/suse/sles/15.7/libguestfs-tools:1.7.4-150700.3.24.2,harvester/v1.8.2,tar,1.34-150000.3.37.1,sles,SUSE-SU-2026:2714-1,MEDIUM,,registry.suse.com/suse/sles/15.7/libguestfs-tools:1.7.4-150700.3.24.2 (sles 15.7),1.34-150000.3.42.1,false,not_affected,vulnerable_code_not_in_execute_path
registry.suse.com/suse/sles/15.7/libguestfs-tools:1.7.4-150700.3.24.2,harvester/v1.8.2,krb5,1.20.1-150600.11.14.1,sles,SUSE-SU-2026:2848-1,HIGH,,registry.suse.com/suse/sles/15.7/libguestfs-tools:1.7.4-150700.3.24.2 (sles 15.7),1.20.1-150600.11.19.1,false,affected,
registry.suse.com/suse/sles/15.7/libguestfs-tools:1.7.4-150700.3.24.2,harvester/v1.8.2,dracut,059+suse.568.g200aa75e-150700.3.14.2,sles,SUSE-SU-2026:2851-1,HIGH,,registry.suse.com/suse/sles/15.7/libguestfs-tools:1.7.4-150700.3.24.2 (sles 15.7),059+suse.570.g2b84048d7-150700.3.17.1,false,not_affected,vulnerable_code_not_in_execute_path
registry.suse.com/suse/sles/15.7/libguestfs-tools:1.7.4-150700.3.24.2,harvester/v1.8.2,dracut-fips,059+suse.568.g200aa75e-150700.3.14.2,sles,SUSE-SU-2026:2851-1,HIGH,,registry.suse.com/suse/sles/15.7/libguestfs-tools:1.7.4-150700.3.24.2 (sles 15.7),059+suse.570.g2b84048d7-150700.3.17.1,false,affected,
registry.suse.com/suse/sles/15.7/libguestfs-tools:1.7.4-150700.3.24.2,harvester/v1.8.2,curl,8.14.1-150700.7.14.1,sles,SUSE-SU-2026:2925-1,HIGH,,registry.suse.com/suse/sles/15.7/libguestfs-tools:1.7.4-150700.3.24.2 (sles 15.7),8.14.1-150700.7.20.1,false,affected,
registry.suse.com/suse/sles/15.7/libguestfs-tools:1.7.4-150700.3.24.2,harvester/v1.8.2,libcurl4,8.14.1-150700.7.14.1,sles,SUSE-SU-2026:2925-1,HIGH,,registry.suse.com/suse/sles/15.7/libguestfs-tools:1.7.4-150700.3.24.2 (sles 15.7),8.14.1-150700.7.20.1,false,affected,
registry.suse.com/suse/sles/15.7/libguestfs-tools:1.7.4-150700.3.24.2,harvester/v1.8.2,qemu,9.2.4-150700.3.17.1,sles,SUSE-SU-2026:3038-1,HIGH,,registry.suse.com/suse/sles/15.7/libguestfs-tools:1.7.4-150700.3.24.2 (sles 15.7),9.2.4-150700.3.23.1,false,affected,
registry.suse.com/suse/sles/15.7/libguestfs-tools:1.7.4-150700.3.24.2,harvester/v1.8.2,qemu-accel-tcg-x86,9.2.4-150700.3.17.1,sles,SUSE-SU-2026:3038-1,HIGH,,registry.suse.com/suse/sles/15.7/libguestfs-tools:1.7.4-150700.3.24.2 (sles 15.7),9.2.4-150700.3.23.1,false,affected,
registry.suse.com/suse/sles/15.7/libguestfs-tools:1.7.4-150700.3.24.2,harvester/v1.8.2,qemu-hw-display-virtio-gpu,9.2.4-150700.3.17.1,sles,SUSE-SU-2026:3038-1,HIGH,,registry.suse.com/suse/sles/15.7/libguestfs-tools:1.7.4-150700.3.24.2 (sles 15.7),9.2.4-150700.3.23.1,false,affected,
registry.suse.com/suse/sles/15.7/libguestfs-tools:1.7.4-150700.3.24.2,harvester/v1.8.2,qemu-hw-display-virtio-gpu-pci,9.2.4-150700.3.17.1,sles,SUSE-SU-2026:3038-1,HIGH,,registry.suse.com/suse/sles/15.7/libguestfs-tools:1.7.4-150700.3.24.2 (sles 15.7),9.2.4-150700.3.23.1,false,affected,
registry.suse.com/suse/sles/15.7/libguestfs-tools:1.7.4-150700.3.24.2,harvester/v1.8.2,qemu-hw-display-virtio-vga,9.2.4-150700.3.17.1,sles,SUSE-SU-2026:3038-1,HIGH,,registry.suse.com/suse/sles/15.7/libguestfs-tools:1.7.4-150700.3.24.2 (sles 15.7),9.2.4-150700.3.23.1,false,affected,
registry.suse.com/suse/sles/15.7/libguestfs-tools:1.7.4-150700.3.24.2,harvester/v1.8.2,qemu-img,9.2.4-150700.3.17.1,sles,SUSE-SU-2026:3038-1,HIGH,,registry.suse.com/suse/sles/15.7/libguestfs-tools:1.7.4-150700.3.24.2 (sles 15.7),9.2.4-150700.3.23.1,false,affected,
registry.suse.com/suse/sles/15.7/libguestfs-tools:1.7.4-150700.3.24.2,harvester/v1.8.2,qemu-ipxe,9.2.4-150700.3.17.1,sles,SUSE-SU-2026:3038-1,HIGH,,registry.suse.com/suse/sles/15.7/libguestfs-tools:1.7.4-150700.3.24.2 (sles 15.7),9.2.4-150700.3.23.1,false,affected,
registry.suse.com/suse/sles/15.7/libguestfs-tools:1.7.4-150700.3.24.2,harvester/v1.8.2,qemu-pr-helper,9.2.4-150700.3.17.1,sles,SUSE-SU-2026:3038-1,HIGH,,registry.suse.com/suse/sles/15.7/libguestfs-tools:1.7.4-150700.3.24.2 (sles 15.7),9.2.4-150700.3.23.1,false,affected,
registry.suse.com/suse/sles/15.7/libguestfs-tools:1.7.4-150700.3.24.2,harvester/v1.8.2,qemu-seabios,9.2.41.16.3_3_g3d33c746-150700.3.17.1,sles,SUSE-SU-2026:3038-1,HIGH,,registry.suse.com/suse/sles/15.7/libguestfs-tools:1.7.4-150700.3.24.2 (sles 15.7),9.2.41.16.3_3_g3d33c746-150700.3.23.1,false,affected,
registry.suse.com/suse/sles/15.7/libguestfs-tools:1.7.4-150700.3.24.2,harvester/v1.8.2,qemu-tools,9.2.4-150700.3.17.1,sles,SUSE-SU-2026:3038-1,HIGH,,registry.suse.com/suse/sles/15.7/libguestfs-tools:1.7.4-150700.3.24.2 (sles 15.7),9.2.4-150700.3.23.1,false,affected,
registry.suse.com/suse/sles/15.7/libguestfs-tools:1.7.4-150700.3.24.2,harvester/v1.8.2,qemu-vgabios,9.2.41.16.3_3_g3d33c746-150700.3.17.1,sles,SUSE-SU-2026:3038-1,HIGH,,registry.suse.com/suse/sles/15.7/libguestfs-tools:1.7.4-150700.3.24.2 (sles 15.7),9.2.41.16.3_3_g3d33c746-150700.3.23.1,false,affected,
registry.suse.com/suse/sles/15.7/libguestfs-tools:1.7.4-150700.3.24.2,harvester/v1.8.2,qemu-vmsr-helper,9.2.4-150700.3.17.1,sles,SUSE-SU-2026:3038-1,HIGH,,registry.suse.com/suse/sles/15.7/libguestfs-tools:1.7.4-150700.3.24.2 (sles 15.7),9.2.4-150700.3.23.1,false,not_affected,vulnerable_code_not_in_execute_path
registry.suse.com/suse/sles/15.7/libguestfs-tools:1.7.4-150700.3.24.2,harvester/v1.8.2,qemu-x86,9.2.4-150700.3.17.1,sles,SUSE-SU-2026:3038-1,HIGH,,registry.suse.com/suse/sles/15.7/libguestfs-tools:1.7.4-150700.3.24.2 (sles 15.7),9.2.4-150700.3.23.1,false,affected,
registry.suse.com/suse/sles/15.7/libguestfs-tools:1.7.4-150700.3.24.2,harvester/v1.8.2,libssh2-1,1.11.0-150600.18.1,sles,SUSE-SU-2026:3076-1,MEDIUM,,registry.suse.com/suse/sles/15.7/libguestfs-tools:1.7.4-150700.3.24.2 (sles 15.7),1.11.0-150600.20.3.1,false,not_affected,vulnerable_code_not_in_execute_path
registry.suse.com/suse/sles/15.7/libguestfs-tools:1.7.4-150700.3.24.2,harvester/v1.8.2,libxml2-2,2.12.10-150700.4.11.1,sles,SUSE-SU-2026:3097-1,HIGH,,registry.suse.com/suse/sles/15.7/libguestfs-tools:1.7.4-150700.3.24.2 (sles 15.7),2.12.10-150700.4.14.1,false,affected,
registry.suse.com/suse/sles/15.7/libguestfs-tools:1.7.4-150700.3.24.2,harvester/v1.8.2,libntfs-3g87,2022.5.17-150000.3.24.1,sles,SUSE-SU-2026:3214-1,HIGH,,registry.suse.com/suse/sles/15.7/libguestfs-tools:1.7.4-150700.3.24.2 (sles 15.7),2022.5.17-150000.3.27.1,false,affected,
registry.suse.com/suse/sles/15.7/libguestfs-tools:1.7.4-150700.3.24.2,harvester/v1.8.2,ntfs-3g,2022.5.17-150000.3.24.1,sles,SUSE-SU-2026:3214-1,HIGH,,registry.suse.com/suse/sles/15.7/libguestfs-tools:1.7.4-150700.3.24.2 (sles 15.7),2022.5.17-150000.3.27.1,false,not_affected,vulnerable_code_not_in_execute_path
registry.suse.com/suse/sles/15.7/libguestfs-tools:1.7.4-150700.3.24.2,harvester/v1.8.2,ntfsprogs,2022.5.17-150000.3.24.1,sles,SUSE-SU-2026:3214-1,HIGH,,registry.suse.com/suse/sles/15.7/libguestfs-tools:1.7.4-150700.3.24.2 (sles 15.7),2022.5.17-150000.3.27.1,false,affected,
registry.suse.com/suse/sles/15.7/libguestfs-tools:1.7.4-150700.3.24.2,harvester/v1.8.2,gzip,1.10-150200.10.1,sles,SUSE-SU-2026:3269-1,HIGH,,registry.suse.com/suse/sles/15.7/libguestfs-tools:1.7.4-150700.3.24.2 (sles 15.7),1.10-150200.13.1,false,affected,
registry.suse.com/suse/sles/15.7/libguestfs-tools:1.7.4-150700.3.24.2,harvester/v1.8.2,libssh-config,0.9.8-150600.11.12.1,sles,SUSE-SU-2026:3330-1,MEDIUM,,registry.suse.com/suse/sles/15.7/libguestfs-tools:1.7.4-150700.3.24.2 (sles 15.7),0.9.8-150600.11.15.1,false,not_affected,vulnerable_code_not_in_execute_path
registry.suse.com/suse/sles/15.7/libguestfs-tools:1.7.4-150700.3.24.2,harvester/v1.8.2,libssh4,0.9.8-150600.11.12.1,sles,SUSE-SU-2026:3330-1,MEDIUM,,registry.suse.com/suse/sles/15.7/libguestfs-tools:1.7.4-150700.3.24.2 (sles 15.7),0.9.8-150600.11.15.1,false,not_affected,vulnerable_code_not_in_execute_path
registry.suse.com/suse/sles/15.7/libguestfs-tools:1.7.4-150700.3.24.2,harvester/v1.8.2,glib2-tools,2.78.6-150600.4.35.1,sles,SUSE-SU-2026:3341-1,HIGH,,registry.suse.com/suse/sles/15.7/libguestfs-tools:1.7.4-150700.3.24.2 (sles 15.7),2.78.6-150600.4.38.1,false,not_affected,vulnerable_code_not_in_execute_path
registry.suse.com/suse/sles/15.7/libguestfs-tools:1.7.4-150700.3.24.2,harvester/v1.8.2,libgio-2_0-0,2.78.6-150600.4.35.1,sles,SUSE-SU-2026:3341-1,HIGH,,registry.suse.com/suse/sles/15.7/libguestfs-tools:1.7.4-150700.3.24.2 (sles 15.7),2.78.6-150600.4.38.1,false,affected,
registry.suse.com/suse/sles/15.7/libguestfs-tools:1.7.4-150700.3.24.2,harvester/v1.8.2,libglib-2_0-0,2.78.6-150600.4.35.1,sles,SUSE-SU-2026:3341-1,HIGH,,registry.suse.com/suse/sles/15.7/libguestfs-tools:1.7.4-150700.3.24.2 (sles 15.7),2.78.6-150600.4.38.1,false,affected,
registry.suse.com/suse/sles/15.7/libguestfs-tools:1.7.4-150700.3.24.2,harvester/v1.8.2,libgmodule-2_0-0,2.78.6-150600.4.35.1,sles,SUSE-SU-2026:3341-1,HIGH,,registry.suse.com/suse/sles/15.7/libguestfs-tools:1.7.4-150700.3.24.2 (sles 15.7),2.78.6-150600.4.38.1,false,affected,
registry.suse.com/suse/sles/15.7/libguestfs-tools:1.7.4-150700.3.24.2,harvester/v1.8.2,libgobject-2_0-0,2.78.6-150600.4.35.1,sles,SUSE-SU-2026:3341-1,HIGH,,registry.suse.com/suse/sles/15.7/libguestfs-tools:1.7.4-150700.3.24.2 (sles 15.7),2.78.6-150600.4.38.1,false,affected,
registry.suse.com/suse/sles/15.7/libguestfs-tools:1.7.4-150700.3.24.2,harvester/v1.8.2,bind-utils,9.20.21-150700.3.18.1,sles,SUSE-SU-2026:3426-1,HIGH,,registry.suse.com/suse/sles/15.7/libguestfs-tools:1.7.4-150700.3.24.2 (sles 15.7),9.20.26-150700.3.29.1,false,not_affected,vulnerable_code_not_in_execute_path
registry.suse.com/suse/sles/15.7/libguestfs-tools:1.7.4-150700.3.24.2,harvester/v1.8.2,gawk,4.2.1-150000.3.3.1,sles,SUSE-SU-2026:3455-1,MEDIUM,,registry.suse.com/suse/sles/15.7/libguestfs-tools:1.7.4-150700.3.24.2 (sles 15.7),4.2.1-150000.3.6.1,false,not_affected,vulnerable_code_not_in_execute_path
registry.suse.com/suse/sles/15.7/libguestfs-tools:1.7.4-150700.3.24.2,harvester/v1.8.2,libssh2-1,1.11.0-150600.18.1,sles,SUSE-SU-2026:3541-1,HIGH,,registry.suse.com/suse/sles/15.7/libguestfs-tools:1.7.4-150700.3.24.2 (sles 15.7),1.11.0-150600.20.6.1,false,affected,
registry.suse.com/suse/sles/15.7/libguestfs-tools:1.7.4-150700.3.24.2,harvester/v1.8.2,perl,5.26.1-150300.17.20.1,sles,SUSE-SU-2026:3558-1,HIGH,,registry.suse.com/suse/sles/15.7/libguestfs-tools:1.7.4-150700.3.24.2 (sles 15.7),5.26.1-150300.17.23.1,false,affected,
registry.suse.com/suse/sles/15.7/libguestfs-tools:1.7.4-150700.3.24.2,harvester/v1.8.2,perl-base,5.26.1-150300.17.20.1,sles,SUSE-SU-2026:3558-1,HIGH,,registry.suse.com/suse/sles/15.7/libguestfs-tools:1.7.4-150700.3.24.2 (sles 15.7),5.26.1-150300.17.23.1,false,affected,
registry.suse.com/suse/sles/15.7/libguestfs-tools:1.7.4-150700.3.24.2,harvester/v1.8.2,rpm-ndb,4.14.3-150400.59.16.1,sles,SUSE-SU-2026:3600-1,HIGH,,registry.suse.com/suse/sles/15.7/libguestfs-tools:1.7.4-150700.3.24.2 (sles 15.7),4.14.3-150400.59.19.1,false,affected,
registry.suse.com/suse/sles/15.7/virt-api:1.7.4-150700.3.24.2,harvester/v1.8.2,libuuid1,2.40.4-150700.4.10.1,sles,SUSE-SU-2026:2485-1,MEDIUM,,registry.suse.com/suse/sles/15.7/virt-api:1.7.4-150700.3.24.2 (sles 15.7),2.40.4-150700.4.13.1,false,not_affected,vulnerable_code_not_in_execute_path
registry.suse.com/suse/sles/15.7/virt-api:1.7.4-150700.3.24.2,harvester/v1.8.2,util-linux,2.40.4-150700.4.10.1,sles,SUSE-SU-2026:2485-1,MEDIUM,,registry.suse.com/suse/sles/15.7/virt-api:1.7.4-150700.3.24.2 (sles 15.7),2.40.4-150700.4.13.1,false,not_affected,vulnerable_code_not_in_execute_path
registry.suse.com/suse/sles/15.7/virt-api:1.7.4-150700.3.24.2,harvester/v1.8.2,libsqlite3-0,3.51.3-150000.3.39.1,sles,SUSE-SU-2026:2528-1,HIGH,,registry.suse.com/suse/sles/15.7/virt-api:1.7.4-150700.3.24.2 (sles 15.7),3.53.2-150000.3.42.1,false,affected,
registry.suse.com/suse/sles/15.7/virt-api:1.7.4-150700.3.24.2,harvester/v1.8.2,libsolv-tools-base,0.7.35-150700.11.5.2,sles,SUSE-SU-2026:2531-1,HIGH,,registry.suse.com/suse/sles/15.7/virt-api:1.7.4-150700.3.24.2 (sles 15.7),0.7.39-150700.11.10.1,false,not_affected,vulnerable_code_not_in_execute_path
registry.suse.com/suse/sles/15.7/virt-api:1.7.4-150700.3.24.2,harvester/v1.8.2,libzypp,17.37.18-150700.6.3.1,sles,SUSE-SU-2026:2531-1,HIGH,,registry.suse.com/suse/sles/15.7/virt-api:1.7.4-150700.3.24.2 (sles 15.7),17.38.13-150700.6.13.1,false,affected,
registry.suse.com/suse/sles/15.7/virt-api:1.7.4-150700.3.24.2,harvester/v1.8.2,zypper,1.14.94-150700.13.3.1,sles,SUSE-SU-2026:2531-1,HIGH,,registry.suse.com/suse/sles/15.7/virt-api:1.7.4-150700.3.24.2 (sles 15.7),1.14.98-150700.13.6.1,false,affected,
registry.suse.com/suse/sles/15.7/virt-api:1.7.4-150700.3.24.2,harvester/v1.8.2,libopenssl-3-fips-provider,3.2.3-150700.5.31.1,sles,SUSE-SU-2026:2648-1,HIGH,,registry.suse.com/suse/sles/15.7/virt-api:1.7.4-150700.3.24.2 (sles 15.7),3.2.3-150700.5.36.1,false,affected,
registry.suse.com/suse/sles/15.7/virt-api:1.7.4-150700.3.24.2,harvester/v1.8.2,libopenssl3,3.2.3-150700.5.31.1,sles,SUSE-SU-2026:2648-1,HIGH,,registry.suse.com/suse/sles/15.7/virt-api:1.7.4-150700.3.24.2 (sles 15.7),3.2.3-150700.5.36.1,false,affected,
registry.suse.com/suse/sles/15.7/virt-api:1.7.4-150700.3.24.2,harvester/v1.8.2,openssl-3,3.2.3-150700.5.31.1,sles,SUSE-SU-2026:2648-1,HIGH,,registry.suse.com/suse/sles/15.7/virt-api:1.7.4-150700.3.24.2 (sles 15.7),3.2.3-150700.5.36.1,false,affected,
registry.suse.com/suse/sles/15.7/virt-api:1.7.4-150700.3.24.2,harvester/v1.8.2,tar,1.34-150000.3.37.1,sles,SUSE-SU-2026:2714-1,MEDIUM,,registry.suse.com/suse/sles/15.7/virt-api:1.7.4-150700.3.24.2 (sles 15.7),1.34-150000.3.42.1,false,not_affected,vulnerable_code_not_in_execute_path
registry.suse.com/suse/sles/15.7/virt-api:1.7.4-150700.3.24.2,harvester/v1.8.2,krb5,1.20.1-150600.11.14.1,sles,SUSE-SU-2026:2848-1,HIGH,,registry.suse.com/suse/sles/15.7/virt-api:1.7.4-150700.3.24.2 (sles 15.7),1.20.1-150600.11.19.1,false,affected,
registry.suse.com/suse/sles/15.7/virt-api:1.7.4-150700.3.24.2,harvester/v1.8.2,curl,8.14.1-150700.7.14.1,sles,SUSE-SU-2026:2925-1,HIGH,,registry.suse.com/suse/sles/15.7/virt-api:1.7.4-150700.3.24.2 (sles 15.7),8.14.1-150700.7.20.1,false,affected,
registry.suse.com/suse/sles/15.7/virt-api:1.7.4-150700.3.24.2,harvester/v1.8.2,libcurl4,8.14.1-150700.7.14.1,sles,SUSE-SU-2026:2925-1,HIGH,,registry.suse.com/suse/sles/15.7/virt-api:1.7.4-150700.3.24.2 (sles 15.7),8.14.1-150700.7.20.1,false,affected,
registry.suse.com/suse/sles/15.7/virt-api:1.7.4-150700.3.24.2,harvester/v1.8.2,libxml2-2,2.12.10-150700.4.11.1,sles,SUSE-SU-2026:3097-1,HIGH,,registry.suse.com/suse/sles/15.7/virt-api:1.7.4-150700.3.24.2 (sles 15.7),2.12.10-150700.4.14.1,false,affected,
registry.suse.com/suse/sles/15.7/virt-api:1.7.4-150700.3.24.2,harvester/v1.8.2,pam,1.3.0-150000.6.86.1,sles,SUSE-SU-2026:3163-1,MEDIUM,,registry.suse.com/suse/sles/15.7/virt-api:1.7.4-150700.3.24.2 (sles 15.7),1.3.0-150000.6.89.1,false,not_affected,vulnerable_code_not_in_execute_path
registry.suse.com/suse/sles/15.7/virt-api:1.7.4-150700.3.24.2,harvester/v1.8.2,libudev1,254.27-150600.4.62.1,sles,SUSE-SU-2026:3244-1,MEDIUM,,registry.suse.com/suse/sles/15.7/virt-api:1.7.4-150700.3.24.2 (sles 15.7),254.27-150600.4.71.2,false,not_affected,vulnerable_code_not_in_execute_path
registry.suse.com/suse/sles/15.7/virt-api:1.7.4-150700.3.24.2,harvester/v1.8.2,gzip,1.10-150200.10.1,sles,SUSE-SU-2026:3269-1,HIGH,,registry.suse.com/suse/sles/15.7/virt-api:1.7.4-150700.3.24.2 (sles 15.7),1.10-150200.13.1,false,not_affected,vulnerable_code_not_in_execute_path
registry.suse.com/suse/sles/15.7/virt-api:1.7.4-150700.3.24.2,harvester/v1.8.2,libssh-config,0.9.8-150600.11.12.1,sles,SUSE-SU-2026:3330-1,MEDIUM,,registry.suse.com/suse/sles/15.7/virt-api:1.7.4-150700.3.24.2 (sles 15.7),0.9.8-150600.11.15.1,false,not_affected,vulnerable_code_not_in_execute_path
registry.suse.com/suse/sles/15.7/virt-api:1.7.4-150700.3.24.2,harvester/v1.8.2,libssh4,0.9.8-150600.11.12.1,sles,SUSE-SU-2026:3330-1,MEDIUM,,registry.suse.com/suse/sles/15.7/virt-api:1.7.4-150700.3.24.2 (sles 15.7),0.9.8-150600.11.15.1,false,not_affected,vulnerable_code_not_in_execute_path
registry.suse.com/suse/sles/15.7/virt-api:1.7.4-150700.3.24.2,harvester/v1.8.2,libglib-2_0-0,2.78.6-150600.4.35.1,sles,SUSE-SU-2026:3341-1,HIGH,,registry.suse.com/suse/sles/15.7/virt-api:1.7.4-150700.3.24.2 (sles 15.7),2.78.6-150600.4.38.1,false,affected,
registry.suse.com/suse/sles/15.7/virt-api:1.7.4-150700.3.24.2,harvester/v1.8.2,perl-base,5.26.1-150300.17.20.1,sles,SUSE-SU-2026:3558-1,HIGH,,registry.suse.com/suse/sles/15.7/virt-api:1.7.4-150700.3.24.2 (sles 15.7),5.26.1-150300.17.23.1,false,affected,
registry.suse.com/suse/sles/15.7/virt-api:1.7.4-150700.3.24.2,harvester/v1.8.2,rpm-ndb,4.14.3-150400.59.16.1,sles,SUSE-SU-2026:3600-1,HIGH,,registry.suse.com/suse/sles/15.7/virt-api:1.7.4-150700.3.24.2 (sles 15.7),4.14.3-150400.59.19.1,false,affected,
registry.suse.com/suse/sles/15.7/virt-controller:1.7.4-150700.3.24.2,harvester/v1.8.2,libsqlite3-0,3.51.3-150000.3.39.1,sles,SUSE-SU-2026:2528-1,HIGH,,registry.suse.com/suse/sles/15.7/virt-controller:1.7.4-150700.3.24.2 (sles 15.7),3.53.2-150000.3.42.1,false,not_affected,vulnerable_code_not_in_execute_path
registry.suse.com/suse/sles/15.7/virt-controller:1.7.4-150700.3.24.2,harvester/v1.8.2,libsolv-tools-base,0.7.35-150700.11.5.2,sles,SUSE-SU-2026:2531-1,HIGH,,registry.suse.com/suse/sles/15.7/virt-controller:1.7.4-150700.3.24.2 (sles 15.7),0.7.39-150700.11.10.1,false,affected,
registry.suse.com/suse/sles/15.7/virt-controller:1.7.4-150700.3.24.2,harvester/v1.8.2,libzypp,17.37.18-150700.6.3.1,sles,SUSE-SU-2026:2531-1,HIGH,,registry.suse.com/suse/sles/15.7/virt-controller:1.7.4-150700.3.24.2 (sles 15.7),17.38.13-150700.6.13.1,false,affected,
registry.suse.com/suse/sles/15.7/virt-controller:1.7.4-150700.3.24.2,harvester/v1.8.2,zypper,1.14.94-150700.13.3.1,sles,SUSE-SU-2026:2531-1,HIGH,,registry.suse.com/suse/sles/15.7/virt-controller:1.7.4-150700.3.24.2 (sles 15.7),1.14.98-150700.13.6.1,false,affected,
registry.suse.com/suse/sles/15.7/virt-controller:1.7.4-150700.3.24.2,harvester/v1.8.2,libopenssl-3-fips-provider,3.2.3-150700.5.31.1,sles,SUSE-SU-2026:2648-1,HIGH,,registry.suse.com/suse/sles/15.7/virt-controller:1.7.4-150700.3.24.2 (sles 15.7),3.2.3-150700.5.36.1,false,not_affected,vulnerable_code_not_in_execute_path
registry.suse.com/suse/sles/15.7/virt-controller:1.7.4-150700.3.24.2,harvester/v1.8.2,libopenssl3,3.2.3-150700.5.31.1,sles,SUSE-SU-2026:2648-1,HIGH,,registry.suse.com/suse/sles/15.7/virt-controller:1.7.4-150700.3.24.2 (sles 15.7),3.2.3-150700.5.36.1,false,affected,
registry.suse.com/suse/sles/15.7/virt-controller:1.7.4-150700.3.24.2,harvester/v1.8.2,openssl-3,3.2.3-150700.5.31.1,sles,SUSE-SU-2026:2648-1,HIGH,,registry.suse.com/suse/sles/15.7/virt-controller:1.7.4-150700.3.24.2 (sles 15.7),3.2.3-150700.5.36.1,false,not_affected,vulnerable_code_not_in_execute_path
registry.suse.com/suse/sles/15.7/virt-controller:1.7.4-150700.3.24.2,harvester/v1.8.2,tar,1.34-150000.3.37.1,sles,SUSE-SU-2026:2714-1,MEDIUM,,registry.suse.com/suse/sles/15.7/virt-controller:1.7.4-150700.3.24.2 (sles 15.7),1.34-150000.3.42.1,false,not_affected,vulnerable_code_not_in_execute_path
registry.suse.com/suse/sles/15.7/virt-controller:1.7.4-150700.3.24.2,harvester/v1.8.2,krb5,1.20.1-150600.11.14.1,sles,SUSE-SU-2026:2848-1,HIGH,,registry.suse.com/suse/sles/15.7/virt-controller:1.7.4-150700.3.24.2 (sles 15.7),1.20.1-150600.11.19.1,false,affected,
registry.suse.com/suse/sles/15.7/virt-controller:1.7.4-150700.3.24.2,harvester/v1.8.2,curl,8.14.1-150700.7.14.1,sles,SUSE-SU-2026:2925-1,HIGH,,registry.suse.com/suse/sles/15.7/virt-controller:1.7.4-150700.3.24.2 (sles 15.7),8.14.1-150700.7.20.1,false,affected,
registry.suse.com/suse/sles/15.7/virt-controller:1.7.4-150700.3.24.2,harvester/v1.8.2,libcurl4,8.14.1-150700.7.14.1,sles,SUSE-SU-2026:2925-1,HIGH,,registry.suse.com/suse/sles/15.7/virt-controller:1.7.4-150700.3.24.2 (sles 15.7),8.14.1-150700.7.20.1,false,affected,
registry.suse.com/suse/sles/15.7/virt-controller:1.7.4-150700.3.24.2,harvester/v1.8.2,libxml2-2,2.12.10-150700.4.11.1,sles,SUSE-SU-2026:3097-1,HIGH,,registry.suse.com/suse/sles/15.7/virt-controller:1.7.4-150700.3.24.2 (sles 15.7),2.12.10-150700.4.14.1,false,not_affected,vulnerable_code_not_in_execute_path
registry.suse.com/suse/sles/15.7/virt-controller:1.7.4-150700.3.24.2,harvester/v1.8.2,gzip,1.10-150200.10.1,sles,SUSE-SU-2026:3269-1,HIGH,,registry.suse.com/suse/sles/15.7/virt-controller:1.7.4-150700.3.24.2 (sles 15.7),1.10-150200.13.1,false,not_affected,vulnerable_code_not_in_execute_path
registry.suse.com/suse/sles/15.7/virt-controller:1.7.4-150700.3.24.2,harvester/v1.8.2,libssh-config,0.9.8-150600.11.12.1,sles,SUSE-SU-2026:3330-1,MEDIUM,,registry.suse.com/suse/sles/15.7/virt-controller:1.7.4-150700.3.24.2 (sles 15.7),0.9.8-150600.11.15.1,false,not_affected,vulnerable_code_not_in_execute_path
registry.suse.com/suse/sles/15.7/virt-controller:1.7.4-150700.3.24.2,harvester/v1.8.2,libssh4,0.9.8-150600.11.12.1,sles,SUSE-SU-2026:3330-1,MEDIUM,,registry.suse.com/suse/sles/15.7/virt-controller:1.7.4-150700.3.24.2 (sles 15.7),0.9.8-150600.11.15.1,false,not_affected,vulnerable_code_not_in_execute_path
registry.suse.com/suse/sles/15.7/virt-controller:1.7.4-150700.3.24.2,harvester/v1.8.2,libglib-2_0-0,2.78.6-150600.4.35.1,sles,SUSE-SU-2026:3341-1,HIGH,,registry.suse.com/suse/sles/15.7/virt-controller:1.7.4-150700.3.24.2 (sles 15.7),2.78.6-150600.4.38.1,false,affected,
registry.suse.com/suse/sles/15.7/virt-controller:1.7.4-150700.3.24.2,harvester/v1.8.2,perl-base,5.26.1-150300.17.20.1,sles,SUSE-SU-2026:3558-1,HIGH,,registry.suse.com/suse/sles/15.7/virt-controller:1.7.4-150700.3.24.2 (sles 15.7),5.26.1-150300.17.23.1,false,affected,
registry.suse.com/suse/sles/15.7/virt-controller:1.7.4-150700.3.24.2,harvester/v1.8.2,rpm-ndb,4.14.3-150400.59.16.1,sles,SUSE-SU-2026:3600-1,HIGH,,registry.suse.com/suse/sles/15.7/virt-controller:1.7.4-150700.3.24.2 (sles 15.7),4.14.3-150400.59.19.1,false,affected,
registry.suse.com/suse/sles/15.7/virt-handler:1.7.4-150700.3.24.2,harvester/v1.8.2,qemu-img,9.2.4-150700.3.17.1,sles,SUSE-SU-2026:2385-1,HIGH,,registry.suse.com/suse/sles/15.7/virt-handler:1.7.4-150700.3.24.2 (sles 15.7),9.2.4-150700.3.20.1,false,affected,
registry.suse.com/suse/sles/15.7/virt-handler:1.7.4-150700.3.24.2,harvester/v1.8.2,libfdisk1,2.40.4-150700.4.10.1,sles,SUSE-SU-2026:2485-1,MEDIUM,,registry.suse.com/suse/sles/15.7/virt-handler:1.7.4-150700.3.24.2 (sles 15.7),2.40.4-150700.4.13.1,false,not_affected,vulnerable_code_not_in_execute_path
registry.suse.com/suse/sles/15.7/virt-handler:1.7.4-150700.3.24.2,harvester/v1.8.2,libsqlite3-0,3.51.3-150000.3.39.1,sles,SUSE-SU-2026:2528-1,HIGH,,registry.suse.com/suse/sles/15.7/virt-handler:1.7.4-150700.3.24.2 (sles 15.7),3.53.2-150000.3.42.1,false,affected,
registry.suse.com/suse/sles/15.7/virt-handler:1.7.4-150700.3.24.2,harvester/v1.8.2,libsolv-tools-base,0.7.35-150700.11.5.2,sles,SUSE-SU-2026:2531-1,HIGH,,registry.suse.com/suse/sles/15.7/virt-handler:1.7.4-150700.3.24.2 (sles 15.7),0.7.39-150700.11.10.1,false,affected,
registry.suse.com/suse/sles/15.7/virt-handler:1.7.4-150700.3.24.2,harvester/v1.8.2,libzypp,17.37.18-150700.6.3.1,sles,SUSE-SU-2026:2531-1,HIGH,,registry.suse.com/suse/sles/15.7/virt-handler:1.7.4-150700.3.24.2 (sles 15.7),17.38.13-150700.6.13.1,false,not_affected,vulnerable_code_not_in_execute_path
registry.suse.com/suse/sles/15.7/virt-handler:1.7.4-150700.3.24.2,harvester/v1.8.2,zypper,1.14.94-150700.13.3.1,sles,SUSE-SU-2026:2531-1,HIGH,,registry.suse.com/suse/sles/15.7/virt-handler:1.7.4-150700.3.24.2 (sles 15.7),1.14.98-150700.13.6.1,false,not_affected,vulnerable_code_not_in_execute_path
registry.suse.com/suse/sles/15.7/virt-handler:1.7.4-150700.3.24.2,harvester/v1.8.2,libopenssl-3-fips-provider,3.2.3-150700.5.31.1,sles,SUSE-SU-2026:2648-1,HIGH,,registry.suse.com/suse/sles/15.7/virt-handler:1.7.4-150700.3.24.2 (sles 15.7),3.2.3-150700.5.36.1,false,affected,
registry.suse.com/suse/sles/15.7/virt-handler:1.7.4-150700.3.24.2,harvester/v1.8.2,libopenssl3,3.2.3-150700.5.31.1,sles,SUSE-SU-2026:2648-1,HIGH,,registry.suse.com/suse/sles/15.7/virt-handler:1.7.4-150700.3.24.2 (sles 15.7),3.2.3-150700.5.36.1,false,affected,
registry.suse.com/suse/sles/15.7/virt-handler:1.7.4-150700.3.24.2,harvester/v1.8.2,openssl-3,3.2.3-150700.5.31.1,sles,SUSE-SU-2026:2648-1,HIGH,,registry.suse.com/suse/sles/15.7/virt-handler:1.7.4-150700.3.24.2 (sles 15.7),3.2.3-150700.5.36.1,false,affected,
registry.suse.com/suse/sles/15.7/virt-handler:1.7.4-150700.3.24.2,harvester/v1.8.2,tar,1.34-150000.3.37.1,sles,SUSE-SU-2026:2714-1,MEDIUM,,registry.suse.com/suse/sles/15.7/virt-handler:1.7.4-150700.3.24.2 (sles 15.7),1.34-150000.3.42.1,false,not_affected,vulnerable_code_not_in_execute_path
registry.suse.com/suse/sles/15.7/virt-handler:1.7.4-150700.3.24.2,harvester/v1.8.2,krb5,1.20.1-150600.11.14.1,sles,SUSE-SU-2026:2848-1,HIGH,,registry.suse.com/suse/sles/15.7/virt-handler:1.7.4-150700.3.24.2 (sles 15.7),1.20.1-150600.11.19.1,false,affected,
registry.suse.com/suse/sles/15.7/virt-handler:1.7.4-150700.3.24.2,harvester/v1.8.2,curl,8.14.1-150700.7.14.1,sles,SUSE-SU-2026:2925-1,HIGH,,registry.suse.com/suse/sles/15.7/virt-handler:1.7.4-150700.3.24.2 (sles 15.7),8.14.1-150700.7.20.1,false,affected,
registry.suse.com/suse/sles/15.7/virt-handler:1.7.4-150700.3.24.2,harvester/v1.8.2,libcurl4,8.14.1-150700.7.14.1,sles,SUSE-SU-2026:2925-1,HIGH,,registry.suse.com/suse/sles/15.7/virt-handler:1.7.4-150700.3.24.2 (sles 15.7),8.14.1-150700.7.20.1,false,affected,
registry.suse.com/suse/sles/15.7/virt-handler:1.7.4-150700.3.24.2,harvester/v1.8.2,qemu-img,9.2.4-150700.3.17.1,sles,SUSE-SU-2026:3038-1,HIGH,,registry.suse.com/suse/sles/15.7/virt-handler:1.7.4-150700.3.24.2 (sles 15.7),9.2.4-150700.3.23.1,false,affected,
registry.suse.com/suse/sles/15.7/virt-handler:1.7.4-150700.3.24.2,harvester/v1.8.2,libxml2-2,2.12.10-150700.4.11.1,sles,SUSE-SU-2026:3097-1,HIGH,,registry.suse.com/suse/sles/15.7/virt-handler:1.7.4-150700.3.24.2 (sles 15.7),2.12.10-150700.4.14.1,false,affected,
registry.suse.com/suse/sles/15.7/virt-handler:1.7.4-150700.3.24.2,harvester/v1.8.2,gzip,1.10-150200.10.1,sles,SUSE-SU-2026:3269-1,HIGH,,registry.suse.com/suse/sles/15.7/virt-handler:1.7.4-150700.3.24.2 (sles 15.7),1.10-150200.13.1,false,not_affected,vulnerable_code_not_in_execute_path
registry.suse.com/suse/sles/15.7/virt-handler:1.7.4-150700.3.24.2,harvester/v1.8.2,libssh-config,0.9.8-150600.11.12.1,sles,SUSE-SU-2026:3330-1,MEDIUM,,registry.suse.com/suse/sles/15.7/virt-handler:1.7.4-150700.3.24.2 (sles 15.7),0.9.8-150600.11.15.1,false,not_affected,vulnerable_code_not_in_execute_path
registry.suse.com/suse/sles/15.7/virt-handler:1.7.4-150700.3.24.2,harvester/v1.8.2,libssh4,0.9.8-150600.11.12.1,sles,SUSE-SU-2026:3330-1,MEDIUM,,registry.suse.com/suse/sles/15.7/virt-handler:1.7.4-150700.3.24.2 (sles 15.7),0.9.8-150600.11.15.1,false,not_affected,vulnerable_code_not_in_execute_path
registry.suse.com/suse/sles/15.7/virt-handler:1.7.4-150700.3.24.2,harvester/v1.8.2,libglib-2_0-0,2.78.6-150600.4.35.1,sles,SUSE-SU-2026:3341-1,HIGH,,registry.suse.com/suse/sles/15.7/virt-handler:1.7.4-150700.3.24.2 (sles 15.7),2.78.6-150600.4.38.1,false,affected,
registry.suse.com/suse/sles/15.7/virt-handler:1.7.4-150700.3.24.2,harvester/v1.8.2,libgmodule-2_0-0,2.78.6-150600.4.35.1,sles,SUSE-SU-2026:3341-1,HIGH,,registry.suse.com/suse/sles/15.7/virt-handler:1.7.4-150700.3.24.2 (sles 15.7),2.78.6-150600.4.38.1,false,not_affected,vulnerable_code_not_in_execute_path
registry.suse.com/suse/sles/15.7/virt-handler:1.7.4-150700.3.24.2,harvester/v1.8.2,perl-base,5.26.1-150300.17.20.1,sles,SUSE-SU-2026:3558-1,HIGH,,registry.suse.com/suse/sles/15.7/virt-handler:1.7.4-150700.3.24.2 (sles 15.7),5.26.1-150300.17.23.1,false,affected,
registry.suse.com/suse/sles/15.7/virt-handler:1.7.4-150700.3.24.2,harvester/v1.8.2,rpm-ndb,4.14.3-150400.59.16.1,sles,SUSE-SU-2026:3600-1,HIGH,,registry.suse.com/suse/sles/15.7/virt-handler:1.7.4-150700.3.24.2 (sles 15.7),4.14.3-150400.59.19.1,false,affected,
registry.suse.com/suse/sles/15.7/virt-launcher:1.7.4-150700.3.24.2,harvester/v1.8.2,qemu,9.2.4-150700.3.17.1,sles,SUSE-SU-2026:2385-1,HIGH,,registry.suse.com/suse/sles/15.7/virt-launcher:1.7.4-150700.3.24.2 (sles 15.7),9.2.4-150700.3.20.1,false,affected,
registry.suse.com/suse/sles/15.7/virt-launcher:1.7.4-150700.3.24.2,harvester/v1.8.2,qemu-accel-tcg-x86,9.2.4-150700.3.17.1,sles,SUSE-SU-2026:2385-1,HIGH,,registry.suse.com/suse/sles/15.7/virt-launcher:1.7.4-150700.3.24.2 (sles 15.7),9.2.4-150700.3.20.1,false,affected,
registry.suse.com/suse/sles/15.7/virt-launcher:1.7.4-150700.3.24.2,harvester/v1.8.2,qemu-hw-display-virtio-gpu,9.2.4-150700.3.17.1,sles,SUSE-SU-2026:2385-1,HIGH,,registry.suse.com/suse/sles/15.7/virt-launcher:1.7.4-150700.3.24.2 (sles 15.7),9.2.4-150700.3.20.1,false,affected,
registry.suse.com/suse/sles/15.7/virt-launcher:1.7.4-150700.3.24.2,harvester/v1.8.2,qemu-hw-display-virtio-gpu-pci,9.2.4-150700.3.17.1,sles,SUSE-SU-2026:2385-1,HIGH,,registry.suse.com/suse/sles/15.7/virt-launcher:1.7.4-150700.3.24.2 (sles 15.7),9.2.4-150700.3.20.1,false,affected,
registry.suse.com/suse/sles/15.7/virt-launcher:1.7.4-150700.3.24.2,harvester/v1.8.2,qemu-hw-display-virtio-vga,9.2.4-150700.3.17.1,sles,SUSE-SU-2026:2385-1,HIGH,,registry.suse.com/suse/sles/15.7/virt-launcher:1.7.4-150700.3.24.2 (sles 15.7),9.2.4-150700.3.20.1,false,affected,
registry.suse.com/suse/sles/15.7/virt-launcher:1.7.4-150700.3.24.2,harvester/v1.8.2,qemu-hw-usb-host,9.2.4-150700.3.17.1,sles,SUSE-SU-2026:2385-1,HIGH,,registry.suse.com/suse/sles/15.7/virt-launcher:1.7.4-150700.3.24.2 (sles 15.7),9.2.4-150700.3.20.1,false,affected,
registry.suse.com/suse/sles/15.7/virt-launcher:1.7.4-150700.3.24.2,harvester/v1.8.2,qemu-hw-usb-redirect,9.2.4-150700.3.17.1,sles,SUSE-SU-2026:2385-1,HIGH,,registry.suse.com/suse/sles/15.7/virt-launcher:1.7.4-150700.3.24.2 (sles 15.7),9.2.4-150700.3.20.1,false,affected,
registry.suse.com/suse/sles/15.7/virt-launcher:1.7.4-150700.3.24.2,harvester/v1.8.2,qemu-img,9.2.4-150700.3.17.1,sles,SUSE-SU-2026:2385-1,HIGH,,registry.suse.com/suse/sles/15.7/virt-launcher:1.7.4-150700.3.24.2 (sles 15.7),9.2.4-150700.3.20.1,false,affected,
registry.suse.com/suse/sles/15.7/virt-launcher:1.7.4-150700.3.24.2,harvester/v1.8.2,qemu-ipxe,9.2.4-150700.3.17.1,sles,SUSE-SU-2026:2385-1,HIGH,,registry.suse.com/suse/sles/15.7/virt-launcher:1.7.4-150700.3.24.2 (sles 15.7),9.2.4-150700.3.20.1,false,not_affected,vulnerable_code_not_in_execute_path
registry.suse.com/suse/sles/15.7/virt-launcher:1.7.4-150700.3.24.2,harvester/v1.8.2,qemu-seabios,9.2.41.16.3_3_g3d33c746-150700.3.17.1,sles,SUSE-SU-2026:2385-1,HIGH,,registry.suse.com/suse/sles/15.7/virt-launcher:1.7.4-150700.3.24.2 (sles 15.7),9.2.41.16.3_3_g3d33c746-150700.3.20.1,false,not_affected,vulnerable_code_not_in_execute_path
registry.suse.com/suse/sles/15.7/virt-launcher:1.7.4-150700.3.24.2,harvester/v1.8.2,qemu-vgabios,9.2.41.16.3_3_g3d33c746-150700.3.17.1,sles,SUSE-SU-2026:2385-1,HIGH,,registry.suse.com/suse/sles/15.7/virt-launcher:1.7.4-150700.3.24.2 (sles 15.7),9.2.41.16.3_3_g3d33c746-150700.3.20.1,false,not_affected,vulnerable_code_not_in_execute_path
registry.suse.com/suse/sles/15.7/virt-launcher:1.7.4-150700.3.24.2,harvester/v1.8.2,qemu-x86,9.2.4-150700.3.17.1,sles,SUSE-SU-2026:2385-1,HIGH,,registry.suse.com/suse/sles/15.7/virt-launcher:1.7.4-150700.3.24.2 (sles 15.7),9.2.4-150700.3.20.1,false,affected,
registry.suse.com/suse/sles/15.7/virt-launcher:1.7.4-150700.3.24.2,harvester/v1.8.2,libsqlite3-0,3.51.3-150000.3.39.1,sles,SUSE-SU-2026:2528-1,HIGH,,registry.suse.com/suse/sles/15.7/virt-launcher:1.7.4-150700.3.24.2 (sles 15.7),3.53.2-150000.3.42.1,false,affected,
registry.suse.com/suse/sles/15.7/virt-launcher:1.7.4-150700.3.24.2,harvester/v1.8.2,libsolv-tools-base,0.7.35-150700.11.5.2,sles,SUSE-SU-2026:2531-1,HIGH,,registry.suse.com/suse/sles/15.7/virt-launcher:1.7.4-150700.3.24.2 (sles 15.7),0.7.39-150700.11.10.1,false,affected,
registry.suse.com/suse/sles/15.7/virt-launcher:1.7.4-150700.3.24.2,harvester/v1.8.2,libzypp,17.37.18-150700.6.3.1,sles,SUSE-SU-2026:2531-1,HIGH,,registry.suse.com/suse/sles/15.7/virt-launcher:1.7.4-150700.3.24.2 (sles 15.7),17.38.13-150700.6.13.1,false,affected,
registry.suse.com/suse/sles/15.7/virt-launcher:1.7.4-150700.3.24.2,harvester/v1.8.2,zypper,1.14.94-150700.13.3.1,sles,SUSE-SU-2026:2531-1,HIGH,,registry.suse.com/suse/sles/15.7/virt-launcher:1.7.4-150700.3.24.2 (sles 15.7),1.14.98-150700.13.6.1,false,not_affected,vulnerable_code_not_in_execute_path
registry.suse.com/suse/sles/15.7/virt-launcher:1.7.4-150700.3.24.2,harvester/v1.8.2,libopenssl-3-fips-provider,3.2.3-150700.5.31.1,sles,SUSE-SU-2026:2648-1,HIGH,,registry.suse.com/suse/sles/15.7/virt-launcher:1.7.4-150700.3.24.2 (sles 15.7),3.2.3-150700.5.36.1,false,affected,
registry.suse.com/suse/sles/15.7/virt-launcher:1.7.4-150700.3.24.2,harvester/v1.8.2,libopenssl3,3.2.3-150700.5.31.1,sles,SUSE-SU-2026:2648-1,HIGH,,registry.suse.com/suse/sles/15.7/virt-launcher:1.7.4-150700.3.24.2 (sles 15.7),3.2.3-150700.5.36.1,false,affected,
registry.suse.com/suse/sles/15.7/virt-launcher:1.7.4-150700.3.24.2,harvester/v1.8.2,openssl-3,3.2.3-150700.5.31.1,sles,SUSE-SU-2026:2648-1,HIGH,,registry.suse.com/suse/sles/15.7/virt-launcher:1.7.4-150700.3.24.2 (sles 15.7),3.2.3-150700.5.36.1,false,affected,
registry.suse.com/suse/sles/15.7/virt-launcher:1.7.4-150700.3.24.2,harvester/v1.8.2,tar,1.34-150000.3.37.1,sles,SUSE-SU-2026:2714-1,MEDIUM,,registry.suse.com/suse/sles/15.7/virt-launcher:1.7.4-150700.3.24.2 (sles 15.7),1.34-150000.3.42.1,false,not_affected,vulnerable_code_not_in_execute_path
registry.suse.com/suse/sles/15.7/virt-launcher:1.7.4-150700.3.24.2,harvester/v1.8.2,krb5,1.20.1-150600.11.14.1,sles,SUSE-SU-2026:2848-1,HIGH,,registry.suse.com/suse/sles/15.7/virt-launcher:1.7.4-150700.3.24.2 (sles 15.7),1.20.1-150600.11.19.1,false,affected,
registry.suse.com/suse/sles/15.7/virt-launcher:1.7.4-150700.3.24.2,harvester/v1.8.2,curl,8.14.1-150700.7.14.1,sles,SUSE-SU-2026:2925-1,HIGH,,registry.suse.com/suse/sles/15.7/virt-launcher:1.7.4-150700.3.24.2 (sles 15.7),8.14.1-150700.7.20.1,false,affected,
registry.suse.com/suse/sles/15.7/virt-launcher:1.7.4-150700.3.24.2,harvester/v1.8.2,libcurl4,8.14.1-150700.7.14.1,sles,SUSE-SU-2026:2925-1,HIGH,,registry.suse.com/suse/sles/15.7/virt-launcher:1.7.4-150700.3.24.2 (sles 15.7),8.14.1-150700.7.20.1,false,affected,
registry.suse.com/suse/sles/15.7/virt-launcher:1.7.4-150700.3.24.2,harvester/v1.8.2,qemu,9.2.4-150700.3.17.1,sles,SUSE-SU-2026:3038-1,HIGH,,registry.suse.com/suse/sles/15.7/virt-launcher:1.7.4-150700.3.24.2 (sles 15.7),9.2.4-150700.3.23.1,false,affected,
registry.suse.com/suse/sles/15.7/virt-launcher:1.7.4-150700.3.24.2,harvester/v1.8.2,qemu-accel-tcg-x86,9.2.4-150700.3.17.1,sles,SUSE-SU-2026:3038-1,HIGH,,registry.suse.com/suse/sles/15.7/virt-launcher:1.7.4-150700.3.24.2 (sles 15.7),9.2.4-150700.3.23.1,false,affected,
registry.suse.com/suse/sles/15.7/virt-launcher:1.7.4-150700.3.24.2,harvester/v1.8.2,qemu-hw-display-virtio-gpu,9.2.4-150700.3.17.1,sles,SUSE-SU-2026:3038-1,HIGH,,registry.suse.com/suse/sles/15.7/virt-launcher:1.7.4-150700.3.24.2 (sles 15.7),9.2.4-150700.3.23.1,false,affected,
registry.suse.com/suse/sles/15.7/virt-launcher:1.7.4-150700.3.24.2,harvester/v1.8.2,qemu-hw-display-virtio-gpu-pci,9.2.4-150700.3.17.1,sles,SUSE-SU-2026:3038-1,HIGH,,registry.suse.com/suse/sles/15.7/virt-launcher:1.7.4-150700.3.24.2 (sles 15.7),9.2.4-150700.3.23.1,false,affected,
registry.suse.com/suse/sles/15.7/virt-launcher:1.7.4-150700.3.24.2,harvester/v1.8.2,qemu-hw-display-virtio-vga,9.2.4-150700.3.17.1,sles,SUSE-SU-2026:3038-1,HIGH,,registry.suse.com/suse/sles/15.7/virt-launcher:1.7.4-150700.3.24.2 (sles 15.7),9.2.4-150700.3.23.1,false,affected,
registry.suse.com/suse/sles/15.7/virt-launcher:1.7.4-150700.3.24.2,harvester/v1.8.2,qemu-hw-usb-host,9.2.4-150700.3.17.1,sles,SUSE-SU-2026:3038-1,HIGH,,registry.suse.com/suse/sles/15.7/virt-launcher:1.7.4-150700.3.24.2 (sles 15.7),9.2.4-150700.3.23.1,false,affected,
registry.suse.com/suse/sles/15.7/virt-launcher:1.7.4-150700.3.24.2,harvester/v1.8.2,qemu-hw-usb-redirect,9.2.4-150700.3.17.1,sles,SUSE-SU-2026:3038-1,HIGH,,registry.suse.com/suse/sles/15.7/virt-launcher:1.7.4-150700.3.24.2 (sles 15.7),9.2.4-150700.3.23.1,false,affected,
registry.suse.com/suse/sles/15.7/virt-launcher:1.7.4-150700.3.24.2,harvester/v1.8.2,qemu-img,9.2.4-150700.3.17.1,sles,SUSE-SU-2026:3038-1,HIGH,,registry.suse.com/suse/sles/15.7/virt-launcher:1.7.4-150700.3.24.2 (sles 15.7),9.2.4-150700.3.23.1,false,affected,
registry.suse.com/suse/sles/15.7/virt-launcher:1.7.4-150700.3.24.2,harvester/v1.8.2,qemu-ipxe,9.2.4-150700.3.17.1,sles,SUSE-SU-2026:3038-1,HIGH,,registry.suse.com/suse/sles/15.7/virt-launcher:1.7.4-150700.3.24.2 (sles 15.7),9.2.4-150700.3.23.1,false,not_affected,vulnerable_code_not_in_execute_path
registry.suse.com/suse/sles/15.7/virt-launcher:1.7.4-150700.3.24.2,harvester/v1.8.2,qemu-seabios,9.2.41.16.3_3_g3d33c746-150700.3.17.1,sles,SUSE-SU-2026:3038-1,HIGH,,registry.suse.com/suse/sles/15.7/virt-launcher:1.7.4-150700.3.24.2 (sles 15.7),9.2.41.16.3_3_g3d33c746-150700.3.23.1,false,not_affected,vulnerable_code_not_in_execute_path
registry.suse.com/suse/sles/15.7/virt-launcher:1.7.4-150700.3.24.2,harvester/v1.8.2,qemu-vgabios,9.2.41.16.3_3_g3d33c746-150700.3.17.1,sles,SUSE-SU-2026:3038-1,HIGH,,registry.suse.com/suse/sles/15.7/virt-launcher:1.7.4-150700.3.24.2 (sles 15.7),9.2.41.16.3_3_g3d33c746-150700.3.23.1,false,not_affected,vulnerable_code_not_in_execute_path
registry.suse.com/suse/sles/15.7/virt-launcher:1.7.4-150700.3.24.2,harvester/v1.8.2,qemu-x86,9.2.4-150700.3.17.1,sles,SUSE-SU-2026:3038-1,HIGH,,registry.suse.com/suse/sles/15.7/virt-launcher:1.7.4-150700.3.24.2 (sles 15.7),9.2.4-150700.3.23.1,false,affected,
registry.suse.com/suse/sles/15.7/virt-launcher:1.7.4-150700.3.24.2,harvester/v1.8.2,libxml2-2,2.12.10-150700.4.11.1,sles,SUSE-SU-2026:3097-1,HIGH,,registry.suse.com/suse/sles/15.7/virt-launcher:1.7.4-150700.3.24.2 (sles 15.7),2.12.10-150700.4.14.1,false,affected,
registry.suse.com/suse/sles/15.7/virt-launcher:1.7.4-150700.3.24.2,harvester/v1.8.2,pam,1.3.0-150000.6.86.1,sles,SUSE-SU-2026:3163-1,MEDIUM,,registry.suse.com/suse/sles/15.7/virt-launcher:1.7.4-150700.3.24.2 (sles 15.7),1.3.0-150000.6.89.1,false,not_affected,vulnerable_code_not_in_execute_path
registry.suse.com/suse/sles/15.7/virt-launcher:1.7.4-150700.3.24.2,harvester/v1.8.2,gzip,1.10-150200.10.1,sles,SUSE-SU-2026:3269-1,HIGH,,registry.suse.com/suse/sles/15.7/virt-launcher:1.7.4-150700.3.24.2 (sles 15.7),1.10-150200.13.1,false,affected,
registry.suse.com/suse/sles/15.7/virt-launcher:1.7.4-150700.3.24.2,harvester/v1.8.2,libssh-config,0.9.8-150600.11.12.1,sles,SUSE-SU-2026:3330-1,MEDIUM,,registry.suse.com/suse/sles/15.7/virt-launcher:1.7.4-150700.3.24.2 (sles 15.7),0.9.8-150600.11.15.1,false,not_affected,vulnerable_code_not_in_execute_path
registry.suse.com/suse/sles/15.7/virt-launcher:1.7.4-150700.3.24.2,harvester/v1.8.2,libssh4,0.9.8-150600.11.12.1,sles,SUSE-SU-2026:3330-1,MEDIUM,,registry.suse.com/suse/sles/15.7/virt-launcher:1.7.4-150700.3.24.2 (sles 15.7),0.9.8-150600.11.15.1,false,not_affected,vulnerable_code_not_in_execute_path
registry.suse.com/suse/sles/15.7/virt-launcher:1.7.4-150700.3.24.2,harvester/v1.8.2,glib2-tools,2.78.6-150600.4.35.1,sles,SUSE-SU-2026:3341-1,HIGH,,registry.suse.com/suse/sles/15.7/virt-launcher:1.7.4-150700.3.24.2 (sles 15.7),2.78.6-150600.4.38.1,false,affected,
registry.suse.com/suse/sles/15.7/virt-launcher:1.7.4-150700.3.24.2,harvester/v1.8.2,libgio-2_0-0,2.78.6-150600.4.35.1,sles,SUSE-SU-2026:3341-1,HIGH,,registry.suse.com/suse/sles/15.7/virt-launcher:1.7.4-150700.3.24.2 (sles 15.7),2.78.6-150600.4.38.1,false,affected,
registry.suse.com/suse/sles/15.7/virt-launcher:1.7.4-150700.3.24.2,harvester/v1.8.2,libglib-2_0-0,2.78.6-150600.4.35.1,sles,SUSE-SU-2026:3341-1,HIGH,,registry.suse.com/suse/sles/15.7/virt-launcher:1.7.4-150700.3.24.2 (sles 15.7),2.78.6-150600.4.38.1,false,affected,
registry.suse.com/suse/sles/15.7/virt-launcher:1.7.4-150700.3.24.2,harvester/v1.8.2,libgmodule-2_0-0,2.78.6-150600.4.35.1,sles,SUSE-SU-2026:3341-1,HIGH,,registry.suse.com/suse/sles/15.7/virt-launcher:1.7.4-150700.3.24.2 (sles 15.7),2.78.6-150600.4.38.1,false,affected,
registry.suse.com/suse/sles/15.7/virt-launcher:1.7.4-150700.3.24.2,harvester/v1.8.2,libgobject-2_0-0,2.78.6-150600.4.35.1,sles,SUSE-SU-2026:3341-1,HIGH,,registry.suse.com/suse/sles/15.7/virt-launcher:1.7.4-150700.3.24.2 (sles 15.7),2.78.6-150600.4.38.1,false,affected,
registry.suse.com/suse/sles/15.7/virt-launcher:1.7.4-150700.3.24.2,harvester/v1.8.2,vim-data-common,9.2.0530-150500.20.52.1,sles,SUSE-SU-2026:3458-1,HIGH,,registry.suse.com/suse/sles/15.7/virt-launcher:1.7.4-150700.3.24.2 (sles 15.7),9.2.0780-150500.20.61.2,false,not_affected,vulnerable_code_not_in_execute_path
registry.suse.com/suse/sles/15.7/virt-launcher:1.7.4-150700.3.24.2,harvester/v1.8.2,vim-small,9.2.0530-150500.20.52.1,sles,SUSE-SU-2026:3458-1,HIGH,,registry.suse.com/suse/sles/15.7/virt-launcher:1.7.4-150700.3.24.2 (sles 15.7),9.2.0780-150500.20.61.2,false,not_affected,vulnerable_code_not_in_execute_path
registry.suse.com/suse/sles/15.7/virt-launcher:1.7.4-150700.3.24.2,harvester/v1.8.2,libssh2-1,1.11.0-150600.18.1,sles,SUSE-SU-2026:3541-1,HIGH,,registry.suse.com/suse/sles/15.7/virt-launcher:1.7.4-150700.3.24.2 (sles 15.7),1.11.0-150600.20.6.1,false,affected,
registry.suse.com/suse/sles/15.7/virt-launcher:1.7.4-150700.3.24.2,harvester/v1.8.2,perl-base,5.26.1-150300.17.20.1,sles,SUSE-SU-2026:3558-1,HIGH,,registry.suse.com/suse/sles/15.7/virt-launcher:1.7.4-150700.3.24.2 (sles 15.7),5.26.1-150300.17.23.1,false,affected,
registry.suse.com/suse/sles/15.7/virt-launcher:1.7.4-150700.3.24.2,harvester/v1.8.2,rpm-ndb,4.14.3-150400.59.16.1,sles,SUSE-SU-2026:3600-1,HIGH,,registry.suse.com/suse/sles/15.7/virt-launcher:1.7.4-150700.3.24.2 (sles 15.7),4.14.3-150400.59.19.1,false,affected,
registry.suse.com/suse/sles/15.7/virt-operator:1.7.4-150700.3.24.2,harvester/v1.8.2,libsmartcols1,2.40.4-150700.4.10.1,sles,SUSE-SU-2026:2485-1,MEDIUM,,registry.suse.com/suse/sles/15.7/virt-operator:1.7.4-150700.3.24.2 (sles 15.7),2.40.4-150700.4.13.1,false,not_affected,vulnerable_code_not_in_execute_path
registry.suse.com/suse/sles/15.7/virt-operator:1.7.4-150700.3.24.2,harvester/v1.8.2,libuuid1,2.40.4-150700.4.10.1,sles,SUSE-SU-2026:2485-1,MEDIUM,,registry.suse.com/suse/sles/15.7/virt-operator:1.7.4-150700.3.24.2 (sles 15.7),2.40.4-150700.4.13.1,false,not_affected,vulnerable_code_not_in_execute_path
registry.suse.com/suse/sles/15.7/virt-operator:1.7.4-150700.3.24.2,harvester/v1.8.2,libsqlite3-0,3.51.3-150000.3.39.1,sles,SUSE-SU-2026:2528-1,HIGH,,registry.suse.com/suse/sles/15.7/virt-operator:1.7.4-150700.3.24.2 (sles 15.7),3.53.2-150000.3.42.1,false,affected,
registry.suse.com/suse/sles/15.7/virt-operator:1.7.4-150700.3.24.2,harvester/v1.8.2,libsolv-tools-base,0.7.35-150700.11.5.2,sles,SUSE-SU-2026:2531-1,HIGH,,registry.suse.com/suse/sles/15.7/virt-operator:1.7.4-150700.3.24.2 (sles 15.7),0.7.39-150700.11.10.1,false,not_affected,vulnerable_code_not_in_execute_path
registry.suse.com/suse/sles/15.7/virt-operator:1.7.4-150700.3.24.2,harvester/v1.8.2,libzypp,17.37.18-150700.6.3.1,sles,SUSE-SU-2026:2531-1,HIGH,,registry.suse.com/suse/sles/15.7/virt-operator:1.7.4-150700.3.24.2 (sles 15.7),17.38.13-150700.6.13.1,false,affected,
registry.suse.com/suse/sles/15.7/virt-operator:1.7.4-150700.3.24.2,harvester/v1.8.2,zypper,1.14.94-150700.13.3.1,sles,SUSE-SU-2026:2531-1,HIGH,,registry.suse.com/suse/sles/15.7/virt-operator:1.7.4-150700.3.24.2 (sles 15.7),1.14.98-150700.13.6.1,false,affected,
registry.suse.com/suse/sles/15.7/virt-operator:1.7.4-150700.3.24.2,harvester/v1.8.2,libopenssl-3-fips-provider,3.2.3-150700.5.31.1,sles,SUSE-SU-2026:2648-1,HIGH,,registry.suse.com/suse/sles/15.7/virt-operator:1.7.4-150700.3.24.2 (sles 15.7),3.2.3-150700.5.36.1,false,affected,
registry.suse.com/suse/sles/15.7/virt-operator:1.7.4-150700.3.24.2,harvester/v1.8.2,libopenssl3,3.2.3-150700.5.31.1,sles,SUSE-SU-2026:2648-1,HIGH,,registry.suse.com/suse/sles/15.7/virt-operator:1.7.4-150700.3.24.2 (sles 15.7),3.2.3-150700.5.36.1,false,affected,
registry.suse.com/suse/sles/15.7/virt-operator:1.7.4-150700.3.24.2,harvester/v1.8.2,openssl-3,3.2.3-150700.5.31.1,sles,SUSE-SU-2026:2648-1,HIGH,,registry.suse.com/suse/sles/15.7/virt-operator:1.7.4-150700.3.24.2 (sles 15.7),3.2.3-150700.5.36.1,false,not_affected,vulnerable_code_not_in_execute_path
registry.suse.com/suse/sles/15.7/virt-operator:1.7.4-150700.3.24.2,harvester/v1.8.2,tar,1.34-150000.3.37.1,sles,SUSE-SU-2026:2714-1,MEDIUM,,registry.suse.com/suse/sles/15.7/virt-operator:1.7.4-150700.3.24.2 (sles 15.7),1.34-150000.3.42.1,false,not_affected,vulnerable_code_not_in_execute_path
registry.suse.com/suse/sles/15.7/virt-operator:1.7.4-150700.3.24.2,harvester/v1.8.2,krb5,1.20.1-150600.11.14.1,sles,SUSE-SU-2026:2848-1,HIGH,,registry.suse.com/suse/sles/15.7/virt-operator:1.7.4-150700.3.24.2 (sles 15.7),1.20.1-150600.11.19.1,false,affected,
registry.suse.com/suse/sles/15.7/virt-operator:1.7.4-150700.3.24.2,harvester/v1.8.2,curl,8.14.1-150700.7.14.1,sles,SUSE-SU-2026:2925-1,HIGH,,registry.suse.com/suse/sles/15.7/virt-operator:1.7.4-150700.3.24.2 (sles 15.7),8.14.1-150700.7.20.1,false,affected,
registry.suse.com/suse/sles/15.7/virt-operator:1.7.4-150700.3.24.2,harvester/v1.8.2,libcurl4,8.14.1-150700.7.14.1,sles,SUSE-SU-2026:2925-1,HIGH,,registry.suse.com/suse/sles/15.7/virt-operator:1.7.4-150700.3.24.2 (sles 15.7),8.14.1-150700.7.20.1,false,affected,
registry.suse.com/suse/sles/15.7/virt-operator:1.7.4-150700.3.24.2,harvester/v1.8.2,libxml2-2,2.12.10-150700.4.11.1,sles,SUSE-SU-2026:3097-1,HIGH,,registry.suse.com/suse/sles/15.7/virt-operator:1.7.4-150700.3.24.2 (sles 15.7),2.12.10-150700.4.14.1,false,affected,
registry.suse.com/suse/sles/15.7/virt-operator:1.7.4-150700.3.24.2,harvester/v1.8.2,pam,1.3.0-150000.6.86.1,sles,SUSE-SU-2026:3163-1,MEDIUM,,registry.suse.com/suse/sles/15.7/virt-operator:1.7.4-150700.3.24.2 (sles 15.7),1.3.0-150000.6.89.1,false,not_affected,vulnerable_code_not_in_execute_path
registry.suse.com/suse/sles/15.7/virt-operator:1.7.4-150700.3.24.2,harvester/v1.8.2,libgcrypt20,1.11.0-150700.5.7.1,sles,SUSE-SU-2026:3182-1,MEDIUM,,registry.suse.com/suse/sles/15.7/virt-operator:1.7.4-150700.3.24.2 (sles 15.7),1.11.0-150700.5.10.1,false,not_affected,vulnerable_code_not_in_execute_path
registry.suse.com/suse/sles/15.7/virt-operator:1.7.4-150700.3.24.2,harvester/v1.8.2,gzip,1.10-150200.10.1,sles,SUSE-SU-2026:3269-1,HIGH,,registry.suse.com/suse/sles/15.7/virt-operator:1.7.4-150700.3.24.2 (sles 15.7),1.10-150200.13.1,false,affected,
registry.suse.com/suse/sles/15.7/virt-operator:1.7.4-150700.3.24.2,harvester/v1.8.2,libssh-config,0.9.8-150600.11.12.1,sles,SUSE-SU-2026:3330-1,MEDIUM,,registry.suse.com/suse/sles/15.7/virt-operator:1.7.4-150700.3.24.2 (sles 15.7),0.9.8-150600.11.15.1,false,not_affected,vulnerable_code_not_in_execute_path
registry.suse.com/suse/sles/15.7/virt-operator:1.7.4-150700.3.24.2,harvester/v1.8.2,libssh4,0.9.8-150600.11.12.1,sles,SUSE-SU-2026:3330-1,MEDIUM,,registry.suse.com/suse/sles/15.7/virt-operator:1.7.4-150700.3.24.2 (sles 15.7),0.9.8-150600.11.15.1,false,not_affected,vulnerable_code_not_in_execute_path
registry.suse.com/suse/sles/15.7/virt-operator:1.7.4-150700.3.24.2,harvester/v1.8.2,libglib-2_0-0,2.78.6-150600.4.35.1,sles,SUSE-SU-2026:3341-1,HIGH,,registry.suse.com/suse/sles/15.7/virt-operator:1.7.4-150700.3.24.2 (sles 15.7),2.78.6-150600.4.38.1,false,not_affected,vulnerable_code_not_in_execute_path
registry.suse.com/suse/sles/15.7/virt-operator:1.7.4-150700.3.24.2,harvester/v1.8.2,perl-base,5.26.1-150300.17.20.1,sles,SUSE-SU-2026:3558-1,HIGH,,registry.suse.com/suse/sles/15.7/virt-operator:1.7.4-150700.3.24.2 (sles 15.7),5.26.1-150300.17.23.1,false,affected,
registry.suse.com/suse/sles/15.7/virt-operator:1.7.4-150700.3.24.2,harvester/v1.8.2,rpm-ndb,4.14.3-150400.59.16.1,sles,SUSE-SU-2026:3600-1,HIGH,,registry.suse.com/suse/sles/15.7/virt-operator:1.7.4-150700.3.24.2 (sles 15.7),4.14.3-150400.59.19.1,false,affected,
