image,release,package_name,package_version,type,vulnerability_id,severity,url,target,patched_version,mirrored,status,justification
rancher/hardened-csi-snapshotter:v8.6.0-build20260909,rke2/master-prerelease,golang.org/x/crypto,v0.55.0,gobinary,CVE-2026-56855,MEDIUM,https://avd.aquasec.com/nvd/cve-2026-56855,csi-snapshotter,0.56.0,false,not_affected,vulnerable_code_not_present
rancher/hardened-csi-snapshotter:v8.6.0-build20260909,rke2/master-prerelease,golang.org/x/crypto,v0.55.0,gobinary,CVE-2026-78662,MEDIUM,https://avd.aquasec.com/nvd/cve-2026-78662,csi-snapshotter,0.56.0,false,not_affected,vulnerable_code_not_present
rancher/hardened-dns-node-cache:1.26.8-build20260909,rke2/master-prerelease,golang.org/x/crypto,v0.52.0,gobinary,CVE-2026-56854,HIGH,https://avd.aquasec.com/nvd/cve-2026-56854,node-cache,0.55.0,false,not_affected,vulnerable_code_not_present
rancher/hardened-dns-node-cache:1.26.8-build20260909,rke2/master-prerelease,golang.org/x/crypto,v0.52.0,gobinary,CVE-2026-56855,MEDIUM,https://avd.aquasec.com/nvd/cve-2026-56855,node-cache,0.56.0,false,not_affected,vulnerable_code_not_present
rancher/hardened-dns-node-cache:1.26.8-build20260909,rke2/master-prerelease,golang.org/x/mod,v0.37.0,gobinary,CVE-2026-56864,HIGH,https://avd.aquasec.com/nvd/cve-2026-56864,node-cache,0.40.0,false,not_affected,vulnerable_code_not_present
rancher/hardened-dns-node-cache:1.26.8-build20260909,rke2/master-prerelease,golang.org/x/mod,v0.37.0,gobinary,CVE-2026-56865,HIGH,https://avd.aquasec.com/nvd/cve-2026-56865,node-cache,0.40.0,false,not_affected,vulnerable_code_not_present
rancher/hardened-dns-node-cache:1.26.8-build20260909,rke2/master-prerelease,golang.org/x/crypto,v0.52.0,gobinary,CVE-2026-78662,MEDIUM,https://avd.aquasec.com/nvd/cve-2026-78662,node-cache,0.56.0,false,not_affected,vulnerable_code_not_present
rancher/hardened-dns-node-cache:1.26.8-build20260909,rke2/master-prerelease,github.com/coredns/coredns,v1.14.3,gobinary,CVE-2026-82399,HIGH,https://avd.aquasec.com/nvd/cve-2026-82399,node-cache,1.14.7,false,affected,
rancher/hardened-dns-node-cache:1.26.8-build20260909,rke2/master-prerelease,github.com/coredns/coredns,v1.14.3,gobinary,CVE-2026-86003,HIGH,https://avd.aquasec.com/nvd/cve-2026-86003,node-cache,1.14.7,false,affected,
rancher/hardened-dns-node-cache:1.26.8-build20260909,rke2/master-prerelease,libpcre2-8-0,10.42-150600.1.26,sles,SUSE-SU-2026:4241-1,HIGH,,rancher/hardened-dns-node-cache:1.26.8-build20260909 (sles 15.7),10.42-150600.3.3.1,false,affected,
rancher/hardened-multus-thick:v4.3.1-build20260910,rke2/master-prerelease,libpcre2-8-0,10.42-150600.1.26,sles,SUSE-SU-2026:4241-1,HIGH,,rancher/hardened-multus-thick:v4.3.1-build20260910 (sles 15.7),10.42-150600.3.3.1,false,affected,
rancher/hardened-snapshot-controller:v8.6.0-build20260909,rke2/master-prerelease,golang.org/x/crypto,v0.55.0,gobinary,CVE-2026-56855,MEDIUM,https://avd.aquasec.com/nvd/cve-2026-56855,snapshot-controller,0.56.0,false,not_affected,vulnerable_code_not_present
rancher/hardened-snapshot-controller:v8.6.0-build20260909,rke2/master-prerelease,golang.org/x/crypto,v0.55.0,gobinary,CVE-2026-78662,MEDIUM,https://avd.aquasec.com/nvd/cve-2026-78662,snapshot-controller,0.56.0,false,not_affected,vulnerable_code_not_present
rancher/hardened-whereabouts:v0.9.4-build20260819,rke2/master-prerelease,libpcre2-8-0,10.42-150600.1.26,sles,SUSE-SU-2026:4241-1,HIGH,,rancher/hardened-whereabouts:v0.9.4-build20260819 (sles 15.7),10.42-150600.3.3.1,false,affected,
rancher/harvester-cloud-provider:v0.2.8,rke2/master-prerelease,stdlib,v1.26.5,gobinary,CVE-2026-33818,HIGH,https://avd.aquasec.com/nvd/cve-2026-33818,usr/bin/harvester-cloud-provider,"1.25.13, 1.26.6, 1.27.0-rc.3",false,affected,
rancher/harvester-cloud-provider:v0.2.8,rke2/master-prerelease,stdlib,v1.26.5,gobinary,CVE-2026-39821,HIGH,https://avd.aquasec.com/nvd/cve-2026-39821,usr/bin/harvester-cloud-provider,"1.25.13, 1.26.6, 1.27.0-rc.3",false,affected,
rancher/harvester-cloud-provider:v0.2.8,rke2/master-prerelease,stdlib,v1.26.5,gobinary,CVE-2026-56853,HIGH,https://avd.aquasec.com/nvd/cve-2026-56853,usr/bin/harvester-cloud-provider,"1.25.13, 1.26.6, 1.27.0-rc.3",false,affected,
rancher/harvester-cloud-provider:v0.2.8,rke2/master-prerelease,golang.org/x/crypto,v0.53.0,gobinary,CVE-2026-56854,HIGH,https://avd.aquasec.com/nvd/cve-2026-56854,usr/bin/harvester-cloud-provider,0.55.0,false,not_affected,vulnerable_code_not_in_execute_path
rancher/harvester-cloud-provider:v0.2.8,rke2/master-prerelease,golang.org/x/crypto,v0.53.0,gobinary,CVE-2026-56855,MEDIUM,https://avd.aquasec.com/nvd/cve-2026-56855,usr/bin/harvester-cloud-provider,0.56.0,false,not_affected,vulnerable_code_not_in_execute_path
rancher/harvester-cloud-provider:v0.2.8,rke2/master-prerelease,stdlib,v1.26.5,gobinary,CVE-2026-56859,HIGH,https://avd.aquasec.com/nvd/cve-2026-56859,usr/bin/harvester-cloud-provider,"1.25.13, 1.26.6, 1.27.0-rc.3",false,affected,
rancher/harvester-cloud-provider:v0.2.8,rke2/master-prerelease,stdlib,v1.26.5,gobinary,CVE-2026-56862,HIGH,https://avd.aquasec.com/nvd/cve-2026-56862,usr/bin/harvester-cloud-provider,"1.25.13, 1.26.6, 1.27.0-rc.3",false,affected,
rancher/harvester-cloud-provider:v0.2.8,rke2/master-prerelease,golang.org/x/crypto,v0.53.0,gobinary,CVE-2026-78662,MEDIUM,https://avd.aquasec.com/nvd/cve-2026-78662,usr/bin/harvester-cloud-provider,0.56.0,false,not_affected,vulnerable_code_not_in_execute_path
rancher/harvester-cloud-provider:v0.2.8,rke2/master-prerelease,google.golang.org/grpc,v1.82.1,gobinary,CVE-2026-84303,MEDIUM,https://avd.aquasec.com/nvd/cve-2026-84303,usr/bin/harvester-cloud-provider,1.83.1,false,not_affected,vulnerable_code_not_present
rancher/harvester-cloud-provider:v0.2.8,rke2/master-prerelease,google.golang.org/grpc,v1.82.1,gobinary,CVE-2026-84304,HIGH,https://avd.aquasec.com/nvd/cve-2026-84304,usr/bin/harvester-cloud-provider,1.83.1,false,not_affected,vulnerable_code_not_in_execute_path
rancher/harvester-cloud-provider:v0.2.8,rke2/master-prerelease,google.golang.org/grpc,v1.82.1,gobinary,CVE-2026-84445,HIGH,https://avd.aquasec.com/nvd/cve-2026-84445,usr/bin/harvester-cloud-provider,"1.82.2, 1.83.2, 1.85.0-dev.0.20260825072537-93e31b48545e",false,not_affected,vulnerable_code_not_in_execute_path
rancher/harvester-cloud-provider:v0.2.8,rke2/master-prerelease,kubevirt.io/kubevirt,v1.7.4,gobinary,CVE-2026-9804,HIGH,https://avd.aquasec.com/nvd/cve-2026-9804,usr/bin/harvester-cloud-provider,,false,affected,
rancher/harvester-csi-driver:v0.2.9,rke2/master-prerelease,k8s.io/kubernetes,v1.34.1,gobinary,CVE-2025-13281,MEDIUM,https://avd.aquasec.com/nvd/cve-2025-13281,usr/bin/harvester-csi-driver,"1.32.10, 1.33.6, 1.34.2",false,not_affected,vulnerable_code_not_in_execute_path
rancher/harvester-csi-driver:v0.2.9,rke2/master-prerelease,kubevirt.io/kubevirt,v1.7.0,gobinary,CVE-2025-14525,MEDIUM,https://avd.aquasec.com/nvd/cve-2025-14525,usr/bin/harvester-csi-driver,,false,not_affected,vulnerable_code_not_in_execute_path
rancher/harvester-csi-driver:v0.2.9,rke2/master-prerelease,golang.org/x/net,v0.49.0,gobinary,CVE-2026-25680,MEDIUM,https://avd.aquasec.com/nvd/cve-2026-25680,usr/bin/harvester-csi-driver,0.55.0,false,not_affected,vulnerable_code_not_in_execute_path
rancher/harvester-csi-driver:v0.2.9,rke2/master-prerelease,golang.org/x/net,v0.49.0,gobinary,CVE-2026-25681,HIGH,https://avd.aquasec.com/nvd/cve-2026-25681,usr/bin/harvester-csi-driver,0.55.0,false,not_affected,vulnerable_code_not_in_execute_path
rancher/harvester-csi-driver:v0.2.9,rke2/master-prerelease,golang.org/x/net,v0.49.0,gobinary,CVE-2026-27136,HIGH,https://avd.aquasec.com/nvd/cve-2026-27136,usr/bin/harvester-csi-driver,0.55.0,false,not_affected,vulnerable_code_not_in_execute_path
rancher/harvester-csi-driver:v0.2.9,rke2/master-prerelease,stdlib,v1.26.3,gobinary,CVE-2026-27145,HIGH,https://avd.aquasec.com/nvd/cve-2026-27145,usr/bin/harvester-csi-driver,"1.25.11, 1.26.4",false,not_affected,vulnerable_code_not_in_execute_path
rancher/harvester-csi-driver:v0.2.9,rke2/master-prerelease,golang.org/x/net,v0.49.0,gobinary,CVE-2026-33814,HIGH,https://avd.aquasec.com/nvd/cve-2026-33814,usr/bin/harvester-csi-driver,0.53.0,false,affected,
rancher/harvester-csi-driver:v0.2.9,rke2/master-prerelease,stdlib,v1.26.3,gobinary,CVE-2026-33818,HIGH,https://avd.aquasec.com/nvd/cve-2026-33818,usr/bin/harvester-csi-driver,"1.25.13, 1.26.6, 1.27.0-rc.3",false,affected,
rancher/harvester-csi-driver:v0.2.9,rke2/master-prerelease,golang.org/x/net,v0.49.0,gobinary,CVE-2026-39821,HIGH,https://avd.aquasec.com/nvd/cve-2026-39821,usr/bin/harvester-csi-driver,0.55.0,false,affected,
rancher/harvester-csi-driver:v0.2.9,rke2/master-prerelease,stdlib,v1.26.3,gobinary,CVE-2026-39821,HIGH,https://avd.aquasec.com/nvd/cve-2026-39821,usr/bin/harvester-csi-driver,"1.25.13, 1.26.6, 1.27.0-rc.3",false,affected,
rancher/harvester-csi-driver:v0.2.9,rke2/master-prerelease,stdlib,v1.26.3,gobinary,CVE-2026-39822,HIGH,https://avd.aquasec.com/nvd/cve-2026-39822,usr/bin/harvester-csi-driver,"1.25.12, 1.26.5, 1.27.0-rc.2",false,not_affected,vulnerable_code_not_in_execute_path
rancher/harvester-csi-driver:v0.2.9,rke2/master-prerelease,golang.org/x/crypto,v0.47.0,gobinary,CVE-2026-39827,MEDIUM,https://avd.aquasec.com/nvd/cve-2026-39827,usr/bin/harvester-csi-driver,0.52.0,false,not_affected,vulnerable_code_not_in_execute_path
rancher/harvester-csi-driver:v0.2.9,rke2/master-prerelease,golang.org/x/crypto,v0.47.0,gobinary,CVE-2026-39828,HIGH,https://avd.aquasec.com/nvd/cve-2026-39828,usr/bin/harvester-csi-driver,0.52.0,false,not_affected,vulnerable_code_not_in_execute_path
rancher/harvester-csi-driver:v0.2.9,rke2/master-prerelease,golang.org/x/crypto,v0.47.0,gobinary,CVE-2026-39829,HIGH,https://avd.aquasec.com/nvd/cve-2026-39829,usr/bin/harvester-csi-driver,0.52.0,false,not_affected,vulnerable_code_not_in_execute_path
rancher/harvester-csi-driver:v0.2.9,rke2/master-prerelease,golang.org/x/crypto,v0.47.0,gobinary,CVE-2026-39830,HIGH,https://avd.aquasec.com/nvd/cve-2026-39830,usr/bin/harvester-csi-driver,0.52.0,false,not_affected,vulnerable_code_not_in_execute_path
rancher/harvester-csi-driver:v0.2.9,rke2/master-prerelease,golang.org/x/crypto,v0.47.0,gobinary,CVE-2026-39831,HIGH,https://avd.aquasec.com/nvd/cve-2026-39831,usr/bin/harvester-csi-driver,0.52.0,false,not_affected,vulnerable_code_not_in_execute_path
rancher/harvester-csi-driver:v0.2.9,rke2/master-prerelease,golang.org/x/crypto,v0.47.0,gobinary,CVE-2026-39832,HIGH,https://avd.aquasec.com/nvd/cve-2026-39832,usr/bin/harvester-csi-driver,0.52.0,false,not_affected,vulnerable_code_not_present
rancher/harvester-csi-driver:v0.2.9,rke2/master-prerelease,golang.org/x/crypto,v0.47.0,gobinary,CVE-2026-39833,MEDIUM,https://avd.aquasec.com/nvd/cve-2026-39833,usr/bin/harvester-csi-driver,0.52.0,false,not_affected,vulnerable_code_not_present
rancher/harvester-csi-driver:v0.2.9,rke2/master-prerelease,golang.org/x/crypto,v0.47.0,gobinary,CVE-2026-39834,MEDIUM,https://avd.aquasec.com/nvd/cve-2026-39834,usr/bin/harvester-csi-driver,0.52.0,false,not_affected,vulnerable_code_not_in_execute_path
rancher/harvester-csi-driver:v0.2.9,rke2/master-prerelease,golang.org/x/crypto,v0.47.0,gobinary,CVE-2026-39835,HIGH,https://avd.aquasec.com/nvd/cve-2026-39835,usr/bin/harvester-csi-driver,0.52.0,false,not_affected,vulnerable_code_not_in_execute_path
rancher/harvester-csi-driver:v0.2.9,rke2/master-prerelease,golang.org/x/net,v0.49.0,gobinary,CVE-2026-42502,MEDIUM,https://avd.aquasec.com/nvd/cve-2026-42502,usr/bin/harvester-csi-driver,0.55.0,false,not_affected,vulnerable_code_not_in_execute_path
rancher/harvester-csi-driver:v0.2.9,rke2/master-prerelease,stdlib,v1.26.3,gobinary,CVE-2026-42504,HIGH,https://avd.aquasec.com/nvd/cve-2026-42504,usr/bin/harvester-csi-driver,"1.25.11, 1.26.4",false,not_affected,vulnerable_code_not_in_execute_path
rancher/harvester-csi-driver:v0.2.9,rke2/master-prerelease,stdlib,v1.26.3,gobinary,CVE-2026-42505,MEDIUM,https://avd.aquasec.com/nvd/cve-2026-42505,usr/bin/harvester-csi-driver,"1.25.12, 1.26.5, 1.27.0-rc.2",false,not_affected,vulnerable_code_not_in_execute_path
rancher/harvester-csi-driver:v0.2.9,rke2/master-prerelease,golang.org/x/net,v0.49.0,gobinary,CVE-2026-42506,MEDIUM,https://avd.aquasec.com/nvd/cve-2026-42506,usr/bin/harvester-csi-driver,0.55.0,false,not_affected,vulnerable_code_not_in_execute_path
rancher/harvester-csi-driver:v0.2.9,rke2/master-prerelease,stdlib,v1.26.3,gobinary,CVE-2026-42507,MEDIUM,https://avd.aquasec.com/nvd/cve-2026-42507,usr/bin/harvester-csi-driver,"1.25.11, 1.26.4",false,not_affected,vulnerable_code_not_in_execute_path
rancher/harvester-csi-driver:v0.2.9,rke2/master-prerelease,golang.org/x/crypto,v0.47.0,gobinary,CVE-2026-42508,HIGH,https://avd.aquasec.com/nvd/cve-2026-42508,usr/bin/harvester-csi-driver,0.52.0,false,not_affected,vulnerable_code_not_present
rancher/harvester-csi-driver:v0.2.9,rke2/master-prerelease,golang.org/x/crypto,v0.47.0,gobinary,CVE-2026-46595,HIGH,https://avd.aquasec.com/nvd/cve-2026-46595,usr/bin/harvester-csi-driver,0.52.0,false,not_affected,vulnerable_code_not_in_execute_path
rancher/harvester-csi-driver:v0.2.9,rke2/master-prerelease,golang.org/x/crypto,v0.47.0,gobinary,CVE-2026-46597,HIGH,https://avd.aquasec.com/nvd/cve-2026-46597,usr/bin/harvester-csi-driver,0.52.0,false,not_affected,vulnerable_code_not_in_execute_path
rancher/harvester-csi-driver:v0.2.9,rke2/master-prerelease,golang.org/x/crypto,v0.47.0,gobinary,CVE-2026-46598,MEDIUM,https://avd.aquasec.com/nvd/cve-2026-46598,usr/bin/harvester-csi-driver,0.52.0,false,not_affected,vulnerable_code_not_present
rancher/harvester-csi-driver:v0.2.9,rke2/master-prerelease,golang.org/x/net,v0.49.0,gobinary,CVE-2026-46600,HIGH,https://avd.aquasec.com/nvd/cve-2026-46600,usr/bin/harvester-csi-driver,0.56.0,false,not_affected,vulnerable_code_not_present
rancher/harvester-csi-driver:v0.2.9,rke2/master-prerelease,stdlib,v1.26.3,gobinary,CVE-2026-46600,HIGH,https://avd.aquasec.com/nvd/cve-2026-46600,usr/bin/harvester-csi-driver,"1.26.6, 1.27.0-rc.3",false,not_affected,vulnerable_code_not_in_execute_path
rancher/harvester-csi-driver:v0.2.9,rke2/master-prerelease,github.com/kube-logging/logging-operator,v0.0.0-20250424202944-7e1f9aad6e21,gobinary,CVE-2026-54680,CRITICAL,https://avd.aquasec.com/nvd/cve-2026-54680,usr/bin/harvester-csi-driver,0.0.0-20260608145523-cf437d7f1e05,false,not_affected,vulnerable_code_not_in_execute_path
rancher/harvester-csi-driver:v0.2.9,rke2/master-prerelease,stdlib,v1.26.3,gobinary,CVE-2026-56853,HIGH,https://avd.aquasec.com/nvd/cve-2026-56853,usr/bin/harvester-csi-driver,"1.25.13, 1.26.6, 1.27.0-rc.3",false,not_affected,vulnerable_code_not_in_execute_path
rancher/harvester-csi-driver:v0.2.9,rke2/master-prerelease,golang.org/x/crypto,v0.47.0,gobinary,CVE-2026-56854,HIGH,https://avd.aquasec.com/nvd/cve-2026-56854,usr/bin/harvester-csi-driver,0.55.0,false,not_affected,vulnerable_code_not_in_execute_path
rancher/harvester-csi-driver:v0.2.9,rke2/master-prerelease,golang.org/x/crypto,v0.47.0,gobinary,CVE-2026-56855,MEDIUM,https://avd.aquasec.com/nvd/cve-2026-56855,usr/bin/harvester-csi-driver,0.56.0,false,not_affected,vulnerable_code_not_in_execute_path
rancher/harvester-csi-driver:v0.2.9,rke2/master-prerelease,stdlib,v1.26.3,gobinary,CVE-2026-56858,HIGH,https://avd.aquasec.com/nvd/cve-2026-56858,usr/bin/harvester-csi-driver,"1.25.13, 1.26.6, 1.27.0-rc.3",false,not_affected,vulnerable_code_not_in_execute_path
rancher/harvester-csi-driver:v0.2.9,rke2/master-prerelease,stdlib,v1.26.3,gobinary,CVE-2026-56859,HIGH,https://avd.aquasec.com/nvd/cve-2026-56859,usr/bin/harvester-csi-driver,"1.25.13, 1.26.6, 1.27.0-rc.3",false,not_affected,vulnerable_code_not_in_execute_path
rancher/harvester-csi-driver:v0.2.9,rke2/master-prerelease,stdlib,v1.26.3,gobinary,CVE-2026-56862,HIGH,https://avd.aquasec.com/nvd/cve-2026-56862,usr/bin/harvester-csi-driver,"1.25.13, 1.26.6, 1.27.0-rc.3",false,affected,
rancher/harvester-csi-driver:v0.2.9,rke2/master-prerelease,golang.org/x/mod,v0.32.0,gobinary,CVE-2026-56864,HIGH,https://avd.aquasec.com/nvd/cve-2026-56864,usr/bin/harvester-csi-driver,0.40.0,false,not_affected,vulnerable_code_not_present
rancher/harvester-csi-driver:v0.2.9,rke2/master-prerelease,golang.org/x/mod,v0.32.0,gobinary,CVE-2026-56865,HIGH,https://avd.aquasec.com/nvd/cve-2026-56865,usr/bin/harvester-csi-driver,0.40.0,false,not_affected,vulnerable_code_not_present
rancher/harvester-csi-driver:v0.2.9,rke2/master-prerelease,kubevirt.io/kubevirt,v1.7.0,gobinary,CVE-2026-6383,MEDIUM,https://avd.aquasec.com/nvd/cve-2026-6383,usr/bin/harvester-csi-driver,,false,not_affected,vulnerable_code_not_in_execute_path
rancher/harvester-csi-driver:v0.2.9,rke2/master-prerelease,kubevirt.io/kubevirt,v1.7.0,gobinary,CVE-2026-7374,CRITICAL,https://avd.aquasec.com/nvd/cve-2026-7374,usr/bin/harvester-csi-driver,"1.8.3, 1.7.4, 1.6.6",false,not_affected,vulnerable_code_not_in_execute_path
rancher/harvester-csi-driver:v0.2.9,rke2/master-prerelease,golang.org/x/crypto,v0.47.0,gobinary,CVE-2026-78662,MEDIUM,https://avd.aquasec.com/nvd/cve-2026-78662,usr/bin/harvester-csi-driver,0.56.0,false,not_affected,vulnerable_code_not_in_execute_path
rancher/harvester-csi-driver:v0.2.9,rke2/master-prerelease,google.golang.org/grpc,v1.79.3,gobinary,CVE-2026-84303,MEDIUM,https://avd.aquasec.com/nvd/cve-2026-84303,usr/bin/harvester-csi-driver,1.83.1,false,not_affected,vulnerable_code_not_present
rancher/harvester-csi-driver:v0.2.9,rke2/master-prerelease,google.golang.org/grpc,v1.79.3,gobinary,CVE-2026-84304,HIGH,https://avd.aquasec.com/nvd/cve-2026-84304,usr/bin/harvester-csi-driver,1.83.1,false,not_affected,vulnerable_code_not_in_execute_path
rancher/harvester-csi-driver:v0.2.9,rke2/master-prerelease,google.golang.org/grpc,v1.79.3,gobinary,CVE-2026-84445,HIGH,https://avd.aquasec.com/nvd/cve-2026-84445,usr/bin/harvester-csi-driver,"1.82.2, 1.83.2, 1.85.0-dev.0.20260825072537-93e31b48545e",false,not_affected,vulnerable_code_not_in_execute_path
rancher/harvester-csi-driver:v0.2.9,rke2/master-prerelease,kubevirt.io/kubevirt,v1.7.0,gobinary,CVE-2026-9804,HIGH,https://avd.aquasec.com/nvd/cve-2026-9804,usr/bin/harvester-csi-driver,,false,not_affected,vulnerable_code_not_in_execute_path
rancher/harvester-csi-driver:v0.2.9,rke2/master-prerelease,google.golang.org/grpc,v1.79.3,gobinary,GHSA-hrxh-6v49-42gf,HIGH,https://github.com/advisories/GHSA-hrxh-6v49-42gf,usr/bin/harvester-csi-driver,1.82.1,false,not_affected,vulnerable_code_not_in_execute_path
rancher/harvester-csi-driver:v0.2.9,rke2/master-prerelease,libcurl4,8.14.1-160000.5.1,sles,SUSE-SU-2026:22156-1,MEDIUM,,rancher/harvester-csi-driver:v0.2.9 (sles 16.0),8.14.1-160000.6.1,false,not_affected,vulnerable_code_not_in_execute_path
rancher/harvester-csi-driver:v0.2.9,rke2/master-prerelease,libsqlite3-0,3.51.3-160000.1.1,sles,SUSE-SU-2026:22166-1,HIGH,,rancher/harvester-csi-driver:v0.2.9 (sles 16.0),3.53.2-160000.1.1,false,affected,
rancher/harvester-csi-driver:v0.2.9,rke2/master-prerelease,libsolv-tools-base,0.7.36-160000.1.1,sles,SUSE-SU-2026:22172-1,HIGH,,rancher/harvester-csi-driver:v0.2.9 (sles 16.0),0.7.39-160000.1.1,false,not_affected,vulnerable_code_not_in_execute_path
rancher/harvester-csi-driver:v0.2.9,rke2/master-prerelease,libzypp,17.38.5-160000.1.1,sles,SUSE-SU-2026:22172-1,HIGH,,rancher/harvester-csi-driver:v0.2.9 (sles 16.0),17.38.13-160000.1.1,false,not_affected,vulnerable_code_not_in_execute_path
rancher/harvester-csi-driver:v0.2.9,rke2/master-prerelease,zypper,1.14.95-160000.1.1,sles,SUSE-SU-2026:22172-1,HIGH,,rancher/harvester-csi-driver:v0.2.9 (sles 16.0),1.14.98-160000.1.1,false,not_affected,vulnerable_code_not_in_execute_path
rancher/harvester-csi-driver:v0.2.9,rke2/master-prerelease,libncurses6,6.5.20250531-160000.2.2,sles,SUSE-SU-2026:22294-1,MEDIUM,,rancher/harvester-csi-driver:v0.2.9 (sles 16.0),6.5.20250531-160000.3.1,false,not_affected,vulnerable_code_not_in_execute_path
rancher/harvester-csi-driver:v0.2.9,rke2/master-prerelease,ncurses-utils,6.5.20250531-160000.2.2,sles,SUSE-SU-2026:22294-1,MEDIUM,,rancher/harvester-csi-driver:v0.2.9 (sles 16.0),6.5.20250531-160000.3.1,false,not_affected,vulnerable_code_not_in_execute_path
rancher/harvester-csi-driver:v0.2.9,rke2/master-prerelease,terminfo-base,6.5.20250531-160000.2.2,sles,SUSE-SU-2026:22294-1,MEDIUM,,rancher/harvester-csi-driver:v0.2.9 (sles 16.0),6.5.20250531-160000.3.1,false,not_affected,vulnerable_code_not_in_execute_path
rancher/harvester-csi-driver:v0.2.9,rke2/master-prerelease,libopenssl-3-fips-provider,3.5.0-160000.7.1,sles,SUSE-SU-2026:22315-1,HIGH,,rancher/harvester-csi-driver:v0.2.9 (sles 16.0),3.5.0-160000.8.1,false,affected,
rancher/harvester-csi-driver:v0.2.9,rke2/master-prerelease,libopenssl3,3.5.0-160000.7.1,sles,SUSE-SU-2026:22315-1,HIGH,,rancher/harvester-csi-driver:v0.2.9 (sles 16.0),3.5.0-160000.8.1,false,not_affected,vulnerable_code_not_in_execute_path
rancher/harvester-csi-driver:v0.2.9,rke2/master-prerelease,openssl-3,3.5.0-160000.7.1,sles,SUSE-SU-2026:22315-1,HIGH,,rancher/harvester-csi-driver:v0.2.9 (sles 16.0),3.5.0-160000.8.1,false,affected,
rancher/harvester-csi-driver:v0.2.9,rke2/master-prerelease,krb5,1.21.3-160000.2.2,sles,SUSE-SU-2026:22322-1,MEDIUM,,rancher/harvester-csi-driver:v0.2.9 (sles 16.0),1.21.3-160000.3.1,false,not_affected,vulnerable_code_not_in_execute_path
rancher/harvester-csi-driver:v0.2.9,rke2/master-prerelease,libuuid1,2.41.1-160000.3.1,sles,SUSE-SU-2026:22332-1,MEDIUM,,rancher/harvester-csi-driver:v0.2.9 (sles 16.0),2.41.1-160000.4.1,false,not_affected,vulnerable_code_not_in_execute_path
rancher/harvester-csi-driver:v0.2.9,rke2/master-prerelease,tar,1.35-160000.3.1,sles,SUSE-SU-2026:22377-1,HIGH,,rancher/harvester-csi-driver:v0.2.9 (sles 16.0),1.35-160000.4.1,false,not_affected,vulnerable_code_not_in_execute_path
rancher/harvester-csi-driver:v0.2.9,rke2/master-prerelease,curl,8.14.1-160000.5.1,sles,SUSE-SU-2026:22582-1,HIGH,,rancher/harvester-csi-driver:v0.2.9 (sles 16.0),8.14.1-160000.8.1,false,affected,
rancher/harvester-csi-driver:v0.2.9,rke2/master-prerelease,libcurl4,8.14.1-160000.5.1,sles,SUSE-SU-2026:22582-1,HIGH,,rancher/harvester-csi-driver:v0.2.9 (sles 16.0),8.14.1-160000.8.1,false,not_affected,vulnerable_code_not_in_execute_path
rancher/harvester-csi-driver:v0.2.9,rke2/master-prerelease,libnghttp2-14,1.64.0-160000.3.1,sles,SUSE-SU-2026:22630-1,MEDIUM,,rancher/harvester-csi-driver:v0.2.9 (sles 16.0),1.64.0-160000.4.1,false,not_affected,vulnerable_code_not_in_execute_path
rancher/harvester-csi-driver:v0.2.9,rke2/master-prerelease,libxml2-2,2.13.8-160000.4.1,sles,SUSE-SU-2026:22636-1,HIGH,,rancher/harvester-csi-driver:v0.2.9 (sles 16.0),2.13.8-160000.5.1,false,not_affected,vulnerable_code_not_in_execute_path
rancher/harvester-csi-driver:v0.2.9,rke2/master-prerelease,pam,1.7.1-160000.3.1,sles,SUSE-SU-2026:22639-1,MEDIUM,,rancher/harvester-csi-driver:v0.2.9 (sles 16.0),1.7.1-160000.5.1,false,not_affected,vulnerable_code_not_in_execute_path
rancher/harvester-csi-driver:v0.2.9,rke2/master-prerelease,gzip,1.13-160000.2.2,sles,SUSE-SU-2026:22818-1,HIGH,,rancher/harvester-csi-driver:v0.2.9 (sles 16.0),1.13-160000.3.1,false,not_affected,vulnerable_code_not_in_execute_path
rancher/harvester-csi-driver:v0.2.9,rke2/master-prerelease,vim,9.2.0530-160000.1.1,sles,SUSE-SU-2026:22821-1,HIGH,,rancher/harvester-csi-driver:v0.2.9 (sles 16.0),9.2.0780-160000.1.1,false,not_affected,vulnerable_code_not_in_execute_path
rancher/harvester-csi-driver:v0.2.9,rke2/master-prerelease,vim-data-common,9.2.0530-160000.1.1,sles,SUSE-SU-2026:22821-1,HIGH,,rancher/harvester-csi-driver:v0.2.9 (sles 16.0),9.2.0780-160000.1.1,false,not_affected,vulnerable_code_not_in_execute_path
rancher/harvester-csi-driver:v0.2.9,rke2/master-prerelease,xxd,9.2.0530-160000.1.1,sles,SUSE-SU-2026:22821-1,HIGH,,rancher/harvester-csi-driver:v0.2.9 (sles 16.0),9.2.0780-160000.1.1,false,not_affected,vulnerable_code_not_in_execute_path
rancher/harvester-csi-driver:v0.2.9,rke2/master-prerelease,libglib-2_0-0,2.84.4-160000.2.1,sles,SUSE-SU-2026:22846-1,HIGH,,rancher/harvester-csi-driver:v0.2.9 (sles 16.0),2.84.4-160000.4.1,false,not_affected,vulnerable_code_not_in_execute_path
rancher/harvester-csi-driver:v0.2.9,rke2/master-prerelease,perl,5.42.0-160000.2.2,sles,SUSE-SU-2026:22847-1,HIGH,,rancher/harvester-csi-driver:v0.2.9 (sles 16.0),5.42.0-160000.3.1,false,not_affected,vulnerable_code_not_in_execute_path
rancher/harvester-csi-driver:v0.2.9,rke2/master-prerelease,perl-base,5.42.0-160000.2.2,sles,SUSE-SU-2026:22847-1,HIGH,,rancher/harvester-csi-driver:v0.2.9 (sles 16.0),5.42.0-160000.3.1,false,not_affected,vulnerable_code_not_in_execute_path
rancher/harvester-csi-driver:v0.2.9,rke2/master-prerelease,libssh-config,0.11.4-160000.1.1,sles,SUSE-SU-2026:22948-1,MEDIUM,,rancher/harvester-csi-driver:v0.2.9 (sles 16.0),0.11.5-160000.1.1,false,not_affected,vulnerable_code_not_in_execute_path
rancher/harvester-csi-driver:v0.2.9,rke2/master-prerelease,libssh4,0.11.4-160000.1.1,sles,SUSE-SU-2026:22948-1,MEDIUM,,rancher/harvester-csi-driver:v0.2.9 (sles 16.0),0.11.5-160000.1.1,false,not_affected,vulnerable_code_not_in_execute_path
rancher/harvester-csi-driver:v0.2.9,rke2/master-prerelease,libssh-config,0.11.4-160000.1.1,sles,SUSE-SU-2026:22956-1,MEDIUM,,rancher/harvester-csi-driver:v0.2.9 (sles 16.0),0.11.5-160000.1.1,false,not_affected,vulnerable_code_not_in_execute_path
rancher/harvester-csi-driver:v0.2.9,rke2/master-prerelease,libssh4,0.11.4-160000.1.1,sles,SUSE-SU-2026:22956-1,MEDIUM,,rancher/harvester-csi-driver:v0.2.9 (sles 16.0),0.11.5-160000.1.1,false,not_affected,vulnerable_code_not_in_execute_path
rancher/harvester-csi-driver:v0.2.9,rke2/master-prerelease,libpython3_13-1_0,3.13.13-160000.1.1,sles,SUSE-SU-2026:23303-1,HIGH,,rancher/harvester-csi-driver:v0.2.9 (sles 16.0),3.13.14-160000.2.1,false,affected,
rancher/harvester-csi-driver:v0.2.9,rke2/master-prerelease,python313-base,3.13.13-160000.1.1,sles,SUSE-SU-2026:23303-1,HIGH,,rancher/harvester-csi-driver:v0.2.9 (sles 16.0),3.13.14-160000.2.1,false,not_affected,vulnerable_code_not_in_execute_path
rancher/mirrored-calico-apiserver:v3.32.2,rke2/master-prerelease,golang.org/x/crypto,v0.55.0,gobinary,CVE-2026-56855,MEDIUM,https://avd.aquasec.com/nvd/cve-2026-56855,code/apiserver,0.56.0,true,not_affected,vulnerable_code_not_present
rancher/mirrored-calico-apiserver:v3.32.2,rke2/master-prerelease,golang.org/x/crypto,v0.55.0,gobinary,CVE-2026-78662,MEDIUM,https://avd.aquasec.com/nvd/cve-2026-78662,code/apiserver,0.56.0,true,not_affected,vulnerable_code_not_present
rancher/mirrored-calico-apiserver:v3.32.2,rke2/master-prerelease,google.golang.org/grpc,v1.82.1,gobinary,CVE-2026-84303,MEDIUM,https://avd.aquasec.com/nvd/cve-2026-84303,code/apiserver,1.83.1,true,not_affected,vulnerable_code_not_present
rancher/mirrored-calico-apiserver:v3.32.2,rke2/master-prerelease,google.golang.org/grpc,v1.82.1,gobinary,CVE-2026-84304,HIGH,https://avd.aquasec.com/nvd/cve-2026-84304,code/apiserver,1.83.1,true,affected,
rancher/mirrored-calico-apiserver:v3.32.2,rke2/master-prerelease,google.golang.org/grpc,v1.82.1,gobinary,CVE-2026-84445,HIGH,https://avd.aquasec.com/nvd/cve-2026-84445,code/apiserver,"1.82.2, 1.83.2, 1.85.0-dev.0.20260825072537-93e31b48545e",true,affected,
rancher/mirrored-calico-cni:v3.32.2,rke2/master-prerelease,golang.org/x/crypto,v0.55.0,gobinary,CVE-2026-56855,MEDIUM,https://avd.aquasec.com/nvd/cve-2026-56855,opt/cni/bin/calico,0.56.0,true,not_affected,vulnerable_code_not_present
rancher/mirrored-calico-cni:v3.32.2,rke2/master-prerelease,golang.org/x/crypto,v0.55.0,gobinary,CVE-2026-78662,MEDIUM,https://avd.aquasec.com/nvd/cve-2026-78662,opt/cni/bin/calico,0.56.0,true,not_affected,vulnerable_code_not_present
rancher/mirrored-calico-cni:v3.32.2,rke2/master-prerelease,google.golang.org/grpc,v1.82.1,gobinary,CVE-2026-84303,MEDIUM,https://avd.aquasec.com/nvd/cve-2026-84303,opt/cni/bin/calico,1.83.1,true,not_affected,vulnerable_code_not_present
rancher/mirrored-calico-cni:v3.32.2,rke2/master-prerelease,google.golang.org/grpc,v1.82.1,gobinary,CVE-2026-84304,HIGH,https://avd.aquasec.com/nvd/cve-2026-84304,opt/cni/bin/calico,1.83.1,true,affected,
rancher/mirrored-calico-cni:v3.32.2,rke2/master-prerelease,google.golang.org/grpc,v1.82.1,gobinary,CVE-2026-84445,HIGH,https://avd.aquasec.com/nvd/cve-2026-84445,opt/cni/bin/calico,"1.82.2, 1.83.2, 1.85.0-dev.0.20260825072537-93e31b48545e",true,affected,
rancher/mirrored-calico-csi:v3.32.2,rke2/master-prerelease,google.golang.org/grpc,v1.82.1,gobinary,CVE-2026-84303,CRITICAL,https://avd.aquasec.com/nvd/cve-2026-84303,usr/bin/csi-driver,1.83.1,true,affected,severity_changed_due_to_suse_cvss_score
rancher/mirrored-calico-csi:v3.32.2,rke2/master-prerelease,google.golang.org/grpc,v1.82.1,gobinary,CVE-2026-84304,HIGH,https://avd.aquasec.com/nvd/cve-2026-84304,usr/bin/csi-driver,1.83.1,true,affected,
rancher/mirrored-calico-csi:v3.32.2,rke2/master-prerelease,google.golang.org/grpc,v1.82.1,gobinary,CVE-2026-84445,HIGH,https://avd.aquasec.com/nvd/cve-2026-84445,usr/bin/csi-driver,"1.82.2, 1.83.2, 1.85.0-dev.0.20260825072537-93e31b48545e",true,affected,
rancher/mirrored-calico-ctl:v3.32.2,rke2/master-prerelease,golang.org/x/crypto,v0.55.0,gobinary,CVE-2026-56855,HIGH,https://avd.aquasec.com/nvd/cve-2026-56855,usr/bin/calicoctl,0.56.0,true,affected,severity_changed_due_to_suse_cvss_score
rancher/mirrored-calico-ctl:v3.32.2,rke2/master-prerelease,golang.org/x/crypto,v0.55.0,gobinary,CVE-2026-78662,HIGH,https://avd.aquasec.com/nvd/cve-2026-78662,usr/bin/calicoctl,0.56.0,true,affected,severity_changed_due_to_suse_cvss_score
rancher/mirrored-calico-ctl:v3.32.2,rke2/master-prerelease,google.golang.org/grpc,v1.82.1,gobinary,CVE-2026-84303,CRITICAL,https://avd.aquasec.com/nvd/cve-2026-84303,usr/bin/calicoctl,1.83.1,true,affected,severity_changed_due_to_suse_cvss_score
rancher/mirrored-calico-ctl:v3.32.2,rke2/master-prerelease,google.golang.org/grpc,v1.82.1,gobinary,CVE-2026-84304,HIGH,https://avd.aquasec.com/nvd/cve-2026-84304,usr/bin/calicoctl,1.83.1,true,affected,
rancher/mirrored-calico-ctl:v3.32.2,rke2/master-prerelease,google.golang.org/grpc,v1.82.1,gobinary,CVE-2026-84445,HIGH,https://avd.aquasec.com/nvd/cve-2026-84445,usr/bin/calicoctl,"1.82.2, 1.83.2, 1.85.0-dev.0.20260825072537-93e31b48545e",true,affected,
rancher/mirrored-calico-envoy-gateway:v3.32.2,rke2/master-prerelease,golang.org/x/crypto,v0.54.0,gobinary,CVE-2026-56854,HIGH,https://avd.aquasec.com/nvd/cve-2026-56854,usr/local/bin/envoy-gateway,0.55.0,true,affected,
rancher/mirrored-calico-envoy-gateway:v3.32.2,rke2/master-prerelease,golang.org/x/crypto,v0.54.0,gobinary,CVE-2026-56855,HIGH,https://avd.aquasec.com/nvd/cve-2026-56855,usr/local/bin/envoy-gateway,0.56.0,true,affected,severity_changed_due_to_suse_cvss_score
rancher/mirrored-calico-envoy-gateway:v3.32.2,rke2/master-prerelease,golang.org/x/crypto,v0.54.0,gobinary,CVE-2026-78662,HIGH,https://avd.aquasec.com/nvd/cve-2026-78662,usr/local/bin/envoy-gateway,0.56.0,true,affected,severity_changed_due_to_suse_cvss_score
rancher/mirrored-calico-envoy-gateway:v3.32.2,rke2/master-prerelease,google.golang.org/grpc,v1.82.1,gobinary,CVE-2026-84303,CRITICAL,https://avd.aquasec.com/nvd/cve-2026-84303,usr/local/bin/envoy-gateway,1.83.1,true,affected,severity_changed_due_to_suse_cvss_score
rancher/mirrored-calico-envoy-gateway:v3.32.2,rke2/master-prerelease,google.golang.org/grpc,v1.82.1,gobinary,CVE-2026-84304,HIGH,https://avd.aquasec.com/nvd/cve-2026-84304,usr/local/bin/envoy-gateway,1.83.1,true,affected,
rancher/mirrored-calico-envoy-gateway:v3.32.2,rke2/master-prerelease,google.golang.org/grpc,v1.82.1,gobinary,CVE-2026-84445,HIGH,https://avd.aquasec.com/nvd/cve-2026-84445,usr/local/bin/envoy-gateway,"1.82.2, 1.83.2, 1.85.0-dev.0.20260825072537-93e31b48545e",true,affected,
rancher/mirrored-calico-envoy-ratelimit:v3.32.2,rke2/master-prerelease,google.golang.org/grpc,v1.82.1,gobinary,CVE-2026-84303,CRITICAL,https://avd.aquasec.com/nvd/cve-2026-84303,bin/ratelimit,1.83.1,true,affected,severity_changed_due_to_suse_cvss_score
rancher/mirrored-calico-envoy-ratelimit:v3.32.2,rke2/master-prerelease,google.golang.org/grpc,v1.82.1,gobinary,CVE-2026-84304,HIGH,https://avd.aquasec.com/nvd/cve-2026-84304,bin/ratelimit,1.83.1,true,affected,
rancher/mirrored-calico-envoy-ratelimit:v3.32.2,rke2/master-prerelease,google.golang.org/grpc,v1.82.1,gobinary,CVE-2026-84445,HIGH,https://avd.aquasec.com/nvd/cve-2026-84445,bin/ratelimit,"1.82.2, 1.83.2, 1.85.0-dev.0.20260825072537-93e31b48545e",true,affected,
rancher/mirrored-calico-goldmane:v3.32.2,rke2/master-prerelease,google.golang.org/grpc,v1.82.1,gobinary,CVE-2026-84303,MEDIUM,https://avd.aquasec.com/nvd/cve-2026-84303,goldmane,1.83.1,true,not_affected,vulnerable_code_not_present
rancher/mirrored-calico-goldmane:v3.32.2,rke2/master-prerelease,google.golang.org/grpc,v1.82.1,gobinary,CVE-2026-84303,MEDIUM,https://avd.aquasec.com/nvd/cve-2026-84303,health,1.83.1,true,not_affected,vulnerable_code_not_present
rancher/mirrored-calico-goldmane:v3.32.2,rke2/master-prerelease,google.golang.org/grpc,v1.82.1,gobinary,CVE-2026-84304,HIGH,https://avd.aquasec.com/nvd/cve-2026-84304,goldmane,1.83.1,true,affected,
rancher/mirrored-calico-goldmane:v3.32.2,rke2/master-prerelease,google.golang.org/grpc,v1.82.1,gobinary,CVE-2026-84304,HIGH,https://avd.aquasec.com/nvd/cve-2026-84304,health,1.83.1,true,affected,
rancher/mirrored-calico-goldmane:v3.32.2,rke2/master-prerelease,google.golang.org/grpc,v1.82.1,gobinary,CVE-2026-84445,HIGH,https://avd.aquasec.com/nvd/cve-2026-84445,goldmane,"1.82.2, 1.83.2, 1.85.0-dev.0.20260825072537-93e31b48545e",true,affected,
rancher/mirrored-calico-goldmane:v3.32.2,rke2/master-prerelease,google.golang.org/grpc,v1.82.1,gobinary,CVE-2026-84445,HIGH,https://avd.aquasec.com/nvd/cve-2026-84445,health,"1.82.2, 1.83.2, 1.85.0-dev.0.20260825072537-93e31b48545e",true,affected,
rancher/mirrored-calico-kube-controllers:v3.32.2,rke2/master-prerelease,golang.org/x/crypto,v0.55.0,gobinary,CVE-2026-56855,MEDIUM,https://avd.aquasec.com/nvd/cve-2026-56855,usr/bin/kube-controllers,0.56.0,true,not_affected,vulnerable_code_not_present
rancher/mirrored-calico-kube-controllers:v3.32.2,rke2/master-prerelease,golang.org/x/crypto,v0.55.0,gobinary,CVE-2026-78662,MEDIUM,https://avd.aquasec.com/nvd/cve-2026-78662,usr/bin/kube-controllers,0.56.0,true,not_affected,vulnerable_code_not_present
rancher/mirrored-calico-kube-controllers:v3.32.2,rke2/master-prerelease,google.golang.org/grpc,v1.82.1,gobinary,CVE-2026-84303,MEDIUM,https://avd.aquasec.com/nvd/cve-2026-84303,usr/bin/kube-controllers,1.83.1,true,not_affected,vulnerable_code_not_present
rancher/mirrored-calico-kube-controllers:v3.32.2,rke2/master-prerelease,google.golang.org/grpc,v1.82.1,gobinary,CVE-2026-84304,HIGH,https://avd.aquasec.com/nvd/cve-2026-84304,usr/bin/kube-controllers,1.83.1,true,affected,
rancher/mirrored-calico-kube-controllers:v3.32.2,rke2/master-prerelease,google.golang.org/grpc,v1.82.1,gobinary,CVE-2026-84445,HIGH,https://avd.aquasec.com/nvd/cve-2026-84445,usr/bin/kube-controllers,"1.82.2, 1.83.2, 1.85.0-dev.0.20260825072537-93e31b48545e",true,affected,
rancher/mirrored-calico-node-driver-registrar:v3.32.2,rke2/master-prerelease,google.golang.org/grpc,v1.82.1,gobinary,CVE-2026-84303,CRITICAL,https://avd.aquasec.com/nvd/cve-2026-84303,usr/bin/node-driver-registrar,1.83.1,true,affected,severity_changed_due_to_suse_cvss_score
rancher/mirrored-calico-node-driver-registrar:v3.32.2,rke2/master-prerelease,google.golang.org/grpc,v1.82.1,gobinary,CVE-2026-84304,HIGH,https://avd.aquasec.com/nvd/cve-2026-84304,usr/bin/node-driver-registrar,1.83.1,true,affected,
rancher/mirrored-calico-node-driver-registrar:v3.32.2,rke2/master-prerelease,google.golang.org/grpc,v1.82.1,gobinary,CVE-2026-84445,HIGH,https://avd.aquasec.com/nvd/cve-2026-84445,usr/bin/node-driver-registrar,"1.82.2, 1.83.2, 1.85.0-dev.0.20260825072537-93e31b48545e",true,affected,
rancher/mirrored-calico-node:v3.32.2,rke2/master-prerelease,openssl-libs,1:3.5.5-6.el9_8,redhat,CVE-2026-14456,HIGH,https://avd.aquasec.com/nvd/cve-2026-14456,rancher/mirrored-calico-node:v3.32.2 (redhat 9.8),1:3.5.8-1.el9_8,true,affected,
rancher/mirrored-calico-node:v3.32.2,rke2/master-prerelease,golang.org/x/crypto,v0.55.0,gobinary,CVE-2026-56855,HIGH,https://avd.aquasec.com/nvd/cve-2026-56855,usr/bin/calico-node,0.56.0,true,affected,severity_changed_due_to_suse_cvss_score
rancher/mirrored-calico-node:v3.32.2,rke2/master-prerelease,golang.org/x/crypto,v0.55.0,gobinary,CVE-2026-78662,HIGH,https://avd.aquasec.com/nvd/cve-2026-78662,usr/bin/calico-node,0.56.0,true,affected,severity_changed_due_to_suse_cvss_score
rancher/mirrored-calico-node:v3.32.2,rke2/master-prerelease,google.golang.org/grpc,v1.82.1,gobinary,CVE-2026-84303,CRITICAL,https://avd.aquasec.com/nvd/cve-2026-84303,usr/bin/calico-node,1.83.1,true,affected,severity_changed_due_to_suse_cvss_score
rancher/mirrored-calico-node:v3.32.2,rke2/master-prerelease,google.golang.org/grpc,v1.82.1,gobinary,CVE-2026-84304,HIGH,https://avd.aquasec.com/nvd/cve-2026-84304,usr/bin/calico-node,1.83.1,true,affected,
rancher/mirrored-calico-node:v3.32.2,rke2/master-prerelease,google.golang.org/grpc,v1.82.1,gobinary,CVE-2026-84445,HIGH,https://avd.aquasec.com/nvd/cve-2026-84445,usr/bin/calico-node,"1.82.2, 1.83.2, 1.85.0-dev.0.20260825072537-93e31b48545e",true,affected,
rancher/mirrored-calico-operator:v1.42.6,rke2/master-prerelease,golang.org/x/crypto,v0.55.0,gobinary,CVE-2026-56855,HIGH,https://avd.aquasec.com/nvd/cve-2026-56855,usr/bin/operator,0.56.0,true,affected,severity_changed_due_to_suse_cvss_score
rancher/mirrored-calico-operator:v1.42.6,rke2/master-prerelease,golang.org/x/crypto,v0.55.0,gobinary,CVE-2026-78662,HIGH,https://avd.aquasec.com/nvd/cve-2026-78662,usr/bin/operator,0.56.0,true,affected,severity_changed_due_to_suse_cvss_score
rancher/mirrored-calico-typha:v3.32.2,rke2/master-prerelease,golang.org/x/crypto,v0.55.0,gobinary,CVE-2026-56855,MEDIUM,https://avd.aquasec.com/nvd/cve-2026-56855,usr/bin/calico-typha,0.56.0,true,not_affected,vulnerable_code_not_present
rancher/mirrored-calico-typha:v3.32.2,rke2/master-prerelease,golang.org/x/crypto,v0.55.0,gobinary,CVE-2026-78662,MEDIUM,https://avd.aquasec.com/nvd/cve-2026-78662,usr/bin/calico-typha,0.56.0,true,not_affected,vulnerable_code_not_present
rancher/mirrored-calico-typha:v3.32.2,rke2/master-prerelease,google.golang.org/grpc,v1.82.1,gobinary,CVE-2026-84303,MEDIUM,https://avd.aquasec.com/nvd/cve-2026-84303,usr/bin/calico-typha,1.83.1,true,not_affected,vulnerable_code_not_present
rancher/mirrored-calico-typha:v3.32.2,rke2/master-prerelease,google.golang.org/grpc,v1.82.1,gobinary,CVE-2026-84304,HIGH,https://avd.aquasec.com/nvd/cve-2026-84304,usr/bin/calico-typha,1.83.1,true,affected,
rancher/mirrored-calico-typha:v3.32.2,rke2/master-prerelease,google.golang.org/grpc,v1.82.1,gobinary,CVE-2026-84445,HIGH,https://avd.aquasec.com/nvd/cve-2026-84445,usr/bin/calico-typha,"1.82.2, 1.83.2, 1.85.0-dev.0.20260825072537-93e31b48545e",true,affected,
rancher/mirrored-calico-whisker-backend:v3.32.2,rke2/master-prerelease,golang.org/x/crypto,v0.55.0,gobinary,CVE-2026-56855,MEDIUM,https://avd.aquasec.com/nvd/cve-2026-56855,whisker-backend,0.56.0,true,not_affected,vulnerable_code_not_present
rancher/mirrored-calico-whisker-backend:v3.32.2,rke2/master-prerelease,golang.org/x/crypto,v0.55.0,gobinary,CVE-2026-78662,MEDIUM,https://avd.aquasec.com/nvd/cve-2026-78662,whisker-backend,0.56.0,true,not_affected,vulnerable_code_not_present
rancher/mirrored-calico-whisker-backend:v3.32.2,rke2/master-prerelease,google.golang.org/grpc,v1.82.1,gobinary,CVE-2026-84303,MEDIUM,https://avd.aquasec.com/nvd/cve-2026-84303,whisker-backend,1.83.1,true,not_affected,vulnerable_code_not_present
rancher/mirrored-calico-whisker-backend:v3.32.2,rke2/master-prerelease,google.golang.org/grpc,v1.82.1,gobinary,CVE-2026-84304,HIGH,https://avd.aquasec.com/nvd/cve-2026-84304,whisker-backend,1.83.1,true,affected,
rancher/mirrored-calico-whisker-backend:v3.32.2,rke2/master-prerelease,google.golang.org/grpc,v1.82.1,gobinary,CVE-2026-84445,HIGH,https://avd.aquasec.com/nvd/cve-2026-84445,whisker-backend,"1.82.2, 1.83.2, 1.85.0-dev.0.20260825072537-93e31b48545e",true,affected,
rancher/mirrored-cilium-certgen:v0.4.11,rke2/master-prerelease,golang.org/x/crypto,v0.55.0,gobinary,CVE-2026-56855,HIGH,https://avd.aquasec.com/nvd/cve-2026-56855,usr/bin/cilium-certgen,0.56.0,true,affected,severity_changed_due_to_suse_cvss_score
rancher/mirrored-cilium-certgen:v0.4.11,rke2/master-prerelease,golang.org/x/crypto,v0.55.0,gobinary,CVE-2026-78662,HIGH,https://avd.aquasec.com/nvd/cve-2026-78662,usr/bin/cilium-certgen,0.56.0,true,affected,severity_changed_due_to_suse_cvss_score
rancher/mirrored-cilium-cilium:v1.20.2,rke2/master-prerelease,stdlib,v1.26.5,gobinary,CVE-2026-33818,HIGH,https://avd.aquasec.com/nvd/cve-2026-33818,usr/bin/pebble,"1.25.13, 1.26.6, 1.27.0-rc.3",true,affected,
rancher/mirrored-cilium-cilium:v1.20.2,rke2/master-prerelease,stdlib,v1.26.5,gobinary,CVE-2026-39821,HIGH,https://avd.aquasec.com/nvd/cve-2026-39821,usr/bin/pebble,"1.25.13, 1.26.6, 1.27.0-rc.3",true,affected,
rancher/mirrored-cilium-cilium:v1.20.2,rke2/master-prerelease,github.com/osrg/gobgp/v4,v4.6.1-0.20260630022313-d6dee8360046,gobinary,CVE-2026-49838,MEDIUM,https://avd.aquasec.com/nvd/cve-2026-49838,usr/bin/cilium-agent,4.7.0,true,not_affected,vulnerable_code_not_in_execute_path
rancher/mirrored-cilium-cilium:v1.20.2,rke2/master-prerelease,github.com/osrg/gobgp/v4,v4.6.1-0.20260630022313-d6dee8360046,gobinary,CVE-2026-49838,MEDIUM,https://avd.aquasec.com/nvd/cve-2026-49838,usr/bin/cilium-dbg,4.7.0,true,not_affected,vulnerable_code_not_in_execute_path
rancher/mirrored-cilium-cilium:v1.20.2,rke2/master-prerelease,stdlib,v1.26.5,gobinary,CVE-2026-56853,HIGH,https://avd.aquasec.com/nvd/cve-2026-56853,usr/bin/pebble,"1.25.13, 1.26.6, 1.27.0-rc.3",true,affected,
rancher/mirrored-cilium-cilium:v1.20.2,rke2/master-prerelease,golang.org/x/crypto,v0.53.0,gobinary,CVE-2026-56854,HIGH,https://avd.aquasec.com/nvd/cve-2026-56854,usr/bin/cilium-agent,0.55.0,true,not_affected,vulnerable_code_not_in_execute_path
rancher/mirrored-cilium-cilium:v1.20.2,rke2/master-prerelease,golang.org/x/crypto,v0.53.0,gobinary,CVE-2026-56854,HIGH,https://avd.aquasec.com/nvd/cve-2026-56854,usr/bin/cilium-dbg,0.55.0,true,not_affected,vulnerable_code_not_in_execute_path
rancher/mirrored-cilium-cilium:v1.20.2,rke2/master-prerelease,golang.org/x/crypto,v0.53.0,gobinary,CVE-2026-56855,HIGH,https://avd.aquasec.com/nvd/cve-2026-56855,usr/bin/cilium-agent,0.56.0,true,affected,severity_changed_due_to_suse_cvss_score
rancher/mirrored-cilium-cilium:v1.20.2,rke2/master-prerelease,golang.org/x/crypto,v0.53.0,gobinary,CVE-2026-56855,HIGH,https://avd.aquasec.com/nvd/cve-2026-56855,usr/bin/cilium-dbg,0.56.0,true,affected,severity_changed_due_to_suse_cvss_score
rancher/mirrored-cilium-cilium:v1.20.2,rke2/master-prerelease,stdlib,v1.26.5,gobinary,CVE-2026-56859,HIGH,https://avd.aquasec.com/nvd/cve-2026-56859,usr/bin/pebble,"1.25.13, 1.26.6, 1.27.0-rc.3",true,affected,
rancher/mirrored-cilium-cilium:v1.20.2,rke2/master-prerelease,stdlib,v1.26.5,gobinary,CVE-2026-56862,HIGH,https://avd.aquasec.com/nvd/cve-2026-56862,usr/bin/pebble,"1.25.13, 1.26.6, 1.27.0-rc.3",true,affected,
rancher/mirrored-cilium-cilium:v1.20.2,rke2/master-prerelease,golang.org/x/crypto,v0.53.0,gobinary,CVE-2026-78662,HIGH,https://avd.aquasec.com/nvd/cve-2026-78662,usr/bin/cilium-agent,0.56.0,true,affected,severity_changed_due_to_suse_cvss_score
rancher/mirrored-cilium-cilium:v1.20.2,rke2/master-prerelease,golang.org/x/crypto,v0.53.0,gobinary,CVE-2026-78662,HIGH,https://avd.aquasec.com/nvd/cve-2026-78662,usr/bin/cilium-dbg,0.56.0,true,affected,severity_changed_due_to_suse_cvss_score
rancher/mirrored-cilium-cilium:v1.20.2,rke2/master-prerelease,google.golang.org/grpc,v1.83.1,gobinary,CVE-2026-84445,HIGH,https://avd.aquasec.com/nvd/cve-2026-84445,usr/bin/cilium-agent,"1.82.2, 1.83.2, 1.85.0-dev.0.20260825072537-93e31b48545e",true,affected,
rancher/mirrored-cilium-cilium:v1.20.2,rke2/master-prerelease,google.golang.org/grpc,v1.83.1,gobinary,CVE-2026-84445,HIGH,https://avd.aquasec.com/nvd/cve-2026-84445,usr/bin/cilium-dbg,"1.82.2, 1.83.2, 1.85.0-dev.0.20260825072537-93e31b48545e",true,affected,
rancher/mirrored-cilium-cilium:v1.20.2,rke2/master-prerelease,google.golang.org/grpc,v1.83.1,gobinary,CVE-2026-84445,HIGH,https://avd.aquasec.com/nvd/cve-2026-84445,usr/bin/hubble,"1.82.2, 1.83.2, 1.85.0-dev.0.20260825072537-93e31b48545e",true,affected,
rancher/mirrored-cilium-clustermesh-apiserver:v1.20.2,rke2/master-prerelease,stdlib,v1.26.5,gobinary,CVE-2026-33818,HIGH,https://avd.aquasec.com/nvd/cve-2026-33818,usr/bin/etcd,"1.25.13, 1.26.6, 1.27.0-rc.3",true,affected,
rancher/mirrored-cilium-clustermesh-apiserver:v1.20.2,rke2/master-prerelease,stdlib,v1.26.5,gobinary,CVE-2026-39821,HIGH,https://avd.aquasec.com/nvd/cve-2026-39821,usr/bin/etcd,"1.25.13, 1.26.6, 1.27.0-rc.3",true,affected,
rancher/mirrored-cilium-clustermesh-apiserver:v1.20.2,rke2/master-prerelease,golang.org/x/net,v0.55.0,gobinary,CVE-2026-46600,HIGH,https://avd.aquasec.com/nvd/cve-2026-46600,usr/bin/etcd,0.56.0,true,not_affected,vulnerable_code_not_present
rancher/mirrored-cilium-clustermesh-apiserver:v1.20.2,rke2/master-prerelease,stdlib,v1.26.5,gobinary,CVE-2026-46600,HIGH,https://avd.aquasec.com/nvd/cve-2026-46600,usr/bin/etcd,"1.26.6, 1.27.0-rc.3",true,not_affected,vulnerable_code_not_in_execute_path
rancher/mirrored-cilium-clustermesh-apiserver:v1.20.2,rke2/master-prerelease,golang.org/x/text,v0.37.0,gobinary,CVE-2026-56852,HIGH,https://avd.aquasec.com/nvd/cve-2026-56852,usr/bin/etcd,0.39.0,true,not_affected,vulnerable_code_not_in_execute_path
rancher/mirrored-cilium-clustermesh-apiserver:v1.20.2,rke2/master-prerelease,stdlib,v1.26.5,gobinary,CVE-2026-56853,HIGH,https://avd.aquasec.com/nvd/cve-2026-56853,usr/bin/etcd,"1.25.13, 1.26.6, 1.27.0-rc.3",true,affected,
rancher/mirrored-cilium-clustermesh-apiserver:v1.20.2,rke2/master-prerelease,golang.org/x/crypto,v0.52.0,gobinary,CVE-2026-56854,HIGH,https://avd.aquasec.com/nvd/cve-2026-56854,usr/bin/etcd,0.55.0,true,not_affected,vulnerable_code_not_present
rancher/mirrored-cilium-clustermesh-apiserver:v1.20.2,rke2/master-prerelease,golang.org/x/crypto,v0.52.0,gobinary,CVE-2026-56855,MEDIUM,https://avd.aquasec.com/nvd/cve-2026-56855,usr/bin/etcd,0.56.0,true,not_affected,vulnerable_code_not_present
rancher/mirrored-cilium-clustermesh-apiserver:v1.20.2,rke2/master-prerelease,stdlib,v1.26.5,gobinary,CVE-2026-56859,HIGH,https://avd.aquasec.com/nvd/cve-2026-56859,usr/bin/etcd,"1.25.13, 1.26.6, 1.27.0-rc.3",true,not_affected,vulnerable_code_not_present
rancher/mirrored-cilium-clustermesh-apiserver:v1.20.2,rke2/master-prerelease,stdlib,v1.26.5,gobinary,CVE-2026-56862,HIGH,https://avd.aquasec.com/nvd/cve-2026-56862,usr/bin/etcd,"1.25.13, 1.26.6, 1.27.0-rc.3",true,affected,
rancher/mirrored-cilium-clustermesh-apiserver:v1.20.2,rke2/master-prerelease,golang.org/x/crypto,v0.52.0,gobinary,CVE-2026-78662,MEDIUM,https://avd.aquasec.com/nvd/cve-2026-78662,usr/bin/etcd,0.56.0,true,not_affected,vulnerable_code_not_present
rancher/mirrored-cilium-clustermesh-apiserver:v1.20.2,rke2/master-prerelease,google.golang.org/grpc,v1.82.1,gobinary,CVE-2026-84303,MEDIUM,https://avd.aquasec.com/nvd/cve-2026-84303,usr/bin/etcd,1.83.1,true,not_affected,vulnerable_code_not_present
rancher/mirrored-cilium-clustermesh-apiserver:v1.20.2,rke2/master-prerelease,google.golang.org/grpc,v1.82.1,gobinary,CVE-2026-84304,HIGH,https://avd.aquasec.com/nvd/cve-2026-84304,usr/bin/etcd,1.83.1,true,affected,
rancher/mirrored-cilium-clustermesh-apiserver:v1.20.2,rke2/master-prerelease,google.golang.org/grpc,v1.82.1,gobinary,CVE-2026-84445,HIGH,https://avd.aquasec.com/nvd/cve-2026-84445,usr/bin/etcd,"1.82.2, 1.83.2, 1.85.0-dev.0.20260825072537-93e31b48545e",true,affected,
rancher/mirrored-cilium-clustermesh-apiserver:v1.20.2,rke2/master-prerelease,google.golang.org/grpc,v1.83.1,gobinary,CVE-2026-84445,HIGH,https://avd.aquasec.com/nvd/cve-2026-84445,usr/bin/clustermesh-apiserver,"1.82.2, 1.83.2, 1.85.0-dev.0.20260825072537-93e31b48545e",true,affected,
rancher/mirrored-cilium-hubble-relay:v1.20.2,rke2/master-prerelease,google.golang.org/grpc,v1.83.1,gobinary,CVE-2026-84445,HIGH,https://avd.aquasec.com/nvd/cve-2026-84445,usr/bin/hubble-relay,"1.82.2, 1.83.2, 1.85.0-dev.0.20260825072537-93e31b48545e",true,affected,
rancher/mirrored-cilium-operator-aws:v1.20.2,rke2/master-prerelease,github.com/osrg/gobgp/v4,v4.6.1-0.20260630022313-d6dee8360046,gobinary,CVE-2026-49838,MEDIUM,https://avd.aquasec.com/nvd/cve-2026-49838,usr/bin/cilium-operator-aws,4.7.0,true,not_affected,vulnerable_code_not_in_execute_path
rancher/mirrored-cilium-operator-aws:v1.20.2,rke2/master-prerelease,golang.org/x/crypto,v0.53.0,gobinary,CVE-2026-56854,HIGH,https://avd.aquasec.com/nvd/cve-2026-56854,usr/bin/cilium-operator-aws,0.55.0,true,not_affected,vulnerable_code_not_in_execute_path
rancher/mirrored-cilium-operator-aws:v1.20.2,rke2/master-prerelease,golang.org/x/crypto,v0.53.0,gobinary,CVE-2026-56855,HIGH,https://avd.aquasec.com/nvd/cve-2026-56855,usr/bin/cilium-operator-aws,0.56.0,true,affected,severity_changed_due_to_suse_cvss_score
rancher/mirrored-cilium-operator-aws:v1.20.2,rke2/master-prerelease,golang.org/x/crypto,v0.53.0,gobinary,CVE-2026-78662,HIGH,https://avd.aquasec.com/nvd/cve-2026-78662,usr/bin/cilium-operator-aws,0.56.0,true,affected,severity_changed_due_to_suse_cvss_score
rancher/mirrored-cilium-operator-aws:v1.20.2,rke2/master-prerelease,google.golang.org/grpc,v1.83.1,gobinary,CVE-2026-84445,HIGH,https://avd.aquasec.com/nvd/cve-2026-84445,usr/bin/cilium-operator-aws,"1.82.2, 1.83.2, 1.85.0-dev.0.20260825072537-93e31b48545e",true,affected,
rancher/mirrored-cilium-operator-azure:v1.20.2,rke2/master-prerelease,github.com/osrg/gobgp/v4,v4.6.1-0.20260630022313-d6dee8360046,gobinary,CVE-2026-49838,MEDIUM,https://avd.aquasec.com/nvd/cve-2026-49838,usr/bin/cilium-operator-azure,4.7.0,true,not_affected,vulnerable_code_not_in_execute_path
rancher/mirrored-cilium-operator-azure:v1.20.2,rke2/master-prerelease,golang.org/x/crypto,v0.53.0,gobinary,CVE-2026-56854,HIGH,https://avd.aquasec.com/nvd/cve-2026-56854,usr/bin/cilium-operator-azure,0.55.0,true,not_affected,vulnerable_code_not_in_execute_path
rancher/mirrored-cilium-operator-azure:v1.20.2,rke2/master-prerelease,golang.org/x/crypto,v0.53.0,gobinary,CVE-2026-56855,HIGH,https://avd.aquasec.com/nvd/cve-2026-56855,usr/bin/cilium-operator-azure,0.56.0,true,affected,severity_changed_due_to_suse_cvss_score
rancher/mirrored-cilium-operator-azure:v1.20.2,rke2/master-prerelease,golang.org/x/crypto,v0.53.0,gobinary,CVE-2026-78662,HIGH,https://avd.aquasec.com/nvd/cve-2026-78662,usr/bin/cilium-operator-azure,0.56.0,true,affected,severity_changed_due_to_suse_cvss_score
rancher/mirrored-cilium-operator-azure:v1.20.2,rke2/master-prerelease,google.golang.org/grpc,v1.83.1,gobinary,CVE-2026-84445,HIGH,https://avd.aquasec.com/nvd/cve-2026-84445,usr/bin/cilium-operator-azure,"1.82.2, 1.83.2, 1.85.0-dev.0.20260825072537-93e31b48545e",true,affected,
rancher/mirrored-cilium-operator-generic:v1.20.2,rke2/master-prerelease,github.com/osrg/gobgp/v4,v4.6.1-0.20260630022313-d6dee8360046,gobinary,CVE-2026-49838,MEDIUM,https://avd.aquasec.com/nvd/cve-2026-49838,usr/bin/cilium-operator-generic,4.7.0,true,not_affected,vulnerable_code_not_in_execute_path
rancher/mirrored-cilium-operator-generic:v1.20.2,rke2/master-prerelease,golang.org/x/crypto,v0.53.0,gobinary,CVE-2026-56854,HIGH,https://avd.aquasec.com/nvd/cve-2026-56854,usr/bin/cilium-operator-generic,0.55.0,true,not_affected,vulnerable_code_not_in_execute_path
rancher/mirrored-cilium-operator-generic:v1.20.2,rke2/master-prerelease,golang.org/x/crypto,v0.53.0,gobinary,CVE-2026-56855,HIGH,https://avd.aquasec.com/nvd/cve-2026-56855,usr/bin/cilium-operator-generic,0.56.0,true,affected,severity_changed_due_to_suse_cvss_score
rancher/mirrored-cilium-operator-generic:v1.20.2,rke2/master-prerelease,golang.org/x/crypto,v0.53.0,gobinary,CVE-2026-78662,HIGH,https://avd.aquasec.com/nvd/cve-2026-78662,usr/bin/cilium-operator-generic,0.56.0,true,affected,severity_changed_due_to_suse_cvss_score
rancher/mirrored-cilium-operator-generic:v1.20.2,rke2/master-prerelease,google.golang.org/grpc,v1.83.1,gobinary,CVE-2026-84445,HIGH,https://avd.aquasec.com/nvd/cve-2026-84445,usr/bin/cilium-operator-generic,"1.82.2, 1.83.2, 1.85.0-dev.0.20260825072537-93e31b48545e",true,affected,
rancher/mirrored-kube-vip-kube-vip-iptables:v1.2.3,rke2/master-prerelease,libcrypto3,3.5.7-r0,alpine,CVE-2026-14456,HIGH,https://avd.aquasec.com/nvd/cve-2026-14456,rancher/mirrored-kube-vip-kube-vip-iptables:v1.2.3 (alpine 3.24.1),3.5.8-r0,true,affected,
rancher/mirrored-kube-vip-kube-vip-iptables:v1.2.3,rke2/master-prerelease,libssl3,3.5.7-r0,alpine,CVE-2026-14456,HIGH,https://avd.aquasec.com/nvd/cve-2026-14456,rancher/mirrored-kube-vip-kube-vip-iptables:v1.2.3 (alpine 3.24.1),3.5.8-r0,true,affected,
rancher/mirrored-kube-vip-kube-vip-iptables:v1.2.3,rke2/master-prerelease,stdlib,v1.26.5,gobinary,CVE-2026-33818,HIGH,https://avd.aquasec.com/nvd/cve-2026-33818,kube-vip,"1.25.13, 1.26.6, 1.27.0-rc.3",true,affected,
rancher/mirrored-kube-vip-kube-vip-iptables:v1.2.3,rke2/master-prerelease,stdlib,v1.26.5,gobinary,CVE-2026-39821,HIGH,https://avd.aquasec.com/nvd/cve-2026-39821,kube-vip,"1.25.13, 1.26.6, 1.27.0-rc.3",true,affected,
rancher/mirrored-kube-vip-kube-vip-iptables:v1.2.3,rke2/master-prerelease,stdlib,v1.26.5,gobinary,CVE-2026-46600,HIGH,https://avd.aquasec.com/nvd/cve-2026-46600,kube-vip,"1.26.6, 1.27.0-rc.3",true,not_affected,vulnerable_code_not_in_execute_path
rancher/mirrored-kube-vip-kube-vip-iptables:v1.2.3,rke2/master-prerelease,stdlib,v1.26.5,gobinary,CVE-2026-56853,HIGH,https://avd.aquasec.com/nvd/cve-2026-56853,kube-vip,"1.25.13, 1.26.6, 1.27.0-rc.3",true,affected,
rancher/mirrored-kube-vip-kube-vip-iptables:v1.2.3,rke2/master-prerelease,golang.org/x/crypto,v0.54.0,gobinary,CVE-2026-56854,HIGH,https://avd.aquasec.com/nvd/cve-2026-56854,kube-vip,0.55.0,true,not_affected,vulnerable_code_not_present
rancher/mirrored-kube-vip-kube-vip-iptables:v1.2.3,rke2/master-prerelease,golang.org/x/crypto,v0.54.0,gobinary,CVE-2026-56855,MEDIUM,https://avd.aquasec.com/nvd/cve-2026-56855,kube-vip,0.56.0,true,not_affected,vulnerable_code_not_present
rancher/mirrored-kube-vip-kube-vip-iptables:v1.2.3,rke2/master-prerelease,stdlib,v1.26.5,gobinary,CVE-2026-56859,HIGH,https://avd.aquasec.com/nvd/cve-2026-56859,kube-vip,"1.25.13, 1.26.6, 1.27.0-rc.3",true,affected,
rancher/mirrored-kube-vip-kube-vip-iptables:v1.2.3,rke2/master-prerelease,stdlib,v1.26.5,gobinary,CVE-2026-56862,HIGH,https://avd.aquasec.com/nvd/cve-2026-56862,kube-vip,"1.25.13, 1.26.6, 1.27.0-rc.3",true,affected,
rancher/mirrored-kube-vip-kube-vip-iptables:v1.2.3,rke2/master-prerelease,golang.org/x/crypto,v0.54.0,gobinary,CVE-2026-78662,MEDIUM,https://avd.aquasec.com/nvd/cve-2026-78662,kube-vip,0.56.0,true,not_affected,vulnerable_code_not_present
rancher/mirrored-kube-vip-kube-vip-iptables:v1.2.3,rke2/master-prerelease,google.golang.org/grpc,v1.83.0,gobinary,CVE-2026-84303,MEDIUM,https://avd.aquasec.com/nvd/cve-2026-84303,kube-vip,1.83.1,true,not_affected,vulnerable_code_not_present
rancher/mirrored-kube-vip-kube-vip-iptables:v1.2.3,rke2/master-prerelease,google.golang.org/grpc,v1.83.0,gobinary,CVE-2026-84304,HIGH,https://avd.aquasec.com/nvd/cve-2026-84304,kube-vip,1.83.1,true,affected,
rancher/mirrored-kube-vip-kube-vip-iptables:v1.2.3,rke2/master-prerelease,google.golang.org/grpc,v1.83.0,gobinary,CVE-2026-84445,HIGH,https://avd.aquasec.com/nvd/cve-2026-84445,kube-vip,"1.82.2, 1.83.2, 1.85.0-dev.0.20260825072537-93e31b48545e",true,affected,
rancher/mirrored-longhornio-csi-attacher:v4.11.0-20260428,rke2/master-prerelease,golang.org/x/net,v0.48.0,gobinary,CVE-2026-25680,MEDIUM,https://avd.aquasec.com/nvd/cve-2026-25680,csi-attacher,0.55.0,true,not_affected,vulnerable_code_not_present
rancher/mirrored-longhornio-csi-attacher:v4.11.0-20260428,rke2/master-prerelease,golang.org/x/net,v0.48.0,gobinary,CVE-2026-25681,HIGH,https://avd.aquasec.com/nvd/cve-2026-25681,csi-attacher,0.55.0,true,not_affected,vulnerable_code_not_present
rancher/mirrored-longhornio-csi-attacher:v4.11.0-20260428,rke2/master-prerelease,golang.org/x/net,v0.48.0,gobinary,CVE-2026-27136,HIGH,https://avd.aquasec.com/nvd/cve-2026-27136,csi-attacher,0.55.0,true,not_affected,vulnerable_code_not_present
rancher/mirrored-longhornio-csi-attacher:v4.11.0-20260428,rke2/master-prerelease,stdlib,v1.25.9,gobinary,CVE-2026-33811,HIGH,https://avd.aquasec.com/nvd/cve-2026-33811,csi-attacher,"1.25.10, 1.26.3",true,not_affected,vulnerable_code_not_present
rancher/mirrored-longhornio-csi-attacher:v4.11.0-20260428,rke2/master-prerelease,golang.org/x/net,v0.48.0,gobinary,CVE-2026-33814,HIGH,https://avd.aquasec.com/nvd/cve-2026-33814,csi-attacher,0.53.0,true,affected,
rancher/mirrored-longhornio-csi-attacher:v4.11.0-20260428,rke2/master-prerelease,stdlib,v1.25.9,gobinary,CVE-2026-33814,HIGH,https://avd.aquasec.com/nvd/cve-2026-33814,csi-attacher,"1.25.10, 1.26.3",true,affected,
rancher/mirrored-longhornio-csi-attacher:v4.11.0-20260428,rke2/master-prerelease,stdlib,v1.25.9,gobinary,CVE-2026-33818,HIGH,https://avd.aquasec.com/nvd/cve-2026-33818,csi-attacher,"1.25.13, 1.26.6, 1.27.0-rc.3",true,affected,
rancher/mirrored-longhornio-csi-attacher:v4.11.0-20260428,rke2/master-prerelease,stdlib,v1.25.9,gobinary,CVE-2026-39820,HIGH,https://avd.aquasec.com/nvd/cve-2026-39820,csi-attacher,"1.25.10, 1.26.3",true,not_affected,vulnerable_code_not_in_execute_path
rancher/mirrored-longhornio-csi-attacher:v4.11.0-20260428,rke2/master-prerelease,golang.org/x/net,v0.48.0,gobinary,CVE-2026-39821,HIGH,https://avd.aquasec.com/nvd/cve-2026-39821,csi-attacher,0.55.0,true,affected,
rancher/mirrored-longhornio-csi-attacher:v4.11.0-20260428,rke2/master-prerelease,stdlib,v1.25.9,gobinary,CVE-2026-39821,HIGH,https://avd.aquasec.com/nvd/cve-2026-39821,csi-attacher,"1.25.13, 1.26.6, 1.27.0-rc.3",true,affected,
rancher/mirrored-longhornio-csi-attacher:v4.11.0-20260428,rke2/master-prerelease,stdlib,v1.25.9,gobinary,CVE-2026-39822,HIGH,https://avd.aquasec.com/nvd/cve-2026-39822,csi-attacher,"1.25.12, 1.26.5, 1.27.0-rc.2",true,not_affected,vulnerable_code_not_in_execute_path
rancher/mirrored-longhornio-csi-attacher:v4.11.0-20260428,rke2/master-prerelease,stdlib,v1.25.9,gobinary,CVE-2026-39823,MEDIUM,https://avd.aquasec.com/nvd/cve-2026-39823,csi-attacher,"1.25.10, 1.26.3",true,not_affected,vulnerable_code_not_in_execute_path
rancher/mirrored-longhornio-csi-attacher:v4.11.0-20260428,rke2/master-prerelease,stdlib,v1.25.9,gobinary,CVE-2026-39825,MEDIUM,https://avd.aquasec.com/nvd/cve-2026-39825,csi-attacher,"1.25.10, 1.26.3",true,not_affected,vulnerable_code_not_in_execute_path
rancher/mirrored-longhornio-csi-attacher:v4.11.0-20260428,rke2/master-prerelease,stdlib,v1.25.9,gobinary,CVE-2026-39826,MEDIUM,https://avd.aquasec.com/nvd/cve-2026-39826,csi-attacher,"1.25.10, 1.26.3",true,not_affected,vulnerable_code_not_in_execute_path
rancher/mirrored-longhornio-csi-attacher:v4.11.0-20260428,rke2/master-prerelease,golang.org/x/crypto,v0.46.0,gobinary,CVE-2026-39827,MEDIUM,https://avd.aquasec.com/nvd/cve-2026-39827,csi-attacher,0.52.0,true,not_affected,vulnerable_code_not_present
rancher/mirrored-longhornio-csi-attacher:v4.11.0-20260428,rke2/master-prerelease,golang.org/x/crypto,v0.46.0,gobinary,CVE-2026-39828,HIGH,https://avd.aquasec.com/nvd/cve-2026-39828,csi-attacher,0.52.0,true,not_affected,vulnerable_code_not_present
rancher/mirrored-longhornio-csi-attacher:v4.11.0-20260428,rke2/master-prerelease,golang.org/x/crypto,v0.46.0,gobinary,CVE-2026-39829,HIGH,https://avd.aquasec.com/nvd/cve-2026-39829,csi-attacher,0.52.0,true,not_affected,vulnerable_code_not_present
rancher/mirrored-longhornio-csi-attacher:v4.11.0-20260428,rke2/master-prerelease,golang.org/x/crypto,v0.46.0,gobinary,CVE-2026-39830,HIGH,https://avd.aquasec.com/nvd/cve-2026-39830,csi-attacher,0.52.0,true,not_affected,vulnerable_code_not_present
rancher/mirrored-longhornio-csi-attacher:v4.11.0-20260428,rke2/master-prerelease,golang.org/x/crypto,v0.46.0,gobinary,CVE-2026-39831,HIGH,https://avd.aquasec.com/nvd/cve-2026-39831,csi-attacher,0.52.0,true,not_affected,vulnerable_code_not_present
rancher/mirrored-longhornio-csi-attacher:v4.11.0-20260428,rke2/master-prerelease,golang.org/x/crypto,v0.46.0,gobinary,CVE-2026-39832,HIGH,https://avd.aquasec.com/nvd/cve-2026-39832,csi-attacher,0.52.0,true,not_affected,vulnerable_code_not_present
rancher/mirrored-longhornio-csi-attacher:v4.11.0-20260428,rke2/master-prerelease,golang.org/x/crypto,v0.46.0,gobinary,CVE-2026-39833,MEDIUM,https://avd.aquasec.com/nvd/cve-2026-39833,csi-attacher,0.52.0,true,not_affected,vulnerable_code_not_present
rancher/mirrored-longhornio-csi-attacher:v4.11.0-20260428,rke2/master-prerelease,golang.org/x/crypto,v0.46.0,gobinary,CVE-2026-39834,MEDIUM,https://avd.aquasec.com/nvd/cve-2026-39834,csi-attacher,0.52.0,true,not_affected,vulnerable_code_not_present
rancher/mirrored-longhornio-csi-attacher:v4.11.0-20260428,rke2/master-prerelease,golang.org/x/crypto,v0.46.0,gobinary,CVE-2026-39835,HIGH,https://avd.aquasec.com/nvd/cve-2026-39835,csi-attacher,0.52.0,true,not_affected,vulnerable_code_not_present
rancher/mirrored-longhornio-csi-attacher:v4.11.0-20260428,rke2/master-prerelease,stdlib,v1.25.9,gobinary,CVE-2026-39836,HIGH,https://avd.aquasec.com/nvd/cve-2026-39836,csi-attacher,"1.25.10, 1.26.3",true,not_affected,vulnerable_code_not_in_execute_path
rancher/mirrored-longhornio-csi-attacher:v4.11.0-20260428,rke2/master-prerelease,stdlib,v1.25.9,gobinary,CVE-2026-42499,HIGH,https://avd.aquasec.com/nvd/cve-2026-42499,csi-attacher,"1.25.10, 1.26.3",true,affected,
rancher/mirrored-longhornio-csi-attacher:v4.11.0-20260428,rke2/master-prerelease,golang.org/x/net,v0.48.0,gobinary,CVE-2026-42502,MEDIUM,https://avd.aquasec.com/nvd/cve-2026-42502,csi-attacher,0.55.0,true,not_affected,vulnerable_code_not_present
rancher/mirrored-longhornio-csi-attacher:v4.11.0-20260428,rke2/master-prerelease,stdlib,v1.25.9,gobinary,CVE-2026-42504,HIGH,https://avd.aquasec.com/nvd/cve-2026-42504,csi-attacher,"1.25.11, 1.26.4",true,not_affected,vulnerable_code_not_in_execute_path
rancher/mirrored-longhornio-csi-attacher:v4.11.0-20260428,rke2/master-prerelease,golang.org/x/net,v0.48.0,gobinary,CVE-2026-42506,MEDIUM,https://avd.aquasec.com/nvd/cve-2026-42506,csi-attacher,0.55.0,true,not_affected,vulnerable_code_not_present
rancher/mirrored-longhornio-csi-attacher:v4.11.0-20260428,rke2/master-prerelease,stdlib,v1.25.9,gobinary,CVE-2026-42507,MEDIUM,https://avd.aquasec.com/nvd/cve-2026-42507,csi-attacher,"1.25.11, 1.26.4",true,not_affected,vulnerable_code_not_in_execute_path
rancher/mirrored-longhornio-csi-attacher:v4.11.0-20260428,rke2/master-prerelease,golang.org/x/crypto,v0.46.0,gobinary,CVE-2026-42508,HIGH,https://avd.aquasec.com/nvd/cve-2026-42508,csi-attacher,0.52.0,true,not_affected,vulnerable_code_not_present
rancher/mirrored-longhornio-csi-attacher:v4.11.0-20260428,rke2/master-prerelease,golang.org/x/crypto,v0.46.0,gobinary,CVE-2026-46595,HIGH,https://avd.aquasec.com/nvd/cve-2026-46595,csi-attacher,0.52.0,true,not_affected,vulnerable_code_not_present
rancher/mirrored-longhornio-csi-attacher:v4.11.0-20260428,rke2/master-prerelease,golang.org/x/crypto,v0.46.0,gobinary,CVE-2026-46597,HIGH,https://avd.aquasec.com/nvd/cve-2026-46597,csi-attacher,0.52.0,true,not_affected,vulnerable_code_not_present
rancher/mirrored-longhornio-csi-attacher:v4.11.0-20260428,rke2/master-prerelease,golang.org/x/crypto,v0.46.0,gobinary,CVE-2026-46598,MEDIUM,https://avd.aquasec.com/nvd/cve-2026-46598,csi-attacher,0.52.0,true,not_affected,vulnerable_code_not_present
rancher/mirrored-longhornio-csi-attacher:v4.11.0-20260428,rke2/master-prerelease,golang.org/x/net,v0.48.0,gobinary,CVE-2026-46600,HIGH,https://avd.aquasec.com/nvd/cve-2026-46600,csi-attacher,0.56.0,true,not_affected,vulnerable_code_not_present
rancher/mirrored-longhornio-csi-attacher:v4.11.0-20260428,rke2/master-prerelease,stdlib,v1.25.9,gobinary,CVE-2026-56853,HIGH,https://avd.aquasec.com/nvd/cve-2026-56853,csi-attacher,"1.25.13, 1.26.6, 1.27.0-rc.3",true,affected,
rancher/mirrored-longhornio-csi-attacher:v4.11.0-20260428,rke2/master-prerelease,golang.org/x/crypto,v0.46.0,gobinary,CVE-2026-56854,HIGH,https://avd.aquasec.com/nvd/cve-2026-56854,csi-attacher,0.55.0,true,not_affected,vulnerable_code_not_present
rancher/mirrored-longhornio-csi-attacher:v4.11.0-20260428,rke2/master-prerelease,golang.org/x/crypto,v0.46.0,gobinary,CVE-2026-56855,MEDIUM,https://avd.aquasec.com/nvd/cve-2026-56855,csi-attacher,0.56.0,true,not_affected,vulnerable_code_not_present
rancher/mirrored-longhornio-csi-attacher:v4.11.0-20260428,rke2/master-prerelease,stdlib,v1.25.9,gobinary,CVE-2026-56859,HIGH,https://avd.aquasec.com/nvd/cve-2026-56859,csi-attacher,"1.25.13, 1.26.6, 1.27.0-rc.3",true,affected,
rancher/mirrored-longhornio-csi-attacher:v4.11.0-20260428,rke2/master-prerelease,stdlib,v1.25.9,gobinary,CVE-2026-56862,HIGH,https://avd.aquasec.com/nvd/cve-2026-56862,csi-attacher,"1.25.13, 1.26.6, 1.27.0-rc.3",true,affected,
rancher/mirrored-longhornio-csi-attacher:v4.11.0-20260428,rke2/master-prerelease,golang.org/x/crypto,v0.46.0,gobinary,CVE-2026-78662,MEDIUM,https://avd.aquasec.com/nvd/cve-2026-78662,csi-attacher,0.56.0,true,not_affected,vulnerable_code_not_present
rancher/mirrored-longhornio-csi-attacher:v4.11.0-20260428,rke2/master-prerelease,google.golang.org/grpc,v1.79.3,gobinary,CVE-2026-84303,MEDIUM,https://avd.aquasec.com/nvd/cve-2026-84303,csi-attacher,1.83.1,true,not_affected,vulnerable_code_not_present
rancher/mirrored-longhornio-csi-attacher:v4.11.0-20260428,rke2/master-prerelease,google.golang.org/grpc,v1.79.3,gobinary,CVE-2026-84304,HIGH,https://avd.aquasec.com/nvd/cve-2026-84304,csi-attacher,1.83.1,true,affected,
rancher/mirrored-longhornio-csi-attacher:v4.11.0-20260428,rke2/master-prerelease,google.golang.org/grpc,v1.79.3,gobinary,CVE-2026-84445,HIGH,https://avd.aquasec.com/nvd/cve-2026-84445,csi-attacher,"1.82.2, 1.83.2, 1.85.0-dev.0.20260825072537-93e31b48545e",true,not_affected,vulnerable_code_not_in_execute_path
rancher/mirrored-longhornio-csi-attacher:v4.11.0-20260428,rke2/master-prerelease,google.golang.org/grpc,v1.79.3,gobinary,GHSA-hrxh-6v49-42gf,HIGH,https://github.com/advisories/GHSA-hrxh-6v49-42gf,csi-attacher,1.82.1,true,affected,
rancher/mirrored-longhornio-csi-node-driver-registrar:v2.16.0-20260428,rke2/master-prerelease,golang.org/x/net,v0.49.0,gobinary,CVE-2026-25680,MEDIUM,https://avd.aquasec.com/nvd/cve-2026-25680,csi-node-driver-registrar,0.55.0,true,not_affected,vulnerable_code_not_present
rancher/mirrored-longhornio-csi-node-driver-registrar:v2.16.0-20260428,rke2/master-prerelease,golang.org/x/net,v0.49.0,gobinary,CVE-2026-25681,HIGH,https://avd.aquasec.com/nvd/cve-2026-25681,csi-node-driver-registrar,0.55.0,true,not_affected,vulnerable_code_not_present
rancher/mirrored-longhornio-csi-node-driver-registrar:v2.16.0-20260428,rke2/master-prerelease,golang.org/x/net,v0.49.0,gobinary,CVE-2026-27136,HIGH,https://avd.aquasec.com/nvd/cve-2026-27136,csi-node-driver-registrar,0.55.0,true,not_affected,vulnerable_code_not_present
rancher/mirrored-longhornio-csi-node-driver-registrar:v2.16.0-20260428,rke2/master-prerelease,go.opentelemetry.io/otel,v1.40.0,gobinary,CVE-2026-29181,HIGH,https://avd.aquasec.com/nvd/cve-2026-29181,csi-node-driver-registrar,1.41.0,true,affected,
rancher/mirrored-longhornio-csi-node-driver-registrar:v2.16.0-20260428,rke2/master-prerelease,stdlib,v1.25.9,gobinary,CVE-2026-33811,HIGH,https://avd.aquasec.com/nvd/cve-2026-33811,csi-node-driver-registrar,"1.25.10, 1.26.3",true,not_affected,vulnerable_code_not_present
rancher/mirrored-longhornio-csi-node-driver-registrar:v2.16.0-20260428,rke2/master-prerelease,golang.org/x/net,v0.49.0,gobinary,CVE-2026-33814,HIGH,https://avd.aquasec.com/nvd/cve-2026-33814,csi-node-driver-registrar,0.53.0,true,not_affected,vulnerable_code_not_in_execute_path
rancher/mirrored-longhornio-csi-node-driver-registrar:v2.16.0-20260428,rke2/master-prerelease,stdlib,v1.25.9,gobinary,CVE-2026-33814,HIGH,https://avd.aquasec.com/nvd/cve-2026-33814,csi-node-driver-registrar,"1.25.10, 1.26.3",true,affected,
rancher/mirrored-longhornio-csi-node-driver-registrar:v2.16.0-20260428,rke2/master-prerelease,stdlib,v1.25.9,gobinary,CVE-2026-33818,HIGH,https://avd.aquasec.com/nvd/cve-2026-33818,csi-node-driver-registrar,"1.25.13, 1.26.6, 1.27.0-rc.3",true,affected,
rancher/mirrored-longhornio-csi-node-driver-registrar:v2.16.0-20260428,rke2/master-prerelease,stdlib,v1.25.9,gobinary,CVE-2026-39820,HIGH,https://avd.aquasec.com/nvd/cve-2026-39820,csi-node-driver-registrar,"1.25.10, 1.26.3",true,not_affected,vulnerable_code_not_present
rancher/mirrored-longhornio-csi-node-driver-registrar:v2.16.0-20260428,rke2/master-prerelease,golang.org/x/net,v0.49.0,gobinary,CVE-2026-39821,HIGH,https://avd.aquasec.com/nvd/cve-2026-39821,csi-node-driver-registrar,0.55.0,true,not_affected,vulnerable_code_not_in_execute_path
rancher/mirrored-longhornio-csi-node-driver-registrar:v2.16.0-20260428,rke2/master-prerelease,stdlib,v1.25.9,gobinary,CVE-2026-39821,HIGH,https://avd.aquasec.com/nvd/cve-2026-39821,csi-node-driver-registrar,"1.25.13, 1.26.6, 1.27.0-rc.3",true,affected,
rancher/mirrored-longhornio-csi-node-driver-registrar:v2.16.0-20260428,rke2/master-prerelease,stdlib,v1.25.9,gobinary,CVE-2026-39822,HIGH,https://avd.aquasec.com/nvd/cve-2026-39822,csi-node-driver-registrar,"1.25.12, 1.26.5, 1.27.0-rc.2",true,not_affected,vulnerable_code_not_in_execute_path
rancher/mirrored-longhornio-csi-node-driver-registrar:v2.16.0-20260428,rke2/master-prerelease,stdlib,v1.25.9,gobinary,CVE-2026-39823,MEDIUM,https://avd.aquasec.com/nvd/cve-2026-39823,csi-node-driver-registrar,"1.25.10, 1.26.3",true,not_affected,vulnerable_code_not_present
rancher/mirrored-longhornio-csi-node-driver-registrar:v2.16.0-20260428,rke2/master-prerelease,stdlib,v1.25.9,gobinary,CVE-2026-39825,MEDIUM,https://avd.aquasec.com/nvd/cve-2026-39825,csi-node-driver-registrar,"1.25.10, 1.26.3",true,not_affected,vulnerable_code_not_in_execute_path
rancher/mirrored-longhornio-csi-node-driver-registrar:v2.16.0-20260428,rke2/master-prerelease,stdlib,v1.25.9,gobinary,CVE-2026-39826,MEDIUM,https://avd.aquasec.com/nvd/cve-2026-39826,csi-node-driver-registrar,"1.25.10, 1.26.3",true,not_affected,vulnerable_code_not_in_execute_path
rancher/mirrored-longhornio-csi-node-driver-registrar:v2.16.0-20260428,rke2/master-prerelease,stdlib,v1.25.9,gobinary,CVE-2026-39836,HIGH,https://avd.aquasec.com/nvd/cve-2026-39836,csi-node-driver-registrar,"1.25.10, 1.26.3",true,affected,
rancher/mirrored-longhornio-csi-node-driver-registrar:v2.16.0-20260428,rke2/master-prerelease,stdlib,v1.25.9,gobinary,CVE-2026-42499,HIGH,https://avd.aquasec.com/nvd/cve-2026-42499,csi-node-driver-registrar,"1.25.10, 1.26.3",true,not_affected,vulnerable_code_not_present
rancher/mirrored-longhornio-csi-node-driver-registrar:v2.16.0-20260428,rke2/master-prerelease,golang.org/x/net,v0.49.0,gobinary,CVE-2026-42502,MEDIUM,https://avd.aquasec.com/nvd/cve-2026-42502,csi-node-driver-registrar,0.55.0,true,not_affected,vulnerable_code_not_present
rancher/mirrored-longhornio-csi-node-driver-registrar:v2.16.0-20260428,rke2/master-prerelease,stdlib,v1.25.9,gobinary,CVE-2026-42504,HIGH,https://avd.aquasec.com/nvd/cve-2026-42504,csi-node-driver-registrar,"1.25.11, 1.26.4",true,not_affected,vulnerable_code_not_in_execute_path
rancher/mirrored-longhornio-csi-node-driver-registrar:v2.16.0-20260428,rke2/master-prerelease,golang.org/x/net,v0.49.0,gobinary,CVE-2026-42506,MEDIUM,https://avd.aquasec.com/nvd/cve-2026-42506,csi-node-driver-registrar,0.55.0,true,not_affected,vulnerable_code_not_present
rancher/mirrored-longhornio-csi-node-driver-registrar:v2.16.0-20260428,rke2/master-prerelease,stdlib,v1.25.9,gobinary,CVE-2026-42507,MEDIUM,https://avd.aquasec.com/nvd/cve-2026-42507,csi-node-driver-registrar,"1.25.11, 1.26.4",true,not_affected,vulnerable_code_not_in_execute_path
rancher/mirrored-longhornio-csi-node-driver-registrar:v2.16.0-20260428,rke2/master-prerelease,golang.org/x/net,v0.49.0,gobinary,CVE-2026-46600,HIGH,https://avd.aquasec.com/nvd/cve-2026-46600,csi-node-driver-registrar,0.56.0,true,not_affected,vulnerable_code_not_present
rancher/mirrored-longhornio-csi-node-driver-registrar:v2.16.0-20260428,rke2/master-prerelease,golang.org/x/text,v0.33.0,gobinary,CVE-2026-56852,HIGH,https://avd.aquasec.com/nvd/cve-2026-56852,csi-node-driver-registrar,0.39.0,true,not_affected,vulnerable_code_not_in_execute_path
rancher/mirrored-longhornio-csi-node-driver-registrar:v2.16.0-20260428,rke2/master-prerelease,stdlib,v1.25.9,gobinary,CVE-2026-56853,HIGH,https://avd.aquasec.com/nvd/cve-2026-56853,csi-node-driver-registrar,"1.25.13, 1.26.6, 1.27.0-rc.3",true,affected,
rancher/mirrored-longhornio-csi-node-driver-registrar:v2.16.0-20260428,rke2/master-prerelease,stdlib,v1.25.9,gobinary,CVE-2026-56859,HIGH,https://avd.aquasec.com/nvd/cve-2026-56859,csi-node-driver-registrar,"1.25.13, 1.26.6, 1.27.0-rc.3",true,not_affected,vulnerable_code_not_present
rancher/mirrored-longhornio-csi-node-driver-registrar:v2.16.0-20260428,rke2/master-prerelease,stdlib,v1.25.9,gobinary,CVE-2026-56862,HIGH,https://avd.aquasec.com/nvd/cve-2026-56862,csi-node-driver-registrar,"1.25.13, 1.26.6, 1.27.0-rc.3",true,affected,
rancher/mirrored-longhornio-csi-node-driver-registrar:v2.16.0-20260428,rke2/master-prerelease,google.golang.org/grpc,v1.79.3,gobinary,CVE-2026-84303,MEDIUM,https://avd.aquasec.com/nvd/cve-2026-84303,csi-node-driver-registrar,1.83.1,true,not_affected,vulnerable_code_not_present
rancher/mirrored-longhornio-csi-node-driver-registrar:v2.16.0-20260428,rke2/master-prerelease,google.golang.org/grpc,v1.79.3,gobinary,CVE-2026-84304,HIGH,https://avd.aquasec.com/nvd/cve-2026-84304,csi-node-driver-registrar,1.83.1,true,affected,
rancher/mirrored-longhornio-csi-node-driver-registrar:v2.16.0-20260428,rke2/master-prerelease,google.golang.org/grpc,v1.79.3,gobinary,CVE-2026-84445,HIGH,https://avd.aquasec.com/nvd/cve-2026-84445,csi-node-driver-registrar,"1.82.2, 1.83.2, 1.85.0-dev.0.20260825072537-93e31b48545e",true,not_affected,vulnerable_code_not_in_execute_path
rancher/mirrored-longhornio-csi-node-driver-registrar:v2.16.0-20260428,rke2/master-prerelease,google.golang.org/grpc,v1.79.3,gobinary,GHSA-hrxh-6v49-42gf,HIGH,https://github.com/advisories/GHSA-hrxh-6v49-42gf,csi-node-driver-registrar,1.82.1,true,affected,
rancher/mirrored-longhornio-csi-provisioner:v5.3.0-20260428,rke2/master-prerelease,golang.org/x/net,v0.48.0,gobinary,CVE-2026-25680,MEDIUM,https://avd.aquasec.com/nvd/cve-2026-25680,csi-provisioner,0.55.0,true,not_affected,vulnerable_code_not_in_execute_path
rancher/mirrored-longhornio-csi-provisioner:v5.3.0-20260428,rke2/master-prerelease,golang.org/x/net,v0.48.0,gobinary,CVE-2026-25681,HIGH,https://avd.aquasec.com/nvd/cve-2026-25681,csi-provisioner,0.55.0,true,not_affected,vulnerable_code_not_in_execute_path
rancher/mirrored-longhornio-csi-provisioner:v5.3.0-20260428,rke2/master-prerelease,golang.org/x/net,v0.48.0,gobinary,CVE-2026-27136,HIGH,https://avd.aquasec.com/nvd/cve-2026-27136,csi-provisioner,0.55.0,true,not_affected,vulnerable_code_not_in_execute_path
rancher/mirrored-longhornio-csi-provisioner:v5.3.0-20260428,rke2/master-prerelease,go.opentelemetry.io/otel,v1.39.0,gobinary,CVE-2026-29181,HIGH,https://avd.aquasec.com/nvd/cve-2026-29181,csi-provisioner,1.41.0,true,affected,
rancher/mirrored-longhornio-csi-provisioner:v5.3.0-20260428,rke2/master-prerelease,stdlib,v1.25.9,gobinary,CVE-2026-33811,HIGH,https://avd.aquasec.com/nvd/cve-2026-33811,csi-provisioner,"1.25.10, 1.26.3",true,not_affected,vulnerable_code_not_in_execute_path
rancher/mirrored-longhornio-csi-provisioner:v5.3.0-20260428,rke2/master-prerelease,golang.org/x/net,v0.48.0,gobinary,CVE-2026-33814,HIGH,https://avd.aquasec.com/nvd/cve-2026-33814,csi-provisioner,0.53.0,true,affected,
rancher/mirrored-longhornio-csi-provisioner:v5.3.0-20260428,rke2/master-prerelease,stdlib,v1.25.9,gobinary,CVE-2026-33814,HIGH,https://avd.aquasec.com/nvd/cve-2026-33814,csi-provisioner,"1.25.10, 1.26.3",true,affected,
rancher/mirrored-longhornio-csi-provisioner:v5.3.0-20260428,rke2/master-prerelease,stdlib,v1.25.9,gobinary,CVE-2026-33818,HIGH,https://avd.aquasec.com/nvd/cve-2026-33818,csi-provisioner,"1.25.13, 1.26.6, 1.27.0-rc.3",true,affected,
rancher/mirrored-longhornio-csi-provisioner:v5.3.0-20260428,rke2/master-prerelease,stdlib,v1.25.9,gobinary,CVE-2026-39820,HIGH,https://avd.aquasec.com/nvd/cve-2026-39820,csi-provisioner,"1.25.10, 1.26.3",true,not_affected,vulnerable_code_not_present
rancher/mirrored-longhornio-csi-provisioner:v5.3.0-20260428,rke2/master-prerelease,golang.org/x/net,v0.48.0,gobinary,CVE-2026-39821,HIGH,https://avd.aquasec.com/nvd/cve-2026-39821,csi-provisioner,0.55.0,true,affected,
rancher/mirrored-longhornio-csi-provisioner:v5.3.0-20260428,rke2/master-prerelease,stdlib,v1.25.9,gobinary,CVE-2026-39821,HIGH,https://avd.aquasec.com/nvd/cve-2026-39821,csi-provisioner,"1.25.13, 1.26.6, 1.27.0-rc.3",true,affected,
rancher/mirrored-longhornio-csi-provisioner:v5.3.0-20260428,rke2/master-prerelease,stdlib,v1.25.9,gobinary,CVE-2026-39822,HIGH,https://avd.aquasec.com/nvd/cve-2026-39822,csi-provisioner,"1.25.12, 1.26.5, 1.27.0-rc.2",true,not_affected,vulnerable_code_not_in_execute_path
rancher/mirrored-longhornio-csi-provisioner:v5.3.0-20260428,rke2/master-prerelease,stdlib,v1.25.9,gobinary,CVE-2026-39823,MEDIUM,https://avd.aquasec.com/nvd/cve-2026-39823,csi-provisioner,"1.25.10, 1.26.3",true,not_affected,vulnerable_code_not_in_execute_path
rancher/mirrored-longhornio-csi-provisioner:v5.3.0-20260428,rke2/master-prerelease,stdlib,v1.25.9,gobinary,CVE-2026-39825,MEDIUM,https://avd.aquasec.com/nvd/cve-2026-39825,csi-provisioner,"1.25.10, 1.26.3",true,not_affected,vulnerable_code_not_in_execute_path
rancher/mirrored-longhornio-csi-provisioner:v5.3.0-20260428,rke2/master-prerelease,stdlib,v1.25.9,gobinary,CVE-2026-39836,HIGH,https://avd.aquasec.com/nvd/cve-2026-39836,csi-provisioner,"1.25.10, 1.26.3",true,not_affected,vulnerable_code_not_in_execute_path
rancher/mirrored-longhornio-csi-provisioner:v5.3.0-20260428,rke2/master-prerelease,stdlib,v1.25.9,gobinary,CVE-2026-42499,HIGH,https://avd.aquasec.com/nvd/cve-2026-42499,csi-provisioner,"1.25.10, 1.26.3",true,not_affected,vulnerable_code_not_present
rancher/mirrored-longhornio-csi-provisioner:v5.3.0-20260428,rke2/master-prerelease,golang.org/x/net,v0.48.0,gobinary,CVE-2026-42502,MEDIUM,https://avd.aquasec.com/nvd/cve-2026-42502,csi-provisioner,0.55.0,true,not_affected,vulnerable_code_not_in_execute_path
rancher/mirrored-longhornio-csi-provisioner:v5.3.0-20260428,rke2/master-prerelease,golang.org/x/net,v0.48.0,gobinary,CVE-2026-42506,MEDIUM,https://avd.aquasec.com/nvd/cve-2026-42506,csi-provisioner,0.55.0,true,not_affected,vulnerable_code_not_in_execute_path
rancher/mirrored-longhornio-csi-provisioner:v5.3.0-20260428,rke2/master-prerelease,stdlib,v1.25.9,gobinary,CVE-2026-42507,MEDIUM,https://avd.aquasec.com/nvd/cve-2026-42507,csi-provisioner,"1.25.11, 1.26.4",true,not_affected,vulnerable_code_not_in_execute_path
rancher/mirrored-longhornio-csi-provisioner:v5.3.0-20260428,rke2/master-prerelease,golang.org/x/net,v0.48.0,gobinary,CVE-2026-46600,HIGH,https://avd.aquasec.com/nvd/cve-2026-46600,csi-provisioner,0.56.0,true,not_affected,vulnerable_code_not_present
rancher/mirrored-longhornio-csi-provisioner:v5.3.0-20260428,rke2/master-prerelease,golang.org/x/text,v0.32.0,gobinary,CVE-2026-56852,HIGH,https://avd.aquasec.com/nvd/cve-2026-56852,csi-provisioner,0.39.0,true,not_affected,vulnerable_code_not_in_execute_path
rancher/mirrored-longhornio-csi-provisioner:v5.3.0-20260428,rke2/master-prerelease,stdlib,v1.25.9,gobinary,CVE-2026-56853,HIGH,https://avd.aquasec.com/nvd/cve-2026-56853,csi-provisioner,"1.25.13, 1.26.6, 1.27.0-rc.3",true,affected,
rancher/mirrored-longhornio-csi-provisioner:v5.3.0-20260428,rke2/master-prerelease,stdlib,v1.25.9,gobinary,CVE-2026-56859,HIGH,https://avd.aquasec.com/nvd/cve-2026-56859,csi-provisioner,"1.25.13, 1.26.6, 1.27.0-rc.3",true,affected,
rancher/mirrored-longhornio-csi-provisioner:v5.3.0-20260428,rke2/master-prerelease,stdlib,v1.25.9,gobinary,CVE-2026-56862,HIGH,https://avd.aquasec.com/nvd/cve-2026-56862,csi-provisioner,"1.25.13, 1.26.6, 1.27.0-rc.3",true,affected,
rancher/mirrored-longhornio-csi-provisioner:v5.3.0-20260428,rke2/master-prerelease,google.golang.org/grpc,v1.79.3,gobinary,CVE-2026-84303,MEDIUM,https://avd.aquasec.com/nvd/cve-2026-84303,csi-provisioner,1.83.1,true,not_affected,vulnerable_code_not_present
rancher/mirrored-longhornio-csi-provisioner:v5.3.0-20260428,rke2/master-prerelease,google.golang.org/grpc,v1.79.3,gobinary,CVE-2026-84304,HIGH,https://avd.aquasec.com/nvd/cve-2026-84304,csi-provisioner,1.83.1,true,affected,
rancher/mirrored-longhornio-csi-provisioner:v5.3.0-20260428,rke2/master-prerelease,google.golang.org/grpc,v1.79.3,gobinary,CVE-2026-84445,HIGH,https://avd.aquasec.com/nvd/cve-2026-84445,csi-provisioner,"1.82.2, 1.83.2, 1.85.0-dev.0.20260825072537-93e31b48545e",true,not_affected,vulnerable_code_not_in_execute_path
rancher/mirrored-longhornio-csi-provisioner:v5.3.0-20260428,rke2/master-prerelease,google.golang.org/grpc,v1.79.3,gobinary,GHSA-hrxh-6v49-42gf,HIGH,https://github.com/advisories/GHSA-hrxh-6v49-42gf,csi-provisioner,1.82.1,true,affected,
rancher/mirrored-longhornio-csi-resizer:v2.1.0-20260428,rke2/master-prerelease,golang.org/x/net,v0.48.0,gobinary,CVE-2026-25680,MEDIUM,https://avd.aquasec.com/nvd/cve-2026-25680,csi-resizer,0.55.0,true,not_affected,vulnerable_code_not_present
rancher/mirrored-longhornio-csi-resizer:v2.1.0-20260428,rke2/master-prerelease,golang.org/x/net,v0.48.0,gobinary,CVE-2026-25681,HIGH,https://avd.aquasec.com/nvd/cve-2026-25681,csi-resizer,0.55.0,true,not_affected,vulnerable_code_not_present
rancher/mirrored-longhornio-csi-resizer:v2.1.0-20260428,rke2/master-prerelease,golang.org/x/net,v0.48.0,gobinary,CVE-2026-27136,HIGH,https://avd.aquasec.com/nvd/cve-2026-27136,csi-resizer,0.55.0,true,not_affected,vulnerable_code_not_present
rancher/mirrored-longhornio-csi-resizer:v2.1.0-20260428,rke2/master-prerelease,stdlib,v1.25.9,gobinary,CVE-2026-33811,HIGH,https://avd.aquasec.com/nvd/cve-2026-33811,csi-resizer,"1.25.10, 1.26.3",true,not_affected,vulnerable_code_not_in_execute_path
rancher/mirrored-longhornio-csi-resizer:v2.1.0-20260428,rke2/master-prerelease,golang.org/x/net,v0.48.0,gobinary,CVE-2026-33814,HIGH,https://avd.aquasec.com/nvd/cve-2026-33814,csi-resizer,0.53.0,true,affected,
rancher/mirrored-longhornio-csi-resizer:v2.1.0-20260428,rke2/master-prerelease,stdlib,v1.25.9,gobinary,CVE-2026-33814,HIGH,https://avd.aquasec.com/nvd/cve-2026-33814,csi-resizer,"1.25.10, 1.26.3",true,affected,
rancher/mirrored-longhornio-csi-resizer:v2.1.0-20260428,rke2/master-prerelease,stdlib,v1.25.9,gobinary,CVE-2026-33818,HIGH,https://avd.aquasec.com/nvd/cve-2026-33818,csi-resizer,"1.25.13, 1.26.6, 1.27.0-rc.3",true,affected,
rancher/mirrored-longhornio-csi-resizer:v2.1.0-20260428,rke2/master-prerelease,stdlib,v1.25.9,gobinary,CVE-2026-39820,HIGH,https://avd.aquasec.com/nvd/cve-2026-39820,csi-resizer,"1.25.10, 1.26.3",true,not_affected,vulnerable_code_not_in_execute_path
rancher/mirrored-longhornio-csi-resizer:v2.1.0-20260428,rke2/master-prerelease,golang.org/x/net,v0.48.0,gobinary,CVE-2026-39821,HIGH,https://avd.aquasec.com/nvd/cve-2026-39821,csi-resizer,0.55.0,true,affected,
rancher/mirrored-longhornio-csi-resizer:v2.1.0-20260428,rke2/master-prerelease,stdlib,v1.25.9,gobinary,CVE-2026-39821,HIGH,https://avd.aquasec.com/nvd/cve-2026-39821,csi-resizer,"1.25.13, 1.26.6, 1.27.0-rc.3",true,affected,
rancher/mirrored-longhornio-csi-resizer:v2.1.0-20260428,rke2/master-prerelease,stdlib,v1.25.9,gobinary,CVE-2026-39822,HIGH,https://avd.aquasec.com/nvd/cve-2026-39822,csi-resizer,"1.25.12, 1.26.5, 1.27.0-rc.2",true,not_affected,vulnerable_code_not_in_execute_path
rancher/mirrored-longhornio-csi-resizer:v2.1.0-20260428,rke2/master-prerelease,stdlib,v1.25.9,gobinary,CVE-2026-39823,MEDIUM,https://avd.aquasec.com/nvd/cve-2026-39823,csi-resizer,"1.25.10, 1.26.3",true,not_affected,vulnerable_code_not_in_execute_path
rancher/mirrored-longhornio-csi-resizer:v2.1.0-20260428,rke2/master-prerelease,stdlib,v1.25.9,gobinary,CVE-2026-39825,MEDIUM,https://avd.aquasec.com/nvd/cve-2026-39825,csi-resizer,"1.25.10, 1.26.3",true,not_affected,vulnerable_code_not_in_execute_path
rancher/mirrored-longhornio-csi-resizer:v2.1.0-20260428,rke2/master-prerelease,golang.org/x/crypto,v0.46.0,gobinary,CVE-2026-39827,MEDIUM,https://avd.aquasec.com/nvd/cve-2026-39827,csi-resizer,0.52.0,true,not_affected,vulnerable_code_not_present
rancher/mirrored-longhornio-csi-resizer:v2.1.0-20260428,rke2/master-prerelease,golang.org/x/crypto,v0.46.0,gobinary,CVE-2026-39828,HIGH,https://avd.aquasec.com/nvd/cve-2026-39828,csi-resizer,0.52.0,true,not_affected,vulnerable_code_not_present
rancher/mirrored-longhornio-csi-resizer:v2.1.0-20260428,rke2/master-prerelease,golang.org/x/crypto,v0.46.0,gobinary,CVE-2026-39829,HIGH,https://avd.aquasec.com/nvd/cve-2026-39829,csi-resizer,0.52.0,true,not_affected,vulnerable_code_not_present
rancher/mirrored-longhornio-csi-resizer:v2.1.0-20260428,rke2/master-prerelease,golang.org/x/crypto,v0.46.0,gobinary,CVE-2026-39830,HIGH,https://avd.aquasec.com/nvd/cve-2026-39830,csi-resizer,0.52.0,true,not_affected,vulnerable_code_not_present
rancher/mirrored-longhornio-csi-resizer:v2.1.0-20260428,rke2/master-prerelease,golang.org/x/crypto,v0.46.0,gobinary,CVE-2026-39831,HIGH,https://avd.aquasec.com/nvd/cve-2026-39831,csi-resizer,0.52.0,true,not_affected,vulnerable_code_not_present
rancher/mirrored-longhornio-csi-resizer:v2.1.0-20260428,rke2/master-prerelease,golang.org/x/crypto,v0.46.0,gobinary,CVE-2026-39832,HIGH,https://avd.aquasec.com/nvd/cve-2026-39832,csi-resizer,0.52.0,true,not_affected,vulnerable_code_not_present
rancher/mirrored-longhornio-csi-resizer:v2.1.0-20260428,rke2/master-prerelease,golang.org/x/crypto,v0.46.0,gobinary,CVE-2026-39833,MEDIUM,https://avd.aquasec.com/nvd/cve-2026-39833,csi-resizer,0.52.0,true,not_affected,vulnerable_code_not_present
rancher/mirrored-longhornio-csi-resizer:v2.1.0-20260428,rke2/master-prerelease,golang.org/x/crypto,v0.46.0,gobinary,CVE-2026-39834,MEDIUM,https://avd.aquasec.com/nvd/cve-2026-39834,csi-resizer,0.52.0,true,not_affected,vulnerable_code_not_present
rancher/mirrored-longhornio-csi-resizer:v2.1.0-20260428,rke2/master-prerelease,golang.org/x/crypto,v0.46.0,gobinary,CVE-2026-39835,HIGH,https://avd.aquasec.com/nvd/cve-2026-39835,csi-resizer,0.52.0,true,not_affected,vulnerable_code_not_present
rancher/mirrored-longhornio-csi-resizer:v2.1.0-20260428,rke2/master-prerelease,stdlib,v1.25.9,gobinary,CVE-2026-39836,HIGH,https://avd.aquasec.com/nvd/cve-2026-39836,csi-resizer,"1.25.10, 1.26.3",true,not_affected,vulnerable_code_not_in_execute_path
rancher/mirrored-longhornio-csi-resizer:v2.1.0-20260428,rke2/master-prerelease,stdlib,v1.25.9,gobinary,CVE-2026-42499,HIGH,https://avd.aquasec.com/nvd/cve-2026-42499,csi-resizer,"1.25.10, 1.26.3",true,affected,
rancher/mirrored-longhornio-csi-resizer:v2.1.0-20260428,rke2/master-prerelease,golang.org/x/net,v0.48.0,gobinary,CVE-2026-42502,MEDIUM,https://avd.aquasec.com/nvd/cve-2026-42502,csi-resizer,0.55.0,true,not_affected,vulnerable_code_not_present
rancher/mirrored-longhornio-csi-resizer:v2.1.0-20260428,rke2/master-prerelease,golang.org/x/net,v0.48.0,gobinary,CVE-2026-42506,MEDIUM,https://avd.aquasec.com/nvd/cve-2026-42506,csi-resizer,0.55.0,true,not_affected,vulnerable_code_not_present
rancher/mirrored-longhornio-csi-resizer:v2.1.0-20260428,rke2/master-prerelease,stdlib,v1.25.9,gobinary,CVE-2026-42507,MEDIUM,https://avd.aquasec.com/nvd/cve-2026-42507,csi-resizer,"1.25.11, 1.26.4",true,not_affected,vulnerable_code_not_in_execute_path
rancher/mirrored-longhornio-csi-resizer:v2.1.0-20260428,rke2/master-prerelease,golang.org/x/crypto,v0.46.0,gobinary,CVE-2026-42508,HIGH,https://avd.aquasec.com/nvd/cve-2026-42508,csi-resizer,0.52.0,true,not_affected,vulnerable_code_not_present
rancher/mirrored-longhornio-csi-resizer:v2.1.0-20260428,rke2/master-prerelease,golang.org/x/crypto,v0.46.0,gobinary,CVE-2026-46595,HIGH,https://avd.aquasec.com/nvd/cve-2026-46595,csi-resizer,0.52.0,true,not_affected,vulnerable_code_not_present
rancher/mirrored-longhornio-csi-resizer:v2.1.0-20260428,rke2/master-prerelease,golang.org/x/crypto,v0.46.0,gobinary,CVE-2026-46597,HIGH,https://avd.aquasec.com/nvd/cve-2026-46597,csi-resizer,0.52.0,true,not_affected,vulnerable_code_not_present
rancher/mirrored-longhornio-csi-resizer:v2.1.0-20260428,rke2/master-prerelease,golang.org/x/crypto,v0.46.0,gobinary,CVE-2026-46598,MEDIUM,https://avd.aquasec.com/nvd/cve-2026-46598,csi-resizer,0.52.0,true,not_affected,vulnerable_code_not_present
rancher/mirrored-longhornio-csi-resizer:v2.1.0-20260428,rke2/master-prerelease,golang.org/x/net,v0.48.0,gobinary,CVE-2026-46600,HIGH,https://avd.aquasec.com/nvd/cve-2026-46600,csi-resizer,0.56.0,true,not_affected,vulnerable_code_not_present
rancher/mirrored-longhornio-csi-resizer:v2.1.0-20260428,rke2/master-prerelease,stdlib,v1.25.9,gobinary,CVE-2026-56853,HIGH,https://avd.aquasec.com/nvd/cve-2026-56853,csi-resizer,"1.25.13, 1.26.6, 1.27.0-rc.3",true,affected,
rancher/mirrored-longhornio-csi-resizer:v2.1.0-20260428,rke2/master-prerelease,golang.org/x/crypto,v0.46.0,gobinary,CVE-2026-56854,HIGH,https://avd.aquasec.com/nvd/cve-2026-56854,csi-resizer,0.55.0,true,not_affected,vulnerable_code_not_present
rancher/mirrored-longhornio-csi-resizer:v2.1.0-20260428,rke2/master-prerelease,golang.org/x/crypto,v0.46.0,gobinary,CVE-2026-56855,MEDIUM,https://avd.aquasec.com/nvd/cve-2026-56855,csi-resizer,0.56.0,true,not_affected,vulnerable_code_not_present
rancher/mirrored-longhornio-csi-resizer:v2.1.0-20260428,rke2/master-prerelease,stdlib,v1.25.9,gobinary,CVE-2026-56859,HIGH,https://avd.aquasec.com/nvd/cve-2026-56859,csi-resizer,"1.25.13, 1.26.6, 1.27.0-rc.3",true,affected,
rancher/mirrored-longhornio-csi-resizer:v2.1.0-20260428,rke2/master-prerelease,stdlib,v1.25.9,gobinary,CVE-2026-56862,HIGH,https://avd.aquasec.com/nvd/cve-2026-56862,csi-resizer,"1.25.13, 1.26.6, 1.27.0-rc.3",true,affected,
rancher/mirrored-longhornio-csi-resizer:v2.1.0-20260428,rke2/master-prerelease,golang.org/x/crypto,v0.46.0,gobinary,CVE-2026-78662,MEDIUM,https://avd.aquasec.com/nvd/cve-2026-78662,csi-resizer,0.56.0,true,not_affected,vulnerable_code_not_present
rancher/mirrored-longhornio-csi-resizer:v2.1.0-20260428,rke2/master-prerelease,google.golang.org/grpc,v1.79.3,gobinary,CVE-2026-84303,MEDIUM,https://avd.aquasec.com/nvd/cve-2026-84303,csi-resizer,1.83.1,true,not_affected,vulnerable_code_not_present
rancher/mirrored-longhornio-csi-resizer:v2.1.0-20260428,rke2/master-prerelease,google.golang.org/grpc,v1.79.3,gobinary,CVE-2026-84304,HIGH,https://avd.aquasec.com/nvd/cve-2026-84304,csi-resizer,1.83.1,true,affected,
rancher/mirrored-longhornio-csi-resizer:v2.1.0-20260428,rke2/master-prerelease,google.golang.org/grpc,v1.79.3,gobinary,CVE-2026-84445,HIGH,https://avd.aquasec.com/nvd/cve-2026-84445,csi-resizer,"1.82.2, 1.83.2, 1.85.0-dev.0.20260825072537-93e31b48545e",true,not_affected,vulnerable_code_not_in_execute_path
rancher/mirrored-longhornio-csi-resizer:v2.1.0-20260428,rke2/master-prerelease,google.golang.org/grpc,v1.79.3,gobinary,GHSA-hrxh-6v49-42gf,HIGH,https://github.com/advisories/GHSA-hrxh-6v49-42gf,csi-resizer,1.82.1,true,affected,
rancher/mirrored-longhornio-csi-snapshotter:v8.5.0-20260428,rke2/master-prerelease,golang.org/x/net,v0.49.0,gobinary,CVE-2026-25680,MEDIUM,https://avd.aquasec.com/nvd/cve-2026-25680,csi-snapshotter,0.55.0,true,not_affected,vulnerable_code_not_present
rancher/mirrored-longhornio-csi-snapshotter:v8.5.0-20260428,rke2/master-prerelease,golang.org/x/net,v0.49.0,gobinary,CVE-2026-25681,HIGH,https://avd.aquasec.com/nvd/cve-2026-25681,csi-snapshotter,0.55.0,true,not_affected,vulnerable_code_not_present
rancher/mirrored-longhornio-csi-snapshotter:v8.5.0-20260428,rke2/master-prerelease,golang.org/x/net,v0.49.0,gobinary,CVE-2026-27136,HIGH,https://avd.aquasec.com/nvd/cve-2026-27136,csi-snapshotter,0.55.0,true,not_affected,vulnerable_code_not_present
rancher/mirrored-longhornio-csi-snapshotter:v8.5.0-20260428,rke2/master-prerelease,stdlib,v1.25.9,gobinary,CVE-2026-33811,HIGH,https://avd.aquasec.com/nvd/cve-2026-33811,csi-snapshotter,"1.25.10, 1.26.3",true,not_affected,vulnerable_code_not_in_execute_path
rancher/mirrored-longhornio-csi-snapshotter:v8.5.0-20260428,rke2/master-prerelease,golang.org/x/net,v0.49.0,gobinary,CVE-2026-33814,HIGH,https://avd.aquasec.com/nvd/cve-2026-33814,csi-snapshotter,0.53.0,true,affected,
rancher/mirrored-longhornio-csi-snapshotter:v8.5.0-20260428,rke2/master-prerelease,stdlib,v1.25.9,gobinary,CVE-2026-33814,HIGH,https://avd.aquasec.com/nvd/cve-2026-33814,csi-snapshotter,"1.25.10, 1.26.3",true,not_affected,vulnerable_code_not_in_execute_path
rancher/mirrored-longhornio-csi-snapshotter:v8.5.0-20260428,rke2/master-prerelease,stdlib,v1.25.9,gobinary,CVE-2026-33818,HIGH,https://avd.aquasec.com/nvd/cve-2026-33818,csi-snapshotter,"1.25.13, 1.26.6, 1.27.0-rc.3",true,affected,
rancher/mirrored-longhornio-csi-snapshotter:v8.5.0-20260428,rke2/master-prerelease,stdlib,v1.25.9,gobinary,CVE-2026-39820,HIGH,https://avd.aquasec.com/nvd/cve-2026-39820,csi-snapshotter,"1.25.10, 1.26.3",true,affected,
rancher/mirrored-longhornio-csi-snapshotter:v8.5.0-20260428,rke2/master-prerelease,golang.org/x/net,v0.49.0,gobinary,CVE-2026-39821,HIGH,https://avd.aquasec.com/nvd/cve-2026-39821,csi-snapshotter,0.55.0,true,affected,
rancher/mirrored-longhornio-csi-snapshotter:v8.5.0-20260428,rke2/master-prerelease,stdlib,v1.25.9,gobinary,CVE-2026-39821,HIGH,https://avd.aquasec.com/nvd/cve-2026-39821,csi-snapshotter,"1.25.13, 1.26.6, 1.27.0-rc.3",true,affected,
rancher/mirrored-longhornio-csi-snapshotter:v8.5.0-20260428,rke2/master-prerelease,stdlib,v1.25.9,gobinary,CVE-2026-39822,HIGH,https://avd.aquasec.com/nvd/cve-2026-39822,csi-snapshotter,"1.25.12, 1.26.5, 1.27.0-rc.2",true,not_affected,vulnerable_code_not_in_execute_path
rancher/mirrored-longhornio-csi-snapshotter:v8.5.0-20260428,rke2/master-prerelease,stdlib,v1.25.9,gobinary,CVE-2026-39825,MEDIUM,https://avd.aquasec.com/nvd/cve-2026-39825,csi-snapshotter,"1.25.10, 1.26.3",true,not_affected,vulnerable_code_not_in_execute_path
rancher/mirrored-longhornio-csi-snapshotter:v8.5.0-20260428,rke2/master-prerelease,stdlib,v1.25.9,gobinary,CVE-2026-39826,MEDIUM,https://avd.aquasec.com/nvd/cve-2026-39826,csi-snapshotter,"1.25.10, 1.26.3",true,not_affected,vulnerable_code_not_in_execute_path
rancher/mirrored-longhornio-csi-snapshotter:v8.5.0-20260428,rke2/master-prerelease,golang.org/x/crypto,v0.47.0,gobinary,CVE-2026-39827,MEDIUM,https://avd.aquasec.com/nvd/cve-2026-39827,csi-snapshotter,0.52.0,true,not_affected,vulnerable_code_not_present
rancher/mirrored-longhornio-csi-snapshotter:v8.5.0-20260428,rke2/master-prerelease,golang.org/x/crypto,v0.47.0,gobinary,CVE-2026-39828,HIGH,https://avd.aquasec.com/nvd/cve-2026-39828,csi-snapshotter,0.52.0,true,not_affected,vulnerable_code_not_present
rancher/mirrored-longhornio-csi-snapshotter:v8.5.0-20260428,rke2/master-prerelease,golang.org/x/crypto,v0.47.0,gobinary,CVE-2026-39829,HIGH,https://avd.aquasec.com/nvd/cve-2026-39829,csi-snapshotter,0.52.0,true,not_affected,vulnerable_code_not_present
rancher/mirrored-longhornio-csi-snapshotter:v8.5.0-20260428,rke2/master-prerelease,golang.org/x/crypto,v0.47.0,gobinary,CVE-2026-39830,HIGH,https://avd.aquasec.com/nvd/cve-2026-39830,csi-snapshotter,0.52.0,true,not_affected,vulnerable_code_not_present
rancher/mirrored-longhornio-csi-snapshotter:v8.5.0-20260428,rke2/master-prerelease,golang.org/x/crypto,v0.47.0,gobinary,CVE-2026-39831,HIGH,https://avd.aquasec.com/nvd/cve-2026-39831,csi-snapshotter,0.52.0,true,not_affected,vulnerable_code_not_present
rancher/mirrored-longhornio-csi-snapshotter:v8.5.0-20260428,rke2/master-prerelease,golang.org/x/crypto,v0.47.0,gobinary,CVE-2026-39832,HIGH,https://avd.aquasec.com/nvd/cve-2026-39832,csi-snapshotter,0.52.0,true,not_affected,vulnerable_code_not_present
rancher/mirrored-longhornio-csi-snapshotter:v8.5.0-20260428,rke2/master-prerelease,golang.org/x/crypto,v0.47.0,gobinary,CVE-2026-39833,MEDIUM,https://avd.aquasec.com/nvd/cve-2026-39833,csi-snapshotter,0.52.0,true,not_affected,vulnerable_code_not_present
rancher/mirrored-longhornio-csi-snapshotter:v8.5.0-20260428,rke2/master-prerelease,golang.org/x/crypto,v0.47.0,gobinary,CVE-2026-39834,MEDIUM,https://avd.aquasec.com/nvd/cve-2026-39834,csi-snapshotter,0.52.0,true,not_affected,vulnerable_code_not_present
rancher/mirrored-longhornio-csi-snapshotter:v8.5.0-20260428,rke2/master-prerelease,golang.org/x/crypto,v0.47.0,gobinary,CVE-2026-39835,HIGH,https://avd.aquasec.com/nvd/cve-2026-39835,csi-snapshotter,0.52.0,true,not_affected,vulnerable_code_not_present
rancher/mirrored-longhornio-csi-snapshotter:v8.5.0-20260428,rke2/master-prerelease,stdlib,v1.25.9,gobinary,CVE-2026-39836,HIGH,https://avd.aquasec.com/nvd/cve-2026-39836,csi-snapshotter,"1.25.10, 1.26.3",true,not_affected,vulnerable_code_not_in_execute_path
rancher/mirrored-longhornio-csi-snapshotter:v8.5.0-20260428,rke2/master-prerelease,stdlib,v1.25.9,gobinary,CVE-2026-42499,HIGH,https://avd.aquasec.com/nvd/cve-2026-42499,csi-snapshotter,"1.25.10, 1.26.3",true,affected,
rancher/mirrored-longhornio-csi-snapshotter:v8.5.0-20260428,rke2/master-prerelease,golang.org/x/net,v0.49.0,gobinary,CVE-2026-42502,MEDIUM,https://avd.aquasec.com/nvd/cve-2026-42502,csi-snapshotter,0.55.0,true,not_affected,vulnerable_code_not_present
rancher/mirrored-longhornio-csi-snapshotter:v8.5.0-20260428,rke2/master-prerelease,golang.org/x/net,v0.49.0,gobinary,CVE-2026-42506,MEDIUM,https://avd.aquasec.com/nvd/cve-2026-42506,csi-snapshotter,0.55.0,true,not_affected,vulnerable_code_not_present
rancher/mirrored-longhornio-csi-snapshotter:v8.5.0-20260428,rke2/master-prerelease,golang.org/x/crypto,v0.47.0,gobinary,CVE-2026-42508,HIGH,https://avd.aquasec.com/nvd/cve-2026-42508,csi-snapshotter,0.52.0,true,not_affected,vulnerable_code_not_present
rancher/mirrored-longhornio-csi-snapshotter:v8.5.0-20260428,rke2/master-prerelease,golang.org/x/crypto,v0.47.0,gobinary,CVE-2026-46595,HIGH,https://avd.aquasec.com/nvd/cve-2026-46595,csi-snapshotter,0.52.0,true,not_affected,vulnerable_code_not_present
rancher/mirrored-longhornio-csi-snapshotter:v8.5.0-20260428,rke2/master-prerelease,golang.org/x/crypto,v0.47.0,gobinary,CVE-2026-46597,HIGH,https://avd.aquasec.com/nvd/cve-2026-46597,csi-snapshotter,0.52.0,true,not_affected,vulnerable_code_not_present
rancher/mirrored-longhornio-csi-snapshotter:v8.5.0-20260428,rke2/master-prerelease,golang.org/x/crypto,v0.47.0,gobinary,CVE-2026-46598,MEDIUM,https://avd.aquasec.com/nvd/cve-2026-46598,csi-snapshotter,0.52.0,true,not_affected,vulnerable_code_not_present
rancher/mirrored-longhornio-csi-snapshotter:v8.5.0-20260428,rke2/master-prerelease,golang.org/x/net,v0.49.0,gobinary,CVE-2026-46600,HIGH,https://avd.aquasec.com/nvd/cve-2026-46600,csi-snapshotter,0.56.0,true,not_affected,vulnerable_code_not_present
rancher/mirrored-longhornio-csi-snapshotter:v8.5.0-20260428,rke2/master-prerelease,stdlib,v1.25.9,gobinary,CVE-2026-56853,HIGH,https://avd.aquasec.com/nvd/cve-2026-56853,csi-snapshotter,"1.25.13, 1.26.6, 1.27.0-rc.3",true,affected,
rancher/mirrored-longhornio-csi-snapshotter:v8.5.0-20260428,rke2/master-prerelease,golang.org/x/crypto,v0.47.0,gobinary,CVE-2026-56854,HIGH,https://avd.aquasec.com/nvd/cve-2026-56854,csi-snapshotter,0.55.0,true,not_affected,vulnerable_code_not_present
rancher/mirrored-longhornio-csi-snapshotter:v8.5.0-20260428,rke2/master-prerelease,golang.org/x/crypto,v0.47.0,gobinary,CVE-2026-56855,MEDIUM,https://avd.aquasec.com/nvd/cve-2026-56855,csi-snapshotter,0.56.0,true,not_affected,vulnerable_code_not_present
rancher/mirrored-longhornio-csi-snapshotter:v8.5.0-20260428,rke2/master-prerelease,stdlib,v1.25.9,gobinary,CVE-2026-56859,HIGH,https://avd.aquasec.com/nvd/cve-2026-56859,csi-snapshotter,"1.25.13, 1.26.6, 1.27.0-rc.3",true,affected,
rancher/mirrored-longhornio-csi-snapshotter:v8.5.0-20260428,rke2/master-prerelease,stdlib,v1.25.9,gobinary,CVE-2026-56862,HIGH,https://avd.aquasec.com/nvd/cve-2026-56862,csi-snapshotter,"1.25.13, 1.26.6, 1.27.0-rc.3",true,affected,
rancher/mirrored-longhornio-csi-snapshotter:v8.5.0-20260428,rke2/master-prerelease,golang.org/x/crypto,v0.47.0,gobinary,CVE-2026-78662,MEDIUM,https://avd.aquasec.com/nvd/cve-2026-78662,csi-snapshotter,0.56.0,true,not_affected,vulnerable_code_not_present
rancher/mirrored-longhornio-csi-snapshotter:v8.5.0-20260428,rke2/master-prerelease,google.golang.org/grpc,v1.79.3,gobinary,CVE-2026-84303,MEDIUM,https://avd.aquasec.com/nvd/cve-2026-84303,csi-snapshotter,1.83.1,true,not_affected,vulnerable_code_not_present
rancher/mirrored-longhornio-csi-snapshotter:v8.5.0-20260428,rke2/master-prerelease,google.golang.org/grpc,v1.79.3,gobinary,CVE-2026-84304,HIGH,https://avd.aquasec.com/nvd/cve-2026-84304,csi-snapshotter,1.83.1,true,affected,
rancher/mirrored-longhornio-csi-snapshotter:v8.5.0-20260428,rke2/master-prerelease,google.golang.org/grpc,v1.79.3,gobinary,CVE-2026-84445,HIGH,https://avd.aquasec.com/nvd/cve-2026-84445,csi-snapshotter,"1.82.2, 1.83.2, 1.85.0-dev.0.20260825072537-93e31b48545e",true,not_affected,vulnerable_code_not_in_execute_path
rancher/mirrored-longhornio-csi-snapshotter:v8.5.0-20260428,rke2/master-prerelease,google.golang.org/grpc,v1.79.3,gobinary,GHSA-hrxh-6v49-42gf,HIGH,https://github.com/advisories/GHSA-hrxh-6v49-42gf,csi-snapshotter,1.82.1,true,affected,
registry.rancher.com/rancher/kube-webhook-certgen:v1.15.1-prime12,rke2/master-prerelease,golang.org/x/net,v0.55.0,gobinary,CVE-2026-46600,HIGH,https://avd.aquasec.com/nvd/cve-2026-46600,kube-webhook-certgen,0.56.0,false,not_affected,vulnerable_code_not_present
registry.rancher.com/rancher/kube-webhook-certgen:v1.15.1-prime12,rke2/master-prerelease,golang.org/x/text,v0.37.0,gobinary,CVE-2026-56852,HIGH,https://avd.aquasec.com/nvd/cve-2026-56852,kube-webhook-certgen,0.39.0,false,not_affected,vulnerable_code_not_in_execute_path
